time_s,mode,bus_cmd_v,id_ref_a,v_out,locked
0.000,OPEN_LOOP,12.0080,0.0000,0.0000,0
0.001,OPEN_LOOP,12.0160,0.0000,0.0000,0
0.002,OPEN_LOOP,12.0240,0.0000,0.0000,0
0.003,OPEN_LOOP,12.0320,0.0000,0.0000,0
0.004,OPEN_LOOP,12.0400,0.0000,0.0000,0
0.005,OPEN_LOOP,12.0480,0.0000,0.0000,0
0.006,OPEN_LOOP,12.0560,0.0000,0.0000,0
0.007,OPEN_LOOP,12.0640,0.0000,0.0000,0
0.008,OPEN_LOOP,12.0720,0.0000,0.0000,0
0.009,OPEN_LOOP,12.0800,0.0000,0.0000,0
0.010,OPEN_LOOP,12.0880,0.0000,0.0000,0
0.011,OPEN_LOOP,12.0960,0.0000,0.0000,0
0.012,OPEN_LOOP,12.1040,0.0000,0.0000,0
0.013,OPEN_LOOP,12.1120,0.0000,0.0000,0
0.014,OPEN_LOOP,12.1200,0.0000,0.0000,0
0.015,OPEN_LOOP,12.1280,0.0000,0.0000,0
0.016,OPEN_LOOP,12.1360,0.0000,0.0000,0
0.017,OPEN_LOOP,12.1440,0.0000,0.0000,0
0.018,OPEN_LOOP,12.1520,0.0000,0.0000,0
0.019,OPEN_LOOP,12.1600,0.0000,0.0000,0
0.020,OPEN_LOOP,12.1680,0.0000,0.0000,0
0.021,OPEN_LOOP,12.1760,0.0000,0.0000,0
0.022,OPEN_LOOP,12.1840,0.0000,0.0000,0
0.023,OPEN_LOOP,12.1920,0.0000,0.0000,0
0.024,OPEN_LOOP,12.2000,0.0000,0.0000,0
0.025,OPEN_LOOP,12.2080,0.0000,0.0000,0
0.026,OPEN_LOOP,12.2160,0.0000,0.0000,0
0.027,OPEN_LOOP,12.2240,0.0000,0.0000,0
0.028,OPEN_LOOP,12.2320,0.0000,0.0000,0
0.029,OPEN_LOOP,12.2400,0.0000,0.0000,0
0.030,OPEN_LOOP,12.2480,0.0000,0.0000,0
0.031,OPEN_LOOP,12.2560,0.0000,0.0000,0
0.032,OPEN_LOOP,12.2640,0.0000,0.0000,0
0.033,OPEN_LOOP,12.2720,0.0000,0.0000,0
0.034,OPEN_LOOP,12.2800,0.0000,0.0000,0
0.035,OPEN_LOOP,12.2880,0.0000,0.0000,0
0.036,OPEN_LOOP,12.2960,0.0000,0.0000,0
0.037,OPEN_LOOP,12.3040,0.0000,0.0000,0
0.038,OPEN_LOOP,12.3120,0.0000,0.0000,0
0.039,OPEN_LOOP,12.3200,0.0000,0.0000,0
0.040,OPEN_LOOP,12.3280,0.0000,0.0000,1
0.041,OPEN_LOOP,12.3360,0.0000,0.0000,1
0.042,OPEN_LOOP,12.3440,0.0000,0.0000,1
0.043,OPEN_LOOP,12.3520,0.0000,0.0000,1
0.044,OPEN_LOOP,12.3600,0.0000,0.0000,1
0.045,OPEN_LOOP,12.3680,0.0000,0.0000,1
0.046,OPEN_LOOP,12.3760,0.0000,0.0000,1
0.047,OPEN_LOOP,12.3840,0.0000,0.0000,1
0.048,OPEN_LOOP,12.3920,0.0000,0.0000,1
0.049,OPEN_LOOP,12.4000,0.0000,0.0000,1
0.050,CURRENT_DC,12.4080,0.0000,0.0000,1
0.051,CURRENT_DC,12.4160,0.5000,0.1600,1
0.052,CURRENT_DC,12.4240,0.5000,0.3168,1
0.053,CURRENT_DC,12.4320,0.5000,0.4705,1
0.054,CURRENT_DC,12.4400,0.5000,0.6211,1
0.055,CURRENT_DC,12.4480,0.5000,0.7686,1
0.056,CURRENT_DC,12.4560,0.5000,0.9133,1
0.057,CURRENT_DC,12.4640,0.5000,1.0550,1
0.058,CURRENT_DC,12.4720,0.5000,1.1939,1
0.059,CURRENT_DC,12.4800,0.5000,1.3300,1
0.060,CURRENT_DC,12.4880,0.5000,1.4634,1
0.061,CURRENT_DC,12.4960,0.5000,1.5941,1
0.062,CURRENT_DC,12.5040,0.5000,1.7223,1
0.063,CURRENT_DC,12.5120,0.5000,1.8478,1
0.064,CURRENT_DC,12.5200,0.5000,1.9709,1
0.065,CURRENT_DC,12.5280,0.5000,2.0914,1
0.066,CURRENT_DC,12.5360,0.5000,2.2096,1
0.067,CURRENT_DC,12.5440,0.5000,2.3254,1
0.068,CURRENT_DC,12.5520,0.5000,2.4389,1
0.069,CURRENT_DC,12.5600,0.5000,2.5501,1
0.070,CURRENT_DC,12.5680,0.5000,2.6591,1
0.071,CURRENT_DC,12.5760,0.5000,2.7660,1
0.072,CURRENT_DC,12.5840,0.5000,2.8706,1
0.073,CURRENT_DC,12.5920,0.5000,2.9732,1
0.074,CURRENT_DC,12.6000,0.5000,3.0738,1
0.075,CURRENT_DC,12.6080,0.5000,3.1723,1
0.076,CURRENT_DC,12.6160,0.5000,3.2688,1
0.077,CURRENT_DC,12.6240,0.5000,3.3635,1
0.078,CURRENT_DC,12.6320,0.5000,3.4562,1
0.079,CURRENT_DC,12.6400,0.5000,3.5471,1
0.080,CURRENT_DC,12.6480,0.5000,3.6361,1
0.081,CURRENT_DC,12.6560,0.5000,3.7234,1
0.082,CURRENT_DC,12.6640,0.5000,3.8089,1
0.083,CURRENT_DC,12.6720,0.5000,3.8928,1
0.084,CURRENT_DC,12.6800,0.5000,3.9749,1
0.085,CURRENT_DC,12.6880,0.5000,4.0554,1
0.086,CURRENT_DC,12.6960,0.5000,4.1343,1
0.087,CURRENT_DC,12.7040,0.5000,4.2116,1
0.088,CURRENT_DC,12.7120,0.5000,4.2874,1
0.089,CURRENT_DC,12.7200,0.5000,4.3616,1
0.090,CURRENT_DC,12.7280,0.5000,4.4344,1
0.091,CURRENT_DC,12.7360,0.5000,4.5057,1
0.092,CURRENT_DC,12.7440,0.5000,4.5756,1
0.093,CURRENT_DC,12.7520,0.5000,4.6441,1
0.094,CURRENT_DC,12.7600,0.5000,4.7112,1
0.095,CURRENT_DC,12.7680,0.5000,4.7770,1
0.096,CURRENT_DC,12.7760,0.5000,4.8414,1
0.097,CURRENT_DC,12.7840,0.5000,4.9046,1
0.098,CURRENT_DC,12.7920,0.5000,4.9665,1
0.099,CURRENT_DC,12.8000,0.5000,5.0272,1
0.100,CURRENT_DC,12.8080,0.5000,5.0866,1
0.101,CURRENT_DC,12.8160,0.5000,5.1449,1
0.102,CURRENT_DC,12.8240,0.5000,5.2020,1
0.103,CURRENT_DC,12.8320,0.5000,5.2580,1
0.104,CURRENT_DC,12.8400,0.5000,5.3128,1
0.105,CURRENT_DC,12.8480,0.5000,5.3666,1
0.106,CURRENT_DC,12.8560,0.5000,5.4192,1
0.107,CURRENT_DC,12.8640,0.5000,5.4708,1
0.108,CURRENT_DC,12.8720,0.5000,5.5214,1
0.109,CURRENT_DC,12.8800,0.5000,5.5710,1
0.110,CURRENT_DC,12.8880,0.5000,5.6196,1
0.111,CURRENT_DC,12.8960,0.5000,5.6672,1
0.112,CURRENT_DC,12.9040,0.5000,5.7138,1
0.113,CURRENT_DC,12.9120,0.5000,5.7596,1
0.114,CURRENT_DC,12.9200,0.5000,5.8044,1
0.115,CURRENT_DC,12.9280,0.5000,5.8483,1
0.116,CURRENT_DC,12.9360,0.5000,5.8913,1
0.117,CURRENT_DC,12.9440,0.5000,5.9335,1
0.118,CURRENT_DC,12.9520,0.5000,5.9748,1
0.119,CURRENT_DC,12.9600,0.5000,6.0153,1
0.120,CURRENT_DC,12.9680,0.5000,6.0550,1
0.121,CURRENT_DC,12.9760,0.5000,6.0939,1
0.122,CURRENT_DC,12.9840,0.5000,6.1320,1
0.123,CURRENT_DC,12.9920,0.5000,6.1694,1
0.124,CURRENT_DC,13.0000,0.5000,6.2060,1
0.125,CURRENT_DC,13.0080,0.5000,6.2419,1
0.126,CURRENT_DC,13.0160,0.5000,6.2771,1
0.127,CURRENT_DC,13.0240,0.5000,6.3115,1
0.128,CURRENT_DC,13.0320,0.5000,6.3453,1
0.129,CURRENT_DC,13.0400,0.5000,6.3784,1
0.130,OUTER_V,13.0480,0.5000,6.4108,1
0.131,OUTER_V,13.0560,0.0786,6.4426,1
0.132,OUTER_V,13.0640,0.0779,6.4737,1
0.133,OUTER_V,13.0720,0.0771,6.5043,1
0.134,OUTER_V,13.0800,0.0763,6.5342,1
0.135,OUTER_V,13.0880,0.0756,6.5635,1
0.136,OUTER_V,13.0960,0.0748,6.5922,1
0.137,OUTER_V,13.1040,0.0741,6.6204,1
0.138,OUTER_V,13.1120,0.0734,6.6480,1
0.139,OUTER_V,13.1200,0.0727,6.6750,1
0.140,OUTER_V,13.1280,0.0720,6.7015,1
0.141,OUTER_V,13.1360,0.0714,6.7275,1
0.142,OUTER_V,13.1440,0.0707,6.7529,1
0.143,OUTER_V,13.1520,0.0701,6.7779,1
0.144,OUTER_V,13.1600,0.0695,6.8023,1
0.145,OUTER_V,13.1680,0.0689,6.8263,1
0.146,OUTER_V,13.1760,0.0683,6.8497,1
0.147,OUTER_V,13.1840,0.0677,6.8728,1
0.148,OUTER_V,13.1920,0.0671,6.8953,1
0.149,OUTER_V,13.2000,0.0665,6.9174,1
0.150,OUTER_V,13.2080,0.0660,6.9390,1
0.151,OUTER_V,13.2160,0.0654,6.9603,1
0.152,OUTER_V,13.2240,0.0649,6.9811,1
0.153,OUTER_V,13.2320,0.0644,7.0014,1
0.154,OUTER_V,13.2400,0.0639,7.0214,1
0.155,OUTER_V,13.2480,0.0634,7.0410,1
0.156,OUTER_V,13.2560,0.0629,7.0602,1
0.157,OUTER_V,13.2640,0.0624,7.0790,1
0.158,OUTER_V,13.2720,0.0620,7.0974,1
0.159,OUTER_V,13.2800,0.0615,7.1154,1
0.160,OUTER_V,13.2880,0.0610,7.1331,1
0.161,OUTER_V,13.2960,0.0606,7.1505,1
0.162,OUTER_V,13.3040,0.0602,7.1674,1
0.163,OUTER_V,13.3120,0.0597,7.1841,1
0.164,OUTER_V,13.3200,0.0593,7.2004,1
0.165,OUTER_V,13.3280,0.0589,7.2164,1
0.166,OUTER_V,13.3360,0.0585,7.2321,1
0.167,OUTER_V,13.3440,0.0581,7.2474,1
0.168,OUTER_V,13.3520,0.0577,7.2625,1
0.169,OUTER_V,13.3600,0.0574,7.2772,1
0.170,OUTER_V,13.3680,0.0570,7.2917,1
0.171,OUTER_V,13.3760,0.0566,7.3059,1
0.172,OUTER_V,13.3840,0.0563,7.3197,1
0.173,OUTER_V,13.3920,0.0559,7.3334,1
0.174,OUTER_V,13.4000,0.0556,7.3467,1
0.175,OUTER_V,13.4080,0.0553,7.3598,1
0.176,OUTER_V,13.4160,0.0549,7.3726,1
0.177,OUTER_V,13.4240,0.0546,7.3851,1
0.178,OUTER_V,13.4320,0.0543,7.3974,1
0.179,OUTER_V,13.4400,0.0540,7.4095,1
0.180,OUTER_V,13.4480,0.0537,7.4213,1
0.181,OUTER_V,13.4560,0.0534,7.4328,1
0.182,OUTER_V,13.4640,0.0531,7.4442,1
0.183,OUTER_V,13.4720,0.0528,7.4553,1
0.184,OUTER_V,13.4800,0.0525,7.4662,1
0.185,OUTER_V,13.4880,0.0523,7.4769,1
0.186,OUTER_V,13.4960,0.0520,7.4873,1
0.187,OUTER_V,13.5040,0.0517,7.4976,1
0.188,OUTER_V,13.5120,0.0515,7.5076,1
0.189,OUTER_V,13.5200,0.0512,7.5175,1
0.190,OUTER_V,13.5280,0.0510,7.5271,1
0.191,OUTER_V,13.5360,0.0508,7.5366,1
0.192,OUTER_V,13.5440,0.0505,7.5459,1
0.193,OUTER_V,13.5520,0.0503,7.5549,1
0.194,OUTER_V,13.5600,0.0501,7.5638,1
0.195,OUTER_V,13.5680,0.0498,7.5726,1
0.196,OUTER_V,13.5760,0.0496,7.5811,1
0.197,OUTER_V,13.5840,0.0494,7.5895,1
0.198,OUTER_V,13.5920,0.0492,7.5977,1
0.199,OUTER_V,13.6000,0.0490,7.6057,1
0.200,OUTER_V,13.6080,0.0488,7.6136,1
0.201,OUTER_V,13.6160,0.0486,7.6214,1
0.202,OUTER_V,13.6240,0.0484,7.6289,1
0.203,OUTER_V,13.6320,0.0482,7.6364,1
0.204,OUTER_V,13.6400,0.0480,7.6436,1
0.205,OUTER_V,13.6480,0.0478,7.6508,1
0.206,OUTER_V,13.6560,0.0477,7.6577,1
0.207,OUTER_V,13.6640,0.0475,7.6646,1
0.208,OUTER_V,13.6720,0.0473,7.6713,1
0.209,OUTER_V,13.6800,0.0471,7.6779,1
0.210,OUTER_V,13.6880,0.0470,7.6843,1
0.211,OUTER_V,13.6960,0.0468,7.6906,1
0.212,OUTER_V,13.7040,0.0467,7.6968,1
0.213,OUTER_V,13.7120,0.0465,7.7029,1
0.214,OUTER_V,13.7200,0.0464,7.7088,1
0.215,OUTER_V,13.7280,0.0462,7.7146,1
0.216,OUTER_V,13.7360,0.0461,7.7203,1
0.217,OUTER_V,13.7440,0.0459,7.7259,1
0.218,OUTER_V,13.7520,0.0458,7.7314,1
0.219,OUTER_V,13.7600,0.0456,7.7368,1
0.220,OUTER_V,13.7680,0.0455,7.7421,1
0.221,OUTER_V,13.7760,0.0454,7.7472,1
0.222,OUTER_V,13.7840,0.0453,7.7523,1
0.223,OUTER_V,13.7920,0.0451,7.7572,1
0.224,OUTER_V,13.8000,0.0450,7.7621,1
0.225,OUTER_V,13.8080,0.0449,7.7668,1
0.226,OUTER_V,13.8160,0.0448,7.7715,1
0.227,OUTER_V,13.8240,0.0446,7.7761,1
0.228,OUTER_V,13.8320,0.0445,7.7806,1
0.229,OUTER_V,13.8400,0.0444,7.7849,1
0.230,OUTER_V,13.8480,0.0443,7.7892,1
0.231,OUTER_V,13.8560,0.0442,7.7935,1
0.232,OUTER_V,13.8640,0.0441,7.7976,1
0.233,OUTER_V,13.8720,0.0440,7.8016,1
0.234,OUTER_V,13.8800,0.0439,7.8056,1
0.235,OUTER_V,13.8880,0.0438,7.8095,1
0.236,OUTER_V,13.8960,0.0437,7.8133,1
0.237,OUTER_V,13.9040,0.0436,7.8170,1
0.238,OUTER_V,13.9120,0.0435,7.8207,1
0.239,OUTER_V,13.9200,0.0434,7.8243,1
0.240,OUTER_V,13.9280,0.0433,7.8278,1
0.241,OUTER_V,13.9360,0.0432,7.8312,1
0.242,OUTER_V,13.9440,0.0432,7.8346,1
0.243,OUTER_V,13.9520,0.0431,7.8379,1
0.244,OUTER_V,13.9600,0.0430,7.8412,1
0.245,OUTER_V,13.9680,0.0429,7.8443,1
0.246,OUTER_V,13.9760,0.0428,7.8475,1
0.247,OUTER_V,13.9840,0.0427,7.8505,1
0.248,OUTER_V,13.9920,0.0427,7.8535,1
0.249,OUTER_V,14.0000,0.0426,7.8564,1
0.250,OUTER_V,14.0080,0.0425,7.8593,1
0.251,OUTER_V,14.0160,0.0425,7.8621,1
0.252,OUTER_V,14.0240,0.0424,7.8649,1
0.253,OUTER_V,14.0320,0.0423,7.8676,1
0.254,OUTER_V,14.0400,0.0422,7.8702,1
0.255,OUTER_V,14.0480,0.0422,7.8728,1
0.256,OUTER_V,14.0560,0.0421,7.8754,1
0.257,OUTER_V,14.0640,0.0420,7.8779,1
0.258,OUTER_V,14.0720,0.0420,7.8803,1
0.259,OUTER_V,14.0800,0.0419,7.8827,1
0.260,OUTER_V,14.0880,0.0419,7.8850,1
0.261,OUTER_V,14.0960,0.0418,7.8873,1
0.262,OUTER_V,14.1040,0.0418,7.8896,1
0.263,OUTER_V,14.1120,0.0417,7.8918,1
0.264,OUTER_V,14.1200,0.0416,7.8940,1
0.265,OUTER_V,14.1280,0.0416,7.8961,1
0.266,OUTER_V,14.1360,0.0415,7.8982,1
0.267,OUTER_V,14.1440,0.0415,7.9002,1
0.268,OUTER_V,14.1520,0.0414,7.9022,1
0.269,OUTER_V,14.1600,0.0414,7.9041,1
0.270,OUTER_V,14.1680,0.0413,7.9061,1
0.271,OUTER_V,14.1760,0.0413,7.9079,1
0.272,OUTER_V,14.1840,0.0412,7.9098,1
0.273,OUTER_V,14.1920,0.0412,7.9116,1
0.274,OUTER_V,14.2000,0.0411,7.9134,1
0.275,OUTER_V,14.2080,0.0411,7.9151,1
0.276,OUTER_V,14.2160,0.0411,7.9168,1
0.277,OUTER_V,14.2240,0.0410,7.9185,1
0.278,OUTER_V,14.2320,0.0410,7.9201,1
0.279,OUTER_V,14.2400,0.0409,7.9217,1
0.280,OUTER_V,14.2480,0.0409,7.9232,1
0.281,OUTER_V,14.2560,0.0409,7.9248,1
0.282,OUTER_V,14.2640,0.0408,7.9263,1
0.283,OUTER_V,14.2720,0.0408,7.9278,1
0.284,OUTER_V,14.2800,0.0407,7.9292,1
0.285,OUTER_V,14.2880,0.0407,7.9306,1
0.286,OUTER_V,14.2960,0.0407,7.9320,1
0.287,OUTER_V,14.3040,0.0406,7.9334,1
0.288,OUTER_V,14.3120,0.0406,7.9347,1
0.289,OUTER_V,14.3200,0.0406,7.9360,1
0.290,OUTER_V,14.3280,0.0405,7.9373,1
0.291,OUTER_V,14.3360,0.0405,7.9385,1
0.292,OUTER_V,14.3440,0.0405,7.9398,1
0.293,OUTER_V,14.3520,0.0404,7.9410,1
0.294,OUTER_V,14.3600,0.0404,7.9422,1
0.295,OUTER_V,14.3680,0.0404,7.9433,1
0.296,OUTER_V,14.3760,0.0404,7.9444,1
0.297,OUTER_V,14.3840,0.0403,7.9456,1
0.298,OUTER_V,14.3920,0.0403,7.9466,1
0.299,OUTER_V,14.4000,0.0403,7.9477,1
0.300,OUTER_V,14.4080,0.0402,7.9488,1
0.301,OUTER_V,14.4160,0.0402,7.9498,1
0.302,OUTER_V,14.4240,0.0402,7.9508,1
0.303,OUTER_V,14.4320,0.0402,7.9518,1
0.304,OUTER_V,14.4400,0.0401,7.9527,1
0.305,OUTER_V,14.4480,0.0401,7.9537,1
0.306,OUTER_V,14.4560,0.0401,7.9546,1
0.307,OUTER_V,14.4640,0.0401,7.9555,1
0.308,OUTER_V,14.4720,0.0400,7.9564,1
0.309,OUTER_V,14.4800,0.0400,7.9573,1
0.310,OUTER_V,14.4880,0.0400,7.9581,1
0.311,OUTER_V,14.4960,0.0400,7.9590,1
0.312,OUTER_V,14.5040,0.0400,7.9598,1
0.313,OUTER_V,14.5120,0.0399,7.9606,1
0.314,OUTER_V,14.5200,0.0399,7.9614,1
0.315,OUTER_V,14.5280,0.0399,7.9622,1
0.316,OUTER_V,14.5360,0.0399,7.9629,1
0.317,OUTER_V,14.5440,0.0399,7.9637,1
0.318,OUTER_V,14.5520,0.0398,7.9644,1
0.319,OUTER_V,14.5600,0.0398,7.9651,1
0.320,OUTER_V,14.5680,0.0398,7.9658,1
0.321,OUTER_V,14.5760,0.0398,7.9665,1
0.322,OUTER_V,14.5840,0.0398,7.9671,1
0.323,OUTER_V,14.5920,0.0398,7.9678,1
0.324,OUTER_V,14.6000,0.0397,7.9684,1
0.325,OUTER_V,14.6080,0.0397,7.9691,1
0.326,OUTER_V,14.6160,0.0397,7.9697,1
0.327,OUTER_V,14.6240,0.0397,7.9703,1
0.328,OUTER_V,14.6320,0.0397,7.9709,1
0.329,OUTER_V,14.6400,0.0397,7.9715,1
0.330,OUTER_V,14.6480,0.0396,7.9720,1
0.331,OUTER_V,14.6560,0.0396,7.9726,1
0.332,OUTER_V,14.6640,0.0396,7.9732,1
0.333,OUTER_V,14.6720,0.0396,7.9737,1
0.334,OUTER_V,14.6800,0.0396,7.9742,1
0.335,OUTER_V,14.6880,0.0396,7.9747,1
0.336,OUTER_V,14.6960,0.0396,7.9752,1
0.337,OUTER_V,14.7040,0.0396,7.9757,1
0.338,OUTER_V,14.7120,0.0395,7.9762,1
0.339,OUTER_V,14.7200,0.0395,7.9767,1
0.340,OUTER_V,14.7280,0.0395,7.9772,1
0.341,OUTER_V,14.7360,0.0395,7.9776,1
0.342,OUTER_V,14.7440,0.0395,7.9781,1
0.343,OUTER_V,14.7520,0.0395,7.9785,1
0.344,OUTER_V,14.7600,0.0395,7.9789,1
0.345,OUTER_V,14.7680,0.0395,7.9794,1
0.346,OUTER_V,14.7760,0.0395,7.9798,1
0.347,OUTER_V,14.7840,0.0394,7.9802,1
0.348,OUTER_V,14.7920,0.0394,7.9806,1
0.349,OUTER_V,14.8000,0.0394,7.9810,1
0.350,OUTER_V,14.8080,0.0394,7.9813,1
0.351,OUTER_V,14.8160,0.0394,7.9817,1
0.352,OUTER_V,14.8240,0.0394,7.9821,1
0.353,OUTER_V,14.8320,0.0394,7.9824,1
0.354,OUTER_V,14.8400,0.0394,7.9828,1
0.355,OUTER_V,14.8480,0.0394,7.9831,1
0.356,OUTER_V,14.8560,0.0394,7.9835,1
0.357,OUTER_V,14.8640,0.0393,7.9838,1
0.358,OUTER_V,14.8720,0.0393,7.9841,1
0.359,OUTER_V,14.8800,0.0393,7.9844,1
0.360,OUTER_V,14.8880,0.0393,7.9848,1
0.361,OUTER_V,14.8960,0.0393,7.9851,1
0.362,OUTER_V,14.9040,0.0393,7.9854,1
0.363,OUTER_V,14.9120,0.0393,7.9857,1
0.364,OUTER_V,14.9200,0.0393,7.9859,1
0.365,OUTER_V,14.9280,0.0393,7.9862,1
0.366,OUTER_V,14.9360,0.0393,7.9865,1
0.367,OUTER_V,14.9440,0.0393,7.9868,1
0.368,OUTER_V,14.9520,0.0393,7.9870,1
0.369,OUTER_V,14.9600,0.0393,7.9873,1
0.370,OUTER_V,14.9680,0.0393,7.9875,1
0.371,OUTER_V,14.9760,0.0392,7.9878,1
0.372,OUTER_V,14.9840,0.0392,7.9880,1
0.373,OUTER_V,14.9920,0.0392,7.9883,1
0.374,OUTER_V,15.0000,0.0392,7.9885,1
0.375,OUTER_V,15.0080,0.0392,7.9887,1
0.376,OUTER_V,15.0160,0.0392,7.9890,1
0.377,OUTER_V,15.0240,0.0392,7.9892,1
0.378,OUTER_V,15.0320,0.0392,7.9894,1
0.379,OUTER_V,15.0400,0.0392,7.9896,1
0.380,OUTER_V,15.0480,0.0392,7.9898,1
0.381,OUTER_V,15.0560,0.0392,7.9900,1
0.382,OUTER_V,15.0640,0.0392,7.9902,1
0.383,OUTER_V,15.0720,0.0392,7.9904,1
0.384,OUTER_V,15.0800,0.0392,7.9906,1
0.385,OUTER_V,15.0880,0.0392,7.9908,1
0.386,OUTER_V,15.0960,0.0392,7.9910,1
0.387,OUTER_V,15.1040,0.0392,7.9912,1
0.388,OUTER_V,15.1120,0.0392,7.9913,1
0.389,OUTER_V,15.1200,0.0392,7.9915,1
0.390,OUTER_V,15.1280,0.0391,7.9917,1
0.391,OUTER_V,15.1360,0.0391,7.9918,1
0.392,OUTER_V,15.1440,0.0391,7.9920,1
0.393,OUTER_V,15.1520,0.0391,7.9922,1
0.394,OUTER_V,15.1600,0.0391,7.9923,1
0.395,OUTER_V,15.1680,0.0391,7.9925,1
0.396,OUTER_V,15.1760,0.0391,7.9926,1
0.397,OUTER_V,15.1840,0.0391,7.9928,1
0.398,OUTER_V,15.1920,0.0391,7.9929,1
0.399,OUTER_V,15.2000,0.0391,7.9931,1
0.400,OUTER_V,15.2080,0.0391,7.9932,1
0.401,OUTER_V,15.2160,0.0391,7.9933,1
0.402,OUTER_V,15.2240,0.0391,7.9935,1
0.403,OUTER_V,15.2320,0.0391,7.9936,1
0.404,OUTER_V,15.2400,0.0391,7.9937,1
0.405,OUTER_V,15.2480,0.0391,7.9939,1
0.406,OUTER_V,15.2560,0.0391,7.9940,1
0.407,OUTER_V,15.2640,0.0391,7.9941,1
0.408,OUTER_V,15.2720,0.0391,7.9942,1
0.409,OUTER_V,15.2800,0.0391,7.9943,1
0.410,OUTER_V,15.2880,0.0391,7.9944,1
0.411,OUTER_V,15.2960,0.0391,7.9946,1
0.412,OUTER_V,15.3040,0.0391,7.9947,1
0.413,OUTER_V,15.3120,0.0391,7.9948,1
0.414,OUTER_V,15.3200,0.0391,7.9949,1
0.415,OUTER_V,15.3280,0.0391,7.9950,1
0.416,OUTER_V,15.3360,0.0391,7.9951,1
0.417,OUTER_V,15.3440,0.0391,7.9952,1
0.418,OUTER_V,15.3520,0.0391,7.9953,1
0.419,OUTER_V,15.3600,0.0391,7.9954,1
0.420,OUTER_V,15.3680,0.0391,7.9955,1
0.421,OUTER_V,15.3760,0.0390,7.9956,1
0.422,OUTER_V,15.3840,0.0390,7.9956,1
0.423,OUTER_V,15.3920,0.0390,7.9957,1
0.424,OUTER_V,15.4000,0.0390,7.9958,1
0.425,OUTER_V,15.4080,0.0390,7.9959,1
0.426,OUTER_V,15.4160,0.0390,7.9960,1
0.427,OUTER_V,15.4240,0.0390,7.9961,1
0.428,OUTER_V,15.4320,0.0390,7.9961,1
0.429,OUTER_V,15.4400,0.0390,7.9962,1
0.430,OUTER_V,15.4480,0.0390,7.9963,1
0.431,OUTER_V,15.4560,0.0390,7.9964,1
0.432,OUTER_V,15.4640,0.0390,7.9964,1
0.433,OUTER_V,15.4720,0.0390,7.9965,1
0.434,OUTER_V,15.4800,0.0390,7.9966,1
0.435,OUTER_V,15.4880,0.0390,7.9966,1
0.436,OUTER_V,15.4960,0.0390,7.9967,1
0.437,OUTER_V,15.5040,0.0390,7.9968,1
0.438,OUTER_V,15.5120,0.0390,7.9968,1
0.439,OUTER_V,15.5200,0.0390,7.9969,1
0.440,OUTER_V,15.5280,0.0390,7.9970,1
0.441,OUTER_V,15.5360,0.0390,7.9970,1
0.442,OUTER_V,15.5440,0.0390,7.9971,1
0.443,OUTER_V,15.5520,0.0390,7.9971,1
0.444,OUTER_V,15.5600,0.0390,7.9972,1
0.445,OUTER_V,15.5680,0.0390,7.9973,1
0.446,OUTER_V,15.5760,0.0390,7.9973,1
0.447,OUTER_V,15.5840,0.0390,7.9974,1
0.448,OUTER_V,15.5920,0.0390,7.9974,1
0.449,OUTER_V,15.6000,0.0390,7.9975,1
0.450,OUTER_V,15.6080,0.0390,7.9975,1
0.451,OUTER_V,15.6160,0.0390,7.9976,1
0.452,OUTER_V,15.6240,0.0390,7.9976,1
0.453,OUTER_V,15.6320,0.0390,7.9977,1
0.454,OUTER_V,15.6400,0.0390,7.9977,1
0.455,OUTER_V,15.6480,0.0390,7.9978,1
0.456,OUTER_V,15.6560,0.0390,7.9978,1
0.457,OUTER_V,15.6640,0.0390,7.9979,1
0.458,OUTER_V,15.6720,0.0390,7.9979,1
0.459,OUTER_V,15.6800,0.0390,7.9979,1
0.460,OUTER_V,15.6880,0.0390,7.9980,1
0.461,OUTER_V,15.6960,0.0390,7.9980,1
0.462,OUTER_V,15.7040,0.0390,7.9981,1
0.463,OUTER_V,15.7120,0.0390,7.9981,1
0.464,OUTER_V,15.7200,0.0390,7.9981,1
0.465,OUTER_V,15.7280,0.0390,7.9982,1
0.466,OUTER_V,15.7360,0.0390,7.9982,1
0.467,OUTER_V,15.7440,0.0390,7.9982,1
0.468,OUTER_V,15.7520,0.0390,7.9983,1
0.469,OUTER_V,15.7600,0.0390,7.9983,1
0.470,OUTER_V,15.7680,0.0390,7.9983,1
0.471,OUTER_V,15.7760,0.0390,7.9984,1
0.472,OUTER_V,15.7840,0.0390,7.9984,1
0.473,OUTER_V,15.7920,0.0390,7.9984,1
0.474,OUTER_V,15.8000,0.0390,7.9985,1
0.475,OUTER_V,15.8080,0.0390,7.9985,1
0.476,OUTER_V,15.8160,0.0390,7.9985,1
0.477,OUTER_V,15.8240,0.0390,7.9986,1
0.478,OUTER_V,15.8320,0.0390,7.9986,1
0.479,OUTER_V,15.8400,0.0390,7.9986,1
0.480,OUTER_V,15.8480,0.0390,7.9987,1
0.481,OUTER_V,15.8560,0.0390,7.9987,1
0.482,OUTER_V,15.8640,0.0390,7.9987,1
0.483,OUTER_V,15.8720,0.0390,7.9987,1
0.484,OUTER_V,15.8800,0.0390,7.9988,1
0.485,OUTER_V,15.8880,0.0390,7.9988,1
0.486,OUTER_V,15.8960,0.0390,7.9988,1
0.487,OUTER_V,15.9040,0.0390,7.9988,1
0.488,OUTER_V,15.9120,0.0390,7.9989,1
0.489,OUTER_V,15.9200,0.0390,7.9989,1
0.490,OUTER_V,15.9280,0.0390,7.9989,1
0.491,OUTER_V,15.9360,0.0390,7.9989,1
0.492,OUTER_V,15.9440,0.0390,7.9989,1
0.493,OUTER_V,15.9520,0.0390,7.9990,1
0.494,OUTER_V,15.9600,0.0390,7.9990,1
0.495,OUTER_V,15.9680,0.0390,7.9990,1
0.496,OUTER_V,15.9760,0.0390,7.9990,1
0.497,OUTER_V,15.9840,0.0390,7.9990,1
0.498,OUTER_V,15.9920,0.0390,7.9991,1
0.499,OUTER_V,16.0000,0.0390,7.9991,1
0.500,OUTER_V,16.0080,0.0390,7.9991,1
0.501,OUTER_V,16.0160,0.0390,7.9991,1
0.502,OUTER_V,16.0240,0.0390,7.9991,1
0.503,OUTER_V,16.0320,0.0390,7.9992,1
0.504,OUTER_V,16.0400,0.0390,7.9992,1
0.505,OUTER_V,16.0480,0.0390,7.9992,1
0.506,OUTER_V,16.0560,0.0390,7.9992,1
0.507,OUTER_V,16.0640,0.0390,7.9992,1
0.508,OUTER_V,16.0720,0.0390,7.9992,1
0.509,OUTER_V,16.0800,0.0390,7.9992,1
0.510,OUTER_V,16.0880,0.0390,7.9993,1
0.511,OUTER_V,16.0960,0.0390,7.9993,1
0.512,OUTER_V,16.1040,0.0390,7.9993,1
0.513,OUTER_V,16.1120,0.0390,7.9993,1
0.514,OUTER_V,16.1200,0.0390,7.9993,1
0.515,OUTER_V,16.1280,0.0390,7.9993,1
0.516,OUTER_V,16.1360,0.0390,7.9993,1
0.517,OUTER_V,16.1440,0.0390,7.9994,1
0.518,OUTER_V,16.1520,0.0390,7.9994,1
0.519,OUTER_V,16.1600,0.0390,7.9994,1
0.520,OUTER_V,16.1680,0.0390,7.9994,1
0.521,OUTER_V,16.1760,0.0390,7.9994,1
0.522,OUTER_V,16.1840,0.0389,7.9994,1
0.523,OUTER_V,16.1920,0.0389,7.9994,1
0.524,OUTER_V,16.2000,0.0389,7.9994,1
0.525,OUTER_V,16.2080,0.0389,7.9995,1
0.526,OUTER_V,16.2160,0.0389,7.9995,1
0.527,OUTER_V,16.2240,0.0389,7.9995,1
0.528,OUTER_V,16.2320,0.0389,7.9995,1
0.529,OUTER_V,16.2400,0.0389,7.9995,1
0.530,OUTER_V,16.2480,0.0389,7.9995,1
0.531,OUTER_V,16.2560,0.0389,7.9995,1
0.532,OUTER_V,16.2640,0.0389,7.9995,1
0.533,OUTER_V,16.2720,0.0389,7.9995,1
0.534,OUTER_V,16.2800,0.0389,7.9995,1
0.535,OUTER_V,16.2880,0.0389,7.9996,1
0.536,OUTER_V,16.2960,0.0389,7.9996,1
0.537,OUTER_V,16.3040,0.0389,7.9996,1
0.538,OUTER_V,16.3120,0.0389,7.9996,1
0.539,OUTER_V,16.3200,0.0389,7.9996,1
0.540,OUTER_V,16.3280,0.0389,7.9996,1
0.541,OUTER_V,16.3360,0.0389,7.9996,1
0.542,OUTER_V,16.3440,0.0389,7.9996,1
0.543,OUTER_V,16.3520,0.0389,7.9996,1
0.544,OUTER_V,16.3600,0.0389,7.9996,1
0.545,OUTER_V,16.3680,0.0389,7.9996,1
0.546,OUTER_V,16.3760,0.0389,7.9996,1
0.547,OUTER_V,16.3840,0.0389,7.9997,1
0.548,OUTER_V,16.3920,0.0389,7.9997,1
0.549,OUTER_V,16.4000,0.0389,7.9997,1
0.550,OUTER_V,16.4080,0.0389,7.9997,1
0.551,OUTER_V,16.4160,0.0389,7.9997,1
0.552,OUTER_V,16.4240,0.0389,7.9997,1
0.553,OUTER_V,16.4320,0.0389,7.9997,1
0.554,OUTER_V,16.4400,0.0389,7.9997,1
0.555,OUTER_V,16.4480,0.0389,7.9997,1
0.556,OUTER_V,16.4560,0.0389,7.9997,1
0.557,OUTER_V,16.4640,0.0389,7.9997,1
0.558,OUTER_V,16.4720,0.0389,7.9997,1
0.559,OUTER_V,16.4800,0.0389,7.9997,1
0.560,OUTER_V,16.4880,0.0389,7.9997,1
0.561,OUTER_V,16.4960,0.0389,7.9997,1
0.562,OUTER_V,16.5040,0.0389,7.9997,1
0.563,OUTER_V,16.5120,0.0389,7.9997,1
0.564,OUTER_V,16.5200,0.0389,7.9998,1
0.565,OUTER_V,16.5280,0.0389,7.9998,1
0.566,OUTER_V,16.5360,0.0389,7.9998,1
0.567,OUTER_V,16.5440,0.0389,7.9998,1
0.568,OUTER_V,16.5520,0.0389,7.9998,1
0.569,OUTER_V,16.5600,0.0389,7.9998,1
0.570,OUTER_V,16.5680,0.0389,7.9998,1
0.571,OUTER_V,16.5760,0.0389,7.9998,1
0.572,OUTER_V,16.5840,0.0389,7.9998,1
0.573,OUTER_V,16.5920,0.0389,7.9998,1
0.574,OUTER_V,16.6000,0.0389,7.9998,1
0.575,OUTER_V,16.6080,0.0389,7.9998,1
0.576,OUTER_V,16.6160,0.0389,7.9998,1
0.577,OUTER_V,16.6240,0.0389,7.9998,1
0.578,OUTER_V,16.6320,0.0389,7.9998,1
0.579,OUTER_V,16.6400,0.0389,7.9998,1
0.580,OUTER_V,16.6480,0.0389,7.9998,1
0.581,OUTER_V,16.6560,0.0389,7.9998,1
0.582,OUTER_V,16.6640,0.0389,7.9998,1
0.583,OUTER_V,16.6720,0.0389,7.9998,1
0.584,OUTER_V,16.6800,0.0389,7.9998,1
0.585,OUTER_V,16.6880,0.0389,7.9998,1
0.586,OUTER_V,16.6960,0.0389,7.9998,1
0.587,OUTER_V,16.7040,0.0389,7.9998,1
0.588,OUTER_V,16.7120,0.0389,7.9998,1
0.589,OUTER_V,16.7200,0.0389,7.9999,1
0.590,OUTER_V,16.7280,0.0389,7.9999,1
0.591,OUTER_V,16.7360,0.0389,7.9999,1
0.592,OUTER_V,16.7440,0.0389,7.9999,1
0.593,OUTER_V,16.7520,0.0389,7.9999,1
0.594,OUTER_V,16.7600,0.0389,7.9999,1
0.595,OUTER_V,16.7680,0.0389,7.9999,1
0.596,OUTER_V,16.7760,0.0389,7.9999,1
0.597,OUTER_V,16.7840,0.0389,7.9999,1
0.598,OUTER_V,16.7920,0.0389,7.9999,1
0.599,OUTER_V,16.8000,0.0389,7.9999,1
0.600,OUTER_V,16.8080,0.0389,7.9999,1
0.601,OUTER_V,16.8160,0.0389,7.9999,1
0.602,OUTER_V,16.8240,0.0389,7.9999,1
0.603,OUTER_V,16.8320,0.0389,7.9999,1
0.604,OUTER_V,16.8400,0.0389,7.9999,1
0.605,OUTER_V,16.8480,0.0389,7.9999,1
0.606,OUTER_V,16.8560,0.0389,7.9999,1
0.607,OUTER_V,16.8640,0.0389,7.9999,1
0.608,OUTER_V,16.8720,0.0389,7.9999,1
0.609,OUTER_V,16.8800,0.0389,7.9999,1
0.610,OUTER_V,16.8880,0.0389,7.9999,1
0.611,OUTER_V,16.8960,0.0389,7.9999,1
0.612,OUTER_V,16.9040,0.0389,7.9999,1
0.613,OUTER_V,16.9120,0.0389,7.9999,1
0.614,OUTER_V,16.9200,0.0389,7.9999,1
0.615,OUTER_V,16.9280,0.0389,7.9999,1
0.616,OUTER_V,16.9360,0.0389,7.9999,1
0.617,OUTER_V,16.9440,0.0389,7.9999,1
0.618,OUTER_V,16.9520,0.0389,7.9999,1
0.619,OUTER_V,16.9600,0.0389,7.9999,1
0.620,OUTER_V,16.9680,0.0389,7.9999,1
0.621,OUTER_V,16.9760,0.0389,7.9999,1
0.622,OUTER_V,16.9840,0.0389,7.9999,1
0.623,OUTER_V,16.9920,0.0389,7.9999,1
0.624,OUTER_V,17.0000,0.0389,7.9999,1
0.625,OUTER_V,17.0080,0.0389,7.9999,1
0.626,OUTER_V,17.0160,0.0389,7.9999,1
0.627,OUTER_V,17.0240,0.0389,7.9999,1
0.628,OUTER_V,17.0320,0.0389,7.9999,1
0.629,OUTER_V,17.0400,0.0389,7.9999,1
0.630,OUTER_V,17.0480,0.0389,7.9999,1
0.631,OUTER_V,17.0560,0.0389,7.9999,1
0.632,OUTER_V,17.0640,0.0389,7.9999,1
0.633,OUTER_V,17.0720,0.0389,7.9999,1
0.634,OUTER_V,17.0800,0.0389,7.9999,1
0.635,OUTER_V,17.0880,0.0389,7.9999,1
0.636,OUTER_V,17.0960,0.0389,7.9999,1
0.637,OUTER_V,17.1040,0.0389,7.9999,1
0.638,OUTER_V,17.1120,0.0389,7.9999,1
0.639,OUTER_V,17.1200,0.0389,7.9999,1
0.640,OUTER_V,17.1280,0.0389,7.9999,1
0.641,OUTER_V,17.1360,0.0389,7.9999,1
0.642,OUTER_V,17.1440,0.0389,7.9999,1
0.643,OUTER_V,17.1520,0.0389,7.9999,1
0.644,OUTER_V,17.1600,0.0389,8.0000,1
0.645,OUTER_V,17.1680,0.0389,8.0000,1
0.646,OUTER_V,17.1760,0.0389,8.0000,1
0.647,OUTER_V,17.1840,0.0389,8.0000,1
0.648,OUTER_V,17.1920,0.0389,8.0000,1
0.649,OUTER_V,17.2000,0.0389,8.0000,1
0.650,OUTER_V,17.2080,0.0389,8.0000,1
0.651,OUTER_V,17.2160,0.0389,8.0000,1
0.652,OUTER_V,17.2240,0.0389,8.0000,1
0.653,OUTER_V,17.2320,0.0389,8.0000,1
0.654,OUTER_V,17.2400,0.0389,8.0000,1
0.655,OUTER_V,17.2480,0.0389,8.0000,1
0.656,OUTER_V,17.2560,0.0389,8.0000,1
0.657,OUTER_V,17.2640,0.0389,8.0000,1
0.658,OUTER_V,17.2720,0.0389,8.0000,1
0.659,OUTER_V,17.2800,0.0389,8.0000,1
0.660,OUTER_V,17.2880,0.0389,8.0000,1
0.661,OUTER_V,17.2960,0.0389,8.0000,1
0.662,OUTER_V,17.3040,0.0389,8.0000,1
0.663,OUTER_V,17.3120,0.0389,8.0000,1
0.664,OUTER_V,17.3200,0.0389,8.0000,1
0.665,OUTER_V,17.3280,0.0389,8.0000,1
0.666,OUTER_V,17.3360,0.0389,8.0000,1
0.667,OUTER_V,17.3440,0.0389,8.0000,1
0.668,OUTER_V,17.3520,0.0389,8.0000,1
0.669,OUTER_V,17.3600,0.0389,8.0000,1
0.670,OUTER_V,17.3680,0.0389,8.0000,1
0.671,OUTER_V,17.3760,0.0389,8.0000,1
0.672,OUTER_V,17.3840,0.0389,8.0000,1
0.673,OUTER_V,17.3920,0.0389,8.0000,1
0.674,OUTER_V,17.4000,0.0389,8.0000,1
0.675,OUTER_V,17.4080,0.0389,8.0000,1
0.676,OUTER_V,17.4160,0.0389,8.0000,1
0.677,OUTER_V,17.4240,0.0389,8.0000,1
0.678,OUTER_V,17.4320,0.0389,8.0000,1
0.679,OUTER_V,17.4400,0.0389,8.0000,1
0.680,OUTER_V,17.4480,0.0389,8.0000,1
0.681,OUTER_V,17.4560,0.0389,8.0000,1
0.682,OUTER_V,17.4640,0.0389,8.0000,1
0.683,OUTER_V,17.4720,0.0389,8.0000,1
0.684,OUTER_V,17.4800,0.0389,8.0000,1
0.685,OUTER_V,17.4880,0.0389,8.0000,1
0.686,OUTER_V,17.4960,0.0389,8.0000,1
0.687,OUTER_V,17.5040,0.0389,8.0000,1
0.688,OUTER_V,17.5120,0.0389,8.0000,1
0.689,OUTER_V,17.5200,0.0389,8.0000,1
0.690,OUTER_V,17.5280,0.0389,8.0000,1
0.691,OUTER_V,17.5360,0.0389,8.0000,1
0.692,OUTER_V,17.5440,0.0389,8.0000,1
0.693,OUTER_V,17.5520,0.0389,8.0000,1
0.694,OUTER_V,17.5600,0.0389,8.0000,1
0.695,OUTER_V,17.5680,0.0389,8.0000,1
0.696,OUTER_V,17.5760,0.0389,8.0000,1
0.697,OUTER_V,17.5840,0.0389,8.0000,1
0.698,OUTER_V,17.5920,0.0389,8.0000,1
0.699,OUTER_V,17.6000,0.0389,8.0000,1
0.700,OUTER_V,17.6080,0.0389,8.0000,1
0.701,OUTER_V,17.6160,0.0389,8.0000,1
0.702,OUTER_V,17.6240,0.0389,8.0000,1
0.703,OUTER_V,17.6320,0.0389,8.0000,1
0.704,OUTER_V,17.6400,0.0389,8.0000,1
0.705,OUTER_V,17.6480,0.0389,8.0000,1
0.706,OUTER_V,17.6560,0.0389,8.0000,1
0.707,OUTER_V,17.6640,0.0389,8.0000,1
0.708,OUTER_V,17.6720,0.0389,8.0000,1
0.709,OUTER_V,17.6800,0.0389,8.0000,1
0.710,OUTER_V,17.6880,0.0389,8.0000,1
0.711,OUTER_V,17.6960,0.0389,8.0000,1
0.712,OUTER_V,17.7040,0.0389,8.0000,1
0.713,OUTER_V,17.7120,0.0389,8.0000,1
0.714,OUTER_V,17.7200,0.0389,8.0000,1
0.715,OUTER_V,17.7280,0.0389,8.0000,1
0.716,OUTER_V,17.7360,0.0389,8.0000,1
0.717,OUTER_V,17.7440,0.0389,8.0000,1
0.718,OUTER_V,17.7520,0.0389,8.0000,1
0.719,OUTER_V,17.7600,0.0389,8.0000,1
0.720,OUTER_V,17.7680,0.0389,8.0000,1
0.721,OUTER_V,17.7760,0.0389,8.0000,1
0.722,OUTER_V,17.7840,0.0389,8.0000,1
0.723,OUTER_V,17.7920,0.0389,8.0000,1
0.724,OUTER_V,17.8000,0.0389,8.0000,1
0.725,OUTER_V,17.8080,0.0389,8.0000,1
0.726,OUTER_V,17.8160,0.0389,8.0000,1
0.727,OUTER_V,17.8240,0.0389,8.0000,1
0.728,OUTER_V,17.8320,0.0389,8.0000,1
0.729,OUTER_V,17.8400,0.0389,8.0000,1
0.730,OUTER_V,17.8480,0.0389,8.0000,1
0.731,OUTER_V,17.8560,0.0389,8.0000,1
0.732,OUTER_V,17.8640,0.0389,8.0000,1
0.733,OUTER_V,17.8720,0.0389,8.0000,1
0.734,OUTER_V,17.8800,0.0389,8.0000,1
0.735,OUTER_V,17.8880,0.0389,8.0000,1
0.736,OUTER_V,17.8960,0.0389,8.0000,1
0.737,OUTER_V,17.9040,0.0389,8.0000,1
0.738,OUTER_V,17.9120,0.0389,8.0000,1
0.739,OUTER_V,17.9200,0.0389,8.0000,1
0.740,OUTER_V,17.9280,0.0389,8.0000,1
0.741,OUTER_V,17.9360,0.0389,8.0000,1
0.742,OUTER_V,17.9440,0.0389,8.0000,1
0.743,OUTER_V,17.9520,0.0389,8.0000,1
0.744,OUTER_V,17.9600,0.0389,8.0000,1
0.745,OUTER_V,17.9680,0.0389,8.0000,1
0.746,OUTER_V,17.9760,0.0389,8.0000,1
0.747,OUTER_V,17.9840,0.0389,8.0000,1
0.748,OUTER_V,17.9920,0.0389,8.0000,1
0.749,OUTER_V,18.0000,0.0389,8.0000,1
0.750,OUTER_V,18.0080,0.0389,8.0000,1
0.751,OUTER_V,18.0160,0.0389,8.0000,1
0.752,OUTER_V,18.0240,0.0389,8.0000,1
0.753,OUTER_V,18.0320,0.0389,8.0000,1
0.754,OUTER_V,18.0400,0.0389,8.0000,1
0.755,OUTER_V,18.0480,0.0389,8.0000,1
0.756,OUTER_V,18.0560,0.0389,8.0000,1
0.757,OUTER_V,18.0640,0.0389,8.0000,1
0.758,OUTER_V,18.0720,0.0389,8.0000,1
0.759,OUTER_V,18.0800,0.0389,8.0000,1
0.760,OUTER_V,18.0880,0.0389,8.0000,1
0.761,OUTER_V,18.0960,0.0389,8.0000,1
0.762,OUTER_V,18.1040,0.0389,8.0000,1
0.763,OUTER_V,18.1120,0.0389,8.0000,1
0.764,OUTER_V,18.1200,0.0389,8.0000,1
0.765,OUTER_V,18.1280,0.0389,8.0000,1
0.766,OUTER_V,18.1360,0.0389,8.0000,1
0.767,OUTER_V,18.1440,0.0389,8.0000,1
0.768,OUTER_V,18.1520,0.0389,8.0000,1
0.769,OUTER_V,18.1600,0.0389,8.0000,1
0.770,OUTER_V,18.1680,0.0389,8.0000,1
0.771,OUTER_V,18.1760,0.0389,8.0000,1
0.772,OUTER_V,18.1840,0.0389,8.0000,1
0.773,OUTER_V,18.1920,0.0389,8.0000,1
0.774,OUTER_V,18.2000,0.0389,8.0000,1
0.775,OUTER_V,18.2080,0.0389,8.0000,1
0.776,OUTER_V,18.2160,0.0389,8.0000,1
0.777,OUTER_V,18.2240,0.0389,8.0000,1
0.778,OUTER_V,18.2320,0.0389,8.0000,1
0.779,OUTER_V,18.2400,0.0389,8.0000,1
0.780,OUTER_V,18.2480,0.0389,8.0000,1
0.781,OUTER_V,18.2560,0.0389,8.0000,1
0.782,OUTER_V,18.2640,0.0389,8.0000,1
0.783,OUTER_V,18.2720,0.0389,8.0000,1
0.784,OUTER_V,18.2800,0.0389,8.0000,1
0.785,OUTER_V,18.2880,0.0389,8.0000,1
0.786,OUTER_V,18.2960,0.0389,8.0000,1
0.787,OUTER_V,18.3040,0.0389,8.0000,1
0.788,OUTER_V,18.3120,0.0389,8.0000,1
0.789,OUTER_V,18.3200,0.0389,8.0000,1
0.790,OUTER_V,18.3280,0.0389,8.0000,1
0.791,OUTER_V,18.3360,0.0389,8.0000,1
0.792,OUTER_V,18.3440,0.0389,8.0000,1
0.793,OUTER_V,18.3520,0.0389,8.0000,1
0.794,OUTER_V,18.3600,0.0389,8.0000,1
0.795,OUTER_V,18.3680,0.0389,8.0000,1
0.796,OUTER_V,18.3760,0.0389,8.0000,1
0.797,OUTER_V,18.3840,0.0389,8.0000,1
0.798,OUTER_V,18.3920,0.0389,8.0000,1
0.799,OUTER_V,18.4000,0.0389,8.0000,1
0.800,OUTER_V,18.4080,0.0389,8.0000,1
0.801,OUTER_V,18.4160,0.0389,8.0000,1
0.802,OUTER_V,18.4240,0.0389,8.0000,1
0.803,OUTER_V,18.4320,0.0389,8.0000,1
0.804,OUTER_V,18.4400,0.0389,8.0000,1
0.805,OUTER_V,18.4480,0.0389,8.0000,1
0.806,OUTER_V,18.4560,0.0389,8.0000,1
0.807,OUTER_V,18.4640,0.0389,8.0000,1
0.808,OUTER_V,18.4720,0.0389,8.0000,1
0.809,OUTER_V,18.4800,0.0389,8.0000,1
0.810,OUTER_V,18.4880,0.0389,8.0000,1
0.811,OUTER_V,18.4960,0.0389,8.0000,1
0.812,OUTER_V,18.5040,0.0389,8.0000,1
0.813,OUTER_V,18.5120,0.0389,8.0000,1
0.814,OUTER_V,18.5200,0.0389,8.0000,1
0.815,OUTER_V,18.5280,0.0389,8.0000,1
0.816,OUTER_V,18.5360,0.0389,8.0000,1
0.817,OUTER_V,18.5440,0.0389,8.0000,1
0.818,OUTER_V,18.5520,0.0389,8.0000,1
0.819,OUTER_V,18.5600,0.0389,8.0000,1
0.820,OUTER_V,18.5680,0.0389,8.0000,1
0.821,OUTER_V,18.5760,0.0389,8.0000,1
0.822,OUTER_V,18.5840,0.0389,8.0000,1
0.823,OUTER_V,18.5920,0.0389,8.0000,1
0.824,OUTER_V,18.6000,0.0389,8.0000,1
0.825,OUTER_V,18.6080,0.0389,8.0000,1
0.826,OUTER_V,18.6160,0.0389,8.0000,1
0.827,OUTER_V,18.6240,0.0389,8.0000,1
0.828,OUTER_V,18.6320,0.0389,8.0000,1
0.829,OUTER_V,18.6400,0.0389,8.0000,1
0.830,OUTER_V,18.6480,0.0389,8.0000,1
0.831,OUTER_V,18.6560,0.0389,8.0000,1
0.832,OUTER_V,18.6640,0.0389,8.0000,1
0.833,OUTER_V,18.6720,0.0389,8.0000,1
0.834,OUTER_V,18.6800,0.0389,8.0000,1
0.835,OUTER_V,18.6880,0.0389,8.0000,1
0.836,OUTER_V,18.6960,0.0389,8.0000,1
0.837,OUTER_V,18.7040,0.0389,8.0000,1
0.838,OUTER_V,18.7120,0.0389,8.0000,1
0.839,OUTER_V,18.7200,0.0389,8.0000,1
0.840,OUTER_V,18.7280,0.0389,8.0000,1
0.841,OUTER_V,18.7360,0.0389,8.0000,1
0.842,OUTER_V,18.7440,0.0389,8.0000,1
0.843,OUTER_V,18.7520,0.0389,8.0000,1
0.844,OUTER_V,18.7600,0.0389,8.0000,1
0.845,OUTER_V,18.7680,0.0389,8.0000,1
0.846,OUTER_V,18.7760,0.0389,8.0000,1
0.847,OUTER_V,18.7840,0.0389,8.0000,1
0.848,OUTER_V,18.7920,0.0389,8.0000,1
0.849,OUTER_V,18.8000,0.0389,8.0000,1
0.850,OUTER_V,18.8080,0.0389,8.0000,1
0.851,OUTER_V,18.8160,0.0389,8.0000,1
0.852,OUTER_V,18.8240,0.0389,8.0000,1
0.853,OUTER_V,18.8320,0.0389,8.0000,1
0.854,OUTER_V,18.8400,0.0389,8.0000,1
0.855,OUTER_V,18.8480,0.0389,8.0000,1
0.856,OUTER_V,18.8560,0.0389,8.0000,1
0.857,OUTER_V,18.8640,0.0389,8.0000,1
0.858,OUTER_V,18.8720,0.0389,8.0000,1
0.859,OUTER_V,18.8800,0.0389,8.0000,1
0.860,OUTER_V,18.8880,0.0389,8.0000,1
0.861,OUTER_V,18.8960,0.0389,8.0000,1
0.862,OUTER_V,18.9040,0.0389,8.0000,1
0.863,OUTER_V,18.9120,0.0389,8.0000,1
0.864,OUTER_V,18.9200,0.0389,8.0000,1
0.865,OUTER_V,18.9280,0.0389,8.0000,1
0.866,OUTER_V,18.9360,0.0389,8.0000,1
0.867,OUTER_V,18.9440,0.0389,8.0000,1
0.868,OUTER_V,18.9520,0.0389,8.0000,1
0.869,OUTER_V,18.9600,0.0389,8.0000,1
0.870,OUTER_V,18.9680,0.0389,8.0000,1
0.871,OUTER_V,18.9760,0.0389,8.0000,1
0.872,OUTER_V,18.9840,0.0389,8.0000,1
0.873,OUTER_V,18.9920,0.0389,8.0000,1
0.874,OUTER_V,19.0000,0.0389,8.0000,1
0.875,OUTER_V,19.0080,0.0389,8.0000,1
0.876,OUTER_V,19.0160,0.0389,8.0000,1
0.877,OUTER_V,19.0240,0.0389,8.0000,1
0.878,OUTER_V,19.0320,0.0389,8.0000,1
0.879,OUTER_V,19.0400,0.0389,8.0000,1
0.880,OUTER_V,19.0480,0.0389,8.0000,1
0.881,OUTER_V,19.0560,0.0389,8.0000,1
0.882,OUTER_V,19.0640,0.0389,8.0000,1
0.883,OUTER_V,19.0720,0.0389,8.0000,1
0.884,OUTER_V,19.0800,0.0389,8.0000,1
0.885,OUTER_V,19.0880,0.0389,8.0000,1
0.886,OUTER_V,19.0960,0.0389,8.0000,1
0.887,OUTER_V,19.1040,0.0389,8.0000,1
0.888,OUTER_V,19.1120,0.0389,8.0000,1
0.889,OUTER_V,19.1200,0.0389,8.0000,1
0.890,OUTER_V,19.1280,0.0389,8.0000,1
0.891,OUTER_V,19.1360,0.0389,8.0000,1
0.892,OUTER_V,19.1440,0.0389,8.0000,1
0.893,OUTER_V,19.1520,0.0389,8.0000,1
0.894,OUTER_V,19.1600,0.0389,8.0000,1
0.895,OUTER_V,19.1680,0.0389,8.0000,1
0.896,OUTER_V,19.1760,0.0389,8.0000,1
0.897,OUTER_V,19.1840,0.0389,8.0000,1
0.898,OUTER_V,19.1920,0.0389,8.0000,1
0.899,OUTER_V,19.2000,0.0389,8.0000,1
0.900,OUTER_V,19.2080,0.0389,8.0000,1
0.901,OUTER_V,19.2160,0.0389,8.0000,1
0.902,OUTER_V,19.2240,0.0389,8.0000,1
0.903,OUTER_V,19.2320,0.0389,8.0000,1
0.904,OUTER_V,19.2400,0.0389,8.0000,1
0.905,OUTER_V,19.2480,0.0389,8.0000,1
0.906,OUTER_V,19.2560,0.0389,8.0000,1
0.907,OUTER_V,19.2640,0.0389,8.0000,1
0.908,OUTER_V,19.2720,0.0389,8.0000,1
0.909,OUTER_V,19.2800,0.0389,8.0000,1
0.910,OUTER_V,19.2880,0.0389,8.0000,1
0.911,OUTER_V,19.2960,0.0389,8.0000,1
0.912,OUTER_V,19.3040,0.0389,8.0000,1
0.913,OUTER_V,19.3120,0.0389,8.0000,1
0.914,OUTER_V,19.3200,0.0389,8.0000,1
0.915,OUTER_V,19.3280,0.0389,8.0000,1
0.916,OUTER_V,19.3360,0.0389,8.0000,1
0.917,OUTER_V,19.3440,0.0389,8.0000,1
0.918,OUTER_V,19.3520,0.0389,8.0000,1
0.919,OUTER_V,19.3600,0.0389,8.0000,1
0.920,OUTER_V,19.3680,0.0389,8.0000,1
0.921,OUTER_V,19.3760,0.0389,8.0000,1
0.922,OUTER_V,19.3840,0.0389,8.0000,1
0.923,OUTER_V,19.3920,0.0389,8.0000,1
0.924,OUTER_V,19.4000,0.0389,8.0000,1
0.925,OUTER_V,19.4080,0.0389,8.0000,1
0.926,OUTER_V,19.4160,0.0389,8.0000,1
0.927,OUTER_V,19.4240,0.0389,8.0000,1
0.928,OUTER_V,19.4320,0.0389,8.0000,1
0.929,OUTER_V,19.4400,0.0389,8.0000,1
0.930,OUTER_V,19.4480,0.0389,8.0000,1
0.931,OUTER_V,19.4560,0.0389,8.0000,1
0.932,OUTER_V,19.4640,0.0389,8.0000,1
0.933,OUTER_V,19.4720,0.0389,8.0000,1
0.934,OUTER_V,19.4800,0.0389,8.0000,1
0.935,OUTER_V,19.4880,0.0389,8.0000,1
0.936,OUTER_V,19.4960,0.0389,8.0000,1
0.937,OUTER_V,19.5040,0.0389,8.0000,1
0.938,OUTER_V,19.5120,0.0389,8.0000,1
0.939,OUTER_V,19.5200,0.0389,8.0000,1
0.940,OUTER_V,19.5280,0.0389,8.0000,1
0.941,OUTER_V,19.5360,0.0389,8.0000,1
0.942,OUTER_V,19.5440,0.0389,8.0000,1
0.943,OUTER_V,19.5520,0.0389,8.0000,1
0.944,OUTER_V,19.5600,0.0389,8.0000,1
0.945,OUTER_V,19.5680,0.0389,8.0000,1
0.946,OUTER_V,19.5760,0.0389,8.0000,1
0.947,OUTER_V,19.5840,0.0389,8.0000,1
0.948,OUTER_V,19.5920,0.0389,8.0000,1
0.949,OUTER_V,19.6000,0.0389,8.0000,1
0.950,OUTER_V,19.6080,0.0389,8.0000,1
0.951,OUTER_V,19.6160,0.0389,8.0000,1
0.952,OUTER_V,19.6240,0.0389,8.0000,1
0.953,OUTER_V,19.6320,0.0389,8.0000,1
0.954,OUTER_V,19.6400,0.0389,8.0000,1
0.955,OUTER_V,19.6480,0.0389,8.0000,1
0.956,OUTER_V,19.6560,0.0389,8.0000,1
0.957,OUTER_V,19.6640,0.0389,8.0000,1
0.958,OUTER_V,19.6720,0.0389,8.0000,1
0.959,OUTER_V,19.6800,0.0389,8.0000,1
0.960,OUTER_V,19.6880,0.0389,8.0000,1
0.961,OUTER_V,19.6960,0.0389,8.0000,1
0.962,OUTER_V,19.7040,0.0389,8.0000,1
0.963,OUTER_V,19.7120,0.0389,8.0000,1
0.964,OUTER_V,19.7200,0.0389,8.0000,1
0.965,OUTER_V,19.7280,0.0389,8.0000,1
0.966,OUTER_V,19.7360,0.0389,8.0000,1
0.967,OUTER_V,19.7440,0.0389,8.0000,1
0.968,OUTER_V,19.7520,0.0389,8.0000,1
0.969,OUTER_V,19.7600,0.0389,8.0000,1
0.970,OUTER_V,19.7680,0.0389,8.0000,1
0.971,OUTER_V,19.7760,0.0389,8.0000,1
0.972,OUTER_V,19.7840,0.0389,8.0000,1
0.973,OUTER_V,19.7920,0.0389,8.0000,1
0.974,OUTER_V,19.8000,0.0389,8.0000,1
0.975,OUTER_V,19.8080,0.0389,8.0000,1
0.976,OUTER_V,19.8160,0.0389,8.0000,1
0.977,OUTER_V,19.8240,0.0389,8.0000,1
0.978,OUTER_V,19.8320,0.0389,8.0000,1
0.979,OUTER_V,19.8400,0.0389,8.0000,1
0.980,OUTER_V,19.8480,0.0389,8.0000,1
0.981,OUTER_V,19.8560,0.0389,8.0000,1
0.982,OUTER_V,19.8640,0.0389,8.0000,1
0.983,OUTER_V,19.8720,0.0389,8.0000,1
0.984,OUTER_V,19.8800,0.0389,8.0000,1
0.985,OUTER_V,19.8880,0.0389,8.0000,1
0.986,OUTER_V,19.8960,0.0389,8.0000,1
0.987,OUTER_V,19.9040,0.0389,8.0000,1
0.988,OUTER_V,19.9120,0.0389,8.0000,1
0.989,OUTER_V,19.9200,0.0389,8.0000,1
0.990,OUTER_V,19.9280,0.0389,8.0000,1
0.991,OUTER_V,19.9360,0.0389,8.0000,1
0.992,OUTER_V,19.9440,0.0389,8.0000,1
0.993,OUTER_V,19.9520,0.0389,8.0000,1
0.994,OUTER_V,19.9600,0.0389,8.0000,1
0.995,OUTER_V,19.9680,0.0389,8.0000,1
0.996,OUTER_V,19.9760,0.0389,8.0000,1
0.997,OUTER_V,19.9840,0.0389,8.0000,1
0.998,OUTER_V,19.9920,0.0389,8.0000,1
0.999,OUTER_V,20.0000,0.0389,8.0000,1
1.000,OUTER_V,20.0080,0.0389,8.0000,1
1.001,OUTER_V,20.0160,0.0389,8.0000,1
1.002,OUTER_V,20.0240,0.0389,8.0000,1
1.003,OUTER_V,20.0320,0.0389,8.0000,1
1.004,OUTER_V,20.0400,0.0389,8.0000,1
1.005,OUTER_V,20.0480,0.0389,8.0000,1
1.006,OUTER_V,20.0560,0.0389,8.0000,1
1.007,OUTER_V,20.0640,0.0389,8.0000,1
1.008,OUTER_V,20.0720,0.0389,8.0000,1
1.009,OUTER_V,20.0800,0.0389,8.0000,1
1.010,OUTER_V,20.0880,0.0389,8.0000,1
1.011,OUTER_V,20.0960,0.0389,8.0000,1
1.012,OUTER_V,20.1040,0.0389,8.0000,1
1.013,OUTER_V,20.1120,0.0389,8.0000,1
1.014,OUTER_V,20.1200,0.0389,8.0000,1
1.015,OUTER_V,20.1280,0.0389,8.0000,1
1.016,OUTER_V,20.1360,0.0389,8.0000,1
1.017,OUTER_V,20.1440,0.0389,8.0000,1
1.018,OUTER_V,20.1520,0.0389,8.0000,1
1.019,OUTER_V,20.1600,0.0389,8.0000,1
1.020,OUTER_V,20.1680,0.0389,8.0000,1
1.021,OUTER_V,20.1760,0.0389,8.0000,1
1.022,OUTER_V,20.1840,0.0389,8.0000,1
1.023,OUTER_V,20.1920,0.0389,8.0000,1
1.024,OUTER_V,20.2000,0.0389,8.0000,1
1.025,OUTER_V,20.2080,0.0389,8.0000,1
1.026,OUTER_V,20.2160,0.0389,8.0000,1
1.027,OUTER_V,20.2240,0.0389,8.0000,1
1.028,OUTER_V,20.2320,0.0389,8.0000,1
1.029,OUTER_V,20.2400,0.0389,8.0000,1
1.030,OUTER_V,20.2480,0.0389,8.0000,1
1.031,OUTER_V,20.2560,0.0389,8.0000,1
1.032,OUTER_V,20.2640,0.0389,8.0000,1
1.033,OUTER_V,20.2720,0.0389,8.0000,1
1.034,OUTER_V,20.2800,0.0389,8.0000,1
1.035,OUTER_V,20.2880,0.0389,8.0000,1
1.036,OUTER_V,20.2960,0.0389,8.0000,1
1.037,OUTER_V,20.3040,0.0389,8.0000,1
1.038,OUTER_V,20.3120,0.0389,8.0000,1
1.039,OUTER_V,20.3200,0.0389,8.0000,1
1.040,OUTER_V,20.3280,0.0389,8.0000,1
1.041,OUTER_V,20.3360,0.0389,8.0000,1
1.042,OUTER_V,20.3440,0.0389,8.0000,1
1.043,OUTER_V,20.3520,0.0389,8.0000,1
1.044,OUTER_V,20.3600,0.0389,8.0000,1
1.045,OUTER_V,20.3680,0.0389,8.0000,1
1.046,OUTER_V,20.3760,0.0389,8.0000,1
1.047,OUTER_V,20.3840,0.0389,8.0000,1
1.048,OUTER_V,20.3920,0.0389,8.0000,1
1.049,OUTER_V,20.4000,0.0389,8.0000,1
1.050,OUTER_V,20.4080,0.0389,8.0000,1
1.051,OUTER_V,20.4160,0.0389,8.0000,1
1.052,OUTER_V,20.4240,0.0389,8.0000,1
1.053,OUTER_V,20.4320,0.0389,8.0000,1
1.054,OUTER_V,20.4400,0.0389,8.0000,1
1.055,OUTER_V,20.4480,0.0389,8.0000,1
1.056,OUTER_V,20.4560,0.0389,8.0000,1
1.057,OUTER_V,20.4640,0.0389,8.0000,1
1.058,OUTER_V,20.4720,0.0389,8.0000,1
1.059,OUTER_V,20.4800,0.0389,8.0000,1
1.060,OUTER_V,20.4880,0.0389,8.0000,1
1.061,OUTER_V,20.4960,0.0389,8.0000,1
1.062,OUTER_V,20.5040,0.0389,8.0000,1
1.063,OUTER_V,20.5120,0.0389,8.0000,1
1.064,OUTER_V,20.5200,0.0389,8.0000,1
1.065,OUTER_V,20.5280,0.0389,8.0000,1
1.066,OUTER_V,20.5360,0.0389,8.0000,1
1.067,OUTER_V,20.5440,0.0389,8.0000,1
1.068,OUTER_V,20.5520,0.0389,8.0000,1
1.069,OUTER_V,20.5600,0.0389,8.0000,1
1.070,OUTER_V,20.5680,0.0389,8.0000,1
1.071,OUTER_V,20.5760,0.0389,8.0000,1
1.072,OUTER_V,20.5840,0.0389,8.0000,1
1.073,OUTER_V,20.5920,0.0389,8.0000,1
1.074,OUTER_V,20.6000,0.0389,8.0000,1
1.075,OUTER_V,20.6080,0.0389,8.0000,1
1.076,OUTER_V,20.6160,0.0389,8.0000,1
1.077,OUTER_V,20.6240,0.0389,8.0000,1
1.078,OUTER_V,20.6320,0.0389,8.0000,1
1.079,OUTER_V,20.6400,0.0389,8.0000,1
1.080,OUTER_V,20.6480,0.0389,8.0000,1
1.081,OUTER_V,20.6560,0.0389,8.0000,1
1.082,OUTER_V,20.6640,0.0389,8.0000,1
1.083,OUTER_V,20.6720,0.0389,8.0000,1
1.084,OUTER_V,20.6800,0.0389,8.0000,1
1.085,OUTER_V,20.6880,0.0389,8.0000,1
1.086,OUTER_V,20.6960,0.0389,8.0000,1
1.087,OUTER_V,20.7040,0.0389,8.0000,1
1.088,OUTER_V,20.7120,0.0389,8.0000,1
1.089,OUTER_V,20.7200,0.0389,8.0000,1
1.090,OUTER_V,20.7280,0.0389,8.0000,1
1.091,OUTER_V,20.7360,0.0389,8.0000,1
1.092,OUTER_V,20.7440,0.0389,8.0000,1
1.093,OUTER_V,20.7520,0.0389,8.0000,1
1.094,OUTER_V,20.7600,0.0389,8.0000,1
1.095,OUTER_V,20.7680,0.0389,8.0000,1
1.096,OUTER_V,20.7760,0.0389,8.0000,1
1.097,OUTER_V,20.7840,0.0389,8.0000,1
1.098,OUTER_V,20.7920,0.0389,8.0000,1
1.099,OUTER_V,20.8000,0.0389,8.0000,1
1.100,OUTER_V,20.8080,0.0389,8.0000,1
1.101,OUTER_V,20.8160,0.0389,8.0000,1
1.102,OUTER_V,20.8240,0.0389,8.0000,1
1.103,OUTER_V,20.8320,0.0389,8.0000,1
1.104,OUTER_V,20.8400,0.0389,8.0000,1
1.105,OUTER_V,20.8480,0.0389,8.0000,1
1.106,OUTER_V,20.8560,0.0389,8.0000,1
1.107,OUTER_V,20.8640,0.0389,8.0000,1
1.108,OUTER_V,20.8720,0.0389,8.0000,1
1.109,OUTER_V,20.8800,0.0389,8.0000,1
1.110,OUTER_V,20.8880,0.0389,8.0000,1
1.111,OUTER_V,20.8960,0.0389,8.0000,1
1.112,OUTER_V,20.9040,0.0389,8.0000,1
1.113,OUTER_V,20.9120,0.0389,8.0000,1
1.114,OUTER_V,20.9200,0.0389,8.0000,1
1.115,OUTER_V,20.9280,0.0389,8.0000,1
1.116,OUTER_V,20.9360,0.0389,8.0000,1
1.117,OUTER_V,20.9440,0.0389,8.0000,1
1.118,OUTER_V,20.9520,0.0389,8.0000,1
1.119,OUTER_V,20.9600,0.0389,8.0000,1
1.120,OUTER_V,20.9680,0.0389,8.0000,1
1.121,OUTER_V,20.9760,0.0389,8.0000,1
1.122,OUTER_V,20.9840,0.0389,8.0000,1
1.123,OUTER_V,20.9920,0.0389,8.0000,1
1.124,OUTER_V,21.0000,0.0389,8.0000,1
1.125,OUTER_V,21.0080,0.0389,8.0000,1
1.126,OUTER_V,21.0160,0.0389,8.0000,1
1.127,OUTER_V,21.0240,0.0389,8.0000,1
1.128,OUTER_V,21.0320,0.0389,8.0000,1
1.129,OUTER_V,21.0400,0.0389,8.0000,1
1.130,OUTER_V,21.0480,0.0389,8.0000,1
1.131,OUTER_V,21.0560,0.0389,8.0000,1
1.132,OUTER_V,21.0640,0.0389,8.0000,1
1.133,OUTER_V,21.0720,0.0389,8.0000,1
1.134,OUTER_V,21.0800,0.0389,8.0000,1
1.135,OUTER_V,21.0880,0.0389,8.0000,1
1.136,OUTER_V,21.0960,0.0389,8.0000,1
1.137,OUTER_V,21.1040,0.0389,8.0000,1
1.138,OUTER_V,21.1120,0.0389,8.0000,1
1.139,OUTER_V,21.1200,0.0389,8.0000,1
1.140,OUTER_V,21.1280,0.0389,8.0000,1
1.141,OUTER_V,21.1360,0.0389,8.0000,1
1.142,OUTER_V,21.1440,0.0389,8.0000,1
1.143,OUTER_V,21.1520,0.0389,8.0000,1
1.144,OUTER_V,21.1600,0.0389,8.0000,1
1.145,OUTER_V,21.1680,0.0389,8.0000,1
1.146,OUTER_V,21.1760,0.0389,8.0000,1
1.147,OUTER_V,21.1840,0.0389,8.0000,1
1.148,OUTER_V,21.1920,0.0389,8.0000,1
1.149,OUTER_V,21.2000,0.0389,8.0000,1
1.150,OUTER_V,21.2080,0.0389,8.0000,1
1.151,OUTER_V,21.2160,0.0389,8.0000,1
1.152,OUTER_V,21.2240,0.0389,8.0000,1
1.153,OUTER_V,21.2320,0.0389,8.0000,1
1.154,OUTER_V,21.2400,0.0389,8.0000,1
1.155,OUTER_V,21.2480,0.0389,8.0000,1
1.156,OUTER_V,21.2560,0.0389,8.0000,1
1.157,OUTER_V,21.2640,0.0389,8.0000,1
1.158,OUTER_V,21.2720,0.0389,8.0000,1
1.159,OUTER_V,21.2800,0.0389,8.0000,1
1.160,OUTER_V,21.2880,0.0389,8.0000,1
1.161,OUTER_V,21.2960,0.0389,8.0000,1
1.162,OUTER_V,21.3040,0.0389,8.0000,1
1.163,OUTER_V,21.3120,0.0389,8.0000,1
1.164,OUTER_V,21.3200,0.0389,8.0000,1
1.165,OUTER_V,21.3280,0.0389,8.0000,1
1.166,OUTER_V,21.3360,0.0389,8.0000,1
1.167,OUTER_V,21.3440,0.0389,8.0000,1
1.168,OUTER_V,21.3520,0.0389,8.0000,1
1.169,OUTER_V,21.3600,0.0389,8.0000,1
1.170,OUTER_V,21.3680,0.0389,8.0000,1
1.171,OUTER_V,21.3760,0.0389,8.0000,1
1.172,OUTER_V,21.3840,0.0389,8.0000,1
1.173,OUTER_V,21.3920,0.0389,8.0000,1
1.174,OUTER_V,21.4000,0.0389,8.0000,1
1.175,OUTER_V,21.4080,0.0389,8.0000,1
1.176,OUTER_V,21.4160,0.0389,8.0000,1
1.177,OUTER_V,21.4240,0.0389,8.0000,1
1.178,OUTER_V,21.4320,0.0389,8.0000,1
1.179,OUTER_V,21.4400,0.0389,8.0000,1
1.180,OUTER_V,21.4480,0.0389,8.0000,1
1.181,OUTER_V,21.4560,0.0389,8.0000,1
1.182,OUTER_V,21.4640,0.0389,8.0000,1
1.183,OUTER_V,21.4720,0.0389,8.0000,1
1.184,OUTER_V,21.4800,0.0389,8.0000,1
1.185,OUTER_V,21.4880,0.0389,8.0000,1
1.186,OUTER_V,21.4960,0.0389,8.0000,1
1.187,OUTER_V,21.5040,0.0389,8.0000,1
1.188,OUTER_V,21.5120,0.0389,8.0000,1
1.189,OUTER_V,21.5200,0.0389,8.0000,1
1.190,OUTER_V,21.5280,0.0389,8.0000,1
1.191,OUTER_V,21.5360,0.0389,8.0000,1
1.192,OUTER_V,21.5440,0.0389,8.0000,1
1.193,OUTER_V,21.5520,0.0389,8.0000,1
1.194,OUTER_V,21.5600,0.0389,8.0000,1
1.195,OUTER_V,21.5680,0.0389,8.0000,1
1.196,OUTER_V,21.5760,0.0389,8.0000,1
1.197,OUTER_V,21.5840,0.0389,8.0000,1
1.198,OUTER_V,21.5920,0.0389,8.0000,1
1.199,OUTER_V,21.6000,0.0389,8.0000,1
1.200,OUTER_V,21.6080,0.0389,8.0000,1
1.201,OUTER_V,21.6160,0.0389,8.0000,1
1.202,OUTER_V,21.6240,0.0389,8.0000,1
1.203,OUTER_V,21.6320,0.0389,8.0000,1
1.204,OUTER_V,21.6400,0.0389,8.0000,1
1.205,OUTER_V,21.6480,0.0389,8.0000,1
1.206,OUTER_V,21.6560,0.0389,8.0000,1
1.207,OUTER_V,21.6640,0.0389,8.0000,1
1.208,OUTER_V,21.6720,0.0389,8.0000,1
1.209,OUTER_V,21.6800,0.0389,8.0000,1
1.210,OUTER_V,21.6880,0.0389,8.0000,1
1.211,OUTER_V,21.6960,0.0389,8.0000,1
1.212,OUTER_V,21.7040,0.0389,8.0000,1
1.213,OUTER_V,21.7120,0.0389,8.0000,1
1.214,OUTER_V,21.7200,0.0389,8.0000,1
1.215,OUTER_V,21.7280,0.0389,8.0000,1
1.216,OUTER_V,21.7360,0.0389,8.0000,1
1.217,OUTER_V,21.7440,0.0389,8.0000,1
1.218,OUTER_V,21.7520,0.0389,8.0000,1
1.219,OUTER_V,21.7600,0.0389,8.0000,1
1.220,OUTER_V,21.7680,0.0389,8.0000,1
1.221,OUTER_V,21.7760,0.0389,8.0000,1
1.222,OUTER_V,21.7840,0.0389,8.0000,1
1.223,OUTER_V,21.7920,0.0389,8.0000,1
1.224,OUTER_V,21.8000,0.0389,8.0000,1
1.225,OUTER_V,21.8080,0.0389,8.0000,1
1.226,OUTER_V,21.8160,0.0389,8.0000,1
1.227,OUTER_V,21.8240,0.0389,8.0000,1
1.228,OUTER_V,21.8320,0.0389,8.0000,1
1.229,OUTER_V,21.8400,0.0389,8.0000,1
1.230,OUTER_V,21.8480,0.0389,8.0000,1
1.231,OUTER_V,21.8560,0.0389,8.0000,1
1.232,OUTER_V,21.8640,0.0389,8.0000,1
1.233,OUTER_V,21.8720,0.0389,8.0000,1
1.234,OUTER_V,21.8800,0.0389,8.0000,1
1.235,OUTER_V,21.8880,0.0389,8.0000,1
1.236,OUTER_V,21.8960,0.0389,8.0000,1
1.237,OUTER_V,21.9040,0.0389,8.0000,1
1.238,OUTER_V,21.9120,0.0389,8.0000,1
1.239,OUTER_V,21.9200,0.0389,8.0000,1
1.240,OUTER_V,21.9280,0.0389,8.0000,1
1.241,OUTER_V,21.9360,0.0389,8.0000,1
1.242,OUTER_V,21.9440,0.0389,8.0000,1
1.243,OUTER_V,21.9520,0.0389,8.0000,1
1.244,OUTER_V,21.9600,0.0389,8.0000,1
1.245,OUTER_V,21.9680,0.0389,8.0000,1
1.246,OUTER_V,21.9760,0.0389,8.0000,1
1.247,OUTER_V,21.9840,0.0389,8.0000,1
1.248,OUTER_V,21.9920,0.0389,8.0000,1
1.249,OUTER_V,22.0000,0.0389,8.0000,1
1.250,OUTER_V,22.0080,0.0389,8.0000,1
1.251,OUTER_V,22.0160,0.0389,8.0000,1
1.252,OUTER_V,22.0240,0.0389,8.0000,1
1.253,OUTER_V,22.0320,0.0389,8.0000,1
1.254,OUTER_V,22.0400,0.0389,8.0000,1
1.255,OUTER_V,22.0480,0.0389,8.0000,1
1.256,OUTER_V,22.0560,0.0389,8.0000,1
1.257,OUTER_V,22.0640,0.0389,8.0000,1
1.258,OUTER_V,22.0720,0.0389,8.0000,1
1.259,OUTER_V,22.0800,0.0389,8.0000,1
1.260,OUTER_V,22.0880,0.0389,8.0000,1
1.261,OUTER_V,22.0960,0.0389,8.0000,1
1.262,OUTER_V,22.1040,0.0389,8.0000,1
1.263,OUTER_V,22.1120,0.0389,8.0000,1
1.264,OUTER_V,22.1200,0.0389,8.0000,1
1.265,OUTER_V,22.1280,0.0389,8.0000,1
1.266,OUTER_V,22.1360,0.0389,8.0000,1
1.267,OUTER_V,22.1440,0.0389,8.0000,1
1.268,OUTER_V,22.1520,0.0389,8.0000,1
1.269,OUTER_V,22.1600,0.0389,8.0000,1
1.270,OUTER_V,22.1680,0.0389,8.0000,1
1.271,OUTER_V,22.1760,0.0389,8.0000,1
1.272,OUTER_V,22.1840,0.0389,8.0000,1
1.273,OUTER_V,22.1920,0.0389,8.0000,1
1.274,OUTER_V,22.2000,0.0389,8.0000,1
1.275,OUTER_V,22.2080,0.0389,8.0000,1
1.276,OUTER_V,22.2160,0.0389,8.0000,1
1.277,OUTER_V,22.2240,0.0389,8.0000,1
1.278,OUTER_V,22.2320,0.0389,8.0000,1
1.279,OUTER_V,22.2400,0.0389,8.0000,1
1.280,OUTER_V,22.2480,0.0389,8.0000,1
1.281,OUTER_V,22.2560,0.0389,8.0000,1
1.282,OUTER_V,22.2640,0.0389,8.0000,1
1.283,OUTER_V,22.2720,0.0389,8.0000,1
1.284,OUTER_V,22.2800,0.0389,8.0000,1
1.285,OUTER_V,22.2880,0.0389,8.0000,1
1.286,OUTER_V,22.2960,0.0389,8.0000,1
1.287,OUTER_V,22.3040,0.0389,8.0000,1
1.288,OUTER_V,22.3120,0.0389,8.0000,1
1.289,OUTER_V,22.3200,0.0389,8.0000,1
1.290,OUTER_V,22.3280,0.0389,8.0000,1
1.291,OUTER_V,22.3360,0.0389,8.0000,1
1.292,OUTER_V,22.3440,0.0389,8.0000,1
1.293,OUTER_V,22.3520,0.0389,8.0000,1
1.294,OUTER_V,22.3600,0.0389,8.0000,1
1.295,OUTER_V,22.3680,0.0389,8.0000,1
1.296,OUTER_V,22.3760,0.0389,8.0000,1
1.297,OUTER_V,22.3840,0.0389,8.0000,1
1.298,OUTER_V,22.3920,0.0389,8.0000,1
1.299,OUTER_V,22.4000,0.0389,8.0000,1
1.300,OUTER_V,22.4080,0.0389,8.0000,1
1.301,OUTER_V,22.4160,0.0389,8.0000,1
1.302,OUTER_V,22.4240,0.0389,8.0000,1
1.303,OUTER_V,22.4320,0.0389,8.0000,1
1.304,OUTER_V,22.4400,0.0389,8.0000,1
1.305,OUTER_V,22.4480,0.0389,8.0000,1
1.306,OUTER_V,22.4560,0.0389,8.0000,1
1.307,OUTER_V,22.4640,0.0389,8.0000,1
1.308,OUTER_V,22.4720,0.0389,8.0000,1
1.309,OUTER_V,22.4800,0.0389,8.0000,1
1.310,OUTER_V,22.4880,0.0389,8.0000,1
1.311,OUTER_V,22.4960,0.0389,8.0000,1
1.312,OUTER_V,22.5040,0.0389,8.0000,1
1.313,OUTER_V,22.5120,0.0389,8.0000,1
1.314,OUTER_V,22.5200,0.0389,8.0000,1
1.315,OUTER_V,22.5280,0.0389,8.0000,1
1.316,OUTER_V,22.5360,0.0389,8.0000,1
1.317,OUTER_V,22.5440,0.0389,8.0000,1
1.318,OUTER_V,22.5520,0.0389,8.0000,1
1.319,OUTER_V,22.5600,0.0389,8.0000,1
1.320,OUTER_V,22.5680,0.0389,8.0000,1
1.321,OUTER_V,22.5760,0.0389,8.0000,1
1.322,OUTER_V,22.5840,0.0389,8.0000,1
1.323,OUTER_V,22.5920,0.0389,8.0000,1
1.324,OUTER_V,22.6000,0.0389,8.0000,1
1.325,OUTER_V,22.6080,0.0389,8.0000,1
1.326,OUTER_V,22.6160,0.0389,8.0000,1
1.327,OUTER_V,22.6240,0.0389,8.0000,1
1.328,OUTER_V,22.6320,0.0389,8.0000,1
1.329,OUTER_V,22.6400,0.0389,8.0000,1
1.330,OUTER_V,22.6480,0.0389,8.0000,1
1.331,OUTER_V,22.6560,0.0389,8.0000,1
1.332,OUTER_V,22.6640,0.0389,8.0000,1
1.333,OUTER_V,22.6720,0.0389,8.0000,1
1.334,OUTER_V,22.6800,0.0389,8.0000,1
1.335,OUTER_V,22.6880,0.0389,8.0000,1
1.336,OUTER_V,22.6960,0.0389,8.0000,1
1.337,OUTER_V,22.7040,0.0389,8.0000,1
1.338,OUTER_V,22.7120,0.0389,8.0000,1
1.339,OUTER_V,22.7200,0.0389,8.0000,1
1.340,OUTER_V,22.7280,0.0389,8.0000,1
1.341,OUTER_V,22.7360,0.0389,8.0000,1
1.342,OUTER_V,22.7440,0.0389,8.0000,1
1.343,OUTER_V,22.7520,0.0389,8.0000,1
1.344,OUTER_V,22.7600,0.0389,8.0000,1
1.345,OUTER_V,22.7680,0.0389,8.0000,1
1.346,OUTER_V,22.7760,0.0389,8.0000,1
1.347,OUTER_V,22.7840,0.0389,8.0000,1
1.348,OUTER_V,22.7920,0.0389,8.0000,1
1.349,OUTER_V,22.8000,0.0389,8.0000,1
1.350,OUTER_V,22.8080,0.0389,8.0000,1
1.351,OUTER_V,22.8160,0.0389,8.0000,1
1.352,OUTER_V,22.8240,0.0389,8.0000,1
1.353,OUTER_V,22.8320,0.0389,8.0000,1
1.354,OUTER_V,22.8400,0.0389,8.0000,1
1.355,OUTER_V,22.8480,0.0389,8.0000,1
1.356,OUTER_V,22.8560,0.0389,8.0000,1
1.357,OUTER_V,22.8640,0.0389,8.0000,1
1.358,OUTER_V,22.8720,0.0389,8.0000,1
1.359,OUTER_V,22.8800,0.0389,8.0000,1
1.360,OUTER_V,22.8880,0.0389,8.0000,1
1.361,OUTER_V,22.8960,0.0389,8.0000,1
1.362,OUTER_V,22.9040,0.0389,8.0000,1
1.363,OUTER_V,22.9120,0.0389,8.0000,1
1.364,OUTER_V,22.9200,0.0389,8.0000,1
1.365,OUTER_V,22.9280,0.0389,8.0000,1
1.366,OUTER_V,22.9360,0.0389,8.0000,1
1.367,OUTER_V,22.9440,0.0389,8.0000,1
1.368,OUTER_V,22.9520,0.0389,8.0000,1
1.369,OUTER_V,22.9600,0.0389,8.0000,1
1.370,OUTER_V,22.9680,0.0389,8.0000,1
1.371,OUTER_V,22.9760,0.0389,8.0000,1
1.372,OUTER_V,22.9840,0.0389,8.0000,1
1.373,OUTER_V,22.9920,0.0389,8.0000,1
1.374,OUTER_V,23.0000,0.0389,8.0000,1
1.375,OUTER_V,23.0080,0.0389,8.0000,1
1.376,OUTER_V,23.0160,0.0389,8.0000,1
1.377,OUTER_V,23.0240,0.0389,8.0000,1
1.378,OUTER_V,23.0320,0.0389,8.0000,1
1.379,OUTER_V,23.0400,0.0389,8.0000,1
1.380,OUTER_V,23.0480,0.0389,8.0000,1
1.381,OUTER_V,23.0560,0.0389,8.0000,1
1.382,OUTER_V,23.0640,0.0389,8.0000,1
1.383,OUTER_V,23.0720,0.0389,8.0000,1
1.384,OUTER_V,23.0800,0.0389,8.0000,1
1.385,OUTER_V,23.0880,0.0389,8.0000,1
1.386,OUTER_V,23.0960,0.0389,8.0000,1
1.387,OUTER_V,23.1040,0.0389,8.0000,1
1.388,OUTER_V,23.1120,0.0389,8.0000,1
1.389,OUTER_V,23.1200,0.0389,8.0000,1
1.390,OUTER_V,23.1280,0.0389,8.0000,1
1.391,OUTER_V,23.1360,0.0389,8.0000,1
1.392,OUTER_V,23.1440,0.0389,8.0000,1
1.393,OUTER_V,23.1520,0.0389,8.0000,1
1.394,OUTER_V,23.1600,0.0389,8.0000,1
1.395,OUTER_V,23.1680,0.0389,8.0000,1
1.396,OUTER_V,23.1760,0.0389,8.0000,1
1.397,OUTER_V,23.1840,0.0389,8.0000,1
1.398,OUTER_V,23.1920,0.0389,8.0000,1
1.399,OUTER_V,23.2000,0.0389,8.0000,1
1.400,OUTER_V,23.2080,0.0389,8.0000,1
1.401,OUTER_V,23.2160,0.0389,8.0000,1
1.402,OUTER_V,23.2240,0.0389,8.0000,1
1.403,OUTER_V,23.2320,0.0389,8.0000,1
1.404,OUTER_V,23.2400,0.0389,8.0000,1
1.405,OUTER_V,23.2480,0.0389,8.0000,1
1.406,OUTER_V,23.2560,0.0389,8.0000,1
1.407,OUTER_V,23.2640,0.0389,8.0000,1
1.408,OUTER_V,23.2720,0.0389,8.0000,1
1.409,OUTER_V,23.2800,0.0389,8.0000,1
1.410,OUTER_V,23.2880,0.0389,8.0000,1
1.411,OUTER_V,23.2960,0.0389,8.0000,1
1.412,OUTER_V,23.3040,0.0389,8.0000,1
1.413,OUTER_V,23.3120,0.0389,8.0000,1
1.414,OUTER_V,23.3200,0.0389,8.0000,1
1.415,OUTER_V,23.3280,0.0389,8.0000,1
1.416,OUTER_V,23.3360,0.0389,8.0000,1
1.417,OUTER_V,23.3440,0.0389,8.0000,1
1.418,OUTER_V,23.3520,0.0389,8.0000,1
1.419,OUTER_V,23.3600,0.0389,8.0000,1
1.420,OUTER_V,23.3680,0.0389,8.0000,1
1.421,OUTER_V,23.3760,0.0389,8.0000,1
1.422,OUTER_V,23.3840,0.0389,8.0000,1
1.423,OUTER_V,23.3920,0.0389,8.0000,1
1.424,OUTER_V,23.4000,0.0389,8.0000,1
1.425,OUTER_V,23.4080,0.0389,8.0000,1
1.426,OUTER_V,23.4160,0.0389,8.0000,1
1.427,OUTER_V,23.4240,0.0389,8.0000,1
1.428,OUTER_V,23.4320,0.0389,8.0000,1
1.429,OUTER_V,23.4400,0.0389,8.0000,1
1.430,OUTER_V,23.4480,0.0389,8.0000,1
1.431,OUTER_V,23.4560,0.0389,8.0000,1
1.432,OUTER_V,23.4640,0.0389,8.0000,1
1.433,OUTER_V,23.4720,0.0389,8.0000,1
1.434,OUTER_V,23.4800,0.0389,8.0000,1
1.435,OUTER_V,23.4880,0.0389,8.0000,1
1.436,OUTER_V,23.4960,0.0389,8.0000,1
1.437,OUTER_V,23.5040,0.0389,8.0000,1
1.438,OUTER_V,23.5120,0.0389,8.0000,1
1.439,OUTER_V,23.5200,0.0389,8.0000,1
1.440,OUTER_V,23.5280,0.0389,8.0000,1
1.441,OUTER_V,23.5360,0.0389,8.0000,1
1.442,OUTER_V,23.5440,0.0389,8.0000,1
1.443,OUTER_V,23.5520,0.0389,8.0000,1
1.444,OUTER_V,23.5600,0.0389,8.0000,1
1.445,OUTER_V,23.5680,0.0389,8.0000,1
1.446,OUTER_V,23.5760,0.0389,8.0000,1
1.447,OUTER_V,23.5840,0.0389,8.0000,1
1.448,OUTER_V,23.5920,0.0389,8.0000,1
1.449,OUTER_V,23.6000,0.0389,8.0000,1
1.450,OUTER_V,23.6080,0.0389,8.0000,1
1.451,OUTER_V,23.6160,0.0389,8.0000,1
1.452,OUTER_V,23.6240,0.0389,8.0000,1
1.453,OUTER_V,23.6320,0.0389,8.0000,1
1.454,OUTER_V,23.6400,0.0389,8.0000,1
1.455,OUTER_V,23.6480,0.0389,8.0000,1
1.456,OUTER_V,23.6560,0.0389,8.0000,1
1.457,OUTER_V,23.6640,0.0389,8.0000,1
1.458,OUTER_V,23.6720,0.0389,8.0000,1
1.459,OUTER_V,23.6800,0.0389,8.0000,1
1.460,OUTER_V,23.6880,0.0389,8.0000,1
1.461,OUTER_V,23.6960,0.0389,8.0000,1
1.462,OUTER_V,23.7040,0.0389,8.0000,1
1.463,OUTER_V,23.7120,0.0389,8.0000,1
1.464,OUTER_V,23.7200,0.0389,8.0000,1
1.465,OUTER_V,23.7280,0.0389,8.0000,1
1.466,OUTER_V,23.7360,0.0389,8.0000,1
1.467,OUTER_V,23.7440,0.0389,8.0000,1
1.468,OUTER_V,23.7520,0.0389,8.0000,1
1.469,OUTER_V,23.7600,0.0389,8.0000,1
1.470,OUTER_V,23.7680,0.0389,8.0000,1
1.471,OUTER_V,23.7760,0.0389,8.0000,1
1.472,OUTER_V,23.7840,0.0389,8.0000,1
1.473,OUTER_V,23.7920,0.0389,8.0000,1
1.474,OUTER_V,23.8000,0.0389,8.0000,1
1.475,OUTER_V,23.8080,0.0389,8.0000,1
1.476,OUTER_V,23.8160,0.0389,8.0000,1
1.477,OUTER_V,23.8240,0.0389,8.0000,1
1.478,OUTER_V,23.8320,0.0389,8.0000,1
1.479,OUTER_V,23.8400,0.0389,8.0000,1
1.480,OUTER_V,23.8480,0.0389,8.0000,1
1.481,OUTER_V,23.8560,0.0389,8.0000,1
1.482,OUTER_V,23.8640,0.0389,8.0000,1
1.483,OUTER_V,23.8720,0.0389,8.0000,1
1.484,OUTER_V,23.8800,0.0389,8.0000,1
1.485,OUTER_V,23.8880,0.0389,8.0000,1
1.486,OUTER_V,23.8960,0.0389,8.0000,1
1.487,OUTER_V,23.9040,0.0389,8.0000,1
1.488,OUTER_V,23.9120,0.0389,8.0000,1
1.489,OUTER_V,23.9200,0.0389,8.0000,1
1.490,OUTER_V,23.9280,0.0389,8.0000,1
1.491,OUTER_V,23.9360,0.0389,8.0000,1
1.492,OUTER_V,23.9440,0.0389,8.0000,1
1.493,OUTER_V,23.9520,0.0389,8.0000,1
1.494,OUTER_V,23.9600,0.0389,8.0000,1
1.495,OUTER_V,23.9680,0.0389,8.0000,1
1.496,OUTER_V,23.9760,0.0389,8.0000,1
1.497,OUTER_V,23.9840,0.0389,8.0000,1
1.498,OUTER_V,23.9920,0.0389,8.0000,1
1.499,OUTER_V,24.0000,0.0389,8.0000,1
1.500,OUTER_V,24.0000,0.0389,8.0000,1
1.501,OUTER_V,24.0000,0.0389,8.0000,1
1.502,OUTER_V,24.0000,0.0389,8.0000,1
1.503,OUTER_V,24.0000,0.0389,8.0000,1
1.504,OUTER_V,24.0000,0.0389,8.0000,1
1.505,OUTER_V,24.0000,0.0389,8.0000,1
1.506,OUTER_V,24.0000,0.0389,8.0000,1
1.507,OUTER_V,24.0000,0.0389,8.0000,1
1.508,OUTER_V,24.0000,0.0389,8.0000,1
1.509,OUTER_V,24.0000,0.0389,8.0000,1
1.510,OUTER_V,24.0000,0.0389,8.0000,1
1.511,OUTER_V,24.0000,0.0389,8.0000,1
1.512,OUTER_V,24.0000,0.0389,8.0000,1
1.513,OUTER_V,24.0000,0.0389,8.0000,1
1.514,OUTER_V,24.0000,0.0389,8.0000,1
1.515,OUTER_V,24.0000,0.0389,8.0000,1
1.516,OUTER_V,24.0000,0.0389,8.0000,1
1.517,OUTER_V,24.0000,0.0389,8.0000,1
1.518,OUTER_V,24.0000,0.0389,8.0000,1
1.519,OUTER_V,24.0000,0.0389,8.0000,1
1.520,OUTER_V,24.0000,0.0389,8.0000,1
1.521,OUTER_V,24.0000,0.0389,8.0000,1
1.522,OUTER_V,24.0000,0.0389,8.0000,1
1.523,OUTER_V,24.0000,0.0389,8.0000,1
1.524,OUTER_V,24.0000,0.0389,8.0000,1
1.525,OUTER_V,24.0000,0.0389,8.0000,1
1.526,OUTER_V,24.0000,0.0389,8.0000,1
1.527,OUTER_V,24.0000,0.0389,8.0000,1
1.528,OUTER_V,24.0000,0.0389,8.0000,1
1.529,OUTER_V,24.0000,0.0389,8.0000,1
1.530,OUTER_V,24.0000,0.0389,8.0000,1
1.531,OUTER_V,24.0000,0.0389,8.0000,1
1.532,OUTER_V,24.0000,0.0389,8.0000,1
1.533,OUTER_V,24.0000,0.0389,8.0000,1
1.534,OUTER_V,24.0000,0.0389,8.0000,1
1.535,OUTER_V,24.0000,0.0389,8.0000,1
1.536,OUTER_V,24.0000,0.0389,8.0000,1
1.537,OUTER_V,24.0000,0.0389,8.0000,1
1.538,OUTER_V,24.0000,0.0389,8.0000,1
1.539,OUTER_V,24.0000,0.0389,8.0000,1
1.540,OUTER_V,24.0000,0.0389,8.0000,1
1.541,OUTER_V,24.0000,0.0389,8.0000,1
1.542,OUTER_V,24.0000,0.0389,8.0000,1
1.543,OUTER_V,24.0000,0.0389,8.0000,1
1.544,OUTER_V,24.0000,0.0389,8.0000,1
1.545,OUTER_V,24.0000,0.0389,8.0000,1
1.546,OUTER_V,24.0000,0.0389,8.0000,1
1.547,OUTER_V,24.0000,0.0389,8.0000,1
1.548,OUTER_V,24.0000,0.0389,8.0000,1
1.549,OUTER_V,24.0000,0.0389,8.0000,1
1.550,OUTER_V,24.0000,0.0389,8.0000,1
1.551,OUTER_V,24.0000,0.0389,8.0000,1
1.552,OUTER_V,24.0000,0.0389,8.0000,1
1.553,OUTER_V,24.0000,0.0389,8.0000,1
1.554,OUTER_V,24.0000,0.0389,8.0000,1
1.555,OUTER_V,24.0000,0.0389,8.0000,1
1.556,OUTER_V,24.0000,0.0389,8.0000,1
1.557,OUTER_V,24.0000,0.0389,8.0000,1
1.558,OUTER_V,24.0000,0.0389,8.0000,1
1.559,OUTER_V,24.0000,0.0389,8.0000,1
1.560,OUTER_V,24.0000,0.0389,8.0000,1
1.561,OUTER_V,24.0000,0.0389,8.0000,1
1.562,OUTER_V,24.0000,0.0389,8.0000,1
1.563,OUTER_V,24.0000,0.0389,8.0000,1
1.564,OUTER_V,24.0000,0.0389,8.0000,1
1.565,OUTER_V,24.0000,0.0389,8.0000,1
1.566,OUTER_V,24.0000,0.0389,8.0000,1
1.567,OUTER_V,24.0000,0.0389,8.0000,1
1.568,OUTER_V,24.0000,0.0389,8.0000,1
1.569,OUTER_V,24.0000,0.0389,8.0000,1
1.570,OUTER_V,24.0000,0.0389,8.0000,1
1.571,OUTER_V,24.0000,0.0389,8.0000,1
1.572,OUTER_V,24.0000,0.0389,8.0000,1
1.573,OUTER_V,24.0000,0.0389,8.0000,1
1.574,OUTER_V,24.0000,0.0389,8.0000,1
1.575,OUTER_V,24.0000,0.0389,8.0000,1
1.576,OUTER_V,24.0000,0.0389,8.0000,1
1.577,OUTER_V,24.0000,0.0389,8.0000,1
1.578,OUTER_V,24.0000,0.0389,8.0000,1
1.579,OUTER_V,24.0000,0.0389,8.0000,1
1.580,OUTER_V,24.0000,0.0389,8.0000,1
1.581,OUTER_V,24.0000,0.0389,8.0000,1
1.582,OUTER_V,24.0000,0.0389,8.0000,1
1.583,OUTER_V,24.0000,0.0389,8.0000,1
1.584,OUTER_V,24.0000,0.0389,8.0000,1
1.585,OUTER_V,24.0000,0.0389,8.0000,1
1.586,OUTER_V,24.0000,0.0389,8.0000,1
1.587,OUTER_V,24.0000,0.0389,8.0000,1
1.588,OUTER_V,24.0000,0.0389,8.0000,1
1.589,OUTER_V,24.0000,0.0389,8.0000,1
1.590,OUTER_V,24.0000,0.0389,8.0000,1
1.591,OUTER_V,24.0000,0.0389,8.0000,1
1.592,OUTER_V,24.0000,0.0389,8.0000,1
1.593,OUTER_V,24.0000,0.0389,8.0000,1
1.594,OUTER_V,24.0000,0.0389,8.0000,1
1.595,OUTER_V,24.0000,0.0389,8.0000,1
1.596,OUTER_V,24.0000,0.0389,8.0000,1
1.597,OUTER_V,24.0000,0.0389,8.0000,1
1.598,OUTER_V,24.0000,0.0389,8.0000,1
1.599,OUTER_V,24.0000,0.0389,8.0000,1
1.600,OUTER_V,24.0000,0.0389,8.0000,1
1.601,OUTER_V,24.0000,0.0389,8.0000,1
1.602,OUTER_V,24.0000,0.0389,8.0000,1
1.603,OUTER_V,24.0000,0.0389,8.0000,1
1.604,OUTER_V,24.0000,0.0389,8.0000,1
1.605,OUTER_V,24.0000,0.0389,8.0000,1
1.606,OUTER_V,24.0000,0.0389,8.0000,1
1.607,OUTER_V,24.0000,0.0389,8.0000,1
1.608,OUTER_V,24.0000,0.0389,8.0000,1
1.609,OUTER_V,24.0000,0.0389,8.0000,1
1.610,OUTER_V,24.0000,0.0389,8.0000,1
1.611,OUTER_V,24.0000,0.0389,8.0000,1
1.612,OUTER_V,24.0000,0.0389,8.0000,1
1.613,OUTER_V,24.0000,0.0389,8.0000,1
1.614,OUTER_V,24.0000,0.0389,8.0000,1
1.615,OUTER_V,24.0000,0.0389,8.0000,1
1.616,OUTER_V,24.0000,0.0389,8.0000,1
1.617,OUTER_V,24.0000,0.0389,8.0000,1
1.618,OUTER_V,24.0000,0.0389,8.0000,1
1.619,OUTER_V,24.0000,0.0389,8.0000,1
1.620,OUTER_V,24.0000,0.0389,8.0000,1
1.621,OUTER_V,24.0000,0.0389,8.0000,1
1.622,OUTER_V,24.0000,0.0389,8.0000,1
1.623,OUTER_V,24.0000,0.0389,8.0000,1
1.624,OUTER_V,24.0000,0.0389,8.0000,1
1.625,OUTER_V,24.0000,0.0389,8.0000,1
1.626,OUTER_V,24.0000,0.0389,8.0000,1
1.627,OUTER_V,24.0000,0.0389,8.0000,1
1.628,OUTER_V,24.0000,0.0389,8.0000,1
1.629,OUTER_V,24.0000,0.0389,8.0000,1
1.630,OUTER_V,24.0000,0.0389,8.0000,1
1.631,OUTER_V,24.0000,0.0389,8.0000,1
1.632,OUTER_V,24.0000,0.0389,8.0000,1
1.633,OUTER_V,24.0000,0.0389,8.0000,1
1.634,OUTER_V,24.0000,0.0389,8.0000,1
1.635,OUTER_V,24.0000,0.0389,8.0000,1
1.636,OUTER_V,24.0000,0.0389,8.0000,1
1.637,OUTER_V,24.0000,0.0389,8.0000,1
1.638,OUTER_V,24.0000,0.0389,8.0000,1
1.639,OUTER_V,24.0000,0.0389,8.0000,1
1.640,OUTER_V,24.0000,0.0389,8.0000,1
1.641,OUTER_V,24.0000,0.0389,8.0000,1
1.642,OUTER_V,24.0000,0.0389,8.0000,1
1.643,OUTER_V,24.0000,0.0389,8.0000,1
1.644,OUTER_V,24.0000,0.0389,8.0000,1
1.645,OUTER_V,24.0000,0.0389,8.0000,1
1.646,OUTER_V,24.0000,0.0389,8.0000,1
1.647,OUTER_V,24.0000,0.0389,8.0000,1
1.648,OUTER_V,24.0000,0.0389,8.0000,1
1.649,OUTER_V,24.0000,0.0389,8.0000,1
1.650,OUTER_V,24.0000,0.0389,8.0000,1
1.651,OUTER_V,24.0000,0.0389,8.0000,1
1.652,OUTER_V,24.0000,0.0389,8.0000,1
1.653,OUTER_V,24.0000,0.0389,8.0000,1
1.654,OUTER_V,24.0000,0.0389,8.0000,1
1.655,OUTER_V,24.0000,0.0389,8.0000,1
1.656,OUTER_V,24.0000,0.0389,8.0000,1
1.657,OUTER_V,24.0000,0.0389,8.0000,1
1.658,OUTER_V,24.0000,0.0389,8.0000,1
1.659,OUTER_V,24.0000,0.0389,8.0000,1
1.660,OUTER_V,24.0000,0.0389,8.0000,1
1.661,OUTER_V,24.0000,0.0389,8.0000,1
1.662,OUTER_V,24.0000,0.0389,8.0000,1
1.663,OUTER_V,24.0000,0.0389,8.0000,1
1.664,OUTER_V,24.0000,0.0389,8.0000,1
1.665,OUTER_V,24.0000,0.0389,8.0000,1
1.666,OUTER_V,24.0000,0.0389,8.0000,1
1.667,OUTER_V,24.0000,0.0389,8.0000,1
1.668,OUTER_V,24.0000,0.0389,8.0000,1
1.669,OUTER_V,24.0000,0.0389,8.0000,1
1.670,OUTER_V,24.0000,0.0389,8.0000,1
1.671,OUTER_V,24.0000,0.0389,8.0000,1
1.672,OUTER_V,24.0000,0.0389,8.0000,1
1.673,OUTER_V,24.0000,0.0389,8.0000,1
1.674,OUTER_V,24.0000,0.0389,8.0000,1
1.675,OUTER_V,24.0000,0.0389,8.0000,1
1.676,OUTER_V,24.0000,0.0389,8.0000,1
1.677,OUTER_V,24.0000,0.0389,8.0000,1
1.678,OUTER_V,24.0000,0.0389,8.0000,1
1.679,OUTER_V,24.0000,0.0389,8.0000,1
1.680,OUTER_V,24.0000,0.0389,8.0000,1
1.681,OUTER_V,24.0000,0.0389,8.0000,1
1.682,OUTER_V,24.0000,0.0389,8.0000,1
1.683,OUTER_V,24.0000,0.0389,8.0000,1
1.684,OUTER_V,24.0000,0.0389,8.0000,1
1.685,OUTER_V,24.0000,0.0389,8.0000,1
1.686,OUTER_V,24.0000,0.0389,8.0000,1
1.687,OUTER_V,24.0000,0.0389,8.0000,1
1.688,OUTER_V,24.0000,0.0389,8.0000,1
1.689,OUTER_V,24.0000,0.0389,8.0000,1
1.690,OUTER_V,24.0000,0.0389,8.0000,1
1.691,OUTER_V,24.0000,0.0389,8.0000,1
1.692,OUTER_V,24.0000,0.0389,8.0000,1
1.693,OUTER_V,24.0000,0.0389,8.0000,1
1.694,OUTER_V,24.0000,0.0389,8.0000,1
1.695,OUTER_V,24.0000,0.0389,8.0000,1
1.696,OUTER_V,24.0000,0.0389,8.0000,1
1.697,OUTER_V,24.0000,0.0389,8.0000,1
1.698,OUTER_V,24.0000,0.0389,8.0000,1
1.699,OUTER_V,24.0000,0.0389,8.0000,1
1.700,OUTER_V,24.0000,0.0389,8.0000,1
1.701,OUTER_V,24.0000,0.0389,8.0000,1
1.702,OUTER_V,24.0000,0.0389,8.0000,1
1.703,OUTER_V,24.0000,0.0389,8.0000,1
1.704,OUTER_V,24.0000,0.0389,8.0000,1
1.705,OUTER_V,24.0000,0.0389,8.0000,1
1.706,OUTER_V,24.0000,0.0389,8.0000,1
1.707,OUTER_V,24.0000,0.0389,8.0000,1
1.708,OUTER_V,24.0000,0.0389,8.0000,1
1.709,OUTER_V,24.0000,0.0389,8.0000,1
1.710,OUTER_V,24.0000,0.0389,8.0000,1
1.711,OUTER_V,24.0000,0.0389,8.0000,1
1.712,OUTER_V,24.0000,0.0389,8.0000,1
1.713,OUTER_V,24.0000,0.0389,8.0000,1
1.714,OUTER_V,24.0000,0.0389,8.0000,1
1.715,OUTER_V,24.0000,0.0389,8.0000,1
1.716,OUTER_V,24.0000,0.0389,8.0000,1
1.717,OUTER_V,24.0000,0.0389,8.0000,1
1.718,OUTER_V,24.0000,0.0389,8.0000,1
1.719,OUTER_V,24.0000,0.0389,8.0000,1
1.720,OUTER_V,24.0000,0.0389,8.0000,1
1.721,OUTER_V,24.0000,0.0389,8.0000,1
1.722,OUTER_V,24.0000,0.0389,8.0000,1
1.723,OUTER_V,24.0000,0.0389,8.0000,1
1.724,OUTER_V,24.0000,0.0389,8.0000,1
1.725,OUTER_V,24.0000,0.0389,8.0000,1
1.726,OUTER_V,24.0000,0.0389,8.0000,1
1.727,OUTER_V,24.0000,0.0389,8.0000,1
1.728,OUTER_V,24.0000,0.0389,8.0000,1
1.729,OUTER_V,24.0000,0.0389,8.0000,1
1.730,OUTER_V,24.0000,0.0389,8.0000,1
1.731,OUTER_V,24.0000,0.0389,8.0000,1
1.732,OUTER_V,24.0000,0.0389,8.0000,1
1.733,OUTER_V,24.0000,0.0389,8.0000,1
1.734,OUTER_V,24.0000,0.0389,8.0000,1
1.735,OUTER_V,24.0000,0.0389,8.0000,1
1.736,OUTER_V,24.0000,0.0389,8.0000,1
1.737,OUTER_V,24.0000,0.0389,8.0000,1
1.738,OUTER_V,24.0000,0.0389,8.0000,1
1.739,OUTER_V,24.0000,0.0389,8.0000,1
1.740,OUTER_V,24.0000,0.0389,8.0000,1
1.741,OUTER_V,24.0000,0.0389,8.0000,1
1.742,OUTER_V,24.0000,0.0389,8.0000,1
1.743,OUTER_V,24.0000,0.0389,8.0000,1
1.744,OUTER_V,24.0000,0.0389,8.0000,1
1.745,OUTER_V,24.0000,0.0389,8.0000,1
1.746,OUTER_V,24.0000,0.0389,8.0000,1
1.747,OUTER_V,24.0000,0.0389,8.0000,1
1.748,OUTER_V,24.0000,0.0389,8.0000,1
1.749,OUTER_V,24.0000,0.0389,8.0000,1
1.750,OUTER_V,24.0000,0.0389,8.0000,1
1.751,OUTER_V,24.0000,0.0389,8.0000,1
1.752,OUTER_V,24.0000,0.0389,8.0000,1
1.753,OUTER_V,24.0000,0.0389,8.0000,1
1.754,OUTER_V,24.0000,0.0389,8.0000,1
1.755,OUTER_V,24.0000,0.0389,8.0000,1
1.756,OUTER_V,24.0000,0.0389,8.0000,1
1.757,OUTER_V,24.0000,0.0389,8.0000,1
1.758,OUTER_V,24.0000,0.0389,8.0000,1
1.759,OUTER_V,24.0000,0.0389,8.0000,1
1.760,OUTER_V,24.0000,0.0389,8.0000,1
1.761,OUTER_V,24.0000,0.0389,8.0000,1
1.762,OUTER_V,24.0000,0.0389,8.0000,1
1.763,OUTER_V,24.0000,0.0389,8.0000,1
1.764,OUTER_V,24.0000,0.0389,8.0000,1
1.765,OUTER_V,24.0000,0.0389,8.0000,1
1.766,OUTER_V,24.0000,0.0389,8.0000,1
1.767,OUTER_V,24.0000,0.0389,8.0000,1
1.768,OUTER_V,24.0000,0.0389,8.0000,1
1.769,OUTER_V,24.0000,0.0389,8.0000,1
1.770,OUTER_V,24.0000,0.0389,8.0000,1
1.771,OUTER_V,24.0000,0.0389,8.0000,1
1.772,OUTER_V,24.0000,0.0389,8.0000,1
1.773,OUTER_V,24.0000,0.0389,8.0000,1
1.774,OUTER_V,24.0000,0.0389,8.0000,1
1.775,OUTER_V,24.0000,0.0389,8.0000,1
1.776,OUTER_V,24.0000,0.0389,8.0000,1
1.777,OUTER_V,24.0000,0.0389,8.0000,1
1.778,OUTER_V,24.0000,0.0389,8.0000,1
1.779,OUTER_V,24.0000,0.0389,8.0000,1
1.780,OUTER_V,24.0000,0.0389,8.0000,1
1.781,OUTER_V,24.0000,0.0389,8.0000,1
1.782,OUTER_V,24.0000,0.0389,8.0000,1
1.783,OUTER_V,24.0000,0.0389,8.0000,1
1.784,OUTER_V,24.0000,0.0389,8.0000,1
1.785,OUTER_V,24.0000,0.0389,8.0000,1
1.786,OUTER_V,24.0000,0.0389,8.0000,1
1.787,OUTER_V,24.0000,0.0389,8.0000,1
1.788,OUTER_V,24.0000,0.0389,8.0000,1
1.789,OUTER_V,24.0000,0.0389,8.0000,1
1.790,OUTER_V,24.0000,0.0389,8.0000,1
1.791,OUTER_V,24.0000,0.0389,8.0000,1
1.792,OUTER_V,24.0000,0.0389,8.0000,1
1.793,OUTER_V,24.0000,0.0389,8.0000,1
1.794,OUTER_V,24.0000,0.0389,8.0000,1
1.795,OUTER_V,24.0000,0.0389,8.0000,1
1.796,OUTER_V,24.0000,0.0389,8.0000,1
1.797,OUTER_V,24.0000,0.0389,8.0000,1
1.798,OUTER_V,24.0000,0.0389,8.0000,1
1.799,OUTER_V,24.0000,0.0389,8.0000,1
1.800,OUTER_V,24.0000,0.0389,8.0000,1
1.801,OUTER_V,24.0000,0.0389,8.0000,1
1.802,OUTER_V,24.0000,0.0389,8.0000,1
1.803,OUTER_V,24.0000,0.0389,8.0000,1
1.804,OUTER_V,24.0000,0.0389,8.0000,1
1.805,OUTER_V,24.0000,0.0389,8.0000,1
1.806,OUTER_V,24.0000,0.0389,8.0000,1
1.807,OUTER_V,24.0000,0.0389,8.0000,1
1.808,OUTER_V,24.0000,0.0389,8.0000,1
1.809,OUTER_V,24.0000,0.0389,8.0000,1
1.810,OUTER_V,24.0000,0.0389,8.0000,1
1.811,OUTER_V,24.0000,0.0389,8.0000,1
1.812,OUTER_V,24.0000,0.0389,8.0000,1
1.813,OUTER_V,24.0000,0.0389,8.0000,1
1.814,OUTER_V,24.0000,0.0389,8.0000,1
1.815,OUTER_V,24.0000,0.0389,8.0000,1
1.816,OUTER_V,24.0000,0.0389,8.0000,1
1.817,OUTER_V,24.0000,0.0389,8.0000,1
1.818,OUTER_V,24.0000,0.0389,8.0000,1
1.819,OUTER_V,24.0000,0.0389,8.0000,1
1.820,OUTER_V,24.0000,0.0389,8.0000,1
1.821,OUTER_V,24.0000,0.0389,8.0000,1
1.822,OUTER_V,24.0000,0.0389,8.0000,1
1.823,OUTER_V,24.0000,0.0389,8.0000,1
1.824,OUTER_V,24.0000,0.0389,8.0000,1
1.825,OUTER_V,24.0000,0.0389,8.0000,1
1.826,OUTER_V,24.0000,0.0389,8.0000,1
1.827,OUTER_V,24.0000,0.0389,8.0000,1
1.828,OUTER_V,24.0000,0.0389,8.0000,1
1.829,OUTER_V,24.0000,0.0389,8.0000,1
1.830,OUTER_V,24.0000,0.0389,8.0000,1
1.831,OUTER_V,24.0000,0.0389,8.0000,1
1.832,OUTER_V,24.0000,0.0389,8.0000,1
1.833,OUTER_V,24.0000,0.0389,8.0000,1
1.834,OUTER_V,24.0000,0.0389,8.0000,1
1.835,OUTER_V,24.0000,0.0389,8.0000,1
1.836,OUTER_V,24.0000,0.0389,8.0000,1
1.837,OUTER_V,24.0000,0.0389,8.0000,1
1.838,OUTER_V,24.0000,0.0389,8.0000,1
1.839,OUTER_V,24.0000,0.0389,8.0000,1
1.840,OUTER_V,24.0000,0.0389,8.0000,1
1.841,OUTER_V,24.0000,0.0389,8.0000,1
1.842,OUTER_V,24.0000,0.0389,8.0000,1
1.843,OUTER_V,24.0000,0.0389,8.0000,1
1.844,OUTER_V,24.0000,0.0389,8.0000,1
1.845,OUTER_V,24.0000,0.0389,8.0000,1
1.846,OUTER_V,24.0000,0.0389,8.0000,1
1.847,OUTER_V,24.0000,0.0389,8.0000,1
1.848,OUTER_V,24.0000,0.0389,8.0000,1
1.849,OUTER_V,24.0000,0.0389,8.0000,1
1.850,OUTER_V,24.0000,0.0389,8.0000,1
1.851,OUTER_V,24.0000,0.0389,8.0000,1
1.852,OUTER_V,24.0000,0.0389,8.0000,1
1.853,OUTER_V,24.0000,0.0389,8.0000,1
1.854,OUTER_V,24.0000,0.0389,8.0000,1
1.855,OUTER_V,24.0000,0.0389,8.0000,1
1.856,OUTER_V,24.0000,0.0389,8.0000,1
1.857,OUTER_V,24.0000,0.0389,8.0000,1
1.858,OUTER_V,24.0000,0.0389,8.0000,1
1.859,OUTER_V,24.0000,0.0389,8.0000,1
1.860,OUTER_V,24.0000,0.0389,8.0000,1
1.861,OUTER_V,24.0000,0.0389,8.0000,1
1.862,OUTER_V,24.0000,0.0389,8.0000,1
1.863,OUTER_V,24.0000,0.0389,8.0000,1
1.864,OUTER_V,24.0000,0.0389,8.0000,1
1.865,OUTER_V,24.0000,0.0389,8.0000,1
1.866,OUTER_V,24.0000,0.0389,8.0000,1
1.867,OUTER_V,24.0000,0.0389,8.0000,1
1.868,OUTER_V,24.0000,0.0389,8.0000,1
1.869,OUTER_V,24.0000,0.0389,8.0000,1
1.870,OUTER_V,24.0000,0.0389,8.0000,1
1.871,OUTER_V,24.0000,0.0389,8.0000,1
1.872,OUTER_V,24.0000,0.0389,8.0000,1
1.873,OUTER_V,24.0000,0.0389,8.0000,1
1.874,OUTER_V,24.0000,0.0389,8.0000,1
1.875,OUTER_V,24.0000,0.0389,8.0000,1
1.876,OUTER_V,24.0000,0.0389,8.0000,1
1.877,OUTER_V,24.0000,0.0389,8.0000,1
1.878,OUTER_V,24.0000,0.0389,8.0000,1
1.879,OUTER_V,24.0000,0.0389,8.0000,1
1.880,OUTER_V,24.0000,0.0389,8.0000,1
1.881,OUTER_V,24.0000,0.0389,8.0000,1
1.882,OUTER_V,24.0000,0.0389,8.0000,1
1.883,OUTER_V,24.0000,0.0389,8.0000,1
1.884,OUTER_V,24.0000,0.0389,8.0000,1
1.885,OUTER_V,24.0000,0.0389,8.0000,1
1.886,OUTER_V,24.0000,0.0389,8.0000,1
1.887,OUTER_V,24.0000,0.0389,8.0000,1
1.888,OUTER_V,24.0000,0.0389,8.0000,1
1.889,OUTER_V,24.0000,0.0389,8.0000,1
1.890,OUTER_V,24.0000,0.0389,8.0000,1
1.891,OUTER_V,24.0000,0.0389,8.0000,1
1.892,OUTER_V,24.0000,0.0389,8.0000,1
1.893,OUTER_V,24.0000,0.0389,8.0000,1
1.894,OUTER_V,24.0000,0.0389,8.0000,1
1.895,OUTER_V,24.0000,0.0389,8.0000,1
1.896,OUTER_V,24.0000,0.0389,8.0000,1
1.897,OUTER_V,24.0000,0.0389,8.0000,1
1.898,OUTER_V,24.0000,0.0389,8.0000,1
1.899,OUTER_V,24.0000,0.0389,8.0000,1
1.900,OUTER_V,24.0000,0.0389,8.0000,1
1.901,OUTER_V,24.0000,0.0389,8.0000,1
1.902,OUTER_V,24.0000,0.0389,8.0000,1
1.903,OUTER_V,24.0000,0.0389,8.0000,1
1.904,OUTER_V,24.0000,0.0389,8.0000,1
1.905,OUTER_V,24.0000,0.0389,8.0000,1
1.906,OUTER_V,24.0000,0.0389,8.0000,1
1.907,OUTER_V,24.0000,0.0389,8.0000,1
1.908,OUTER_V,24.0000,0.0389,8.0000,1
1.909,OUTER_V,24.0000,0.0389,8.0000,1
1.910,OUTER_V,24.0000,0.0389,8.0000,1
1.911,OUTER_V,24.0000,0.0389,8.0000,1
1.912,OUTER_V,24.0000,0.0389,8.0000,1
1.913,OUTER_V,24.0000,0.0389,8.0000,1
1.914,OUTER_V,24.0000,0.0389,8.0000,1
1.915,OUTER_V,24.0000,0.0389,8.0000,1
1.916,OUTER_V,24.0000,0.0389,8.0000,1
1.917,OUTER_V,24.0000,0.0389,8.0000,1
1.918,OUTER_V,24.0000,0.0389,8.0000,1
1.919,OUTER_V,24.0000,0.0389,8.0000,1
1.920,OUTER_V,24.0000,0.0389,8.0000,1
1.921,OUTER_V,24.0000,0.0389,8.0000,1
1.922,OUTER_V,24.0000,0.0389,8.0000,1
1.923,OUTER_V,24.0000,0.0389,8.0000,1
1.924,OUTER_V,24.0000,0.0389,8.0000,1
1.925,OUTER_V,24.0000,0.0389,8.0000,1
1.926,OUTER_V,24.0000,0.0389,8.0000,1
1.927,OUTER_V,24.0000,0.0389,8.0000,1
1.928,OUTER_V,24.0000,0.0389,8.0000,1
1.929,OUTER_V,24.0000,0.0389,8.0000,1
1.930,OUTER_V,24.0000,0.0389,8.0000,1
1.931,OUTER_V,24.0000,0.0389,8.0000,1
1.932,OUTER_V,24.0000,0.0389,8.0000,1
1.933,OUTER_V,24.0000,0.0389,8.0000,1
1.934,OUTER_V,24.0000,0.0389,8.0000,1
1.935,OUTER_V,24.0000,0.0389,8.0000,1
1.936,OUTER_V,24.0000,0.0389,8.0000,1
1.937,OUTER_V,24.0000,0.0389,8.0000,1
1.938,OUTER_V,24.0000,0.0389,8.0000,1
1.939,OUTER_V,24.0000,0.0389,8.0000,1
1.940,OUTER_V,24.0000,0.0389,8.0000,1
1.941,OUTER_V,24.0000,0.0389,8.0000,1
1.942,OUTER_V,24.0000,0.0389,8.0000,1
1.943,OUTER_V,24.0000,0.0389,8.0000,1
1.944,OUTER_V,24.0000,0.0389,8.0000,1
1.945,OUTER_V,24.0000,0.0389,8.0000,1
1.946,OUTER_V,24.0000,0.0389,8.0000,1
1.947,OUTER_V,24.0000,0.0389,8.0000,1
1.948,OUTER_V,24.0000,0.0389,8.0000,1
1.949,OUTER_V,24.0000,0.0389,8.0000,1
1.950,OUTER_V,24.0000,0.0389,8.0000,1
1.951,OUTER_V,24.0000,0.0389,8.0000,1
1.952,OUTER_V,24.0000,0.0389,8.0000,1
1.953,OUTER_V,24.0000,0.0389,8.0000,1
1.954,OUTER_V,24.0000,0.0389,8.0000,1
1.955,OUTER_V,24.0000,0.0389,8.0000,1
1.956,OUTER_V,24.0000,0.0389,8.0000,1
1.957,OUTER_V,24.0000,0.0389,8.0000,1
1.958,OUTER_V,24.0000,0.0389,8.0000,1
1.959,OUTER_V,24.0000,0.0389,8.0000,1
1.960,OUTER_V,24.0000,0.0389,8.0000,1
1.961,OUTER_V,24.0000,0.0389,8.0000,1
1.962,OUTER_V,24.0000,0.0389,8.0000,1
1.963,OUTER_V,24.0000,0.0389,8.0000,1
1.964,OUTER_V,24.0000,0.0389,8.0000,1
1.965,OUTER_V,24.0000,0.0389,8.0000,1
1.966,OUTER_V,24.0000,0.0389,8.0000,1
1.967,OUTER_V,24.0000,0.0389,8.0000,1
1.968,OUTER_V,24.0000,0.0389,8.0000,1
1.969,OUTER_V,24.0000,0.0389,8.0000,1
1.970,OUTER_V,24.0000,0.0389,8.0000,1
1.971,OUTER_V,24.0000,0.0389,8.0000,1
1.972,OUTER_V,24.0000,0.0389,8.0000,1
1.973,OUTER_V,24.0000,0.0389,8.0000,1
1.974,OUTER_V,24.0000,0.0389,8.0000,1
1.975,OUTER_V,24.0000,0.0389,8.0000,1
1.976,OUTER_V,24.0000,0.0389,8.0000,1
1.977,OUTER_V,24.0000,0.0389,8.0000,1
1.978,OUTER_V,24.0000,0.0389,8.0000,1
1.979,OUTER_V,24.0000,0.0389,8.0000,1
1.980,OUTER_V,24.0000,0.0389,8.0000,1
1.981,OUTER_V,24.0000,0.0389,8.0000,1
1.982,OUTER_V,24.0000,0.0389,8.0000,1
1.983,OUTER_V,24.0000,0.0389,8.0000,1
1.984,OUTER_V,24.0000,0.0389,8.0000,1
1.985,OUTER_V,24.0000,0.0389,8.0000,1
1.986,OUTER_V,24.0000,0.0389,8.0000,1
1.987,OUTER_V,24.0000,0.0389,8.0000,1
1.988,OUTER_V,24.0000,0.0389,8.0000,1
1.989,OUTER_V,24.0000,0.0389,8.0000,1
1.990,OUTER_V,24.0000,0.0389,8.0000,1
1.991,OUTER_V,24.0000,0.0389,8.0000,1
1.992,OUTER_V,24.0000,0.0389,8.0000,1
1.993,OUTER_V,24.0000,0.0389,8.0000,1
1.994,OUTER_V,24.0000,0.0389,8.0000,1
1.995,OUTER_V,24.0000,0.0389,8.0000,1
1.996,OUTER_V,24.0000,0.0389,8.0000,1
1.997,OUTER_V,24.0000,0.0389,8.0000,1
1.998,OUTER_V,24.0000,0.0389,8.0000,1
1.999,OUTER_V,24.0000,0.0389,8.0000,1
2.000,OUTER_V,24.0000,0.0389,8.0000,1
2.001,OUTER_V,24.0000,0.0389,8.0000,1
2.002,OUTER_V,24.0000,0.0389,8.0000,1
2.003,OUTER_V,24.0000,0.0389,8.0000,1
2.004,OUTER_V,24.0000,0.0389,8.0000,1
2.005,OUTER_V,24.0000,0.0389,8.0000,1
2.006,OUTER_V,24.0000,0.0389,8.0000,1
2.007,OUTER_V,24.0000,0.0389,8.0000,1
2.008,OUTER_V,24.0000,0.0389,8.0000,1
2.009,OUTER_V,24.0000,0.0389,8.0000,1
2.010,OUTER_V,24.0000,0.0389,8.0000,1
2.011,OUTER_V,24.0000,0.0389,8.0000,1
2.012,OUTER_V,24.0000,0.0389,8.0000,1
2.013,OUTER_V,24.0000,0.0389,8.0000,1
2.014,OUTER_V,24.0000,0.0389,8.0000,1
2.015,OUTER_V,24.0000,0.0389,8.0000,1
2.016,OUTER_V,24.0000,0.0389,8.0000,1
2.017,OUTER_V,24.0000,0.0389,8.0000,1
2.018,OUTER_V,24.0000,0.0389,8.0000,1
2.019,OUTER_V,24.0000,0.0389,8.0000,1
2.020,OUTER_V,24.0000,0.0389,8.0000,1
2.021,OUTER_V,24.0000,0.0389,8.0000,1
2.022,OUTER_V,24.0000,0.0389,8.0000,1
2.023,OUTER_V,24.0000,0.0389,8.0000,1
2.024,OUTER_V,24.0000,0.0389,8.0000,1
2.025,OUTER_V,24.0000,0.0389,8.0000,1
2.026,OUTER_V,24.0000,0.0389,8.0000,1
2.027,OUTER_V,24.0000,0.0389,8.0000,1
2.028,OUTER_V,24.0000,0.0389,8.0000,1
2.029,OUTER_V,24.0000,0.0389,8.0000,1
2.030,OUTER_V,24.0000,0.0389,8.0000,1
2.031,OUTER_V,24.0000,0.0389,8.0000,1
2.032,OUTER_V,24.0000,0.0389,8.0000,1
2.033,OUTER_V,24.0000,0.0389,8.0000,1
2.034,OUTER_V,24.0000,0.0389,8.0000,1
2.035,OUTER_V,24.0000,0.0389,8.0000,1
2.036,OUTER_V,24.0000,0.0389,8.0000,1
2.037,OUTER_V,24.0000,0.0389,8.0000,1
2.038,OUTER_V,24.0000,0.0389,8.0000,1
2.039,OUTER_V,24.0000,0.0389,8.0000,1
2.040,OUTER_V,24.0000,0.0389,8.0000,1
2.041,OUTER_V,24.0000,0.0389,8.0000,1
2.042,OUTER_V,24.0000,0.0389,8.0000,1
2.043,OUTER_V,24.0000,0.0389,8.0000,1
2.044,OUTER_V,24.0000,0.0389,8.0000,1
2.045,OUTER_V,24.0000,0.0389,8.0000,1
2.046,OUTER_V,24.0000,0.0389,8.0000,1
2.047,OUTER_V,24.0000,0.0389,8.0000,1
2.048,OUTER_V,24.0000,0.0389,8.0000,1
2.049,OUTER_V,24.0000,0.0389,8.0000,1
2.050,OUTER_V,24.0000,0.0389,8.0000,1
2.051,OUTER_V,24.0000,0.0389,8.0000,1
2.052,OUTER_V,24.0000,0.0389,8.0000,1
2.053,OUTER_V,24.0000,0.0389,8.0000,1
2.054,OUTER_V,24.0000,0.0389,8.0000,1
2.055,OUTER_V,24.0000,0.0389,8.0000,1
2.056,OUTER_V,24.0000,0.0389,8.0000,1
2.057,OUTER_V,24.0000,0.0389,8.0000,1
2.058,OUTER_V,24.0000,0.0389,8.0000,1
2.059,OUTER_V,24.0000,0.0389,8.0000,1
2.060,OUTER_V,24.0000,0.0389,8.0000,1
2.061,OUTER_V,24.0000,0.0389,8.0000,1
2.062,OUTER_V,24.0000,0.0389,8.0000,1
2.063,OUTER_V,24.0000,0.0389,8.0000,1
2.064,OUTER_V,24.0000,0.0389,8.0000,1
2.065,OUTER_V,24.0000,0.0389,8.0000,1
2.066,OUTER_V,24.0000,0.0389,8.0000,1
2.067,OUTER_V,24.0000,0.0389,8.0000,1
2.068,OUTER_V,24.0000,0.0389,8.0000,1
2.069,OUTER_V,24.0000,0.0389,8.0000,1
2.070,OUTER_V,24.0000,0.0389,8.0000,1
2.071,OUTER_V,24.0000,0.0389,8.0000,1
2.072,OUTER_V,24.0000,0.0389,8.0000,1
2.073,OUTER_V,24.0000,0.0389,8.0000,1
2.074,OUTER_V,24.0000,0.0389,8.0000,1
2.075,OUTER_V,24.0000,0.0389,8.0000,1
2.076,OUTER_V,24.0000,0.0389,8.0000,1
2.077,OUTER_V,24.0000,0.0389,8.0000,1
2.078,OUTER_V,24.0000,0.0389,8.0000,1
2.079,OUTER_V,24.0000,0.0389,8.0000,1
2.080,OUTER_V,24.0000,0.0389,8.0000,1
2.081,OUTER_V,24.0000,0.0389,8.0000,1
2.082,OUTER_V,24.0000,0.0389,8.0000,1
2.083,OUTER_V,24.0000,0.0389,8.0000,1
2.084,OUTER_V,24.0000,0.0389,8.0000,1
2.085,OUTER_V,24.0000,0.0389,8.0000,1
2.086,OUTER_V,24.0000,0.0389,8.0000,1
2.087,OUTER_V,24.0000,0.0389,8.0000,1
2.088,OUTER_V,24.0000,0.0389,8.0000,1
2.089,OUTER_V,24.0000,0.0389,8.0000,1
2.090,OUTER_V,24.0000,0.0389,8.0000,1
2.091,OUTER_V,24.0000,0.0389,8.0000,1
2.092,OUTER_V,24.0000,0.0389,8.0000,1
2.093,OUTER_V,24.0000,0.0389,8.0000,1
2.094,OUTER_V,24.0000,0.0389,8.0000,1
2.095,OUTER_V,24.0000,0.0389,8.0000,1
2.096,OUTER_V,24.0000,0.0389,8.0000,1
2.097,OUTER_V,24.0000,0.0389,8.0000,1
2.098,OUTER_V,24.0000,0.0389,8.0000,1
2.099,OUTER_V,24.0000,0.0389,8.0000,1
2.100,OUTER_V,24.0000,0.0389,8.0000,1
2.101,OUTER_V,24.0000,0.0389,8.0000,1
2.102,OUTER_V,24.0000,0.0389,8.0000,1
2.103,OUTER_V,24.0000,0.0389,8.0000,1
2.104,OUTER_V,24.0000,0.0389,8.0000,1
2.105,OUTER_V,24.0000,0.0389,8.0000,1
2.106,OUTER_V,24.0000,0.0389,8.0000,1
2.107,OUTER_V,24.0000,0.0389,8.0000,1
2.108,OUTER_V,24.0000,0.0389,8.0000,1
2.109,OUTER_V,24.0000,0.0389,8.0000,1
2.110,OUTER_V,24.0000,0.0389,8.0000,1
2.111,OUTER_V,24.0000,0.0389,8.0000,1
2.112,OUTER_V,24.0000,0.0389,8.0000,1
2.113,OUTER_V,24.0000,0.0389,8.0000,1
2.114,OUTER_V,24.0000,0.0389,8.0000,1
2.115,OUTER_V,24.0000,0.0389,8.0000,1
2.116,OUTER_V,24.0000,0.0389,8.0000,1
2.117,OUTER_V,24.0000,0.0389,8.0000,1
2.118,OUTER_V,24.0000,0.0389,8.0000,1
2.119,OUTER_V,24.0000,0.0389,8.0000,1
2.120,OUTER_V,24.0000,0.0389,8.0000,1
2.121,OUTER_V,24.0000,0.0389,8.0000,1
2.122,OUTER_V,24.0000,0.0389,8.0000,1
2.123,OUTER_V,24.0000,0.0389,8.0000,1
2.124,OUTER_V,24.0000,0.0389,8.0000,1
2.125,OUTER_V,24.0000,0.0389,8.0000,1
2.126,OUTER_V,24.0000,0.0389,8.0000,1
2.127,OUTER_V,24.0000,0.0389,8.0000,1
2.128,OUTER_V,24.0000,0.0389,8.0000,1
2.129,OUTER_V,24.0000,0.0389,8.0000,1
2.130,OUTER_V,24.0000,0.0389,8.0000,1
2.131,OUTER_V,24.0000,0.0389,8.0000,1
2.132,OUTER_V,24.0000,0.0389,8.0000,1
2.133,OUTER_V,24.0000,0.0389,8.0000,1
2.134,OUTER_V,24.0000,0.0389,8.0000,1
2.135,OUTER_V,24.0000,0.0389,8.0000,1
2.136,OUTER_V,24.0000,0.0389,8.0000,1
2.137,OUTER_V,24.0000,0.0389,8.0000,1
2.138,OUTER_V,24.0000,0.0389,8.0000,1
2.139,OUTER_V,24.0000,0.0389,8.0000,1
2.140,OUTER_V,24.0000,0.0389,8.0000,1
2.141,OUTER_V,24.0000,0.0389,8.0000,1
2.142,OUTER_V,24.0000,0.0389,8.0000,1
2.143,OUTER_V,24.0000,0.0389,8.0000,1
2.144,OUTER_V,24.0000,0.0389,8.0000,1
2.145,OUTER_V,24.0000,0.0389,8.0000,1
2.146,OUTER_V,24.0000,0.0389,8.0000,1
2.147,OUTER_V,24.0000,0.0389,8.0000,1
2.148,OUTER_V,24.0000,0.0389,8.0000,1
2.149,OUTER_V,24.0000,0.0389,8.0000,1
2.150,OUTER_V,24.0000,0.0389,8.0000,1
2.151,OUTER_V,24.0000,0.0389,8.0000,1
2.152,OUTER_V,24.0000,0.0389,8.0000,1
2.153,OUTER_V,24.0000,0.0389,8.0000,1
2.154,OUTER_V,24.0000,0.0389,8.0000,1
2.155,OUTER_V,24.0000,0.0389,8.0000,1
2.156,OUTER_V,24.0000,0.0389,8.0000,1
2.157,OUTER_V,24.0000,0.0389,8.0000,1
2.158,OUTER_V,24.0000,0.0389,8.0000,1
2.159,OUTER_V,24.0000,0.0389,8.0000,1
2.160,OUTER_V,24.0000,0.0389,8.0000,1
2.161,OUTER_V,24.0000,0.0389,8.0000,1
2.162,OUTER_V,24.0000,0.0389,8.0000,1
2.163,OUTER_V,24.0000,0.0389,8.0000,1
2.164,OUTER_V,24.0000,0.0389,8.0000,1
2.165,OUTER_V,24.0000,0.0389,8.0000,1
2.166,OUTER_V,24.0000,0.0389,8.0000,1
2.167,OUTER_V,24.0000,0.0389,8.0000,1
2.168,OUTER_V,24.0000,0.0389,8.0000,1
2.169,OUTER_V,24.0000,0.0389,8.0000,1
2.170,OUTER_V,24.0000,0.0389,8.0000,1
2.171,OUTER_V,24.0000,0.0389,8.0000,1
2.172,OUTER_V,24.0000,0.0389,8.0000,1
2.173,OUTER_V,24.0000,0.0389,8.0000,1
2.174,OUTER_V,24.0000,0.0389,8.0000,1
2.175,OUTER_V,24.0000,0.0389,8.0000,1
2.176,OUTER_V,24.0000,0.0389,8.0000,1
2.177,OUTER_V,24.0000,0.0389,8.0000,1
2.178,OUTER_V,24.0000,0.0389,8.0000,1
2.179,OUTER_V,24.0000,0.0389,8.0000,1
2.180,OUTER_V,24.0000,0.0389,8.0000,1
2.181,OUTER_V,24.0000,0.0389,8.0000,1
2.182,OUTER_V,24.0000,0.0389,8.0000,1
2.183,OUTER_V,24.0000,0.0389,8.0000,1
2.184,OUTER_V,24.0000,0.0389,8.0000,1
2.185,OUTER_V,24.0000,0.0389,8.0000,1
2.186,OUTER_V,24.0000,0.0389,8.0000,1
2.187,OUTER_V,24.0000,0.0389,8.0000,1
2.188,OUTER_V,24.0000,0.0389,8.0000,1
2.189,OUTER_V,24.0000,0.0389,8.0000,1
2.190,OUTER_V,24.0000,0.0389,8.0000,1
2.191,OUTER_V,24.0000,0.0389,8.0000,1
2.192,OUTER_V,24.0000,0.0389,8.0000,1
2.193,OUTER_V,24.0000,0.0389,8.0000,1
2.194,OUTER_V,24.0000,0.0389,8.0000,1
2.195,OUTER_V,24.0000,0.0389,8.0000,1
2.196,OUTER_V,24.0000,0.0389,8.0000,1
2.197,OUTER_V,24.0000,0.0389,8.0000,1
2.198,OUTER_V,24.0000,0.0389,8.0000,1
2.199,OUTER_V,24.0000,0.0389,8.0000,1
2.200,OUTER_V,24.0000,0.0389,8.0000,1
2.201,OUTER_V,24.0000,0.0389,8.0000,1
2.202,OUTER_V,24.0000,0.0389,8.0000,1
2.203,OUTER_V,24.0000,0.0389,8.0000,1
2.204,OUTER_V,24.0000,0.0389,8.0000,1
2.205,OUTER_V,24.0000,0.0389,8.0000,1
2.206,OUTER_V,24.0000,0.0389,8.0000,1
2.207,OUTER_V,24.0000,0.0389,8.0000,1
2.208,OUTER_V,24.0000,0.0389,8.0000,1
2.209,OUTER_V,24.0000,0.0389,8.0000,1
2.210,OUTER_V,24.0000,0.0389,8.0000,1
2.211,OUTER_V,24.0000,0.0389,8.0000,1
2.212,OUTER_V,24.0000,0.0389,8.0000,1
2.213,OUTER_V,24.0000,0.0389,8.0000,1
2.214,OUTER_V,24.0000,0.0389,8.0000,1
2.215,OUTER_V,24.0000,0.0389,8.0000,1
2.216,OUTER_V,24.0000,0.0389,8.0000,1
2.217,OUTER_V,24.0000,0.0389,8.0000,1
2.218,OUTER_V,24.0000,0.0389,8.0000,1
2.219,OUTER_V,24.0000,0.0389,8.0000,1
2.220,OUTER_V,24.0000,0.0389,8.0000,1
2.221,OUTER_V,24.0000,0.0389,8.0000,1
2.222,OUTER_V,24.0000,0.0389,8.0000,1
2.223,OUTER_V,24.0000,0.0389,8.0000,1
2.224,OUTER_V,24.0000,0.0389,8.0000,1
2.225,OUTER_V,24.0000,0.0389,8.0000,1
2.226,OUTER_V,24.0000,0.0389,8.0000,1
2.227,OUTER_V,24.0000,0.0389,8.0000,1
2.228,OUTER_V,24.0000,0.0389,8.0000,1
2.229,OUTER_V,24.0000,0.0389,8.0000,1
2.230,OUTER_V,24.0000,0.0389,8.0000,1
2.231,OUTER_V,24.0000,0.0389,8.0000,1
2.232,OUTER_V,24.0000,0.0389,8.0000,1
2.233,OUTER_V,24.0000,0.0389,8.0000,1
2.234,OUTER_V,24.0000,0.0389,8.0000,1
2.235,OUTER_V,24.0000,0.0389,8.0000,1
2.236,OUTER_V,24.0000,0.0389,8.0000,1
2.237,OUTER_V,24.0000,0.0389,8.0000,1
2.238,OUTER_V,24.0000,0.0389,8.0000,1
2.239,OUTER_V,24.0000,0.0389,8.0000,1
2.240,OUTER_V,24.0000,0.0389,8.0000,1
2.241,OUTER_V,24.0000,0.0389,8.0000,1
2.242,OUTER_V,24.0000,0.0389,8.0000,1
2.243,OUTER_V,24.0000,0.0389,8.0000,1
2.244,OUTER_V,24.0000,0.0389,8.0000,1
2.245,OUTER_V,24.0000,0.0389,8.0000,1
2.246,OUTER_V,24.0000,0.0389,8.0000,1
2.247,OUTER_V,24.0000,0.0389,8.0000,1
2.248,OUTER_V,24.0000,0.0389,8.0000,1
2.249,OUTER_V,24.0000,0.0389,8.0000,1
2.250,OUTER_V,24.0000,0.0389,8.0000,1
2.251,OUTER_V,24.0000,0.0389,8.0000,1
2.252,OUTER_V,24.0000,0.0389,8.0000,1
2.253,OUTER_V,24.0000,0.0389,8.0000,1
2.254,OUTER_V,24.0000,0.0389,8.0000,1
2.255,OUTER_V,24.0000,0.0389,8.0000,1
2.256,OUTER_V,24.0000,0.0389,8.0000,1
2.257,OUTER_V,24.0000,0.0389,8.0000,1
2.258,OUTER_V,24.0000,0.0389,8.0000,1
2.259,OUTER_V,24.0000,0.0389,8.0000,1
2.260,OUTER_V,24.0000,0.0389,8.0000,1
2.261,OUTER_V,24.0000,0.0389,8.0000,1
2.262,OUTER_V,24.0000,0.0389,8.0000,1
2.263,OUTER_V,24.0000,0.0389,8.0000,1
2.264,OUTER_V,24.0000,0.0389,8.0000,1
2.265,OUTER_V,24.0000,0.0389,8.0000,1
2.266,OUTER_V,24.0000,0.0389,8.0000,1
2.267,OUTER_V,24.0000,0.0389,8.0000,1
2.268,OUTER_V,24.0000,0.0389,8.0000,1
2.269,OUTER_V,24.0000,0.0389,8.0000,1
2.270,OUTER_V,24.0000,0.0389,8.0000,1
2.271,OUTER_V,24.0000,0.0389,8.0000,1
2.272,OUTER_V,24.0000,0.0389,8.0000,1
2.273,OUTER_V,24.0000,0.0389,8.0000,1
2.274,OUTER_V,24.0000,0.0389,8.0000,1
2.275,OUTER_V,24.0000,0.0389,8.0000,1
2.276,OUTER_V,24.0000,0.0389,8.0000,1
2.277,OUTER_V,24.0000,0.0389,8.0000,1
2.278,OUTER_V,24.0000,0.0389,8.0000,1
2.279,OUTER_V,24.0000,0.0389,8.0000,1
2.280,OUTER_V,24.0000,0.0389,8.0000,1
2.281,OUTER_V,24.0000,0.0389,8.0000,1
2.282,OUTER_V,24.0000,0.0389,8.0000,1
2.283,OUTER_V,24.0000,0.0389,8.0000,1
2.284,OUTER_V,24.0000,0.0389,8.0000,1
2.285,OUTER_V,24.0000,0.0389,8.0000,1
2.286,OUTER_V,24.0000,0.0389,8.0000,1
2.287,OUTER_V,24.0000,0.0389,8.0000,1
2.288,OUTER_V,24.0000,0.0389,8.0000,1
2.289,OUTER_V,24.0000,0.0389,8.0000,1
2.290,OUTER_V,24.0000,0.0389,8.0000,1
2.291,OUTER_V,24.0000,0.0389,8.0000,1
2.292,OUTER_V,24.0000,0.0389,8.0000,1
2.293,OUTER_V,24.0000,0.0389,8.0000,1
2.294,OUTER_V,24.0000,0.0389,8.0000,1
2.295,OUTER_V,24.0000,0.0389,8.0000,1
2.296,OUTER_V,24.0000,0.0389,8.0000,1
2.297,OUTER_V,24.0000,0.0389,8.0000,1
2.298,OUTER_V,24.0000,0.0389,8.0000,1
2.299,OUTER_V,24.0000,0.0389,8.0000,1
2.300,OUTER_V,24.0000,0.0389,8.0000,1
2.301,OUTER_V,24.0000,0.0389,8.0000,1
2.302,OUTER_V,24.0000,0.0389,8.0000,1
2.303,OUTER_V,24.0000,0.0389,8.0000,1
2.304,OUTER_V,24.0000,0.0389,8.0000,1
2.305,OUTER_V,24.0000,0.0389,8.0000,1
2.306,OUTER_V,24.0000,0.0389,8.0000,1
2.307,OUTER_V,24.0000,0.0389,8.0000,1
2.308,OUTER_V,24.0000,0.0389,8.0000,1
2.309,OUTER_V,24.0000,0.0389,8.0000,1
2.310,OUTER_V,24.0000,0.0389,8.0000,1
2.311,OUTER_V,24.0000,0.0389,8.0000,1
2.312,OUTER_V,24.0000,0.0389,8.0000,1
2.313,OUTER_V,24.0000,0.0389,8.0000,1
2.314,OUTER_V,24.0000,0.0389,8.0000,1
2.315,OUTER_V,24.0000,0.0389,8.0000,1
2.316,OUTER_V,24.0000,0.0389,8.0000,1
2.317,OUTER_V,24.0000,0.0389,8.0000,1
2.318,OUTER_V,24.0000,0.0389,8.0000,1
2.319,OUTER_V,24.0000,0.0389,8.0000,1
2.320,OUTER_V,24.0000,0.0389,8.0000,1
2.321,OUTER_V,24.0000,0.0389,8.0000,1
2.322,OUTER_V,24.0000,0.0389,8.0000,1
2.323,OUTER_V,24.0000,0.0389,8.0000,1
2.324,OUTER_V,24.0000,0.0389,8.0000,1
2.325,OUTER_V,24.0000,0.0389,8.0000,1
2.326,OUTER_V,24.0000,0.0389,8.0000,1
2.327,OUTER_V,24.0000,0.0389,8.0000,1
2.328,OUTER_V,24.0000,0.0389,8.0000,1
2.329,OUTER_V,24.0000,0.0389,8.0000,1
2.330,OUTER_V,24.0000,0.0389,8.0000,1
2.331,OUTER_V,24.0000,0.0389,8.0000,1
2.332,OUTER_V,24.0000,0.0389,8.0000,1
2.333,OUTER_V,24.0000,0.0389,8.0000,1
2.334,OUTER_V,24.0000,0.0389,8.0000,1
2.335,OUTER_V,24.0000,0.0389,8.0000,1
2.336,OUTER_V,24.0000,0.0389,8.0000,1
2.337,OUTER_V,24.0000,0.0389,8.0000,1
2.338,OUTER_V,24.0000,0.0389,8.0000,1
2.339,OUTER_V,24.0000,0.0389,8.0000,1
2.340,OUTER_V,24.0000,0.0389,8.0000,1
2.341,OUTER_V,24.0000,0.0389,8.0000,1
2.342,OUTER_V,24.0000,0.0389,8.0000,1
2.343,OUTER_V,24.0000,0.0389,8.0000,1
2.344,OUTER_V,24.0000,0.0389,8.0000,1
2.345,OUTER_V,24.0000,0.0389,8.0000,1
2.346,OUTER_V,24.0000,0.0389,8.0000,1
2.347,OUTER_V,24.0000,0.0389,8.0000,1
2.348,OUTER_V,24.0000,0.0389,8.0000,1
2.349,OUTER_V,24.0000,0.0389,8.0000,1
2.350,OUTER_V,24.0000,0.0389,8.0000,1
2.351,OUTER_V,24.0000,0.0389,8.0000,1
2.352,OUTER_V,24.0000,0.0389,8.0000,1
2.353,OUTER_V,24.0000,0.0389,8.0000,1
2.354,OUTER_V,24.0000,0.0389,8.0000,1
2.355,OUTER_V,24.0000,0.0389,8.0000,1
2.356,OUTER_V,24.0000,0.0389,8.0000,1
2.357,OUTER_V,24.0000,0.0389,8.0000,1
2.358,OUTER_V,24.0000,0.0389,8.0000,1
2.359,OUTER_V,24.0000,0.0389,8.0000,1
2.360,OUTER_V,24.0000,0.0389,8.0000,1
2.361,OUTER_V,24.0000,0.0389,8.0000,1
2.362,OUTER_V,24.0000,0.0389,8.0000,1
2.363,OUTER_V,24.0000,0.0389,8.0000,1
2.364,OUTER_V,24.0000,0.0389,8.0000,1
2.365,OUTER_V,24.0000,0.0389,8.0000,1
2.366,OUTER_V,24.0000,0.0389,8.0000,1
2.367,OUTER_V,24.0000,0.0389,8.0000,1
2.368,OUTER_V,24.0000,0.0389,8.0000,1
2.369,OUTER_V,24.0000,0.0389,8.0000,1
2.370,OUTER_V,24.0000,0.0389,8.0000,1
2.371,OUTER_V,24.0000,0.0389,8.0000,1
2.372,OUTER_V,24.0000,0.0389,8.0000,1
2.373,OUTER_V,24.0000,0.0389,8.0000,1
2.374,OUTER_V,24.0000,0.0389,8.0000,1
2.375,OUTER_V,24.0000,0.0389,8.0000,1
2.376,OUTER_V,24.0000,0.0389,8.0000,1
2.377,OUTER_V,24.0000,0.0389,8.0000,1
2.378,OUTER_V,24.0000,0.0389,8.0000,1
2.379,OUTER_V,24.0000,0.0389,8.0000,1
2.380,OUTER_V,24.0000,0.0389,8.0000,1
2.381,OUTER_V,24.0000,0.0389,8.0000,1
2.382,OUTER_V,24.0000,0.0389,8.0000,1
2.383,OUTER_V,24.0000,0.0389,8.0000,1
2.384,OUTER_V,24.0000,0.0389,8.0000,1
2.385,OUTER_V,24.0000,0.0389,8.0000,1
2.386,OUTER_V,24.0000,0.0389,8.0000,1
2.387,OUTER_V,24.0000,0.0389,8.0000,1
2.388,OUTER_V,24.0000,0.0389,8.0000,1
2.389,OUTER_V,24.0000,0.0389,8.0000,1
2.390,OUTER_V,24.0000,0.0389,8.0000,1
2.391,OUTER_V,24.0000,0.0389,8.0000,1
2.392,OUTER_V,24.0000,0.0389,8.0000,1
2.393,OUTER_V,24.0000,0.0389,8.0000,1
2.394,OUTER_V,24.0000,0.0389,8.0000,1
2.395,OUTER_V,24.0000,0.0389,8.0000,1
2.396,OUTER_V,24.0000,0.0389,8.0000,1
2.397,OUTER_V,24.0000,0.0389,8.0000,1
2.398,OUTER_V,24.0000,0.0389,8.0000,1
2.399,OUTER_V,24.0000,0.0389,8.0000,1
2.400,OUTER_V,24.0000,0.0389,8.0000,1
2.401,OUTER_V,24.0000,0.0389,8.0000,1
2.402,OUTER_V,24.0000,0.0389,8.0000,1
2.403,OUTER_V,24.0000,0.0389,8.0000,1
2.404,OUTER_V,24.0000,0.0389,8.0000,1
2.405,OUTER_V,24.0000,0.0389,8.0000,1
2.406,OUTER_V,24.0000,0.0389,8.0000,1
2.407,OUTER_V,24.0000,0.0389,8.0000,1
2.408,OUTER_V,24.0000,0.0389,8.0000,1
2.409,OUTER_V,24.0000,0.0389,8.0000,1
2.410,OUTER_V,24.0000,0.0389,8.0000,1
2.411,OUTER_V,24.0000,0.0389,8.0000,1
2.412,OUTER_V,24.0000,0.0389,8.0000,1
2.413,OUTER_V,24.0000,0.0389,8.0000,1
2.414,OUTER_V,24.0000,0.0389,8.0000,1
2.415,OUTER_V,24.0000,0.0389,8.0000,1
2.416,OUTER_V,24.0000,0.0389,8.0000,1
2.417,OUTER_V,24.0000,0.0389,8.0000,1
2.418,OUTER_V,24.0000,0.0389,8.0000,1
2.419,OUTER_V,24.0000,0.0389,8.0000,1
2.420,OUTER_V,24.0000,0.0389,8.0000,1
2.421,OUTER_V,24.0000,0.0389,8.0000,1
2.422,OUTER_V,24.0000,0.0389,8.0000,1
2.423,OUTER_V,24.0000,0.0389,8.0000,1
2.424,OUTER_V,24.0000,0.0389,8.0000,1
2.425,OUTER_V,24.0000,0.0389,8.0000,1
2.426,OUTER_V,24.0000,0.0389,8.0000,1
2.427,OUTER_V,24.0000,0.0389,8.0000,1
2.428,OUTER_V,24.0000,0.0389,8.0000,1
2.429,OUTER_V,24.0000,0.0389,8.0000,1
2.430,OUTER_V,24.0000,0.0389,8.0000,1
2.431,OUTER_V,24.0000,0.0389,8.0000,1
2.432,OUTER_V,24.0000,0.0389,8.0000,1
2.433,OUTER_V,24.0000,0.0389,8.0000,1
2.434,OUTER_V,24.0000,0.0389,8.0000,1
2.435,OUTER_V,24.0000,0.0389,8.0000,1
2.436,OUTER_V,24.0000,0.0389,8.0000,1
2.437,OUTER_V,24.0000,0.0389,8.0000,1
2.438,OUTER_V,24.0000,0.0389,8.0000,1
2.439,OUTER_V,24.0000,0.0389,8.0000,1
2.440,OUTER_V,24.0000,0.0389,8.0000,1
2.441,OUTER_V,24.0000,0.0389,8.0000,1
2.442,OUTER_V,24.0000,0.0389,8.0000,1
2.443,OUTER_V,24.0000,0.0389,8.0000,1
2.444,OUTER_V,24.0000,0.0389,8.0000,1
2.445,OUTER_V,24.0000,0.0389,8.0000,1
2.446,OUTER_V,24.0000,0.0389,8.0000,1
2.447,OUTER_V,24.0000,0.0389,8.0000,1
2.448,OUTER_V,24.0000,0.0389,8.0000,1
2.449,OUTER_V,24.0000,0.0389,8.0000,1
2.450,OUTER_V,24.0000,0.0389,8.0000,1
2.451,OUTER_V,24.0000,0.0389,8.0000,1
2.452,OUTER_V,24.0000,0.0389,8.0000,1
2.453,OUTER_V,24.0000,0.0389,8.0000,1
2.454,OUTER_V,24.0000,0.0389,8.0000,1
2.455,OUTER_V,24.0000,0.0389,8.0000,1
2.456,OUTER_V,24.0000,0.0389,8.0000,1
2.457,OUTER_V,24.0000,0.0389,8.0000,1
2.458,OUTER_V,24.0000,0.0389,8.0000,1
2.459,OUTER_V,24.0000,0.0389,8.0000,1
2.460,OUTER_V,24.0000,0.0389,8.0000,1
2.461,OUTER_V,24.0000,0.0389,8.0000,1
2.462,OUTER_V,24.0000,0.0389,8.0000,1
2.463,OUTER_V,24.0000,0.0389,8.0000,1
2.464,OUTER_V,24.0000,0.0389,8.0000,1
2.465,OUTER_V,24.0000,0.0389,8.0000,1
2.466,OUTER_V,24.0000,0.0389,8.0000,1
2.467,OUTER_V,24.0000,0.0389,8.0000,1
2.468,OUTER_V,24.0000,0.0389,8.0000,1
2.469,OUTER_V,24.0000,0.0389,8.0000,1
2.470,OUTER_V,24.0000,0.0389,8.0000,1
2.471,OUTER_V,24.0000,0.0389,8.0000,1
2.472,OUTER_V,24.0000,0.0389,8.0000,1
2.473,OUTER_V,24.0000,0.0389,8.0000,1
2.474,OUTER_V,24.0000,0.0389,8.0000,1
2.475,OUTER_V,24.0000,0.0389,8.0000,1
2.476,OUTER_V,24.0000,0.0389,8.0000,1
2.477,OUTER_V,24.0000,0.0389,8.0000,1
2.478,OUTER_V,24.0000,0.0389,8.0000,1
2.479,OUTER_V,24.0000,0.0389,8.0000,1
2.480,OUTER_V,24.0000,0.0389,8.0000,1
2.481,OUTER_V,24.0000,0.0389,8.0000,1
2.482,OUTER_V,24.0000,0.0389,8.0000,1
2.483,OUTER_V,24.0000,0.0389,8.0000,1
2.484,OUTER_V,24.0000,0.0389,8.0000,1
2.485,OUTER_V,24.0000,0.0389,8.0000,1
2.486,OUTER_V,24.0000,0.0389,8.0000,1
2.487,OUTER_V,24.0000,0.0389,8.0000,1
2.488,OUTER_V,24.0000,0.0389,8.0000,1
2.489,OUTER_V,24.0000,0.0389,8.0000,1
2.490,OUTER_V,24.0000,0.0389,8.0000,1
2.491,OUTER_V,24.0000,0.0389,8.0000,1
2.492,OUTER_V,24.0000,0.0389,8.0000,1
2.493,OUTER_V,24.0000,0.0389,8.0000,1
2.494,OUTER_V,24.0000,0.0389,8.0000,1
2.495,OUTER_V,24.0000,0.0389,8.0000,1
2.496,OUTER_V,24.0000,0.0389,8.0000,1
2.497,OUTER_V,24.0000,0.0389,8.0000,1
2.498,OUTER_V,24.0000,0.0389,8.0000,1
2.499,OUTER_V,24.0000,0.0389,8.0000,1
2.500,OUTER_V,24.0000,0.0389,8.0000,1
2.501,OUTER_V,24.0000,0.0389,8.0000,1
2.502,OUTER_V,24.0000,0.0389,8.0000,1
2.503,OUTER_V,24.0000,0.0389,8.0000,1
2.504,OUTER_V,24.0000,0.0389,8.0000,1
2.505,OUTER_V,24.0000,0.0389,8.0000,1
2.506,OUTER_V,24.0000,0.0389,8.0000,1
2.507,OUTER_V,24.0000,0.0389,8.0000,1
2.508,OUTER_V,24.0000,0.0389,8.0000,1
2.509,OUTER_V,24.0000,0.0389,8.0000,1
2.510,OUTER_V,24.0000,0.0389,8.0000,1
2.511,OUTER_V,24.0000,0.0389,8.0000,1
2.512,OUTER_V,24.0000,0.0389,8.0000,1
2.513,OUTER_V,24.0000,0.0389,8.0000,1
2.514,OUTER_V,24.0000,0.0389,8.0000,1
2.515,OUTER_V,24.0000,0.0389,8.0000,1
2.516,OUTER_V,24.0000,0.0389,8.0000,1
2.517,OUTER_V,24.0000,0.0389,8.0000,1
2.518,OUTER_V,24.0000,0.0389,8.0000,1
2.519,OUTER_V,24.0000,0.0389,8.0000,1
2.520,OUTER_V,24.0000,0.0389,8.0000,1
2.521,OUTER_V,24.0000,0.0389,8.0000,1
2.522,OUTER_V,24.0000,0.0389,8.0000,1
2.523,OUTER_V,24.0000,0.0389,8.0000,1
2.524,OUTER_V,24.0000,0.0389,8.0000,1
2.525,OUTER_V,24.0000,0.0389,8.0000,1
2.526,OUTER_V,24.0000,0.0389,8.0000,1
2.527,OUTER_V,24.0000,0.0389,8.0000,1
2.528,OUTER_V,24.0000,0.0389,8.0000,1
2.529,OUTER_V,24.0000,0.0389,8.0000,1
2.530,OUTER_V,24.0000,0.0389,8.0000,1
2.531,OUTER_V,24.0000,0.0389,8.0000,1
2.532,OUTER_V,24.0000,0.0389,8.0000,1
2.533,OUTER_V,24.0000,0.0389,8.0000,1
2.534,OUTER_V,24.0000,0.0389,8.0000,1
2.535,OUTER_V,24.0000,0.0389,8.0000,1
2.536,OUTER_V,24.0000,0.0389,8.0000,1
2.537,OUTER_V,24.0000,0.0389,8.0000,1
2.538,OUTER_V,24.0000,0.0389,8.0000,1
2.539,OUTER_V,24.0000,0.0389,8.0000,1
2.540,OUTER_V,24.0000,0.0389,8.0000,1
2.541,OUTER_V,24.0000,0.0389,8.0000,1
2.542,OUTER_V,24.0000,0.0389,8.0000,1
2.543,OUTER_V,24.0000,0.0389,8.0000,1
2.544,OUTER_V,24.0000,0.0389,8.0000,1
2.545,OUTER_V,24.0000,0.0389,8.0000,1
2.546,OUTER_V,24.0000,0.0389,8.0000,1
2.547,OUTER_V,24.0000,0.0389,8.0000,1
2.548,OUTER_V,24.0000,0.0389,8.0000,1
2.549,OUTER_V,24.0000,0.0389,8.0000,1
2.550,OUTER_V,24.0000,0.0389,8.0000,1
2.551,OUTER_V,24.0000,0.0389,8.0000,1
2.552,OUTER_V,24.0000,0.0389,8.0000,1
2.553,OUTER_V,24.0000,0.0389,8.0000,1
2.554,OUTER_V,24.0000,0.0389,8.0000,1
2.555,OUTER_V,24.0000,0.0389,8.0000,1
2.556,OUTER_V,24.0000,0.0389,8.0000,1
2.557,OUTER_V,24.0000,0.0389,8.0000,1
2.558,OUTER_V,24.0000,0.0389,8.0000,1
2.559,OUTER_V,24.0000,0.0389,8.0000,1
2.560,OUTER_V,24.0000,0.0389,8.0000,1
2.561,OUTER_V,24.0000,0.0389,8.0000,1
2.562,OUTER_V,24.0000,0.0389,8.0000,1
2.563,OUTER_V,24.0000,0.0389,8.0000,1
2.564,OUTER_V,24.0000,0.0389,8.0000,1
2.565,OUTER_V,24.0000,0.0389,8.0000,1
2.566,OUTER_V,24.0000,0.0389,8.0000,1
2.567,OUTER_V,24.0000,0.0389,8.0000,1
2.568,OUTER_V,24.0000,0.0389,8.0000,1
2.569,OUTER_V,24.0000,0.0389,8.0000,1
2.570,OUTER_V,24.0000,0.0389,8.0000,1
2.571,OUTER_V,24.0000,0.0389,8.0000,1
2.572,OUTER_V,24.0000,0.0389,8.0000,1
2.573,OUTER_V,24.0000,0.0389,8.0000,1
2.574,OUTER_V,24.0000,0.0389,8.0000,1
2.575,OUTER_V,24.0000,0.0389,8.0000,1
2.576,OUTER_V,24.0000,0.0389,8.0000,1
2.577,OUTER_V,24.0000,0.0389,8.0000,1
2.578,OUTER_V,24.0000,0.0389,8.0000,1
2.579,OUTER_V,24.0000,0.0389,8.0000,1
2.580,OUTER_V,24.0000,0.0389,8.0000,1
2.581,OUTER_V,24.0000,0.0389,8.0000,1
2.582,OUTER_V,24.0000,0.0389,8.0000,1
2.583,OUTER_V,24.0000,0.0389,8.0000,1
2.584,OUTER_V,24.0000,0.0389,8.0000,1
2.585,OUTER_V,24.0000,0.0389,8.0000,1
2.586,OUTER_V,24.0000,0.0389,8.0000,1
2.587,OUTER_V,24.0000,0.0389,8.0000,1
2.588,OUTER_V,24.0000,0.0389,8.0000,1
2.589,OUTER_V,24.0000,0.0389,8.0000,1
2.590,OUTER_V,24.0000,0.0389,8.0000,1
2.591,OUTER_V,24.0000,0.0389,8.0000,1
2.592,OUTER_V,24.0000,0.0389,8.0000,1
2.593,OUTER_V,24.0000,0.0389,8.0000,1
2.594,OUTER_V,24.0000,0.0389,8.0000,1
2.595,OUTER_V,24.0000,0.0389,8.0000,1
2.596,OUTER_V,24.0000,0.0389,8.0000,1
2.597,OUTER_V,24.0000,0.0389,8.0000,1
2.598,OUTER_V,24.0000,0.0389,8.0000,1
2.599,OUTER_V,24.0000,0.0389,8.0000,1
2.600,OUTER_V,24.0000,0.0389,8.0000,1
2.601,OUTER_V,24.0000,0.0389,8.0000,1
2.602,OUTER_V,24.0000,0.0389,8.0000,1
2.603,OUTER_V,24.0000,0.0389,8.0000,1
2.604,OUTER_V,24.0000,0.0389,8.0000,1
2.605,OUTER_V,24.0000,0.0389,8.0000,1
2.606,OUTER_V,24.0000,0.0389,8.0000,1
2.607,OUTER_V,24.0000,0.0389,8.0000,1
2.608,OUTER_V,24.0000,0.0389,8.0000,1
2.609,OUTER_V,24.0000,0.0389,8.0000,1
2.610,OUTER_V,24.0000,0.0389,8.0000,1
2.611,OUTER_V,24.0000,0.0389,8.0000,1
2.612,OUTER_V,24.0000,0.0389,8.0000,1
2.613,OUTER_V,24.0000,0.0389,8.0000,1
2.614,OUTER_V,24.0000,0.0389,8.0000,1
2.615,OUTER_V,24.0000,0.0389,8.0000,1
2.616,OUTER_V,24.0000,0.0389,8.0000,1
2.617,OUTER_V,24.0000,0.0389,8.0000,1
2.618,OUTER_V,24.0000,0.0389,8.0000,1
2.619,OUTER_V,24.0000,0.0389,8.0000,1
2.620,OUTER_V,24.0000,0.0389,8.0000,1
2.621,OUTER_V,24.0000,0.0389,8.0000,1
2.622,OUTER_V,24.0000,0.0389,8.0000,1
2.623,OUTER_V,24.0000,0.0389,8.0000,1
2.624,OUTER_V,24.0000,0.0389,8.0000,1
2.625,OUTER_V,24.0000,0.0389,8.0000,1
2.626,OUTER_V,24.0000,0.0389,8.0000,1
2.627,OUTER_V,24.0000,0.0389,8.0000,1
2.628,OUTER_V,24.0000,0.0389,8.0000,1
2.629,OUTER_V,24.0000,0.0389,8.0000,1
2.630,OUTER_V,24.0000,0.0389,8.0000,1
2.631,OUTER_V,24.0000,0.0389,8.0000,1
2.632,OUTER_V,24.0000,0.0389,8.0000,1
2.633,OUTER_V,24.0000,0.0389,8.0000,1
2.634,OUTER_V,24.0000,0.0389,8.0000,1
2.635,OUTER_V,24.0000,0.0389,8.0000,1
2.636,OUTER_V,24.0000,0.0389,8.0000,1
2.637,OUTER_V,24.0000,0.0389,8.0000,1
2.638,OUTER_V,24.0000,0.0389,8.0000,1
2.639,OUTER_V,24.0000,0.0389,8.0000,1
2.640,OUTER_V,24.0000,0.0389,8.0000,1
2.641,OUTER_V,24.0000,0.0389,8.0000,1
2.642,OUTER_V,24.0000,0.0389,8.0000,1
2.643,OUTER_V,24.0000,0.0389,8.0000,1
2.644,OUTER_V,24.0000,0.0389,8.0000,1
2.645,OUTER_V,24.0000,0.0389,8.0000,1
2.646,OUTER_V,24.0000,0.0389,8.0000,1
2.647,OUTER_V,24.0000,0.0389,8.0000,1
2.648,OUTER_V,24.0000,0.0389,8.0000,1
2.649,OUTER_V,24.0000,0.0389,8.0000,1
2.650,OUTER_V,24.0000,0.0389,8.0000,1
2.651,OUTER_V,24.0000,0.0389,8.0000,1
2.652,OUTER_V,24.0000,0.0389,8.0000,1
2.653,OUTER_V,24.0000,0.0389,8.0000,1
2.654,OUTER_V,24.0000,0.0389,8.0000,1
2.655,OUTER_V,24.0000,0.0389,8.0000,1
2.656,OUTER_V,24.0000,0.0389,8.0000,1
2.657,OUTER_V,24.0000,0.0389,8.0000,1
2.658,OUTER_V,24.0000,0.0389,8.0000,1
2.659,OUTER_V,24.0000,0.0389,8.0000,1
2.660,OUTER_V,24.0000,0.0389,8.0000,1
2.661,OUTER_V,24.0000,0.0389,8.0000,1
2.662,OUTER_V,24.0000,0.0389,8.0000,1
2.663,OUTER_V,24.0000,0.0389,8.0000,1
2.664,OUTER_V,24.0000,0.0389,8.0000,1
2.665,OUTER_V,24.0000,0.0389,8.0000,1
2.666,OUTER_V,24.0000,0.0389,8.0000,1
2.667,OUTER_V,24.0000,0.0389,8.0000,1
2.668,OUTER_V,24.0000,0.0389,8.0000,1
2.669,OUTER_V,24.0000,0.0389,8.0000,1
2.670,OUTER_V,24.0000,0.0389,8.0000,1
2.671,OUTER_V,24.0000,0.0389,8.0000,1
2.672,OUTER_V,24.0000,0.0389,8.0000,1
2.673,OUTER_V,24.0000,0.0389,8.0000,1
2.674,OUTER_V,24.0000,0.0389,8.0000,1
2.675,OUTER_V,24.0000,0.0389,8.0000,1
2.676,OUTER_V,24.0000,0.0389,8.0000,1
2.677,OUTER_V,24.0000,0.0389,8.0000,1
2.678,OUTER_V,24.0000,0.0389,8.0000,1
2.679,OUTER_V,24.0000,0.0389,8.0000,1
2.680,OUTER_V,24.0000,0.0389,8.0000,1
2.681,OUTER_V,24.0000,0.0389,8.0000,1
2.682,OUTER_V,24.0000,0.0389,8.0000,1
2.683,OUTER_V,24.0000,0.0389,8.0000,1
2.684,OUTER_V,24.0000,0.0389,8.0000,1
2.685,OUTER_V,24.0000,0.0389,8.0000,1
2.686,OUTER_V,24.0000,0.0389,8.0000,1
2.687,OUTER_V,24.0000,0.0389,8.0000,1
2.688,OUTER_V,24.0000,0.0389,8.0000,1
2.689,OUTER_V,24.0000,0.0389,8.0000,1
2.690,OUTER_V,24.0000,0.0389,8.0000,1
2.691,OUTER_V,24.0000,0.0389,8.0000,1
2.692,OUTER_V,24.0000,0.0389,8.0000,1
2.693,OUTER_V,24.0000,0.0389,8.0000,1
2.694,OUTER_V,24.0000,0.0389,8.0000,1
2.695,OUTER_V,24.0000,0.0389,8.0000,1
2.696,OUTER_V,24.0000,0.0389,8.0000,1
2.697,OUTER_V,24.0000,0.0389,8.0000,1
2.698,OUTER_V,24.0000,0.0389,8.0000,1
2.699,OUTER_V,24.0000,0.0389,8.0000,1
2.700,OUTER_V,24.0000,0.0389,8.0000,1
2.701,OUTER_V,24.0000,0.0389,8.0000,1
2.702,OUTER_V,24.0000,0.0389,8.0000,1
2.703,OUTER_V,24.0000,0.0389,8.0000,1
2.704,OUTER_V,24.0000,0.0389,8.0000,1
2.705,OUTER_V,24.0000,0.0389,8.0000,1
2.706,OUTER_V,24.0000,0.0389,8.0000,1
2.707,OUTER_V,24.0000,0.0389,8.0000,1
2.708,OUTER_V,24.0000,0.0389,8.0000,1
2.709,OUTER_V,24.0000,0.0389,8.0000,1
2.710,OUTER_V,24.0000,0.0389,8.0000,1
2.711,OUTER_V,24.0000,0.0389,8.0000,1
2.712,OUTER_V,24.0000,0.0389,8.0000,1
2.713,OUTER_V,24.0000,0.0389,8.0000,1
2.714,OUTER_V,24.0000,0.0389,8.0000,1
2.715,OUTER_V,24.0000,0.0389,8.0000,1
2.716,OUTER_V,24.0000,0.0389,8.0000,1
2.717,OUTER_V,24.0000,0.0389,8.0000,1
2.718,OUTER_V,24.0000,0.0389,8.0000,1
2.719,OUTER_V,24.0000,0.0389,8.0000,1
2.720,OUTER_V,24.0000,0.0389,8.0000,1
2.721,OUTER_V,24.0000,0.0389,8.0000,1
2.722,OUTER_V,24.0000,0.0389,8.0000,1
2.723,OUTER_V,24.0000,0.0389,8.0000,1
2.724,OUTER_V,24.0000,0.0389,8.0000,1
2.725,OUTER_V,24.0000,0.0389,8.0000,1
2.726,OUTER_V,24.0000,0.0389,8.0000,1
2.727,OUTER_V,24.0000,0.0389,8.0000,1
2.728,OUTER_V,24.0000,0.0389,8.0000,1
2.729,OUTER_V,24.0000,0.0389,8.0000,1
2.730,OUTER_V,24.0000,0.0389,8.0000,1
2.731,OUTER_V,24.0000,0.0389,8.0000,1
2.732,OUTER_V,24.0000,0.0389,8.0000,1
2.733,OUTER_V,24.0000,0.0389,8.0000,1
2.734,OUTER_V,24.0000,0.0389,8.0000,1
2.735,OUTER_V,24.0000,0.0389,8.0000,1
2.736,OUTER_V,24.0000,0.0389,8.0000,1
2.737,OUTER_V,24.0000,0.0389,8.0000,1
2.738,OUTER_V,24.0000,0.0389,8.0000,1
2.739,OUTER_V,24.0000,0.0389,8.0000,1
2.740,OUTER_V,24.0000,0.0389,8.0000,1
2.741,OUTER_V,24.0000,0.0389,8.0000,1
2.742,OUTER_V,24.0000,0.0389,8.0000,1
2.743,OUTER_V,24.0000,0.0389,8.0000,1
2.744,OUTER_V,24.0000,0.0389,8.0000,1
2.745,OUTER_V,24.0000,0.0389,8.0000,1
2.746,OUTER_V,24.0000,0.0389,8.0000,1
2.747,OUTER_V,24.0000,0.0389,8.0000,1
2.748,OUTER_V,24.0000,0.0389,8.0000,1
2.749,OUTER_V,24.0000,0.0389,8.0000,1
2.750,OUTER_V,24.0000,0.0389,8.0000,1
2.751,OUTER_V,24.0000,0.0389,8.0000,1
2.752,OUTER_V,24.0000,0.0389,8.0000,1
2.753,OUTER_V,24.0000,0.0389,8.0000,1
2.754,OUTER_V,24.0000,0.0389,8.0000,1
2.755,OUTER_V,24.0000,0.0389,8.0000,1
2.756,OUTER_V,24.0000,0.0389,8.0000,1
2.757,OUTER_V,24.0000,0.0389,8.0000,1
2.758,OUTER_V,24.0000,0.0389,8.0000,1
2.759,OUTER_V,24.0000,0.0389,8.0000,1
2.760,OUTER_V,24.0000,0.0389,8.0000,1
2.761,OUTER_V,24.0000,0.0389,8.0000,1
2.762,OUTER_V,24.0000,0.0389,8.0000,1
2.763,OUTER_V,24.0000,0.0389,8.0000,1
2.764,OUTER_V,24.0000,0.0389,8.0000,1
2.765,OUTER_V,24.0000,0.0389,8.0000,1
2.766,OUTER_V,24.0000,0.0389,8.0000,1
2.767,OUTER_V,24.0000,0.0389,8.0000,1
2.768,OUTER_V,24.0000,0.0389,8.0000,1
2.769,OUTER_V,24.0000,0.0389,8.0000,1
2.770,OUTER_V,24.0000,0.0389,8.0000,1
2.771,OUTER_V,24.0000,0.0389,8.0000,1
2.772,OUTER_V,24.0000,0.0389,8.0000,1
2.773,OUTER_V,24.0000,0.0389,8.0000,1
2.774,OUTER_V,24.0000,0.0389,8.0000,1
2.775,OUTER_V,24.0000,0.0389,8.0000,1
2.776,OUTER_V,24.0000,0.0389,8.0000,1
2.777,OUTER_V,24.0000,0.0389,8.0000,1
2.778,OUTER_V,24.0000,0.0389,8.0000,1
2.779,OUTER_V,24.0000,0.0389,8.0000,1
2.780,OUTER_V,24.0000,0.0389,8.0000,1
2.781,OUTER_V,24.0000,0.0389,8.0000,1
2.782,OUTER_V,24.0000,0.0389,8.0000,1
2.783,OUTER_V,24.0000,0.0389,8.0000,1
2.784,OUTER_V,24.0000,0.0389,8.0000,1
2.785,OUTER_V,24.0000,0.0389,8.0000,1
2.786,OUTER_V,24.0000,0.0389,8.0000,1
2.787,OUTER_V,24.0000,0.0389,8.0000,1
2.788,OUTER_V,24.0000,0.0389,8.0000,1
2.789,OUTER_V,24.0000,0.0389,8.0000,1
2.790,OUTER_V,24.0000,0.0389,8.0000,1
2.791,OUTER_V,24.0000,0.0389,8.0000,1
2.792,OUTER_V,24.0000,0.0389,8.0000,1
2.793,OUTER_V,24.0000,0.0389,8.0000,1
2.794,OUTER_V,24.0000,0.0389,8.0000,1
2.795,OUTER_V,24.0000,0.0389,8.0000,1
2.796,OUTER_V,24.0000,0.0389,8.0000,1
2.797,OUTER_V,24.0000,0.0389,8.0000,1
2.798,OUTER_V,24.0000,0.0389,8.0000,1
2.799,OUTER_V,24.0000,0.0389,8.0000,1
2.800,OUTER_V,24.0000,0.0389,8.0000,1
2.801,OUTER_V,24.0000,0.0389,8.0000,1
2.802,OUTER_V,24.0000,0.0389,8.0000,1
2.803,OUTER_V,24.0000,0.0389,8.0000,1
2.804,OUTER_V,24.0000,0.0389,8.0000,1
2.805,OUTER_V,24.0000,0.0389,8.0000,1
2.806,OUTER_V,24.0000,0.0389,8.0000,1
2.807,OUTER_V,24.0000,0.0389,8.0000,1
2.808,OUTER_V,24.0000,0.0389,8.0000,1
2.809,OUTER_V,24.0000,0.0389,8.0000,1
2.810,OUTER_V,24.0000,0.0389,8.0000,1
2.811,OUTER_V,24.0000,0.0389,8.0000,1
2.812,OUTER_V,24.0000,0.0389,8.0000,1
2.813,OUTER_V,24.0000,0.0389,8.0000,1
2.814,OUTER_V,24.0000,0.0389,8.0000,1
2.815,OUTER_V,24.0000,0.0389,8.0000,1
2.816,OUTER_V,24.0000,0.0389,8.0000,1
2.817,OUTER_V,24.0000,0.0389,8.0000,1
2.818,OUTER_V,24.0000,0.0389,8.0000,1
2.819,OUTER_V,24.0000,0.0389,8.0000,1
2.820,OUTER_V,24.0000,0.0389,8.0000,1
2.821,OUTER_V,24.0000,0.0389,8.0000,1
2.822,OUTER_V,24.0000,0.0389,8.0000,1
2.823,OUTER_V,24.0000,0.0389,8.0000,1
2.824,OUTER_V,24.0000,0.0389,8.0000,1
2.825,OUTER_V,24.0000,0.0389,8.0000,1
2.826,OUTER_V,24.0000,0.0389,8.0000,1
2.827,OUTER_V,24.0000,0.0389,8.0000,1
2.828,OUTER_V,24.0000,0.0389,8.0000,1
2.829,OUTER_V,24.0000,0.0389,8.0000,1
2.830,OUTER_V,24.0000,0.0389,8.0000,1
2.831,OUTER_V,24.0000,0.0389,8.0000,1
2.832,OUTER_V,24.0000,0.0389,8.0000,1
2.833,OUTER_V,24.0000,0.0389,8.0000,1
2.834,OUTER_V,24.0000,0.0389,8.0000,1
2.835,OUTER_V,24.0000,0.0389,8.0000,1
2.836,OUTER_V,24.0000,0.0389,8.0000,1
2.837,OUTER_V,24.0000,0.0389,8.0000,1
2.838,OUTER_V,24.0000,0.0389,8.0000,1
2.839,OUTER_V,24.0000,0.0389,8.0000,1
2.840,OUTER_V,24.0000,0.0389,8.0000,1
2.841,OUTER_V,24.0000,0.0389,8.0000,1
2.842,OUTER_V,24.0000,0.0389,8.0000,1
2.843,OUTER_V,24.0000,0.0389,8.0000,1
2.844,OUTER_V,24.0000,0.0389,8.0000,1
2.845,OUTER_V,24.0000,0.0389,8.0000,1
2.846,OUTER_V,24.0000,0.0389,8.0000,1
2.847,OUTER_V,24.0000,0.0389,8.0000,1
2.848,OUTER_V,24.0000,0.0389,8.0000,1
2.849,OUTER_V,24.0000,0.0389,8.0000,1
2.850,OUTER_V,24.0000,0.0389,8.0000,1
2.851,OUTER_V,24.0000,0.0389,8.0000,1
2.852,OUTER_V,24.0000,0.0389,8.0000,1
2.853,OUTER_V,24.0000,0.0389,8.0000,1
2.854,OUTER_V,24.0000,0.0389,8.0000,1
2.855,OUTER_V,24.0000,0.0389,8.0000,1
2.856,OUTER_V,24.0000,0.0389,8.0000,1
2.857,OUTER_V,24.0000,0.0389,8.0000,1
2.858,OUTER_V,24.0000,0.0389,8.0000,1
2.859,OUTER_V,24.0000,0.0389,8.0000,1
2.860,OUTER_V,24.0000,0.0389,8.0000,1
2.861,OUTER_V,24.0000,0.0389,8.0000,1
2.862,OUTER_V,24.0000,0.0389,8.0000,1
2.863,OUTER_V,24.0000,0.0389,8.0000,1
2.864,OUTER_V,24.0000,0.0389,8.0000,1
2.865,OUTER_V,24.0000,0.0389,8.0000,1
2.866,OUTER_V,24.0000,0.0389,8.0000,1
2.867,OUTER_V,24.0000,0.0389,8.0000,1
2.868,OUTER_V,24.0000,0.0389,8.0000,1
2.869,OUTER_V,24.0000,0.0389,8.0000,1
2.870,OUTER_V,24.0000,0.0389,8.0000,1
2.871,OUTER_V,24.0000,0.0389,8.0000,1
2.872,OUTER_V,24.0000,0.0389,8.0000,1
2.873,OUTER_V,24.0000,0.0389,8.0000,1
2.874,OUTER_V,24.0000,0.0389,8.0000,1
2.875,OUTER_V,24.0000,0.0389,8.0000,1
2.876,OUTER_V,24.0000,0.0389,8.0000,1
2.877,OUTER_V,24.0000,0.0389,8.0000,1
2.878,OUTER_V,24.0000,0.0389,8.0000,1
2.879,OUTER_V,24.0000,0.0389,8.0000,1
2.880,OUTER_V,24.0000,0.0389,8.0000,1
2.881,OUTER_V,24.0000,0.0389,8.0000,1
2.882,OUTER_V,24.0000,0.0389,8.0000,1
2.883,OUTER_V,24.0000,0.0389,8.0000,1
2.884,OUTER_V,24.0000,0.0389,8.0000,1
2.885,OUTER_V,24.0000,0.0389,8.0000,1
2.886,OUTER_V,24.0000,0.0389,8.0000,1
2.887,OUTER_V,24.0000,0.0389,8.0000,1
2.888,OUTER_V,24.0000,0.0389,8.0000,1
2.889,OUTER_V,24.0000,0.0389,8.0000,1
2.890,OUTER_V,24.0000,0.0389,8.0000,1
2.891,OUTER_V,24.0000,0.0389,8.0000,1
2.892,OUTER_V,24.0000,0.0389,8.0000,1
2.893,OUTER_V,24.0000,0.0389,8.0000,1
2.894,OUTER_V,24.0000,0.0389,8.0000,1
2.895,OUTER_V,24.0000,0.0389,8.0000,1
2.896,OUTER_V,24.0000,0.0389,8.0000,1
2.897,OUTER_V,24.0000,0.0389,8.0000,1
2.898,OUTER_V,24.0000,0.0389,8.0000,1
2.899,OUTER_V,24.0000,0.0389,8.0000,1
2.900,OUTER_V,24.0000,0.0389,8.0000,1
2.901,OUTER_V,24.0000,0.0389,8.0000,1
2.902,OUTER_V,24.0000,0.0389,8.0000,1
2.903,OUTER_V,24.0000,0.0389,8.0000,1
2.904,OUTER_V,24.0000,0.0389,8.0000,1
2.905,OUTER_V,24.0000,0.0389,8.0000,1
2.906,OUTER_V,24.0000,0.0389,8.0000,1
2.907,OUTER_V,24.0000,0.0389,8.0000,1
2.908,OUTER_V,24.0000,0.0389,8.0000,1
2.909,OUTER_V,24.0000,0.0389,8.0000,1
2.910,OUTER_V,24.0000,0.0389,8.0000,1
2.911,OUTER_V,24.0000,0.0389,8.0000,1
2.912,OUTER_V,24.0000,0.0389,8.0000,1
2.913,OUTER_V,24.0000,0.0389,8.0000,1
2.914,OUTER_V,24.0000,0.0389,8.0000,1
2.915,OUTER_V,24.0000,0.0389,8.0000,1
2.916,OUTER_V,24.0000,0.0389,8.0000,1
2.917,OUTER_V,24.0000,0.0389,8.0000,1
2.918,OUTER_V,24.0000,0.0389,8.0000,1
2.919,OUTER_V,24.0000,0.0389,8.0000,1
2.920,OUTER_V,24.0000,0.0389,8.0000,1
2.921,OUTER_V,24.0000,0.0389,8.0000,1
2.922,OUTER_V,24.0000,0.0389,8.0000,1
2.923,OUTER_V,24.0000,0.0389,8.0000,1
2.924,OUTER_V,24.0000,0.0389,8.0000,1
2.925,OUTER_V,24.0000,0.0389,8.0000,1
2.926,OUTER_V,24.0000,0.0389,8.0000,1
2.927,OUTER_V,24.0000,0.0389,8.0000,1
2.928,OUTER_V,24.0000,0.0389,8.0000,1
2.929,OUTER_V,24.0000,0.0389,8.0000,1
2.930,OUTER_V,24.0000,0.0389,8.0000,1
2.931,OUTER_V,24.0000,0.0389,8.0000,1
2.932,OUTER_V,24.0000,0.0389,8.0000,1
2.933,OUTER_V,24.0000,0.0389,8.0000,1
2.934,OUTER_V,24.0000,0.0389,8.0000,1
2.935,OUTER_V,24.0000,0.0389,8.0000,1
2.936,OUTER_V,24.0000,0.0389,8.0000,1
2.937,OUTER_V,24.0000,0.0389,8.0000,1
2.938,OUTER_V,24.0000,0.0389,8.0000,1
2.939,OUTER_V,24.0000,0.0389,8.0000,1
2.940,OUTER_V,24.0000,0.0389,8.0000,1
2.941,OUTER_V,24.0000,0.0389,8.0000,1
2.942,OUTER_V,24.0000,0.0389,8.0000,1
2.943,OUTER_V,24.0000,0.0389,8.0000,1
2.944,OUTER_V,24.0000,0.0389,8.0000,1
2.945,OUTER_V,24.0000,0.0389,8.0000,1
2.946,OUTER_V,24.0000,0.0389,8.0000,1
2.947,OUTER_V,24.0000,0.0389,8.0000,1
2.948,OUTER_V,24.0000,0.0389,8.0000,1
2.949,OUTER_V,24.0000,0.0389,8.0000,1
2.950,OUTER_V,24.0000,0.0389,8.0000,1
2.951,OUTER_V,24.0000,0.0389,8.0000,1
2.952,OUTER_V,24.0000,0.0389,8.0000,1
2.953,OUTER_V,24.0000,0.0389,8.0000,1
2.954,OUTER_V,24.0000,0.0389,8.0000,1
2.955,OUTER_V,24.0000,0.0389,8.0000,1
2.956,OUTER_V,24.0000,0.0389,8.0000,1
2.957,OUTER_V,24.0000,0.0389,8.0000,1
2.958,OUTER_V,24.0000,0.0389,8.0000,1
2.959,OUTER_V,24.0000,0.0389,8.0000,1
2.960,OUTER_V,24.0000,0.0389,8.0000,1
2.961,OUTER_V,24.0000,0.0389,8.0000,1
2.962,OUTER_V,24.0000,0.0389,8.0000,1
2.963,OUTER_V,24.0000,0.0389,8.0000,1
2.964,OUTER_V,24.0000,0.0389,8.0000,1
2.965,OUTER_V,24.0000,0.0389,8.0000,1
2.966,OUTER_V,24.0000,0.0389,8.0000,1
2.967,OUTER_V,24.0000,0.0389,8.0000,1
2.968,OUTER_V,24.0000,0.0389,8.0000,1
2.969,OUTER_V,24.0000,0.0389,8.0000,1
2.970,OUTER_V,24.0000,0.0389,8.0000,1
2.971,OUTER_V,24.0000,0.0389,8.0000,1
2.972,OUTER_V,24.0000,0.0389,8.0000,1
2.973,OUTER_V,24.0000,0.0389,8.0000,1
2.974,OUTER_V,24.0000,0.0389,8.0000,1
2.975,OUTER_V,24.0000,0.0389,8.0000,1
2.976,OUTER_V,24.0000,0.0389,8.0000,1
2.977,OUTER_V,24.0000,0.0389,8.0000,1
2.978,OUTER_V,24.0000,0.0389,8.0000,1
2.979,OUTER_V,24.0000,0.0389,8.0000,1
2.980,OUTER_V,24.0000,0.0389,8.0000,1
2.981,OUTER_V,24.0000,0.0389,8.0000,1
2.982,OUTER_V,24.0000,0.0389,8.0000,1
2.983,OUTER_V,24.0000,0.0389,8.0000,1
2.984,OUTER_V,24.0000,0.0389,8.0000,1
2.985,OUTER_V,24.0000,0.0389,8.0000,1
2.986,OUTER_V,24.0000,0.0389,8.0000,1
2.987,OUTER_V,24.0000,0.0389,8.0000,1
2.988,OUTER_V,24.0000,0.0389,8.0000,1
2.989,OUTER_V,24.0000,0.0389,8.0000,1
2.990,OUTER_V,24.0000,0.0389,8.0000,1
2.991,OUTER_V,24.0000,0.0389,8.0000,1
2.992,OUTER_V,24.0000,0.0389,8.0000,1
2.993,OUTER_V,24.0000,0.0389,8.0000,1
2.994,OUTER_V,24.0000,0.0389,8.0000,1
2.995,OUTER_V,24.0000,0.0389,8.0000,1
2.996,OUTER_V,24.0000,0.0389,8.0000,1
2.997,OUTER_V,24.0000,0.0389,8.0000,1
2.998,OUTER_V,24.0000,0.0389,8.0000,1
2.999,OUTER_V,24.0000,0.0389,8.0000,1
3.000,OUTER_V,24.0000,0.0389,8.0000,1
3.001,OUTER_V,24.0000,0.0389,8.0000,1
3.002,OUTER_V,24.0000,0.0389,8.0000,1
3.003,OUTER_V,24.0000,0.0389,8.0000,1
3.004,OUTER_V,24.0000,0.0389,8.0000,1
3.005,OUTER_V,24.0000,0.0389,8.0000,1
3.006,OUTER_V,24.0000,0.0389,8.0000,1
3.007,OUTER_V,24.0000,0.0389,8.0000,1
3.008,OUTER_V,24.0000,0.0389,8.0000,1
3.009,OUTER_V,24.0000,0.0389,8.0000,1
3.010,OUTER_V,24.0000,0.0389,8.0000,1
3.011,OUTER_V,24.0000,0.0389,8.0000,1
3.012,OUTER_V,24.0000,0.0389,8.0000,1
3.013,OUTER_V,24.0000,0.0389,8.0000,1
3.014,OUTER_V,24.0000,0.0389,8.0000,1
3.015,OUTER_V,24.0000,0.0389,8.0000,1
3.016,OUTER_V,24.0000,0.0389,8.0000,1
3.017,OUTER_V,24.0000,0.0389,8.0000,1
3.018,OUTER_V,24.0000,0.0389,8.0000,1
3.019,OUTER_V,24.0000,0.0389,8.0000,1
3.020,OUTER_V,24.0000,0.0389,8.0000,1
3.021,OUTER_V,24.0000,0.0389,8.0000,1
3.022,OUTER_V,24.0000,0.0389,8.0000,1
3.023,OUTER_V,24.0000,0.0389,8.0000,1
3.024,OUTER_V,24.0000,0.0389,8.0000,1
3.025,OUTER_V,24.0000,0.0389,8.0000,1
3.026,OUTER_V,24.0000,0.0389,8.0000,1
3.027,OUTER_V,24.0000,0.0389,8.0000,1
3.028,OUTER_V,24.0000,0.0389,8.0000,1
3.029,OUTER_V,24.0000,0.0389,8.0000,1
3.030,OUTER_V,24.0000,0.0389,8.0000,1
3.031,OUTER_V,24.0000,0.0389,8.0000,1
3.032,OUTER_V,24.0000,0.0389,8.0000,1
3.033,OUTER_V,24.0000,0.0389,8.0000,1
3.034,OUTER_V,24.0000,0.0389,8.0000,1
3.035,OUTER_V,24.0000,0.0389,8.0000,1
3.036,OUTER_V,24.0000,0.0389,8.0000,1
3.037,OUTER_V,24.0000,0.0389,8.0000,1
3.038,OUTER_V,24.0000,0.0389,8.0000,1
3.039,OUTER_V,24.0000,0.0389,8.0000,1
3.040,OUTER_V,24.0000,0.0389,8.0000,1
3.041,OUTER_V,24.0000,0.0389,8.0000,1
3.042,OUTER_V,24.0000,0.0389,8.0000,1
3.043,OUTER_V,24.0000,0.0389,8.0000,1
3.044,OUTER_V,24.0000,0.0389,8.0000,1
3.045,OUTER_V,24.0000,0.0389,8.0000,1
3.046,OUTER_V,24.0000,0.0389,8.0000,1
3.047,OUTER_V,24.0000,0.0389,8.0000,1
3.048,OUTER_V,24.0000,0.0389,8.0000,1
3.049,OUTER_V,24.0000,0.0389,8.0000,1
3.050,OUTER_V,24.0000,0.0389,8.0000,1
3.051,OUTER_V,24.0000,0.0389,8.0000,1
3.052,OUTER_V,24.0000,0.0389,8.0000,1
3.053,OUTER_V,24.0000,0.0389,8.0000,1
3.054,OUTER_V,24.0000,0.0389,8.0000,1
3.055,OUTER_V,24.0000,0.0389,8.0000,1
3.056,OUTER_V,24.0000,0.0389,8.0000,1
3.057,OUTER_V,24.0000,0.0389,8.0000,1
3.058,OUTER_V,24.0000,0.0389,8.0000,1
3.059,OUTER_V,24.0000,0.0389,8.0000,1
3.060,OUTER_V,24.0000,0.0389,8.0000,1
3.061,OUTER_V,24.0000,0.0389,8.0000,1
3.062,OUTER_V,24.0000,0.0389,8.0000,1
3.063,OUTER_V,24.0000,0.0389,8.0000,1
3.064,OUTER_V,24.0000,0.0389,8.0000,1
3.065,OUTER_V,24.0000,0.0389,8.0000,1
3.066,OUTER_V,24.0000,0.0389,8.0000,1
3.067,OUTER_V,24.0000,0.0389,8.0000,1
3.068,OUTER_V,24.0000,0.0389,8.0000,1
3.069,OUTER_V,24.0000,0.0389,8.0000,1
3.070,OUTER_V,24.0000,0.0389,8.0000,1
3.071,OUTER_V,24.0000,0.0389,8.0000,1
3.072,OUTER_V,24.0000,0.0389,8.0000,1
3.073,OUTER_V,24.0000,0.0389,8.0000,1
3.074,OUTER_V,24.0000,0.0389,8.0000,1
3.075,OUTER_V,24.0000,0.0389,8.0000,1
3.076,OUTER_V,24.0000,0.0389,8.0000,1
3.077,OUTER_V,24.0000,0.0389,8.0000,1
3.078,OUTER_V,24.0000,0.0389,8.0000,1
3.079,OUTER_V,24.0000,0.0389,8.0000,1
3.080,OUTER_V,24.0000,0.0389,8.0000,1
3.081,OUTER_V,24.0000,0.0389,8.0000,1
3.082,OUTER_V,24.0000,0.0389,8.0000,1
3.083,OUTER_V,24.0000,0.0389,8.0000,1
3.084,OUTER_V,24.0000,0.0389,8.0000,1
3.085,OUTER_V,24.0000,0.0389,8.0000,1
3.086,OUTER_V,24.0000,0.0389,8.0000,1
3.087,OUTER_V,24.0000,0.0389,8.0000,1
3.088,OUTER_V,24.0000,0.0389,8.0000,1
3.089,OUTER_V,24.0000,0.0389,8.0000,1
3.090,OUTER_V,24.0000,0.0389,8.0000,1
3.091,OUTER_V,24.0000,0.0389,8.0000,1
3.092,OUTER_V,24.0000,0.0389,8.0000,1
3.093,OUTER_V,24.0000,0.0389,8.0000,1
3.094,OUTER_V,24.0000,0.0389,8.0000,1
3.095,OUTER_V,24.0000,0.0389,8.0000,1
3.096,OUTER_V,24.0000,0.0389,8.0000,1
3.097,OUTER_V,24.0000,0.0389,8.0000,1
3.098,OUTER_V,24.0000,0.0389,8.0000,1
3.099,OUTER_V,24.0000,0.0389,8.0000,1
3.100,OUTER_V,24.0000,0.0389,8.0000,1
3.101,OUTER_V,24.0000,0.0389,8.0000,1
3.102,OUTER_V,24.0000,0.0389,8.0000,1
3.103,OUTER_V,24.0000,0.0389,8.0000,1
3.104,OUTER_V,24.0000,0.0389,8.0000,1
3.105,OUTER_V,24.0000,0.0389,8.0000,1
3.106,OUTER_V,24.0000,0.0389,8.0000,1
3.107,OUTER_V,24.0000,0.0389,8.0000,1
3.108,OUTER_V,24.0000,0.0389,8.0000,1
3.109,OUTER_V,24.0000,0.0389,8.0000,1
3.110,OUTER_V,24.0000,0.0389,8.0000,1
3.111,OUTER_V,24.0000,0.0389,8.0000,1
3.112,OUTER_V,24.0000,0.0389,8.0000,1
3.113,OUTER_V,24.0000,0.0389,8.0000,1
3.114,OUTER_V,24.0000,0.0389,8.0000,1
3.115,OUTER_V,24.0000,0.0389,8.0000,1
3.116,OUTER_V,24.0000,0.0389,8.0000,1
3.117,OUTER_V,24.0000,0.0389,8.0000,1
3.118,OUTER_V,24.0000,0.0389,8.0000,1
3.119,OUTER_V,24.0000,0.0389,8.0000,1
3.120,OUTER_V,24.0000,0.0389,8.0000,1
3.121,OUTER_V,24.0000,0.0389,8.0000,1
3.122,OUTER_V,24.0000,0.0389,8.0000,1
3.123,OUTER_V,24.0000,0.0389,8.0000,1
3.124,OUTER_V,24.0000,0.0389,8.0000,1
3.125,OUTER_V,24.0000,0.0389,8.0000,1
3.126,OUTER_V,24.0000,0.0389,8.0000,1
3.127,OUTER_V,24.0000,0.0389,8.0000,1
3.128,OUTER_V,24.0000,0.0389,8.0000,1
3.129,OUTER_V,24.0000,0.0389,8.0000,1
3.130,OUTER_V,24.0000,0.0389,8.0000,1
3.131,OUTER_V,24.0000,0.0389,8.0000,1
3.132,OUTER_V,24.0000,0.0389,8.0000,1
3.133,OUTER_V,24.0000,0.0389,8.0000,1
3.134,OUTER_V,24.0000,0.0389,8.0000,1
3.135,OUTER_V,24.0000,0.0389,8.0000,1
3.136,OUTER_V,24.0000,0.0389,8.0000,1
3.137,OUTER_V,24.0000,0.0389,8.0000,1
3.138,OUTER_V,24.0000,0.0389,8.0000,1
3.139,OUTER_V,24.0000,0.0389,8.0000,1
3.140,OUTER_V,24.0000,0.0389,8.0000,1
3.141,OUTER_V,24.0000,0.0389,8.0000,1
3.142,OUTER_V,24.0000,0.0389,8.0000,1
3.143,OUTER_V,24.0000,0.0389,8.0000,1
3.144,OUTER_V,24.0000,0.0389,8.0000,1
3.145,OUTER_V,24.0000,0.0389,8.0000,1
3.146,OUTER_V,24.0000,0.0389,8.0000,1
3.147,OUTER_V,24.0000,0.0389,8.0000,1
3.148,OUTER_V,24.0000,0.0389,8.0000,1
3.149,OUTER_V,24.0000,0.0389,8.0000,1
3.150,OUTER_V,24.0000,0.0389,8.0000,1
3.151,OUTER_V,24.0000,0.0389,8.0000,1
3.152,OUTER_V,24.0000,0.0389,8.0000,1
3.153,OUTER_V,24.0000,0.0389,8.0000,1
3.154,OUTER_V,24.0000,0.0389,8.0000,1
3.155,OUTER_V,24.0000,0.0389,8.0000,1
3.156,OUTER_V,24.0000,0.0389,8.0000,1
3.157,OUTER_V,24.0000,0.0389,8.0000,1
3.158,OUTER_V,24.0000,0.0389,8.0000,1
3.159,OUTER_V,24.0000,0.0389,8.0000,1
3.160,OUTER_V,24.0000,0.0389,8.0000,1
3.161,OUTER_V,24.0000,0.0389,8.0000,1
3.162,OUTER_V,24.0000,0.0389,8.0000,1
3.163,OUTER_V,24.0000,0.0389,8.0000,1
3.164,OUTER_V,24.0000,0.0389,8.0000,1
3.165,OUTER_V,24.0000,0.0389,8.0000,1
3.166,OUTER_V,24.0000,0.0389,8.0000,1
3.167,OUTER_V,24.0000,0.0389,8.0000,1
3.168,OUTER_V,24.0000,0.0389,8.0000,1
3.169,OUTER_V,24.0000,0.0389,8.0000,1
3.170,OUTER_V,24.0000,0.0389,8.0000,1
3.171,OUTER_V,24.0000,0.0389,8.0000,1
3.172,OUTER_V,24.0000,0.0389,8.0000,1
3.173,OUTER_V,24.0000,0.0389,8.0000,1
3.174,OUTER_V,24.0000,0.0389,8.0000,1
3.175,OUTER_V,24.0000,0.0389,8.0000,1
3.176,OUTER_V,24.0000,0.0389,8.0000,1
3.177,OUTER_V,24.0000,0.0389,8.0000,1
3.178,OUTER_V,24.0000,0.0389,8.0000,1
3.179,OUTER_V,24.0000,0.0389,8.0000,1
3.180,OUTER_V,24.0000,0.0389,8.0000,1
3.181,OUTER_V,24.0000,0.0389,8.0000,1
3.182,OUTER_V,24.0000,0.0389,8.0000,1
3.183,OUTER_V,24.0000,0.0389,8.0000,1
3.184,OUTER_V,24.0000,0.0389,8.0000,1
3.185,OUTER_V,24.0000,0.0389,8.0000,1
3.186,OUTER_V,24.0000,0.0389,8.0000,1
3.187,OUTER_V,24.0000,0.0389,8.0000,1
3.188,OUTER_V,24.0000,0.0389,8.0000,1
3.189,OUTER_V,24.0000,0.0389,8.0000,1
3.190,OUTER_V,24.0000,0.0389,8.0000,1
3.191,OUTER_V,24.0000,0.0389,8.0000,1
3.192,OUTER_V,24.0000,0.0389,8.0000,1
3.193,OUTER_V,24.0000,0.0389,8.0000,1
3.194,OUTER_V,24.0000,0.0389,8.0000,1
3.195,OUTER_V,24.0000,0.0389,8.0000,1
3.196,OUTER_V,24.0000,0.0389,8.0000,1
3.197,OUTER_V,24.0000,0.0389,8.0000,1
3.198,OUTER_V,24.0000,0.0389,8.0000,1
3.199,OUTER_V,24.0000,0.0389,8.0000,1
3.200,OUTER_V,24.0000,0.0389,8.0000,1
3.201,OUTER_V,24.0000,0.0389,8.0000,1
3.202,OUTER_V,24.0000,0.0389,8.0000,1
3.203,OUTER_V,24.0000,0.0389,8.0000,1
3.204,OUTER_V,24.0000,0.0389,8.0000,1
3.205,OUTER_V,24.0000,0.0389,8.0000,1
3.206,OUTER_V,24.0000,0.0389,8.0000,1
3.207,OUTER_V,24.0000,0.0389,8.0000,1
3.208,OUTER_V,24.0000,0.0389,8.0000,1
3.209,OUTER_V,24.0000,0.0389,8.0000,1
3.210,OUTER_V,24.0000,0.0389,8.0000,1
3.211,OUTER_V,24.0000,0.0389,8.0000,1
3.212,OUTER_V,24.0000,0.0389,8.0000,1
3.213,OUTER_V,24.0000,0.0389,8.0000,1
3.214,OUTER_V,24.0000,0.0389,8.0000,1
3.215,OUTER_V,24.0000,0.0389,8.0000,1
3.216,OUTER_V,24.0000,0.0389,8.0000,1
3.217,OUTER_V,24.0000,0.0389,8.0000,1
3.218,OUTER_V,24.0000,0.0389,8.0000,1
3.219,OUTER_V,24.0000,0.0389,8.0000,1
3.220,OUTER_V,24.0000,0.0389,8.0000,1
3.221,OUTER_V,24.0000,0.0389,8.0000,1
3.222,OUTER_V,24.0000,0.0389,8.0000,1
3.223,OUTER_V,24.0000,0.0389,8.0000,1
3.224,OUTER_V,24.0000,0.0389,8.0000,1
3.225,OUTER_V,24.0000,0.0389,8.0000,1
3.226,OUTER_V,24.0000,0.0389,8.0000,1
3.227,OUTER_V,24.0000,0.0389,8.0000,1
3.228,OUTER_V,24.0000,0.0389,8.0000,1
3.229,OUTER_V,24.0000,0.0389,8.0000,1
3.230,OUTER_V,24.0000,0.0389,8.0000,1
3.231,OUTER_V,24.0000,0.0389,8.0000,1
3.232,OUTER_V,24.0000,0.0389,8.0000,1
3.233,OUTER_V,24.0000,0.0389,8.0000,1
3.234,OUTER_V,24.0000,0.0389,8.0000,1
3.235,OUTER_V,24.0000,0.0389,8.0000,1
3.236,OUTER_V,24.0000,0.0389,8.0000,1
3.237,OUTER_V,24.0000,0.0389,8.0000,1
3.238,OUTER_V,24.0000,0.0389,8.0000,1
3.239,OUTER_V,24.0000,0.0389,8.0000,1
3.240,OUTER_V,24.0000,0.0389,8.0000,1
3.241,OUTER_V,24.0000,0.0389,8.0000,1
3.242,OUTER_V,24.0000,0.0389,8.0000,1
3.243,OUTER_V,24.0000,0.0389,8.0000,1
3.244,OUTER_V,24.0000,0.0389,8.0000,1
3.245,OUTER_V,24.0000,0.0389,8.0000,1
3.246,OUTER_V,24.0000,0.0389,8.0000,1
3.247,OUTER_V,24.0000,0.0389,8.0000,1
3.248,OUTER_V,24.0000,0.0389,8.0000,1
3.249,OUTER_V,24.0000,0.0389,8.0000,1
3.250,OUTER_V,24.0000,0.0389,8.0000,1
3.251,OUTER_V,24.0000,0.0389,8.0000,1
3.252,OUTER_V,24.0000,0.0389,8.0000,1
3.253,OUTER_V,24.0000,0.0389,8.0000,1
3.254,OUTER_V,24.0000,0.0389,8.0000,1
3.255,OUTER_V,24.0000,0.0389,8.0000,1
3.256,OUTER_V,24.0000,0.0389,8.0000,1
3.257,OUTER_V,24.0000,0.0389,8.0000,1
3.258,OUTER_V,24.0000,0.0389,8.0000,1
3.259,OUTER_V,24.0000,0.0389,8.0000,1
3.260,OUTER_V,24.0000,0.0389,8.0000,1
3.261,OUTER_V,24.0000,0.0389,8.0000,1
3.262,OUTER_V,24.0000,0.0389,8.0000,1
3.263,OUTER_V,24.0000,0.0389,8.0000,1
3.264,OUTER_V,24.0000,0.0389,8.0000,1
3.265,OUTER_V,24.0000,0.0389,8.0000,1
3.266,OUTER_V,24.0000,0.0389,8.0000,1
3.267,OUTER_V,24.0000,0.0389,8.0000,1
3.268,OUTER_V,24.0000,0.0389,8.0000,1
3.269,OUTER_V,24.0000,0.0389,8.0000,1
3.270,OUTER_V,24.0000,0.0389,8.0000,1
3.271,OUTER_V,24.0000,0.0389,8.0000,1
3.272,OUTER_V,24.0000,0.0389,8.0000,1
3.273,OUTER_V,24.0000,0.0389,8.0000,1
3.274,OUTER_V,24.0000,0.0389,8.0000,1
3.275,OUTER_V,24.0000,0.0389,8.0000,1
3.276,OUTER_V,24.0000,0.0389,8.0000,1
3.277,OUTER_V,24.0000,0.0389,8.0000,1
3.278,OUTER_V,24.0000,0.0389,8.0000,1
3.279,OUTER_V,24.0000,0.0389,8.0000,1
3.280,OUTER_V,24.0000,0.0389,8.0000,1
3.281,OUTER_V,24.0000,0.0389,8.0000,1
3.282,OUTER_V,24.0000,0.0389,8.0000,1
3.283,OUTER_V,24.0000,0.0389,8.0000,1
3.284,OUTER_V,24.0000,0.0389,8.0000,1
3.285,OUTER_V,24.0000,0.0389,8.0000,1
3.286,OUTER_V,24.0000,0.0389,8.0000,1
3.287,OUTER_V,24.0000,0.0389,8.0000,1
3.288,OUTER_V,24.0000,0.0389,8.0000,1
3.289,OUTER_V,24.0000,0.0389,8.0000,1
3.290,OUTER_V,24.0000,0.0389,8.0000,1
3.291,OUTER_V,24.0000,0.0389,8.0000,1
3.292,OUTER_V,24.0000,0.0389,8.0000,1
3.293,OUTER_V,24.0000,0.0389,8.0000,1
3.294,OUTER_V,24.0000,0.0389,8.0000,1
3.295,OUTER_V,24.0000,0.0389,8.0000,1
3.296,OUTER_V,24.0000,0.0389,8.0000,1
3.297,OUTER_V,24.0000,0.0389,8.0000,1
3.298,OUTER_V,24.0000,0.0389,8.0000,1
3.299,OUTER_V,24.0000,0.0389,8.0000,1
3.300,OUTER_V,24.0000,0.0389,8.0000,1
3.301,OUTER_V,24.0000,0.0389,8.0000,1
3.302,OUTER_V,24.0000,0.0389,8.0000,1
3.303,OUTER_V,24.0000,0.0389,8.0000,1
3.304,OUTER_V,24.0000,0.0389,8.0000,1
3.305,OUTER_V,24.0000,0.0389,8.0000,1
3.306,OUTER_V,24.0000,0.0389,8.0000,1
3.307,OUTER_V,24.0000,0.0389,8.0000,1
3.308,OUTER_V,24.0000,0.0389,8.0000,1
3.309,OUTER_V,24.0000,0.0389,8.0000,1
3.310,OUTER_V,24.0000,0.0389,8.0000,1
3.311,OUTER_V,24.0000,0.0389,8.0000,1
3.312,OUTER_V,24.0000,0.0389,8.0000,1
3.313,OUTER_V,24.0000,0.0389,8.0000,1
3.314,OUTER_V,24.0000,0.0389,8.0000,1
3.315,OUTER_V,24.0000,0.0389,8.0000,1
3.316,OUTER_V,24.0000,0.0389,8.0000,1
3.317,OUTER_V,24.0000,0.0389,8.0000,1
3.318,OUTER_V,24.0000,0.0389,8.0000,1
3.319,OUTER_V,24.0000,0.0389,8.0000,1
3.320,OUTER_V,24.0000,0.0389,8.0000,1
3.321,OUTER_V,24.0000,0.0389,8.0000,1
3.322,OUTER_V,24.0000,0.0389,8.0000,1
3.323,OUTER_V,24.0000,0.0389,8.0000,1
3.324,OUTER_V,24.0000,0.0389,8.0000,1
3.325,OUTER_V,24.0000,0.0389,8.0000,1
3.326,OUTER_V,24.0000,0.0389,8.0000,1
3.327,OUTER_V,24.0000,0.0389,8.0000,1
3.328,OUTER_V,24.0000,0.0389,8.0000,1
3.329,OUTER_V,24.0000,0.0389,8.0000,1
3.330,OUTER_V,24.0000,0.0389,8.0000,1
3.331,OUTER_V,24.0000,0.0389,8.0000,1
3.332,OUTER_V,24.0000,0.0389,8.0000,1
3.333,OUTER_V,24.0000,0.0389,8.0000,1
3.334,OUTER_V,24.0000,0.0389,8.0000,1
3.335,OUTER_V,24.0000,0.0389,8.0000,1
3.336,OUTER_V,24.0000,0.0389,8.0000,1
3.337,OUTER_V,24.0000,0.0389,8.0000,1
3.338,OUTER_V,24.0000,0.0389,8.0000,1
3.339,OUTER_V,24.0000,0.0389,8.0000,1
3.340,OUTER_V,24.0000,0.0389,8.0000,1
3.341,OUTER_V,24.0000,0.0389,8.0000,1
3.342,OUTER_V,24.0000,0.0389,8.0000,1
3.343,OUTER_V,24.0000,0.0389,8.0000,1
3.344,OUTER_V,24.0000,0.0389,8.0000,1
3.345,OUTER_V,24.0000,0.0389,8.0000,1
3.346,OUTER_V,24.0000,0.0389,8.0000,1
3.347,OUTER_V,24.0000,0.0389,8.0000,1
3.348,OUTER_V,24.0000,0.0389,8.0000,1
3.349,OUTER_V,24.0000,0.0389,8.0000,1
3.350,OUTER_V,24.0000,0.0389,8.0000,1
3.351,OUTER_V,24.0000,0.0389,8.0000,1
3.352,OUTER_V,24.0000,0.0389,8.0000,1
3.353,OUTER_V,24.0000,0.0389,8.0000,1
3.354,OUTER_V,24.0000,0.0389,8.0000,1
3.355,OUTER_V,24.0000,0.0389,8.0000,1
3.356,OUTER_V,24.0000,0.0389,8.0000,1
3.357,OUTER_V,24.0000,0.0389,8.0000,1
3.358,OUTER_V,24.0000,0.0389,8.0000,1
3.359,OUTER_V,24.0000,0.0389,8.0000,1
3.360,OUTER_V,24.0000,0.0389,8.0000,1
3.361,OUTER_V,24.0000,0.0389,8.0000,1
3.362,OUTER_V,24.0000,0.0389,8.0000,1
3.363,OUTER_V,24.0000,0.0389,8.0000,1
3.364,OUTER_V,24.0000,0.0389,8.0000,1
3.365,OUTER_V,24.0000,0.0389,8.0000,1
3.366,OUTER_V,24.0000,0.0389,8.0000,1
3.367,OUTER_V,24.0000,0.0389,8.0000,1
3.368,OUTER_V,24.0000,0.0389,8.0000,1
3.369,OUTER_V,24.0000,0.0389,8.0000,1
3.370,OUTER_V,24.0000,0.0389,8.0000,1
3.371,OUTER_V,24.0000,0.0389,8.0000,1
3.372,OUTER_V,24.0000,0.0389,8.0000,1
3.373,OUTER_V,24.0000,0.0389,8.0000,1
3.374,OUTER_V,24.0000,0.0389,8.0000,1
3.375,OUTER_V,24.0000,0.0389,8.0000,1
3.376,OUTER_V,24.0000,0.0389,8.0000,1
3.377,OUTER_V,24.0000,0.0389,8.0000,1
3.378,OUTER_V,24.0000,0.0389,8.0000,1
3.379,OUTER_V,24.0000,0.0389,8.0000,1
3.380,OUTER_V,24.0000,0.0389,8.0000,1
3.381,OUTER_V,24.0000,0.0389,8.0000,1
3.382,OUTER_V,24.0000,0.0389,8.0000,1
3.383,OUTER_V,24.0000,0.0389,8.0000,1
3.384,OUTER_V,24.0000,0.0389,8.0000,1
3.385,OUTER_V,24.0000,0.0389,8.0000,1
3.386,OUTER_V,24.0000,0.0389,8.0000,1
3.387,OUTER_V,24.0000,0.0389,8.0000,1
3.388,OUTER_V,24.0000,0.0389,8.0000,1
3.389,OUTER_V,24.0000,0.0389,8.0000,1
3.390,OUTER_V,24.0000,0.0389,8.0000,1
3.391,OUTER_V,24.0000,0.0389,8.0000,1
3.392,OUTER_V,24.0000,0.0389,8.0000,1
3.393,OUTER_V,24.0000,0.0389,8.0000,1
3.394,OUTER_V,24.0000,0.0389,8.0000,1
3.395,OUTER_V,24.0000,0.0389,8.0000,1
3.396,OUTER_V,24.0000,0.0389,8.0000,1
3.397,OUTER_V,24.0000,0.0389,8.0000,1
3.398,OUTER_V,24.0000,0.0389,8.0000,1
3.399,OUTER_V,24.0000,0.0389,8.0000,1
3.400,OUTER_V,24.0000,0.0389,8.0000,1
3.401,OUTER_V,24.0000,0.0389,8.0000,1
3.402,OUTER_V,24.0000,0.0389,8.0000,1
3.403,OUTER_V,24.0000,0.0389,8.0000,1
3.404,OUTER_V,24.0000,0.0389,8.0000,1
3.405,OUTER_V,24.0000,0.0389,8.0000,1
3.406,OUTER_V,24.0000,0.0389,8.0000,1
3.407,OUTER_V,24.0000,0.0389,8.0000,1
3.408,OUTER_V,24.0000,0.0389,8.0000,1
3.409,OUTER_V,24.0000,0.0389,8.0000,1
3.410,OUTER_V,24.0000,0.0389,8.0000,1
3.411,OUTER_V,24.0000,0.0389,8.0000,1
3.412,OUTER_V,24.0000,0.0389,8.0000,1
3.413,OUTER_V,24.0000,0.0389,8.0000,1
3.414,OUTER_V,24.0000,0.0389,8.0000,1
3.415,OUTER_V,24.0000,0.0389,8.0000,1
3.416,OUTER_V,24.0000,0.0389,8.0000,1
3.417,OUTER_V,24.0000,0.0389,8.0000,1
3.418,OUTER_V,24.0000,0.0389,8.0000,1
3.419,OUTER_V,24.0000,0.0389,8.0000,1
3.420,OUTER_V,24.0000,0.0389,8.0000,1
3.421,OUTER_V,24.0000,0.0389,8.0000,1
3.422,OUTER_V,24.0000,0.0389,8.0000,1
3.423,OUTER_V,24.0000,0.0389,8.0000,1
3.424,OUTER_V,24.0000,0.0389,8.0000,1
3.425,OUTER_V,24.0000,0.0389,8.0000,1
3.426,OUTER_V,24.0000,0.0389,8.0000,1
3.427,OUTER_V,24.0000,0.0389,8.0000,1
3.428,OUTER_V,24.0000,0.0389,8.0000,1
3.429,OUTER_V,24.0000,0.0389,8.0000,1
3.430,OUTER_V,24.0000,0.0389,8.0000,1
3.431,OUTER_V,24.0000,0.0389,8.0000,1
3.432,OUTER_V,24.0000,0.0389,8.0000,1
3.433,OUTER_V,24.0000,0.0389,8.0000,1
3.434,OUTER_V,24.0000,0.0389,8.0000,1
3.435,OUTER_V,24.0000,0.0389,8.0000,1
3.436,OUTER_V,24.0000,0.0389,8.0000,1
3.437,OUTER_V,24.0000,0.0389,8.0000,1
3.438,OUTER_V,24.0000,0.0389,8.0000,1
3.439,OUTER_V,24.0000,0.0389,8.0000,1
3.440,OUTER_V,24.0000,0.0389,8.0000,1
3.441,OUTER_V,24.0000,0.0389,8.0000,1
3.442,OUTER_V,24.0000,0.0389,8.0000,1
3.443,OUTER_V,24.0000,0.0389,8.0000,1
3.444,OUTER_V,24.0000,0.0389,8.0000,1
3.445,OUTER_V,24.0000,0.0389,8.0000,1
3.446,OUTER_V,24.0000,0.0389,8.0000,1
3.447,OUTER_V,24.0000,0.0389,8.0000,1
3.448,OUTER_V,24.0000,0.0389,8.0000,1
3.449,OUTER_V,24.0000,0.0389,8.0000,1
3.450,OUTER_V,24.0000,0.0389,8.0000,1
3.451,OUTER_V,24.0000,0.0389,8.0000,1
3.452,OUTER_V,24.0000,0.0389,8.0000,1
3.453,OUTER_V,24.0000,0.0389,8.0000,1
3.454,OUTER_V,24.0000,0.0389,8.0000,1
3.455,OUTER_V,24.0000,0.0389,8.0000,1
3.456,OUTER_V,24.0000,0.0389,8.0000,1
3.457,OUTER_V,24.0000,0.0389,8.0000,1
3.458,OUTER_V,24.0000,0.0389,8.0000,1
3.459,OUTER_V,24.0000,0.0389,8.0000,1
3.460,OUTER_V,24.0000,0.0389,8.0000,1
3.461,OUTER_V,24.0000,0.0389,8.0000,1
3.462,OUTER_V,24.0000,0.0389,8.0000,1
3.463,OUTER_V,24.0000,0.0389,8.0000,1
3.464,OUTER_V,24.0000,0.0389,8.0000,1
3.465,OUTER_V,24.0000,0.0389,8.0000,1
3.466,OUTER_V,24.0000,0.0389,8.0000,1
3.467,OUTER_V,24.0000,0.0389,8.0000,1
3.468,OUTER_V,24.0000,0.0389,8.0000,1
3.469,OUTER_V,24.0000,0.0389,8.0000,1
3.470,OUTER_V,24.0000,0.0389,8.0000,1
3.471,OUTER_V,24.0000,0.0389,8.0000,1
3.472,OUTER_V,24.0000,0.0389,8.0000,1
3.473,OUTER_V,24.0000,0.0389,8.0000,1
3.474,OUTER_V,24.0000,0.0389,8.0000,1
3.475,OUTER_V,24.0000,0.0389,8.0000,1
3.476,OUTER_V,24.0000,0.0389,8.0000,1
3.477,OUTER_V,24.0000,0.0389,8.0000,1
3.478,OUTER_V,24.0000,0.0389,8.0000,1
3.479,OUTER_V,24.0000,0.0389,8.0000,1
3.480,OUTER_V,24.0000,0.0389,8.0000,1
3.481,OUTER_V,24.0000,0.0389,8.0000,1
3.482,OUTER_V,24.0000,0.0389,8.0000,1
3.483,OUTER_V,24.0000,0.0389,8.0000,1
3.484,OUTER_V,24.0000,0.0389,8.0000,1
3.485,OUTER_V,24.0000,0.0389,8.0000,1
3.486,OUTER_V,24.0000,0.0389,8.0000,1
3.487,OUTER_V,24.0000,0.0389,8.0000,1
3.488,OUTER_V,24.0000,0.0389,8.0000,1
3.489,OUTER_V,24.0000,0.0389,8.0000,1
3.490,OUTER_V,24.0000,0.0389,8.0000,1
3.491,OUTER_V,24.0000,0.0389,8.0000,1
3.492,OUTER_V,24.0000,0.0389,8.0000,1
3.493,OUTER_V,24.0000,0.0389,8.0000,1
3.494,OUTER_V,24.0000,0.0389,8.0000,1
3.495,OUTER_V,24.0000,0.0389,8.0000,1
3.496,OUTER_V,24.0000,0.0389,8.0000,1
3.497,OUTER_V,24.0000,0.0389,8.0000,1
3.498,OUTER_V,24.0000,0.0389,8.0000,1
3.499,OUTER_V,24.0000,0.0389,8.0000,1
3.500,OUTER_V,24.0000,0.0389,8.0000,1
3.501,OUTER_V,24.0000,0.0389,8.0000,1
3.502,OUTER_V,24.0000,0.0389,8.0000,1
3.503,OUTER_V,24.0000,0.0389,8.0000,1
3.504,OUTER_V,24.0000,0.0389,8.0000,1
3.505,OUTER_V,24.0000,0.0389,8.0000,1
3.506,OUTER_V,24.0000,0.0389,8.0000,1
3.507,OUTER_V,24.0000,0.0389,8.0000,1
3.508,OUTER_V,24.0000,0.0389,8.0000,1
3.509,OUTER_V,24.0000,0.0389,8.0000,1
3.510,OUTER_V,24.0000,0.0389,8.0000,1
3.511,OUTER_V,24.0000,0.0389,8.0000,1
3.512,OUTER_V,24.0000,0.0389,8.0000,1
3.513,OUTER_V,24.0000,0.0389,8.0000,1
3.514,OUTER_V,24.0000,0.0389,8.0000,1
3.515,OUTER_V,24.0000,0.0389,8.0000,1
3.516,OUTER_V,24.0000,0.0389,8.0000,1
3.517,OUTER_V,24.0000,0.0389,8.0000,1
3.518,OUTER_V,24.0000,0.0389,8.0000,1
3.519,OUTER_V,24.0000,0.0389,8.0000,1
3.520,OUTER_V,24.0000,0.0389,8.0000,1
3.521,OUTER_V,24.0000,0.0389,8.0000,1
3.522,OUTER_V,24.0000,0.0389,8.0000,1
3.523,OUTER_V,24.0000,0.0389,8.0000,1
3.524,OUTER_V,24.0000,0.0389,8.0000,1
3.525,OUTER_V,24.0000,0.0389,8.0000,1
3.526,OUTER_V,24.0000,0.0389,8.0000,1
3.527,OUTER_V,24.0000,0.0389,8.0000,1
3.528,OUTER_V,24.0000,0.0389,8.0000,1
3.529,OUTER_V,24.0000,0.0389,8.0000,1
3.530,OUTER_V,24.0000,0.0389,8.0000,1
3.531,OUTER_V,24.0000,0.0389,8.0000,1
3.532,OUTER_V,24.0000,0.0389,8.0000,1
3.533,OUTER_V,24.0000,0.0389,8.0000,1
3.534,OUTER_V,24.0000,0.0389,8.0000,1
3.535,OUTER_V,24.0000,0.0389,8.0000,1
3.536,OUTER_V,24.0000,0.0389,8.0000,1
3.537,OUTER_V,24.0000,0.0389,8.0000,1
3.538,OUTER_V,24.0000,0.0389,8.0000,1
3.539,OUTER_V,24.0000,0.0389,8.0000,1
3.540,OUTER_V,24.0000,0.0389,8.0000,1
3.541,OUTER_V,24.0000,0.0389,8.0000,1
3.542,OUTER_V,24.0000,0.0389,8.0000,1
3.543,OUTER_V,24.0000,0.0389,8.0000,1
3.544,OUTER_V,24.0000,0.0389,8.0000,1
3.545,OUTER_V,24.0000,0.0389,8.0000,1
3.546,OUTER_V,24.0000,0.0389,8.0000,1
3.547,OUTER_V,24.0000,0.0389,8.0000,1
3.548,OUTER_V,24.0000,0.0389,8.0000,1
3.549,OUTER_V,24.0000,0.0389,8.0000,1
3.550,OUTER_V,24.0000,0.0389,8.0000,1
3.551,OUTER_V,24.0000,0.0389,8.0000,1
3.552,OUTER_V,24.0000,0.0389,8.0000,1
3.553,OUTER_V,24.0000,0.0389,8.0000,1
3.554,OUTER_V,24.0000,0.0389,8.0000,1
3.555,OUTER_V,24.0000,0.0389,8.0000,1
3.556,OUTER_V,24.0000,0.0389,8.0000,1
3.557,OUTER_V,24.0000,0.0389,8.0000,1
3.558,OUTER_V,24.0000,0.0389,8.0000,1
3.559,OUTER_V,24.0000,0.0389,8.0000,1
3.560,OUTER_V,24.0000,0.0389,8.0000,1
3.561,OUTER_V,24.0000,0.0389,8.0000,1
3.562,OUTER_V,24.0000,0.0389,8.0000,1
3.563,OUTER_V,24.0000,0.0389,8.0000,1
3.564,OUTER_V,24.0000,0.0389,8.0000,1
3.565,OUTER_V,24.0000,0.0389,8.0000,1
3.566,OUTER_V,24.0000,0.0389,8.0000,1
3.567,OUTER_V,24.0000,0.0389,8.0000,1
3.568,OUTER_V,24.0000,0.0389,8.0000,1
3.569,OUTER_V,24.0000,0.0389,8.0000,1
3.570,OUTER_V,24.0000,0.0389,8.0000,1
3.571,OUTER_V,24.0000,0.0389,8.0000,1
3.572,OUTER_V,24.0000,0.0389,8.0000,1
3.573,OUTER_V,24.0000,0.0389,8.0000,1
3.574,OUTER_V,24.0000,0.0389,8.0000,1
3.575,OUTER_V,24.0000,0.0389,8.0000,1
3.576,OUTER_V,24.0000,0.0389,8.0000,1
3.577,OUTER_V,24.0000,0.0389,8.0000,1
3.578,OUTER_V,24.0000,0.0389,8.0000,1
3.579,OUTER_V,24.0000,0.0389,8.0000,1
3.580,OUTER_V,24.0000,0.0389,8.0000,1
3.581,OUTER_V,24.0000,0.0389,8.0000,1
3.582,OUTER_V,24.0000,0.0389,8.0000,1
3.583,OUTER_V,24.0000,0.0389,8.0000,1
3.584,OUTER_V,24.0000,0.0389,8.0000,1
3.585,OUTER_V,24.0000,0.0389,8.0000,1
3.586,OUTER_V,24.0000,0.0389,8.0000,1
3.587,OUTER_V,24.0000,0.0389,8.0000,1
3.588,OUTER_V,24.0000,0.0389,8.0000,1
3.589,OUTER_V,24.0000,0.0389,8.0000,1
3.590,OUTER_V,24.0000,0.0389,8.0000,1
3.591,OUTER_V,24.0000,0.0389,8.0000,1
3.592,OUTER_V,24.0000,0.0389,8.0000,1
3.593,OUTER_V,24.0000,0.0389,8.0000,1
3.594,OUTER_V,24.0000,0.0389,8.0000,1
3.595,OUTER_V,24.0000,0.0389,8.0000,1
3.596,OUTER_V,24.0000,0.0389,8.0000,1
3.597,OUTER_V,24.0000,0.0389,8.0000,1
3.598,OUTER_V,24.0000,0.0389,8.0000,1
3.599,OUTER_V,24.0000,0.0389,8.0000,1
3.600,OUTER_V,24.0000,0.0389,8.0000,1
3.601,OUTER_V,24.0000,0.0389,8.0000,1
3.602,OUTER_V,24.0000,0.0389,8.0000,1
3.603,OUTER_V,24.0000,0.0389,8.0000,1
3.604,OUTER_V,24.0000,0.0389,8.0000,1
3.605,OUTER_V,24.0000,0.0389,8.0000,1
3.606,OUTER_V,24.0000,0.0389,8.0000,1
3.607,OUTER_V,24.0000,0.0389,8.0000,1
3.608,OUTER_V,24.0000,0.0389,8.0000,1
3.609,OUTER_V,24.0000,0.0389,8.0000,1
3.610,OUTER_V,24.0000,0.0389,8.0000,1
3.611,OUTER_V,24.0000,0.0389,8.0000,1
3.612,OUTER_V,24.0000,0.0389,8.0000,1
3.613,OUTER_V,24.0000,0.0389,8.0000,1
3.614,OUTER_V,24.0000,0.0389,8.0000,1
3.615,OUTER_V,24.0000,0.0389,8.0000,1
3.616,OUTER_V,24.0000,0.0389,8.0000,1
3.617,OUTER_V,24.0000,0.0389,8.0000,1
3.618,OUTER_V,24.0000,0.0389,8.0000,1
3.619,OUTER_V,24.0000,0.0389,8.0000,1
3.620,OUTER_V,24.0000,0.0389,8.0000,1
3.621,OUTER_V,24.0000,0.0389,8.0000,1
3.622,OUTER_V,24.0000,0.0389,8.0000,1
3.623,OUTER_V,24.0000,0.0389,8.0000,1
3.624,OUTER_V,24.0000,0.0389,8.0000,1
3.625,OUTER_V,24.0000,0.0389,8.0000,1
3.626,OUTER_V,24.0000,0.0389,8.0000,1
3.627,OUTER_V,24.0000,0.0389,8.0000,1
3.628,OUTER_V,24.0000,0.0389,8.0000,1
3.629,OUTER_V,24.0000,0.0389,8.0000,1
3.630,OUTER_V,24.0000,0.0389,8.0000,1
3.631,OUTER_V,24.0000,0.0389,8.0000,1
3.632,OUTER_V,24.0000,0.0389,8.0000,1
3.633,OUTER_V,24.0000,0.0389,8.0000,1
3.634,OUTER_V,24.0000,0.0389,8.0000,1
3.635,OUTER_V,24.0000,0.0389,8.0000,1
3.636,OUTER_V,24.0000,0.0389,8.0000,1
3.637,OUTER_V,24.0000,0.0389,8.0000,1
3.638,OUTER_V,24.0000,0.0389,8.0000,1
3.639,OUTER_V,24.0000,0.0389,8.0000,1
3.640,OUTER_V,24.0000,0.0389,8.0000,1
3.641,OUTER_V,24.0000,0.0389,8.0000,1
3.642,OUTER_V,24.0000,0.0389,8.0000,1
3.643,OUTER_V,24.0000,0.0389,8.0000,1
3.644,OUTER_V,24.0000,0.0389,8.0000,1
3.645,OUTER_V,24.0000,0.0389,8.0000,1
3.646,OUTER_V,24.0000,0.0389,8.0000,1
3.647,OUTER_V,24.0000,0.0389,8.0000,1
3.648,OUTER_V,24.0000,0.0389,8.0000,1
3.649,OUTER_V,24.0000,0.0389,8.0000,1
3.650,OUTER_V,24.0000,0.0389,8.0000,1
3.651,OUTER_V,24.0000,0.0389,8.0000,1
3.652,OUTER_V,24.0000,0.0389,8.0000,1
3.653,OUTER_V,24.0000,0.0389,8.0000,1
3.654,OUTER_V,24.0000,0.0389,8.0000,1
3.655,OUTER_V,24.0000,0.0389,8.0000,1
3.656,OUTER_V,24.0000,0.0389,8.0000,1
3.657,OUTER_V,24.0000,0.0389,8.0000,1
3.658,OUTER_V,24.0000,0.0389,8.0000,1
3.659,OUTER_V,24.0000,0.0389,8.0000,1
3.660,OUTER_V,24.0000,0.0389,8.0000,1
3.661,OUTER_V,24.0000,0.0389,8.0000,1
3.662,OUTER_V,24.0000,0.0389,8.0000,1
3.663,OUTER_V,24.0000,0.0389,8.0000,1
3.664,OUTER_V,24.0000,0.0389,8.0000,1
3.665,OUTER_V,24.0000,0.0389,8.0000,1
3.666,OUTER_V,24.0000,0.0389,8.0000,1
3.667,OUTER_V,24.0000,0.0389,8.0000,1
3.668,OUTER_V,24.0000,0.0389,8.0000,1
3.669,OUTER_V,24.0000,0.0389,8.0000,1
3.670,OUTER_V,24.0000,0.0389,8.0000,1
3.671,OUTER_V,24.0000,0.0389,8.0000,1
3.672,OUTER_V,24.0000,0.0389,8.0000,1
3.673,OUTER_V,24.0000,0.0389,8.0000,1
3.674,OUTER_V,24.0000,0.0389,8.0000,1
3.675,OUTER_V,24.0000,0.0389,8.0000,1
3.676,OUTER_V,24.0000,0.0389,8.0000,1
3.677,OUTER_V,24.0000,0.0389,8.0000,1
3.678,OUTER_V,24.0000,0.0389,8.0000,1
3.679,OUTER_V,24.0000,0.0389,8.0000,1
3.680,OUTER_V,24.0000,0.0389,8.0000,1
3.681,OUTER_V,24.0000,0.0389,8.0000,1
3.682,OUTER_V,24.0000,0.0389,8.0000,1
3.683,OUTER_V,24.0000,0.0389,8.0000,1
3.684,OUTER_V,24.0000,0.0389,8.0000,1
3.685,OUTER_V,24.0000,0.0389,8.0000,1
3.686,OUTER_V,24.0000,0.0389,8.0000,1
3.687,OUTER_V,24.0000,0.0389,8.0000,1
3.688,OUTER_V,24.0000,0.0389,8.0000,1
3.689,OUTER_V,24.0000,0.0389,8.0000,1
3.690,OUTER_V,24.0000,0.0389,8.0000,1
3.691,OUTER_V,24.0000,0.0389,8.0000,1
3.692,OUTER_V,24.0000,0.0389,8.0000,1
3.693,OUTER_V,24.0000,0.0389,8.0000,1
3.694,OUTER_V,24.0000,0.0389,8.0000,1
3.695,OUTER_V,24.0000,0.0389,8.0000,1
3.696,OUTER_V,24.0000,0.0389,8.0000,1
3.697,OUTER_V,24.0000,0.0389,8.0000,1
3.698,OUTER_V,24.0000,0.0389,8.0000,1
3.699,OUTER_V,24.0000,0.0389,8.0000,1
3.700,OUTER_V,24.0000,0.0389,8.0000,1
3.701,OUTER_V,24.0000,0.0389,8.0000,1
3.702,OUTER_V,24.0000,0.0389,8.0000,1
3.703,OUTER_V,24.0000,0.0389,8.0000,1
3.704,OUTER_V,24.0000,0.0389,8.0000,1
3.705,OUTER_V,24.0000,0.0389,8.0000,1
3.706,OUTER_V,24.0000,0.0389,8.0000,1
3.707,OUTER_V,24.0000,0.0389,8.0000,1
3.708,OUTER_V,24.0000,0.0389,8.0000,1
3.709,OUTER_V,24.0000,0.0389,8.0000,1
3.710,OUTER_V,24.0000,0.0389,8.0000,1
3.711,OUTER_V,24.0000,0.0389,8.0000,1
3.712,OUTER_V,24.0000,0.0389,8.0000,1
3.713,OUTER_V,24.0000,0.0389,8.0000,1
3.714,OUTER_V,24.0000,0.0389,8.0000,1
3.715,OUTER_V,24.0000,0.0389,8.0000,1
3.716,OUTER_V,24.0000,0.0389,8.0000,1
3.717,OUTER_V,24.0000,0.0389,8.0000,1
3.718,OUTER_V,24.0000,0.0389,8.0000,1
3.719,OUTER_V,24.0000,0.0389,8.0000,1
3.720,OUTER_V,24.0000,0.0389,8.0000,1
3.721,OUTER_V,24.0000,0.0389,8.0000,1
3.722,OUTER_V,24.0000,0.0389,8.0000,1
3.723,OUTER_V,24.0000,0.0389,8.0000,1
3.724,OUTER_V,24.0000,0.0389,8.0000,1
3.725,OUTER_V,24.0000,0.0389,8.0000,1
3.726,OUTER_V,24.0000,0.0389,8.0000,1
3.727,OUTER_V,24.0000,0.0389,8.0000,1
3.728,OUTER_V,24.0000,0.0389,8.0000,1
3.729,OUTER_V,24.0000,0.0389,8.0000,1
3.730,OUTER_V,24.0000,0.0389,8.0000,1
3.731,OUTER_V,24.0000,0.0389,8.0000,1
3.732,OUTER_V,24.0000,0.0389,8.0000,1
3.733,OUTER_V,24.0000,0.0389,8.0000,1
3.734,OUTER_V,24.0000,0.0389,8.0000,1
3.735,OUTER_V,24.0000,0.0389,8.0000,1
3.736,OUTER_V,24.0000,0.0389,8.0000,1
3.737,OUTER_V,24.0000,0.0389,8.0000,1
3.738,OUTER_V,24.0000,0.0389,8.0000,1
3.739,OUTER_V,24.0000,0.0389,8.0000,1
3.740,OUTER_V,24.0000,0.0389,8.0000,1
3.741,OUTER_V,24.0000,0.0389,8.0000,1
3.742,OUTER_V,24.0000,0.0389,8.0000,1
3.743,OUTER_V,24.0000,0.0389,8.0000,1
3.744,OUTER_V,24.0000,0.0389,8.0000,1
3.745,OUTER_V,24.0000,0.0389,8.0000,1
3.746,OUTER_V,24.0000,0.0389,8.0000,1
3.747,OUTER_V,24.0000,0.0389,8.0000,1
3.748,OUTER_V,24.0000,0.0389,8.0000,1
3.749,OUTER_V,24.0000,0.0389,8.0000,1
3.750,OUTER_V,24.0000,0.0389,8.0000,1
3.751,OUTER_V,24.0000,0.0389,8.0000,1
3.752,OUTER_V,24.0000,0.0389,8.0000,1
3.753,OUTER_V,24.0000,0.0389,8.0000,1
3.754,OUTER_V,24.0000,0.0389,8.0000,1
3.755,OUTER_V,24.0000,0.0389,8.0000,1
3.756,OUTER_V,24.0000,0.0389,8.0000,1
3.757,OUTER_V,24.0000,0.0389,8.0000,1
3.758,OUTER_V,24.0000,0.0389,8.0000,1
3.759,OUTER_V,24.0000,0.0389,8.0000,1
3.760,OUTER_V,24.0000,0.0389,8.0000,1
3.761,OUTER_V,24.0000,0.0389,8.0000,1
3.762,OUTER_V,24.0000,0.0389,8.0000,1
3.763,OUTER_V,24.0000,0.0389,8.0000,1
3.764,OUTER_V,24.0000,0.0389,8.0000,1
3.765,OUTER_V,24.0000,0.0389,8.0000,1
3.766,OUTER_V,24.0000,0.0389,8.0000,1
3.767,OUTER_V,24.0000,0.0389,8.0000,1
3.768,OUTER_V,24.0000,0.0389,8.0000,1
3.769,OUTER_V,24.0000,0.0389,8.0000,1
3.770,OUTER_V,24.0000,0.0389,8.0000,1
3.771,OUTER_V,24.0000,0.0389,8.0000,1
3.772,OUTER_V,24.0000,0.0389,8.0000,1
3.773,OUTER_V,24.0000,0.0389,8.0000,1
3.774,OUTER_V,24.0000,0.0389,8.0000,1
3.775,OUTER_V,24.0000,0.0389,8.0000,1
3.776,OUTER_V,24.0000,0.0389,8.0000,1
3.777,OUTER_V,24.0000,0.0389,8.0000,1
3.778,OUTER_V,24.0000,0.0389,8.0000,1
3.779,OUTER_V,24.0000,0.0389,8.0000,1
3.780,OUTER_V,24.0000,0.0389,8.0000,1
3.781,OUTER_V,24.0000,0.0389,8.0000,1
3.782,OUTER_V,24.0000,0.0389,8.0000,1
3.783,OUTER_V,24.0000,0.0389,8.0000,1
3.784,OUTER_V,24.0000,0.0389,8.0000,1
3.785,OUTER_V,24.0000,0.0389,8.0000,1
3.786,OUTER_V,24.0000,0.0389,8.0000,1
3.787,OUTER_V,24.0000,0.0389,8.0000,1
3.788,OUTER_V,24.0000,0.0389,8.0000,1
3.789,OUTER_V,24.0000,0.0389,8.0000,1
3.790,OUTER_V,24.0000,0.0389,8.0000,1
3.791,OUTER_V,24.0000,0.0389,8.0000,1
3.792,OUTER_V,24.0000,0.0389,8.0000,1
3.793,OUTER_V,24.0000,0.0389,8.0000,1
3.794,OUTER_V,24.0000,0.0389,8.0000,1
3.795,OUTER_V,24.0000,0.0389,8.0000,1
3.796,OUTER_V,24.0000,0.0389,8.0000,1
3.797,OUTER_V,24.0000,0.0389,8.0000,1
3.798,OUTER_V,24.0000,0.0389,8.0000,1
3.799,OUTER_V,24.0000,0.0389,8.0000,1
3.800,OUTER_V,24.0000,0.0389,8.0000,1
3.801,OUTER_V,24.0000,0.0389,8.0000,1
3.802,OUTER_V,24.0000,0.0389,8.0000,1
3.803,OUTER_V,24.0000,0.0389,8.0000,1
3.804,OUTER_V,24.0000,0.0389,8.0000,1
3.805,OUTER_V,24.0000,0.0389,8.0000,1
3.806,OUTER_V,24.0000,0.0389,8.0000,1
3.807,OUTER_V,24.0000,0.0389,8.0000,1
3.808,OUTER_V,24.0000,0.0389,8.0000,1
3.809,OUTER_V,24.0000,0.0389,8.0000,1
3.810,OUTER_V,24.0000,0.0389,8.0000,1
3.811,OUTER_V,24.0000,0.0389,8.0000,1
3.812,OUTER_V,24.0000,0.0389,8.0000,1
3.813,OUTER_V,24.0000,0.0389,8.0000,1
3.814,OUTER_V,24.0000,0.0389,8.0000,1
3.815,OUTER_V,24.0000,0.0389,8.0000,1
3.816,OUTER_V,24.0000,0.0389,8.0000,1
3.817,OUTER_V,24.0000,0.0389,8.0000,1
3.818,OUTER_V,24.0000,0.0389,8.0000,1
3.819,OUTER_V,24.0000,0.0389,8.0000,1
3.820,OUTER_V,24.0000,0.0389,8.0000,1
3.821,OUTER_V,24.0000,0.0389,8.0000,1
3.822,OUTER_V,24.0000,0.0389,8.0000,1
3.823,OUTER_V,24.0000,0.0389,8.0000,1
3.824,OUTER_V,24.0000,0.0389,8.0000,1
3.825,OUTER_V,24.0000,0.0389,8.0000,1
3.826,OUTER_V,24.0000,0.0389,8.0000,1
3.827,OUTER_V,24.0000,0.0389,8.0000,1
3.828,OUTER_V,24.0000,0.0389,8.0000,1
3.829,OUTER_V,24.0000,0.0389,8.0000,1
3.830,OUTER_V,24.0000,0.0389,8.0000,1
3.831,OUTER_V,24.0000,0.0389,8.0000,1
3.832,OUTER_V,24.0000,0.0389,8.0000,1
3.833,OUTER_V,24.0000,0.0389,8.0000,1
3.834,OUTER_V,24.0000,0.0389,8.0000,1
3.835,OUTER_V,24.0000,0.0389,8.0000,1
3.836,OUTER_V,24.0000,0.0389,8.0000,1
3.837,OUTER_V,24.0000,0.0389,8.0000,1
3.838,OUTER_V,24.0000,0.0389,8.0000,1
3.839,OUTER_V,24.0000,0.0389,8.0000,1
3.840,OUTER_V,24.0000,0.0389,8.0000,1
3.841,OUTER_V,24.0000,0.0389,8.0000,1
3.842,OUTER_V,24.0000,0.0389,8.0000,1
3.843,OUTER_V,24.0000,0.0389,8.0000,1
3.844,OUTER_V,24.0000,0.0389,8.0000,1
3.845,OUTER_V,24.0000,0.0389,8.0000,1
3.846,OUTER_V,24.0000,0.0389,8.0000,1
3.847,OUTER_V,24.0000,0.0389,8.0000,1
3.848,OUTER_V,24.0000,0.0389,8.0000,1
3.849,OUTER_V,24.0000,0.0389,8.0000,1
3.850,OUTER_V,24.0000,0.0389,8.0000,1
3.851,OUTER_V,24.0000,0.0389,8.0000,1
3.852,OUTER_V,24.0000,0.0389,8.0000,1
3.853,OUTER_V,24.0000,0.0389,8.0000,1
3.854,OUTER_V,24.0000,0.0389,8.0000,1
3.855,OUTER_V,24.0000,0.0389,8.0000,1
3.856,OUTER_V,24.0000,0.0389,8.0000,1
3.857,OUTER_V,24.0000,0.0389,8.0000,1
3.858,OUTER_V,24.0000,0.0389,8.0000,1
3.859,OUTER_V,24.0000,0.0389,8.0000,1
3.860,OUTER_V,24.0000,0.0389,8.0000,1
3.861,OUTER_V,24.0000,0.0389,8.0000,1
3.862,OUTER_V,24.0000,0.0389,8.0000,1
3.863,OUTER_V,24.0000,0.0389,8.0000,1
3.864,OUTER_V,24.0000,0.0389,8.0000,1
3.865,OUTER_V,24.0000,0.0389,8.0000,1
3.866,OUTER_V,24.0000,0.0389,8.0000,1
3.867,OUTER_V,24.0000,0.0389,8.0000,1
3.868,OUTER_V,24.0000,0.0389,8.0000,1
3.869,OUTER_V,24.0000,0.0389,8.0000,1
3.870,OUTER_V,24.0000,0.0389,8.0000,1
3.871,OUTER_V,24.0000,0.0389,8.0000,1
3.872,OUTER_V,24.0000,0.0389,8.0000,1
3.873,OUTER_V,24.0000,0.0389,8.0000,1
3.874,OUTER_V,24.0000,0.0389,8.0000,1
3.875,OUTER_V,24.0000,0.0389,8.0000,1
3.876,OUTER_V,24.0000,0.0389,8.0000,1
3.877,OUTER_V,24.0000,0.0389,8.0000,1
3.878,OUTER_V,24.0000,0.0389,8.0000,1
3.879,OUTER_V,24.0000,0.0389,8.0000,1
3.880,OUTER_V,24.0000,0.0389,8.0000,1
3.881,OUTER_V,24.0000,0.0389,8.0000,1
3.882,OUTER_V,24.0000,0.0389,8.0000,1
3.883,OUTER_V,24.0000,0.0389,8.0000,1
3.884,OUTER_V,24.0000,0.0389,8.0000,1
3.885,OUTER_V,24.0000,0.0389,8.0000,1
3.886,OUTER_V,24.0000,0.0389,8.0000,1
3.887,OUTER_V,24.0000,0.0389,8.0000,1
3.888,OUTER_V,24.0000,0.0389,8.0000,1
3.889,OUTER_V,24.0000,0.0389,8.0000,1
3.890,OUTER_V,24.0000,0.0389,8.0000,1
3.891,OUTER_V,24.0000,0.0389,8.0000,1
3.892,OUTER_V,24.0000,0.0389,8.0000,1
3.893,OUTER_V,24.0000,0.0389,8.0000,1
3.894,OUTER_V,24.0000,0.0389,8.0000,1
3.895,OUTER_V,24.0000,0.0389,8.0000,1
3.896,OUTER_V,24.0000,0.0389,8.0000,1
3.897,OUTER_V,24.0000,0.0389,8.0000,1
3.898,OUTER_V,24.0000,0.0389,8.0000,1
3.899,OUTER_V,24.0000,0.0389,8.0000,1
3.900,OUTER_V,24.0000,0.0389,8.0000,1
3.901,OUTER_V,24.0000,0.0389,8.0000,1
3.902,OUTER_V,24.0000,0.0389,8.0000,1
3.903,OUTER_V,24.0000,0.0389,8.0000,1
3.904,OUTER_V,24.0000,0.0389,8.0000,1
3.905,OUTER_V,24.0000,0.0389,8.0000,1
3.906,OUTER_V,24.0000,0.0389,8.0000,1
3.907,OUTER_V,24.0000,0.0389,8.0000,1
3.908,OUTER_V,24.0000,0.0389,8.0000,1
3.909,OUTER_V,24.0000,0.0389,8.0000,1
3.910,OUTER_V,24.0000,0.0389,8.0000,1
3.911,OUTER_V,24.0000,0.0389,8.0000,1
3.912,OUTER_V,24.0000,0.0389,8.0000,1
3.913,OUTER_V,24.0000,0.0389,8.0000,1
3.914,OUTER_V,24.0000,0.0389,8.0000,1
3.915,OUTER_V,24.0000,0.0389,8.0000,1
3.916,OUTER_V,24.0000,0.0389,8.0000,1
3.917,OUTER_V,24.0000,0.0389,8.0000,1
3.918,OUTER_V,24.0000,0.0389,8.0000,1
3.919,OUTER_V,24.0000,0.0389,8.0000,1
3.920,OUTER_V,24.0000,0.0389,8.0000,1
3.921,OUTER_V,24.0000,0.0389,8.0000,1
3.922,OUTER_V,24.0000,0.0389,8.0000,1
3.923,OUTER_V,24.0000,0.0389,8.0000,1
3.924,OUTER_V,24.0000,0.0389,8.0000,1
3.925,OUTER_V,24.0000,0.0389,8.0000,1
3.926,OUTER_V,24.0000,0.0389,8.0000,1
3.927,OUTER_V,24.0000,0.0389,8.0000,1
3.928,OUTER_V,24.0000,0.0389,8.0000,1
3.929,OUTER_V,24.0000,0.0389,8.0000,1
3.930,OUTER_V,24.0000,0.0389,8.0000,1
3.931,OUTER_V,24.0000,0.0389,8.0000,1
3.932,OUTER_V,24.0000,0.0389,8.0000,1
3.933,OUTER_V,24.0000,0.0389,8.0000,1
3.934,OUTER_V,24.0000,0.0389,8.0000,1
3.935,OUTER_V,24.0000,0.0389,8.0000,1
3.936,OUTER_V,24.0000,0.0389,8.0000,1
3.937,OUTER_V,24.0000,0.0389,8.0000,1
3.938,OUTER_V,24.0000,0.0389,8.0000,1
3.939,OUTER_V,24.0000,0.0389,8.0000,1
3.940,OUTER_V,24.0000,0.0389,8.0000,1
3.941,OUTER_V,24.0000,0.0389,8.0000,1
3.942,OUTER_V,24.0000,0.0389,8.0000,1
3.943,OUTER_V,24.0000,0.0389,8.0000,1
3.944,OUTER_V,24.0000,0.0389,8.0000,1
3.945,OUTER_V,24.0000,0.0389,8.0000,1
3.946,OUTER_V,24.0000,0.0389,8.0000,1
3.947,OUTER_V,24.0000,0.0389,8.0000,1
3.948,OUTER_V,24.0000,0.0389,8.0000,1
3.949,OUTER_V,24.0000,0.0389,8.0000,1
3.950,OUTER_V,24.0000,0.0389,8.0000,1
3.951,OUTER_V,24.0000,0.0389,8.0000,1
3.952,OUTER_V,24.0000,0.0389,8.0000,1
3.953,OUTER_V,24.0000,0.0389,8.0000,1
3.954,OUTER_V,24.0000,0.0389,8.0000,1
3.955,OUTER_V,24.0000,0.0389,8.0000,1
3.956,OUTER_V,24.0000,0.0389,8.0000,1
3.957,OUTER_V,24.0000,0.0389,8.0000,1
3.958,OUTER_V,24.0000,0.0389,8.0000,1
3.959,OUTER_V,24.0000,0.0389,8.0000,1
3.960,OUTER_V,24.0000,0.0389,8.0000,1
3.961,OUTER_V,24.0000,0.0389,8.0000,1
3.962,OUTER_V,24.0000,0.0389,8.0000,1
3.963,OUTER_V,24.0000,0.0389,8.0000,1
3.964,OUTER_V,24.0000,0.0389,8.0000,1
3.965,OUTER_V,24.0000,0.0389,8.0000,1
3.966,OUTER_V,24.0000,0.0389,8.0000,1
3.967,OUTER_V,24.0000,0.0389,8.0000,1
3.968,OUTER_V,24.0000,0.0389,8.0000,1
3.969,OUTER_V,24.0000,0.0389,8.0000,1
3.970,OUTER_V,24.0000,0.0389,8.0000,1
3.971,OUTER_V,24.0000,0.0389,8.0000,1
3.972,OUTER_V,24.0000,0.0389,8.0000,1
3.973,OUTER_V,24.0000,0.0389,8.0000,1
3.974,OUTER_V,24.0000,0.0389,8.0000,1
3.975,OUTER_V,24.0000,0.0389,8.0000,1
3.976,OUTER_V,24.0000,0.0389,8.0000,1
3.977,OUTER_V,24.0000,0.0389,8.0000,1
3.978,OUTER_V,24.0000,0.0389,8.0000,1
3.979,OUTER_V,24.0000,0.0389,8.0000,1
3.980,OUTER_V,24.0000,0.0389,8.0000,1
3.981,OUTER_V,24.0000,0.0389,8.0000,1
3.982,OUTER_V,24.0000,0.0389,8.0000,1
3.983,OUTER_V,24.0000,0.0389,8.0000,1
3.984,OUTER_V,24.0000,0.0389,8.0000,1
3.985,OUTER_V,24.0000,0.0389,8.0000,1
3.986,OUTER_V,24.0000,0.0389,8.0000,1
3.987,OUTER_V,24.0000,0.0389,8.0000,1
3.988,OUTER_V,24.0000,0.0389,8.0000,1
3.989,OUTER_V,24.0000,0.0389,8.0000,1
3.990,OUTER_V,24.0000,0.0389,8.0000,1
3.991,OUTER_V,24.0000,0.0389,8.0000,1
3.992,OUTER_V,24.0000,0.0389,8.0000,1
3.993,OUTER_V,24.0000,0.0389,8.0000,1
3.994,OUTER_V,24.0000,0.0389,8.0000,1
3.995,OUTER_V,24.0000,0.0389,8.0000,1
3.996,OUTER_V,24.0000,0.0389,8.0000,1
3.997,OUTER_V,24.0000,0.0389,8.0000,1
3.998,OUTER_V,24.0000,0.0389,8.0000,1
3.999,OUTER_V,24.0000,0.0389,8.0000,1
4.000,OUTER_V,24.0000,0.0389,8.0000,1
