time_s,reference_a,current_a,u_i,u1_true,u1_meas,duty,feedforward,control_dt
0.000000,0.001000,0.000050,0.002010,0.000000,0.000000,0.000084,1,0.000050
0.000050,0.002000,0.000148,0.003929,0.251286,0.251286,0.010634,1,0.000050
0.000100,0.003000,0.000290,0.005762,0.502324,0.502324,0.021170,1,0.000050
0.000150,0.004000,0.000474,0.007515,0.752867,0.752867,0.031683,1,0.000050
0.000200,0.005000,0.000698,0.009192,1.002666,1.002666,0.042161,1,0.000050
0.000250,0.006000,0.000959,0.010797,1.251476,1.251476,0.052595,1,0.000050
0.000300,0.007000,0.001256,0.012335,1.499051,1.499051,0.062974,1,0.000050
0.000350,0.008000,0.001585,0.013810,1.745146,1.745146,0.073290,1,0.000050
0.000400,0.009000,0.001946,0.015225,1.989519,1.989519,0.083531,1,0.000050
0.000450,0.010000,0.002336,0.016584,2.231929,2.231929,0.093688,1,0.000050
0.000500,0.011000,0.002754,0.017890,2.472136,2.472136,0.103751,1,0.000050
0.000550,0.012000,0.003199,0.019146,2.709903,2.709903,0.113710,1,0.000050
0.000600,0.013000,0.003668,0.020356,2.944996,2.944996,0.123556,1,0.000050
0.000650,0.014000,0.004160,0.021521,3.177183,3.177183,0.133279,1,0.000050
0.000700,0.015000,0.004674,0.022645,3.406234,3.406234,0.142870,1,0.000050
0.000750,0.016000,0.005209,0.023730,3.631924,3.631924,0.152319,1,0.000050
0.000800,0.017000,0.005763,0.024779,3.854029,3.854029,0.161617,1,0.000050
0.000850,0.018000,0.006336,0.025792,4.072331,4.072331,0.170755,1,0.000050
0.000900,0.019000,0.006926,0.026773,4.286614,4.286614,0.179724,1,0.000050
0.000950,0.020000,0.007532,0.027724,4.496667,4.496667,0.188516,1,0.000050
0.001000,0.021000,0.008154,0.028645,4.702282,4.702282,0.197122,1,0.000050
0.001050,0.022000,0.008791,0.029540,4.903256,4.903256,0.205533,1,0.000050
0.001100,0.023000,0.009441,0.030409,5.099392,5.099392,0.213742,1,0.000050
0.001150,0.024000,0.010105,0.031254,5.290495,5.290495,0.221740,1,0.000050
0.001200,0.025000,0.010780,0.032076,5.476377,5.476377,0.229519,1,0.000050
0.001250,0.026000,0.011467,0.032877,5.656854,5.656854,0.237072,1,0.000050
0.001300,0.027000,0.012166,0.033658,5.831749,5.831749,0.244392,1,0.000050
0.001350,0.028000,0.012874,0.034420,6.000889,6.000889,0.251471,1,0.000050
0.001400,0.029000,0.013592,0.035165,6.164106,6.164106,0.258303,1,0.000050
0.001450,0.030000,0.014320,0.035892,6.321240,6.321240,0.264881,1,0.000050
0.001500,0.031000,0.015056,0.036604,6.472136,6.472136,0.271198,1,0.000050
0.001550,0.032000,0.015800,0.037301,6.616645,6.616645,0.277248,1,0.000050
0.001600,0.033000,0.016552,0.037985,6.754623,6.754623,0.283025,1,0.000050
0.001650,0.034000,0.017312,0.038655,6.885936,6.885936,0.288525,1,0.000050
0.001700,0.035000,0.018078,0.039313,7.010453,7.010453,0.293740,1,0.000050
0.001750,0.036000,0.018851,0.039959,7.128052,7.128052,0.298667,1,0.000050
0.001800,0.037000,0.019630,0.040595,7.238616,7.238616,0.303300,1,0.000050
0.001850,0.038000,0.020415,0.041220,7.342037,7.342037,0.307636,1,0.000050
0.001900,0.039000,0.021206,0.041836,7.438212,7.438212,0.311669,1,0.000050
0.001950,0.040000,0.022002,0.042442,7.527046,7.527046,0.315395,1,0.000050
0.002000,0.041000,0.022803,0.043040,7.608452,7.608452,0.318812,1,0.000050
0.002050,0.042000,0.023609,0.043630,7.682349,7.682349,0.321916,1,0.000050
0.002100,0.043000,0.024419,0.044213,7.748665,7.748665,0.324703,1,0.000050
0.002150,0.044000,0.025233,0.044788,7.807334,7.807334,0.327172,1,0.000050
0.002200,0.045000,0.026052,0.045357,7.858298,7.858298,0.329319,1,0.000050
0.002250,0.046000,0.026874,0.045919,7.901507,7.901507,0.331143,1,0.000050
0.002300,0.047000,0.027700,0.046476,7.936918,7.936918,0.332641,1,0.000050
0.002350,0.048000,0.028530,0.047027,7.964496,7.964496,0.333813,1,0.000050
0.002400,0.049000,0.029362,0.047573,7.984214,7.984214,0.334658,1,0.000050
0.002450,0.050000,0.030198,0.048114,7.996052,7.996052,0.335174,1,0.000050
0.002500,0.051000,0.031037,0.048650,8.000000,8.000000,0.335360,1,0.000050
0.002550,0.052000,0.031879,0.049182,7.996052,7.996052,0.335218,1,0.000050
0.002600,0.053000,0.032723,0.049710,7.984214,7.984214,0.334747,1,0.000050
0.002650,0.054000,0.033570,0.050235,7.964496,7.964496,0.333947,1,0.000050
0.002700,0.055000,0.034419,0.050755,7.936918,7.936918,0.332820,1,0.000050
0.002750,0.056000,0.035271,0.051272,7.901507,7.901507,0.331366,1,0.000050
0.002800,0.057000,0.036124,0.051787,7.858298,7.858298,0.329587,1,0.000050
0.002850,0.058000,0.036980,0.052298,7.807334,7.807334,0.327485,1,0.000050
0.002900,0.059000,0.037838,0.052806,7.748665,7.748665,0.325061,1,0.000050
0.002950,0.060000,0.038698,0.053312,7.682349,7.682349,0.322319,1,0.000050
0.003000,0.061000,0.039560,0.053815,7.608452,7.608452,0.319261,1,0.000050
0.003050,0.062000,0.040423,0.054316,7.527046,7.527046,0.315890,1,0.000050
0.003100,0.063000,0.041288,0.054815,7.438212,7.438212,0.312209,1,0.000050
0.003150,0.064000,0.042155,0.055312,7.342037,7.342037,0.308223,1,0.000050
0.003200,0.065000,0.043023,0.055807,7.238616,7.238616,0.303934,1,0.000050
0.003250,0.066000,0.043893,0.056301,7.128052,7.128052,0.299348,1,0.000050
0.003300,0.067000,0.044764,0.056792,7.010453,7.010453,0.294469,1,0.000050
0.003350,0.068000,0.045636,0.057282,6.885936,6.885936,0.289301,1,0.000050
0.003400,0.069000,0.046510,0.057771,6.754623,6.754623,0.283850,1,0.000050
0.003450,0.070000,0.047385,0.058258,6.616645,6.616645,0.278121,1,0.000050
0.003500,0.071000,0.048262,0.058744,6.472136,6.472136,0.272120,1,0.000050
0.003550,0.072000,0.049139,0.059229,6.321240,6.321240,0.265853,1,0.000050
0.003600,0.073000,0.050018,0.059713,6.164106,6.164106,0.259326,1,0.000050
0.003650,0.074000,0.050897,0.060195,6.000889,6.000889,0.252545,1,0.000050
0.003700,0.075000,0.051778,0.060677,5.831749,5.831749,0.245518,1,0.000050
0.003750,0.076000,0.052660,0.061158,5.656854,5.656854,0.238251,1,0.000050
0.003800,0.077000,0.053542,0.061638,5.476377,5.476377,0.230751,1,0.000050
0.003850,0.078000,0.054426,0.062117,5.290495,5.290495,0.223025,1,0.000050
0.003900,0.079000,0.055311,0.062595,5.099392,5.099392,0.215083,1,0.000050
0.003950,0.080000,0.056196,0.063073,4.903256,4.903256,0.206930,1,0.000050
0.004000,0.081000,0.057082,0.063550,4.702282,4.702282,0.198576,1,0.000050
0.004050,0.082000,0.057970,0.064027,4.496667,4.496667,0.190029,1,0.000050
0.004100,0.083000,0.058858,0.064503,4.286614,4.286614,0.181297,1,0.000050
0.004150,0.084000,0.059746,0.064978,4.072331,4.072331,0.172388,1,0.000050
0.004200,0.085000,0.060636,0.065454,3.854029,3.854029,0.163312,1,0.000050
0.004250,0.086000,0.061526,0.065928,3.631924,3.631924,0.154077,1,0.000050
0.004300,0.087000,0.062417,0.066402,3.406234,3.406234,0.144693,1,0.000050
0.004350,0.088000,0.063309,0.066876,3.177183,3.177183,0.135169,1,0.000050
0.004400,0.089000,0.064201,0.067350,2.944996,2.944996,0.125514,1,0.000050
0.004450,0.090000,0.065094,0.067823,2.709903,2.709903,0.115739,1,0.000050
0.004500,0.091000,0.065988,0.068296,2.472136,2.472136,0.105851,1,0.000050
0.004550,0.092000,0.066882,0.068769,2.231929,2.231929,0.095862,1,0.000050
0.004600,0.093000,0.067777,0.069241,1.989519,1.989519,0.085782,1,0.000050
0.004650,0.094000,0.068673,0.069713,1.745146,1.745146,0.075619,1,0.000050
0.004700,0.095000,0.069569,0.070185,1.499051,1.499051,0.065385,1,0.000050
0.004750,0.096000,0.070466,0.070657,1.251476,1.251476,0.055089,1,0.000050
0.004800,0.097000,0.071363,0.071129,1.002666,1.002666,0.044741,1,0.000050
0.004850,0.098000,0.072261,0.071600,0.752867,0.752867,0.034353,1,0.000050
0.004900,0.099000,0.073160,0.072072,0.502324,0.502324,0.023933,1,0.000050
0.004950,0.100000,0.074059,0.072543,0.251286,0.251286,0.013493,1,0.000050
0.005000,0.101000,0.074958,0.073014,0.000000,0.000000,0.003042,1,0.000050
0.005050,0.102000,0.075859,0.073486,-0.251286,-0.251286,-0.007408,1,0.000050
0.005100,0.103000,0.076759,0.073957,-0.502324,-0.502324,-0.017849,1,0.000050
0.005150,0.104000,0.077661,0.074428,-0.752867,-0.752867,-0.028268,1,0.000050
0.005200,0.105000,0.078562,0.074899,-1.002666,-1.002666,-0.038657,1,0.000050
0.005250,0.106000,0.079464,0.075370,-1.251476,-1.251476,-0.049004,1,0.000050
0.005300,0.107000,0.080367,0.075841,-1.499051,-1.499051,-0.059300,1,0.000050
0.005350,0.108000,0.081270,0.076312,-1.745146,-1.745146,-0.069535,1,0.000050
0.005400,0.109000,0.082174,0.076782,-1.989519,-1.989519,-0.079697,1,0.000050
0.005450,0.110000,0.083078,0.077253,-2.231929,-2.231929,-0.089778,1,0.000050
0.005500,0.111000,0.083983,0.077724,-2.472136,-2.472136,-0.099767,1,0.000050
0.005550,0.112000,0.084888,0.078195,-2.709903,-2.709903,-0.109655,1,0.000050
0.005600,0.113000,0.085793,0.078666,-2.944996,-2.944996,-0.119430,1,0.000050
0.005650,0.114000,0.086699,0.079137,-3.177183,-3.177183,-0.129085,1,0.000050
0.005700,0.115000,0.087606,0.079608,-3.406234,-3.406234,-0.138609,1,0.000050
0.005750,0.116000,0.088513,0.080079,-3.631924,-3.631924,-0.147994,1,0.000050
0.005800,0.117000,0.089420,0.080550,-3.854029,-3.854029,-0.157228,1,0.000050
0.005850,0.118000,0.090328,0.081021,-4.072331,-4.072331,-0.166305,1,0.000050
0.005900,0.119000,0.091236,0.081492,-4.286614,-4.286614,-0.175213,1,0.000050
0.005950,0.120000,0.092145,0.081964,-4.496667,-4.496667,-0.183946,1,0.000050
0.006000,0.121000,0.093054,0.082435,-4.702282,-4.702282,-0.192494,1,0.000050
0.006050,0.122000,0.093963,0.082906,-4.903256,-4.903256,-0.200848,1,0.000050
0.006100,0.123000,0.094873,0.083378,-5.099392,-5.099392,-0.209001,1,0.000050
0.006150,0.124000,0.095784,0.083849,-5.290495,-5.290495,-0.216944,1,0.000050
0.006200,0.125000,0.096694,0.084321,-5.476377,-5.476377,-0.224669,1,0.000050
0.006250,0.126000,0.097605,0.084792,-5.656854,-5.656854,-0.232169,1,0.000050
0.006300,0.127000,0.098517,0.085264,-5.831749,-5.831749,-0.239437,1,0.000050
0.006350,0.128000,0.099429,0.085736,-6.000889,-6.000889,-0.246465,1,0.000050
0.006400,0.129000,0.100341,0.086208,-6.164106,-6.164106,-0.253246,1,0.000050
0.006450,0.130000,0.101254,0.086680,-6.321240,-6.321240,-0.259773,1,0.000050
0.006500,0.131000,0.102167,0.087152,-6.472136,-6.472136,-0.266041,1,0.000050
0.006550,0.132000,0.103081,0.087624,-6.616645,-6.616645,-0.272043,1,0.000050
0.006600,0.133000,0.103994,0.088096,-6.754623,-6.754623,-0.277772,1,0.000050
0.006650,0.134000,0.104909,0.088568,-6.885936,-6.885936,-0.283224,1,0.000050
0.006700,0.135000,0.105823,0.089040,-7.010453,-7.010453,-0.288392,1,0.000050
0.006750,0.136000,0.106738,0.089513,-7.128052,-7.128052,-0.293272,1,0.000050
0.006800,0.137000,0.107654,0.089985,-7.238616,-7.238616,-0.297860,1,0.000050
0.006850,0.138000,0.108570,0.090458,-7.342037,-7.342037,-0.302149,1,0.000050
0.006900,0.139000,0.109486,0.090931,-7.438212,-7.438212,-0.306137,1,0.000050
0.006950,0.140000,0.110402,0.091404,-7.527046,-7.527046,-0.309818,1,0.000050
0.007000,0.141000,0.111319,0.091877,-7.608452,-7.608452,-0.313191,1,0.000050
0.007050,0.142000,0.112236,0.092350,-7.682349,-7.682349,-0.316250,1,0.000050
0.007100,0.143000,0.113154,0.092823,-7.748665,-7.748665,-0.318993,1,0.000050
0.007150,0.144000,0.114072,0.093296,-7.807334,-7.807334,-0.321418,1,0.000050
0.007200,0.145000,0.114990,0.093769,-7.858298,-7.858298,-0.323522,1,0.000050
0.007250,0.146000,0.115909,0.094243,-7.901507,-7.901507,-0.325303,1,0.000050
0.007300,0.147000,0.116828,0.094716,-7.936918,-7.936918,-0.326758,1,0.000050
0.007350,0.148000,0.117747,0.095190,-7.964496,-7.964496,-0.327888,1,0.000050
0.007400,0.149000,0.118667,0.095664,-7.984214,-7.984214,-0.328690,1,0.000050
0.007450,0.150000,0.119587,0.096138,-7.996052,-7.996052,-0.329163,1,0.000050
0.007500,0.151000,0.120508,0.096611,-8.000000,-8.000000,-0.329308,1,0.000050
0.007550,0.152000,0.121429,0.097085,-7.996052,-7.996052,-0.329124,1,0.000050
0.007600,0.153000,0.122350,0.097560,-7.984214,-7.984214,-0.328611,1,0.000050
0.007650,0.154000,0.123271,0.098034,-7.964496,-7.964496,-0.327769,1,0.000050
0.007700,0.155000,0.124193,0.098508,-7.936918,-7.936918,-0.326600,1,0.000050
0.007750,0.156000,0.125115,0.098983,-7.901507,-7.901507,-0.325105,1,0.000050
0.007800,0.157000,0.126038,0.099457,-7.858298,-7.858298,-0.323285,1,0.000050
0.007850,0.158000,0.126960,0.099932,-7.807334,-7.807334,-0.321142,1,0.000050
0.007900,0.159000,0.127884,0.100407,-7.748665,-7.748665,-0.318677,1,0.000050
0.007950,0.160000,0.128807,0.100881,-7.682349,-7.682349,-0.315895,1,0.000050
0.008000,0.161000,0.129731,0.101356,-7.608452,-7.608452,-0.312796,1,0.000050
0.008050,0.162000,0.130655,0.101831,-7.527046,-7.527046,-0.309384,1,0.000050
0.008100,0.163000,0.131580,0.102307,-7.438212,-7.438212,-0.305663,1,0.000050
0.008150,0.164000,0.132504,0.102782,-7.342037,-7.342037,-0.301636,1,0.000050
0.008200,0.165000,0.133429,0.103257,-7.238616,-7.238616,-0.297307,1,0.000050
0.008250,0.166000,0.134355,0.103733,-7.128052,-7.128052,-0.292680,1,0.000050
0.008300,0.167000,0.135281,0.104208,-7.010453,-7.010453,-0.287760,1,0.000050
0.008350,0.168000,0.136207,0.104684,-6.885936,-6.885936,-0.282552,1,0.000050
0.008400,0.169000,0.137133,0.105160,-6.754623,-6.754623,-0.277061,1,0.000050
0.008450,0.170000,0.138060,0.105635,-6.616645,-6.616645,-0.271292,1,0.000050
0.008500,0.171000,0.138987,0.106111,-6.472136,-6.472136,-0.265251,1,0.000050
0.008550,0.172000,0.139914,0.106587,-6.321240,-6.321240,-0.258944,1,0.000050
0.008600,0.173000,0.140842,0.107064,-6.164106,-6.164106,-0.252377,1,0.000050
0.008650,0.174000,0.141770,0.107540,-6.000889,-6.000889,-0.245556,1,0.000050
0.008700,0.175000,0.142698,0.108016,-5.831749,-5.831749,-0.238489,1,0.000050
0.008750,0.176000,0.143627,0.108493,-5.656854,-5.656854,-0.231182,1,0.000050
0.008800,0.177000,0.144556,0.108969,-5.476377,-5.476377,-0.223642,1,0.000050
0.008850,0.178000,0.145485,0.109446,-5.290495,-5.290495,-0.215877,1,0.000050
0.008900,0.179000,0.146414,0.109923,-5.099392,-5.099392,-0.207895,1,0.000050
0.008950,0.180000,0.147344,0.110399,-4.903256,-4.903256,-0.199702,1,0.000050
0.009000,0.181000,0.148274,0.110876,-4.702282,-4.702282,-0.191309,1,0.000050
0.009050,0.182000,0.149205,0.111353,-4.496667,-4.496667,-0.182721,1,0.000050
0.009100,0.183000,0.150135,0.111831,-4.286614,-4.286614,-0.173949,1,0.000050
0.009150,0.184000,0.151066,0.112308,-4.072331,-4.072331,-0.165001,1,0.000050
0.009200,0.185000,0.151998,0.112785,-3.854029,-3.854029,-0.155885,1,0.000050
0.009250,0.186000,0.152929,0.113263,-3.631924,-3.631924,-0.146611,1,0.000050
0.009300,0.187000,0.153861,0.113740,-3.406234,-3.406234,-0.137187,1,0.000050
0.009350,0.188000,0.154793,0.114218,-3.177183,-3.177183,-0.127624,1,0.000050
0.009400,0.189000,0.155726,0.114695,-2.944996,-2.944996,-0.117929,1,0.000050
0.009450,0.190000,0.156659,0.115173,-2.709903,-2.709903,-0.108114,1,0.000050
0.009500,0.191000,0.157592,0.115651,-2.472136,-2.472136,-0.098187,1,0.000050
0.009550,0.192000,0.158525,0.116129,-2.231929,-2.231929,-0.088158,1,0.000050
0.009600,0.193000,0.159459,0.116607,-1.989519,-1.989519,-0.078038,1,0.000050
0.009650,0.194000,0.160392,0.117085,-1.745146,-1.745146,-0.067836,1,0.000050
0.009700,0.195000,0.161327,0.117564,-1.499051,-1.499051,-0.057562,1,0.000050
0.009750,0.196000,0.162261,0.118042,-1.251476,-1.251476,-0.047226,1,0.000050
0.009800,0.197000,0.163196,0.118520,-1.002666,-1.002666,-0.036839,1,0.000050
0.009850,0.198000,0.164131,0.118999,-0.752867,-0.752867,-0.026411,1,0.000050
0.009900,0.199000,0.165066,0.119478,-0.502324,-0.502324,-0.015952,1,0.000050
0.009950,0.200000,0.166002,0.119956,-0.251286,-0.251286,-0.005472,1,0.000050
0.010000,0.201000,0.166938,0.120435,-0.000000,-0.000000,0.005018,1,0.000050
0.010050,0.202000,0.167874,0.120914,0.251286,0.251286,0.015508,1,0.000050
0.010100,0.203000,0.168810,0.121393,0.502324,0.502324,0.025988,1,0.000050
0.010150,0.204000,0.169747,0.121872,0.752867,0.752867,0.036447,1,0.000050
0.010200,0.205000,0.170684,0.122351,1.002666,1.002666,0.046876,1,0.000050
0.010250,0.206000,0.171621,0.122831,1.251476,1.251476,0.057263,1,0.000050
0.010300,0.207000,0.172559,0.123310,1.499051,1.499051,0.067598,1,0.000050
0.010350,0.208000,0.173496,0.123789,1.745146,1.745146,0.077872,1,0.000050
0.010400,0.209000,0.174434,0.124269,1.989519,1.989519,0.088075,1,0.000050
0.010450,0.210000,0.175373,0.124749,2.231929,2.231929,0.098195,1,0.000050
0.010500,0.211000,0.176311,0.125228,2.472136,2.472136,0.108224,1,0.000050
0.010550,0.212000,0.177250,0.125708,2.709903,2.709903,0.118150,1,0.000050
0.010600,0.213000,0.178189,0.126188,2.944996,2.944996,0.127966,1,0.000050
0.010650,0.214000,0.179128,0.126668,3.177183,3.177183,0.137660,1,0.000050
0.010700,0.215000,0.180068,0.127148,3.406234,3.406234,0.147224,1,0.000050
0.010750,0.216000,0.181008,0.127628,3.631924,3.631924,0.156648,1,0.000050
0.010800,0.217000,0.181948,0.128108,3.854029,3.854029,0.165922,1,0.000050
0.010850,0.218000,0.182888,0.128589,4.072331,4.072331,0.175038,1,0.000050
0.010900,0.219000,0.183829,0.129069,4.286614,4.286614,0.183987,1,0.000050
0.010950,0.220000,0.184770,0.129549,4.496667,4.496667,0.192759,1,0.000050
0.011000,0.221000,0.185711,0.130030,4.702282,4.702282,0.201346,1,0.000050
0.011050,0.222000,0.186652,0.130511,4.903256,4.903256,0.209740,1,0.000050
0.011100,0.223000,0.187594,0.130991,5.099392,5.099392,0.217933,1,0.000050
0.011150,0.224000,0.188536,0.131472,5.290495,5.290495,0.225915,1,0.000050
0.011200,0.225000,0.189478,0.131953,5.476377,5.476377,0.233680,1,0.000050
0.011250,0.226000,0.190420,0.132434,5.656854,5.656854,0.241220,1,0.000050
0.011300,0.227000,0.191363,0.132915,5.831749,5.831749,0.248528,1,0.000050
0.011350,0.228000,0.192306,0.133396,6.000889,6.000889,0.255595,1,0.000050
0.011400,0.229000,0.193249,0.133877,6.164106,6.164106,0.262416,1,0.000050
0.011450,0.230000,0.194192,0.134359,6.321240,6.321240,0.268983,1,0.000050
0.011500,0.231000,0.195136,0.134840,6.472136,6.472136,0.275291,1,0.000050
0.011550,0.232000,0.196080,0.135321,6.616645,6.616645,0.281332,1,0.000050
0.011600,0.233000,0.197024,0.135803,6.754623,6.754623,0.287101,1,0.000050
0.011650,0.234000,0.197968,0.136285,6.885936,6.885936,0.292593,1,0.000050
0.011700,0.235000,0.198913,0.136766,7.010453,7.010453,0.297801,1,0.000050
0.011750,0.236000,0.199857,0.137248,7.128052,7.128052,0.302721,1,0.000050
0.011800,0.237000,0.200802,0.137730,7.238616,7.238616,0.307348,1,0.000050
0.011850,0.238000,0.201748,0.138212,7.342037,7.342037,0.311677,1,0.000050
0.011900,0.239000,0.202693,0.138694,7.438212,7.438212,0.315704,1,0.000050
0.011950,0.240000,0.203639,0.139176,7.527046,7.527046,0.319426,1,0.000050
0.012000,0.241000,0.204585,0.139658,7.608452,7.608452,0.322838,1,0.000050
0.012050,0.242000,0.205531,0.140140,7.682349,7.682349,0.325937,1,0.000050
0.012100,0.243000,0.206478,0.140623,7.748665,7.748665,0.328720,1,0.000050
0.012150,0.244000,0.207424,0.141105,7.807334,7.807334,0.331185,1,0.000050
0.012200,0.245000,0.208371,0.141587,7.858298,7.858298,0.333329,1,0.000050
0.012250,0.246000,0.209318,0.142070,7.901507,7.901507,0.335149,1,0.000050
0.012300,0.247000,0.210266,0.142553,7.936918,7.936918,0.336645,1,0.000050
0.012350,0.248000,0.211213,0.143035,7.964496,7.964496,0.337814,1,0.000050
0.012400,0.249000,0.212161,0.143518,7.984214,7.984214,0.338655,1,0.000050
0.012450,0.250000,0.213109,0.144001,7.996052,7.996052,0.339169,1,0.000050
0.012500,0.251000,0.214057,0.144484,8.000000,8.000000,0.339353,1,0.000050
0.012550,0.252000,0.215006,0.144967,7.996052,7.996052,0.339209,1,0.000050
0.012600,0.253000,0.215954,0.145450,7.984214,7.984214,0.338736,1,0.000050
0.012650,0.254000,0.216903,0.145933,7.964496,7.964496,0.337935,1,0.000050
0.012700,0.255000,0.217852,0.146416,7.936918,7.936918,0.336806,1,0.000050
0.012750,0.256000,0.218802,0.146899,7.901507,7.901507,0.335350,1,0.000050
0.012800,0.257000,0.219751,0.147383,7.858298,7.858298,0.333570,1,0.000050
0.012850,0.258000,0.220701,0.147866,7.807334,7.807334,0.331467,1,0.000050
0.012900,0.259000,0.221651,0.148349,7.748665,7.748665,0.329042,1,0.000050
0.012950,0.260000,0.222601,0.148833,7.682349,7.682349,0.326299,1,0.000050
0.013000,0.261000,0.223551,0.149317,7.608452,7.608452,0.323240,1,0.000050
0.013050,0.262000,0.224502,0.149800,7.527046,7.527046,0.319869,1,0.000050
0.013100,0.263000,0.225453,0.150284,7.438212,7.438212,0.316187,1,0.000050
0.013150,0.264000,0.226404,0.150768,7.342037,7.342037,0.312200,1,0.000050
0.013200,0.265000,0.227355,0.151252,7.238616,7.238616,0.307911,1,0.000050
0.013250,0.266000,0.228307,0.151736,7.128052,7.128052,0.303324,1,0.000050
0.013300,0.267000,0.229258,0.152220,7.010453,7.010453,0.298445,1,0.000050
0.013350,0.268000,0.230210,0.152704,6.885936,6.885936,0.293277,1,0.000050
0.013400,0.269000,0.231162,0.153188,6.754623,6.754623,0.287825,1,0.000050
0.013450,0.270000,0.232114,0.153672,6.616645,6.616645,0.282097,1,0.000050
0.013500,0.271000,0.233067,0.154157,6.472136,6.472136,0.276096,1,0.000050
0.013550,0.272000,0.234020,0.154641,6.321240,6.321240,0.269828,1,0.000050
0.013600,0.273000,0.234973,0.155125,6.164106,6.164106,0.263301,1,0.000050
0.013650,0.274000,0.235926,0.155610,6.000889,6.000889,0.256521,1,0.000050
0.013700,0.275000,0.236879,0.156094,5.831749,5.831749,0.249493,1,0.000050
0.013750,0.276000,0.237832,0.156579,5.656854,5.656854,0.242226,1,0.000050
0.013800,0.277000,0.238786,0.157064,5.476377,5.476377,0.234727,1,0.000050
0.013850,0.278000,0.239740,0.157548,5.290495,5.290495,0.227002,1,0.000050
0.013900,0.279000,0.240694,0.158033,5.099392,5.099392,0.219059,1,0.000050
0.013950,0.280000,0.241648,0.158518,4.903256,4.903256,0.210907,1,0.000050
0.014000,0.281000,0.242603,0.159003,4.702282,4.702282,0.202554,1,0.000050
0.014050,0.282000,0.243557,0.159488,4.496667,4.496667,0.194006,1,0.000050
0.014100,0.283000,0.244512,0.159973,4.286614,4.286614,0.185274,1,0.000050
0.014150,0.284000,0.245467,0.160458,4.072331,4.072331,0.176366,1,0.000050
0.014200,0.285000,0.246423,0.160944,3.854029,3.854029,0.167291,1,0.000050
0.014250,0.286000,0.247378,0.161429,3.631924,3.631924,0.158056,1,0.000050
0.014300,0.287000,0.248334,0.161914,3.406234,3.406234,0.148673,1,0.000050
0.014350,0.288000,0.249290,0.162400,3.177183,3.177183,0.139149,1,0.000050
0.014400,0.289000,0.250246,0.162885,2.944996,2.944996,0.129495,1,0.000050
0.014450,0.290000,0.251202,0.163371,2.709903,2.709903,0.119720,1,0.000050
0.014500,0.291000,0.252158,0.163856,2.472136,2.472136,0.109833,1,0.000050
0.014550,0.292000,0.253115,0.164342,2.231929,2.231929,0.099845,1,0.000050
0.014600,0.293000,0.254071,0.164828,1.989519,1.989519,0.089764,1,0.000050
0.014650,0.294000,0.255028,0.165313,1.745146,1.745146,0.079602,1,0.000050
0.014700,0.295000,0.255986,0.165799,1.499051,1.499051,0.069369,1,0.000050
0.014750,0.296000,0.256943,0.166285,1.251476,1.251476,0.059073,1,0.000050
0.014800,0.297000,0.257900,0.166771,1.002666,1.002666,0.048727,1,0.000050
0.014850,0.298000,0.258858,0.167257,0.752867,0.752867,0.038338,1,0.000050
0.014900,0.299000,0.259816,0.167743,0.502324,0.502324,0.027919,1,0.000050
0.014950,0.300000,0.260774,0.168229,0.251286,0.251286,0.017480,1,0.000050
0.015000,0.301000,0.261732,0.168715,-0.000000,-0.000000,0.007030,1,0.000050
0.015050,0.302000,0.262690,0.169202,-0.251286,-0.251286,-0.003420,1,0.000050
0.015100,0.303000,0.263649,0.169688,-0.502324,-0.502324,-0.013860,1,0.000050
0.015150,0.304000,0.264608,0.170174,-0.752867,-0.752867,-0.024279,1,0.000050
0.015200,0.305000,0.265567,0.170661,-1.002666,-1.002666,-0.034667,1,0.000050
0.015250,0.306000,0.266526,0.171147,-1.251476,-1.251476,-0.045014,1,0.000050
0.015300,0.307000,0.267485,0.171634,-1.499051,-1.499051,-0.055309,1,0.000050
0.015350,0.308000,0.268445,0.172120,-1.745146,-1.745146,-0.065543,1,0.000050
0.015400,0.309000,0.269404,0.172607,-1.989519,-1.989519,-0.075705,1,0.000050
0.015450,0.310000,0.270364,0.173094,-2.231929,-2.231929,-0.085785,1,0.000050
0.015500,0.311000,0.271324,0.173581,-2.472136,-2.472136,-0.095773,1,0.000050
0.015550,0.312000,0.272284,0.174067,-2.709903,-2.709903,-0.105660,1,0.000050
0.015600,0.313000,0.273244,0.174554,-2.944996,-2.944996,-0.115435,1,0.000050
0.015650,0.314000,0.274205,0.175041,-3.177183,-3.177183,-0.125089,1,0.000050
0.015700,0.315000,0.275165,0.175528,-3.406234,-3.406234,-0.134613,1,0.000050
0.015750,0.316000,0.276126,0.176015,-3.631924,-3.631924,-0.143996,1,0.000050
0.015800,0.317000,0.277087,0.176502,-3.854029,-3.854029,-0.153230,1,0.000050
0.015850,0.318000,0.278048,0.176990,-4.072331,-4.072331,-0.162306,1,0.000050
0.015900,0.319000,0.279010,0.177477,-4.286614,-4.286614,-0.171214,1,0.000050
0.015950,0.320000,0.279971,0.177964,-4.496667,-4.496667,-0.179946,1,0.000050
0.016000,0.321000,0.280933,0.178451,-4.702282,-4.702282,-0.188493,1,0.000050
0.016050,0.322000,0.281895,0.178939,-4.903256,-4.903256,-0.196847,1,0.000050
0.016100,0.323000,0.282857,0.179426,-5.099392,-5.099392,-0.204999,1,0.000050
0.016150,0.324000,0.283819,0.179914,-5.290495,-5.290495,-0.212941,1,0.000050
0.016200,0.325000,0.284781,0.180401,-5.476377,-5.476377,-0.220666,1,0.000050
0.016250,0.326000,0.285744,0.180889,-5.656854,-5.656854,-0.228165,1,0.000050
0.016300,0.327000,0.286706,0.181377,-5.831749,-5.831749,-0.235432,1,0.000050
0.016350,0.328000,0.287669,0.181864,-6.000889,-6.000889,-0.242459,1,0.000050
0.016400,0.329000,0.288632,0.182352,-6.164106,-6.164106,-0.249240,1,0.000050
0.016450,0.330000,0.289595,0.182840,-6.321240,-6.321240,-0.255767,1,0.000050
0.016500,0.331000,0.290558,0.183328,-6.472136,-6.472136,-0.262034,1,0.000050
0.016550,0.332000,0.291522,0.183816,-6.616645,-6.616645,-0.268035,1,0.000050
0.016600,0.333000,0.292485,0.184303,-6.754623,-6.754623,-0.273763,1,0.000050
0.016650,0.334000,0.293449,0.184792,-6.885936,-6.885936,-0.279214,1,0.000050
0.016700,0.335000,0.294413,0.185280,-7.010453,-7.010453,-0.284382,1,0.000050
0.016750,0.336000,0.295377,0.185768,-7.128052,-7.128052,-0.289262,1,0.000050
0.016800,0.337000,0.296341,0.186256,-7.238616,-7.238616,-0.293848,1,0.000050
0.016850,0.338000,0.297305,0.186744,-7.342037,-7.342037,-0.298137,1,0.000050
0.016900,0.339000,0.298270,0.187232,-7.438212,-7.438212,-0.302124,1,0.000050
0.016950,0.340000,0.299234,0.187721,-7.527046,-7.527046,-0.305805,1,0.000050
0.017000,0.341000,0.300199,0.188209,-7.608452,-7.608452,-0.309177,1,0.000050
0.017050,0.342000,0.301164,0.188697,-7.682349,-7.682349,-0.312236,1,0.000050
0.017100,0.343000,0.302129,0.189186,-7.748665,-7.748665,-0.314978,1,0.000050
0.017150,0.344000,0.303095,0.189674,-7.807334,-7.807334,-0.317402,1,0.000050
0.017200,0.345000,0.304060,0.190163,-7.858298,-7.858298,-0.319506,1,0.000050
0.017250,0.346000,0.305026,0.190652,-7.901507,-7.901507,-0.321286,1,0.000050
0.017300,0.347000,0.305991,0.191140,-7.936918,-7.936918,-0.322741,1,0.000050
0.017350,0.348000,0.306957,0.191629,-7.964496,-7.964496,-0.323869,1,0.000050
0.017400,0.349000,0.307923,0.192118,-7.984214,-7.984214,-0.324671,1,0.000050
0.017450,0.350000,0.308889,0.192607,-7.996052,-7.996052,-0.325144,1,0.000050
0.017500,0.351000,0.309855,0.193095,-8.000000,-8.000000,-0.325288,1,0.000050
0.017550,0.352000,0.310822,0.193584,-7.996052,-7.996052,-0.325103,1,0.000050
0.017600,0.353000,0.311788,0.194073,-7.984214,-7.984214,-0.324589,1,0.000050
0.017650,0.354000,0.312755,0.194562,-7.964496,-7.964496,-0.323747,1,0.000050
0.017700,0.355000,0.313722,0.195051,-7.936918,-7.936918,-0.322578,1,0.000050
0.017750,0.356000,0.314689,0.195540,-7.901507,-7.901507,-0.321082,1,0.000050
0.017800,0.357000,0.315656,0.196030,-7.858298,-7.858298,-0.319261,1,0.000050
0.017850,0.358000,0.316623,0.196519,-7.807334,-7.807334,-0.317117,1,0.000050
0.017900,0.359000,0.317591,0.197008,-7.748665,-7.748665,-0.314652,1,0.000050
0.017950,0.360000,0.318558,0.197497,-7.682349,-7.682349,-0.311869,1,0.000050
0.018000,0.361000,0.319526,0.197987,-7.608452,-7.608452,-0.308769,1,0.000050
0.018050,0.362000,0.320494,0.198476,-7.527046,-7.527046,-0.305357,1,0.000050
0.018100,0.363000,0.321462,0.198965,-7.438212,-7.438212,-0.301635,1,0.000050
0.018150,0.364000,0.322430,0.199455,-7.342037,-7.342037,-0.297608,1,0.000050
0.018200,0.365000,0.323398,0.199944,-7.238616,-7.238616,-0.293278,1,0.000050
0.018250,0.366000,0.324366,0.200434,-7.128052,-7.128052,-0.288651,1,0.000050
0.018300,0.367000,0.325335,0.200923,-7.010453,-7.010453,-0.283730,1,0.000050
0.018350,0.368000,0.326304,0.201413,-6.885936,-6.885936,-0.278522,1,0.000050
0.018400,0.369000,0.327272,0.201903,-6.754623,-6.754623,-0.273030,1,0.000050
0.018450,0.370000,0.328241,0.202393,-6.616645,-6.616645,-0.267261,1,0.000050
0.018500,0.371000,0.329210,0.202882,-6.472136,-6.472136,-0.261219,1,0.000050
0.018550,0.372000,0.330179,0.203372,-6.321240,-6.321240,-0.254911,1,0.000050
0.018600,0.373000,0.331149,0.203862,-6.164106,-6.164106,-0.248343,1,0.000050
0.018650,0.374000,0.332118,0.204352,-6.000889,-6.000889,-0.241522,1,0.000050
0.018700,0.375000,0.333088,0.204842,-5.831749,-5.831749,-0.234454,1,0.000050
0.018750,0.376000,0.334057,0.205332,-5.656854,-5.656854,-0.227147,1,0.000050
0.018800,0.377000,0.335027,0.205822,-5.476377,-5.476377,-0.219606,1,0.000050
0.018850,0.378000,0.335997,0.206312,-5.290495,-5.290495,-0.211841,1,0.000050
0.018900,0.379000,0.336967,0.206802,-5.099392,-5.099392,-0.203858,1,0.000050
0.018950,0.380000,0.337938,0.207292,-4.903256,-4.903256,-0.195665,1,0.000050
0.019000,0.381000,0.338908,0.207782,-4.702282,-4.702282,-0.187271,1,0.000050
0.019050,0.382000,0.339878,0.208273,-4.496667,-4.496667,-0.178683,1,0.000050
0.019100,0.383000,0.340849,0.208763,-4.286614,-4.286614,-0.169910,1,0.000050
0.019150,0.384000,0.341820,0.209253,-4.072331,-4.072331,-0.160962,1,0.000050
0.019200,0.385000,0.342791,0.209744,-3.854029,-3.854029,-0.151845,1,0.000050
0.019250,0.386000,0.343761,0.210234,-3.631924,-3.631924,-0.142570,1,0.000050
0.019300,0.387000,0.344733,0.210724,-3.406234,-3.406234,-0.133146,1,0.000050
0.019350,0.388000,0.345704,0.211215,-3.177183,-3.177183,-0.123582,1,0.000050
0.019400,0.389000,0.346675,0.211705,-2.944996,-2.944996,-0.113887,1,0.000050
0.019450,0.390000,0.347647,0.212196,-2.709903,-2.709903,-0.104071,1,0.000050
0.019500,0.391000,0.348618,0.212687,-2.472136,-2.472136,-0.094144,1,0.000050
0.019550,0.392000,0.349590,0.213177,-2.231929,-2.231929,-0.084115,1,0.000050
0.019600,0.393000,0.350562,0.213668,-1.989519,-1.989519,-0.073994,1,0.000050
0.019650,0.394000,0.351534,0.214159,-1.745146,-1.745146,-0.063791,1,0.000050
0.019700,0.395000,0.352506,0.214649,-1.499051,-1.499051,-0.053517,1,0.000050
0.019750,0.396000,0.353478,0.215140,-1.251476,-1.251476,-0.043181,1,0.000050
0.019800,0.397000,0.354450,0.215631,-1.002666,-1.002666,-0.032793,1,0.000050
0.019850,0.398000,0.355423,0.216122,-0.752867,-0.752867,-0.022364,1,0.000050
0.019900,0.399000,0.356395,0.216613,-0.502324,-0.502324,-0.011905,1,0.000050
0.019950,0.400000,0.357368,0.217104,-0.251286,-0.251286,-0.001424,1,0.000050
0.020000,0.401000,0.358341,0.217595,-0.000000,-0.000000,0.009066,1,0.000050
0.020050,0.402000,0.359314,0.218086,0.251286,0.251286,0.019557,1,0.000050
0.020100,0.403000,0.360287,0.218577,0.502324,0.502324,0.030038,1,0.000050
0.020150,0.404000,0.361260,0.219068,0.752867,0.752867,0.040497,1,0.000050
0.020200,0.405000,0.362233,0.219559,1.002666,1.002666,0.050926,1,0.000050
0.020250,0.406000,0.363206,0.220051,1.251476,1.251476,0.061314,1,0.000050
0.020300,0.407000,0.364180,0.220542,1.499051,1.499051,0.071650,1,0.000050
0.020350,0.408000,0.365153,0.221033,1.745146,1.745146,0.081924,1,0.000050
0.020400,0.409000,0.366127,0.221524,1.989519,1.989519,0.092127,1,0.000050
0.020450,0.410000,0.367101,0.222016,2.231929,2.231929,0.102248,1,0.000050
0.020500,0.411000,0.368075,0.222507,2.472136,2.472136,0.112277,1,0.000050
0.020550,0.412000,0.369049,0.222998,2.709903,2.709903,0.122204,1,0.000050
0.020600,0.413000,0.370023,0.223490,2.944996,2.944996,0.132020,1,0.000050
0.020650,0.414000,0.370997,0.223981,3.177183,3.177183,0.141715,1,0.000050
0.020700,0.415000,0.371971,0.224473,3.406234,3.406234,0.151279,1,0.000050
0.020750,0.416000,0.372946,0.224965,3.631924,3.631924,0.160704,1,0.000050
0.020800,0.417000,0.373921,0.225456,3.854029,3.854029,0.169979,1,0.000050
0.020850,0.418000,0.374895,0.225948,4.072331,4.072331,0.179095,1,0.000050
0.020900,0.419000,0.375870,0.226439,4.286614,4.286614,0.188044,1,0.000050
0.020950,0.420000,0.376845,0.226931,4.496667,4.496667,0.196817,1,0.000050
0.021000,0.421000,0.377820,0.227423,4.702282,4.702282,0.205404,1,0.000050
0.021050,0.422000,0.378795,0.227915,4.903256,4.903256,0.213799,1,0.000050
0.021100,0.423000,0.379770,0.228406,5.099392,5.099392,0.221992,1,0.000050
0.021150,0.424000,0.380746,0.228898,5.290495,5.290495,0.229975,1,0.000050
0.021200,0.425000,0.381721,0.229390,5.476377,5.476377,0.237740,1,0.000050
0.021250,0.426000,0.382697,0.229882,5.656854,5.656854,0.245281,1,0.000050
0.021300,0.427000,0.383672,0.230374,5.831749,5.831749,0.252588,1,0.000050
0.021350,0.428000,0.384648,0.230866,6.000889,6.000889,0.259656,1,0.000050
0.021400,0.429000,0.385624,0.231358,6.164106,6.164106,0.266478,1,0.000050
0.021450,0.430000,0.386600,0.231850,6.321240,6.321240,0.273045,1,0.000050
0.021500,0.431000,0.387576,0.232342,6.472136,6.472136,0.279353,1,0.000050
0.021550,0.432000,0.388552,0.232834,6.616645,6.616645,0.285395,1,0.000050
0.021600,0.433000,0.389528,0.233327,6.754623,6.754623,0.291165,1,0.000050
0.021650,0.434000,0.390505,0.233819,6.885936,6.885936,0.296656,1,0.000050
0.021700,0.435000,0.391481,0.234311,7.010453,7.010453,0.301865,1,0.000050
0.021750,0.436000,0.392458,0.234803,7.128052,7.128052,0.306786,1,0.000050
0.021800,0.437000,0.393434,0.235295,7.238616,7.238616,0.311413,1,0.000050
0.021850,0.438000,0.394411,0.235788,7.342037,7.342037,0.315743,1,0.000050
0.021900,0.439000,0.395388,0.236280,7.438212,7.438212,0.319771,1,0.000050
0.021950,0.440000,0.396365,0.236773,7.527046,7.527046,0.323492,1,0.000050
0.022000,0.441000,0.397342,0.237265,7.608452,7.608452,0.326905,1,0.000050
0.022050,0.442000,0.398319,0.237757,7.682349,7.682349,0.330004,1,0.000050
0.022100,0.443000,0.399296,0.238250,7.748665,7.748665,0.332788,1,0.000050
0.022150,0.444000,0.400274,0.238742,7.807334,7.807334,0.335253,1,0.000050
0.022200,0.445000,0.401251,0.239235,7.858298,7.858298,0.337397,1,0.000050
0.022250,0.446000,0.402229,0.239728,7.901507,7.901507,0.339218,1,0.000050
0.022300,0.447000,0.403206,0.240220,7.936918,7.936918,0.340714,1,0.000050
0.022350,0.448000,0.404184,0.240713,7.964496,7.964496,0.341884,1,0.000050
0.022400,0.449000,0.405162,0.241206,7.984214,7.984214,0.342726,1,0.000050
0.022450,0.450000,0.406140,0.241698,7.996052,7.996052,0.343240,1,0.000050
0.022500,0.451000,0.407118,0.242191,8.000000,8.000000,0.343425,1,0.000050
0.022550,0.452000,0.408096,0.242684,7.996052,7.996052,0.343281,1,0.000050
0.022600,0.453000,0.409074,0.243177,7.984214,7.984214,0.342808,1,0.000050
0.022650,0.454000,0.410053,0.243669,7.964496,7.964496,0.342007,1,0.000050
0.022700,0.455000,0.411031,0.244162,7.936918,7.936918,0.340878,1,0.000050
0.022750,0.456000,0.412009,0.244655,7.901507,7.901507,0.339423,1,0.000050
0.022800,0.457000,0.412988,0.245148,7.858298,7.858298,0.337644,1,0.000050
0.022850,0.458000,0.413967,0.245641,7.807334,7.807334,0.335541,1,0.000050
0.022900,0.459000,0.414945,0.246134,7.748665,7.748665,0.333117,1,0.000050
0.022950,0.460000,0.415924,0.246627,7.682349,7.682349,0.330374,1,0.000050
0.023000,0.461000,0.416903,0.247120,7.608452,7.608452,0.327316,1,0.000050
0.023050,0.462000,0.417882,0.247613,7.527046,7.527046,0.323944,1,0.000050
0.023100,0.463000,0.418861,0.248106,7.438212,7.438212,0.320263,1,0.000050
0.023150,0.464000,0.419841,0.248599,7.342037,7.342037,0.316277,1,0.000050
0.023200,0.465000,0.420820,0.249093,7.238616,7.238616,0.311988,1,0.000050
0.023250,0.466000,0.421799,0.249586,7.128052,7.128052,0.307402,1,0.000050
0.023300,0.467000,0.422779,0.250079,7.010453,7.010453,0.302522,1,0.000050
0.023350,0.468000,0.423758,0.250572,6.885936,6.885936,0.297355,1,0.000050
0.023400,0.469000,0.424738,0.251065,6.754623,6.754623,0.291904,1,0.000050
0.023450,0.470000,0.425718,0.251559,6.616645,6.616645,0.286175,1,0.000050
0.023500,0.471000,0.426698,0.252052,6.472136,6.472136,0.280175,1,0.000050
0.023550,0.472000,0.427678,0.252545,6.321240,6.321240,0.273908,1,0.000050
0.023600,0.473000,0.428658,0.253039,6.164106,6.164106,0.267381,1,0.000050
0.023650,0.474000,0.429638,0.253532,6.000889,6.000889,0.260601,1,0.000050
0.023700,0.475000,0.430618,0.254026,5.831749,5.831749,0.253574,1,0.000050
0.023750,0.476000,0.431598,0.254519,5.656854,5.656854,0.246307,1,0.000050
0.023800,0.477000,0.432578,0.255013,5.476377,5.476377,0.238808,1,0.000050
0.023850,0.478000,0.433559,0.255506,5.290495,5.290495,0.231083,1,0.000050
0.023900,0.479000,0.434539,0.256000,5.099392,5.099392,0.223141,1,0.000050
0.023950,0.480000,0.435520,0.256493,4.903256,4.903256,0.214990,1,0.000050
0.024000,0.481000,0.436501,0.256987,4.702282,4.702282,0.206636,1,0.000050
0.024050,0.482000,0.437481,0.257481,4.496667,4.496667,0.198089,1,0.000050
0.024100,0.483000,0.438462,0.257974,4.286614,4.286614,0.189358,1,0.000050
0.024150,0.484000,0.439443,0.258468,4.072331,4.072331,0.180450,1,0.000050
0.024200,0.485000,0.440424,0.258962,3.854029,3.854029,0.171375,1,0.000050
0.024250,0.486000,0.441405,0.259455,3.631924,3.631924,0.162141,1,0.000050
0.024300,0.487000,0.442386,0.259949,3.406234,3.406234,0.152758,1,0.000050
0.024350,0.488000,0.443368,0.260443,3.177183,3.177183,0.143234,1,0.000050
0.024400,0.489000,0.444349,0.260937,2.944996,2.944996,0.133581,1,0.000050
0.024450,0.490000,0.445330,0.261431,2.709903,2.709903,0.123806,1,0.000050
0.024500,0.491000,0.446312,0.261925,2.472136,2.472136,0.113919,1,0.000050
0.024550,0.492000,0.447293,0.262419,2.231929,2.231929,0.103931,1,0.000050
0.024600,0.493000,0.448275,0.262912,1.989519,1.989519,0.093851,1,0.000050
0.024650,0.494000,0.449257,0.263406,1.745146,1.745146,0.083690,1,0.000050
0.024700,0.495000,0.450239,0.263900,1.499051,1.499051,0.073456,1,0.000050
0.024750,0.496000,0.451220,0.264394,1.251476,1.251476,0.063161,1,0.000050
0.024800,0.497000,0.452202,0.264888,1.002666,1.002666,0.052815,1,0.000050
0.024850,0.498000,0.453184,0.265383,0.752867,0.752867,0.042427,1,0.000050
0.024900,0.499000,0.454167,0.265877,0.502324,0.502324,0.032008,1,0.000050
0.024950,0.500000,0.455149,0.266371,0.251286,0.251286,0.021569,1,0.000050
0.025000,0.501000,0.456131,0.266865,-0.000000,-0.000000,0.011119,1,0.000050
0.025050,0.502000,0.457113,0.267359,-0.251286,-0.251286,0.000670,1,0.000050
0.025100,0.503000,0.458096,0.267853,-0.502324,-0.502324,-0.009770,1,0.000050
0.025150,0.504000,0.459078,0.268347,-0.752867,-0.752867,-0.020188,1,0.000050
0.025200,0.505000,0.460061,0.268842,-1.002666,-1.002666,-0.030576,1,0.000050
0.025250,0.506000,0.461043,0.269336,-1.251476,-1.251476,-0.040922,1,0.000050
0.025300,0.507000,0.462026,0.269830,-1.499051,-1.499051,-0.051218,1,0.000050
0.025350,0.508000,0.463009,0.270325,-1.745146,-1.745146,-0.061451,1,0.000050
0.025400,0.509000,0.463992,0.270819,-1.989519,-1.989519,-0.071613,1,0.000050
0.025450,0.510000,0.464975,0.271313,-2.231929,-2.231929,-0.081692,1,0.000050
0.025500,0.511000,0.465958,0.271808,-2.472136,-2.472136,-0.091680,1,0.000050
0.025550,0.512000,0.466941,0.272302,-2.709903,-2.709903,-0.101567,1,0.000050
0.025600,0.513000,0.467924,0.272796,-2.944996,-2.944996,-0.111342,1,0.000050
0.025650,0.514000,0.468907,0.273291,-3.177183,-3.177183,-0.120996,1,0.000050
0.025700,0.515000,0.469891,0.273785,-3.406234,-3.406234,-0.130519,1,0.000050
0.025750,0.516000,0.470874,0.274280,-3.631924,-3.631924,-0.139902,1,0.000050
0.025800,0.517000,0.471857,0.274774,-3.854029,-3.854029,-0.149136,1,0.000050
0.025850,0.518000,0.472841,0.275269,-4.072331,-4.072331,-0.158211,1,0.000050
0.025900,0.519000,0.473824,0.275764,-4.286614,-4.286614,-0.167119,1,0.000050
0.025950,0.520000,0.474808,0.276258,-4.496667,-4.496667,-0.175850,1,0.000050
0.026000,0.521000,0.475792,0.276753,-4.702282,-4.702282,-0.184397,1,0.000050
0.026050,0.522000,0.476776,0.277247,-4.903256,-4.903256,-0.192750,1,0.000050
0.026100,0.523000,0.477759,0.277742,-5.099392,-5.099392,-0.200902,1,0.000050
0.026150,0.524000,0.478743,0.278237,-5.290495,-5.290495,-0.208844,1,0.000050
0.026200,0.525000,0.479727,0.278732,-5.476377,-5.476377,-0.216569,1,0.000050
0.026250,0.526000,0.480711,0.279226,-5.656854,-5.656854,-0.224068,1,0.000050
0.026300,0.527000,0.481696,0.279721,-5.831749,-5.831749,-0.231335,1,0.000050
0.026350,0.528000,0.482680,0.280216,-6.000889,-6.000889,-0.238361,1,0.000050
0.026400,0.529000,0.483664,0.280711,-6.164106,-6.164106,-0.245141,1,0.000050
0.026450,0.530000,0.484648,0.281205,-6.321240,-6.321240,-0.251668,1,0.000050
0.026500,0.531000,0.485633,0.281700,-6.472136,-6.472136,-0.257935,1,0.000050
0.026550,0.532000,0.486617,0.282195,-6.616645,-6.616645,-0.263935,1,0.000050
0.026600,0.533000,0.487602,0.282690,-6.754623,-6.754623,-0.269664,1,0.000050
0.026650,0.534000,0.488586,0.283185,-6.885936,-6.885936,-0.275115,1,0.000050
0.026700,0.535000,0.489571,0.283680,-7.010453,-7.010453,-0.280282,1,0.000050
0.026750,0.536000,0.490556,0.284175,-7.128052,-7.128052,-0.285162,1,0.000050
0.026800,0.537000,0.491541,0.284670,-7.238616,-7.238616,-0.289748,1,0.000050
0.026850,0.538000,0.492525,0.285165,-7.342037,-7.342037,-0.294036,1,0.000050
0.026900,0.539000,0.493510,0.285660,-7.438212,-7.438212,-0.298023,1,0.000050
0.026950,0.540000,0.494495,0.286155,-7.527046,-7.527046,-0.301704,1,0.000050
0.027000,0.541000,0.495480,0.286650,-7.608452,-7.608452,-0.305075,1,0.000050
0.027050,0.542000,0.496466,0.287145,-7.682349,-7.682349,-0.308134,1,0.000050
0.027100,0.543000,0.497451,0.287640,-7.748665,-7.748665,-0.310876,1,0.000050
0.027150,0.544000,0.498436,0.288135,-7.807334,-7.807334,-0.313300,1,0.000050
0.027200,0.545000,0.499421,0.288630,-7.858298,-7.858298,-0.315403,1,0.000050
0.027250,0.546000,0.500407,0.289126,-7.901507,-7.901507,-0.317183,1,0.000050
0.027300,0.547000,0.501392,0.289621,-7.936918,-7.936918,-0.318637,1,0.000050
0.027350,0.548000,0.502378,0.290116,-7.964496,-7.964496,-0.319766,1,0.000050
0.027400,0.549000,0.503363,0.290611,-7.984214,-7.984214,-0.320567,1,0.000050
0.027450,0.550000,0.504349,0.291106,-7.996052,-7.996052,-0.321039,1,0.000050
0.027500,0.551000,0.505334,0.291602,-8.000000,-8.000000,-0.321183,1,0.000050
0.027550,0.552000,0.506320,0.292097,-7.996052,-7.996052,-0.320998,1,0.000050
0.027600,0.553000,0.507306,0.292592,-7.984214,-7.984214,-0.320484,1,0.000050
0.027650,0.554000,0.508292,0.293088,-7.964496,-7.964496,-0.319642,1,0.000050
0.027700,0.555000,0.509278,0.293583,-7.936918,-7.936918,-0.318472,1,0.000050
0.027750,0.556000,0.510264,0.294078,-7.901507,-7.901507,-0.316976,1,0.000050
0.027800,0.557000,0.511250,0.294574,-7.858298,-7.858298,-0.315155,1,0.000050
0.027850,0.558000,0.512236,0.295069,-7.807334,-7.807334,-0.313011,1,0.000050
0.027900,0.559000,0.513222,0.295565,-7.748665,-7.748665,-0.310546,1,0.000050
0.027950,0.560000,0.514208,0.296060,-7.682349,-7.682349,-0.307762,1,0.000050
0.028000,0.561000,0.515195,0.296555,-7.608452,-7.608452,-0.304662,1,0.000050
0.028050,0.562000,0.516181,0.297051,-7.527046,-7.527046,-0.301250,1,0.000050
0.028100,0.563000,0.517167,0.297546,-7.438212,-7.438212,-0.297528,1,0.000050
0.028150,0.564000,0.518154,0.298042,-7.342037,-7.342037,-0.293500,1,0.000050
0.028200,0.565000,0.519140,0.298538,-7.238616,-7.238616,-0.289170,1,0.000050
0.028250,0.566000,0.520127,0.299033,-7.128052,-7.128052,-0.284542,1,0.000050
0.028300,0.567000,0.521113,0.299529,-7.010453,-7.010453,-0.279622,1,0.000050
0.028350,0.568000,0.522100,0.300024,-6.885936,-6.885936,-0.274413,1,0.000050
0.028400,0.569000,0.523087,0.300520,-6.754623,-6.754623,-0.268921,1,0.000050
0.028450,0.570000,0.524074,0.301016,-6.616645,-6.616645,-0.263151,1,0.000050
0.028500,0.571000,0.525061,0.301511,-6.472136,-6.472136,-0.257109,1,0.000050
0.028550,0.572000,0.526048,0.302007,-6.321240,-6.321240,-0.250801,1,0.000050
0.028600,0.573000,0.527034,0.302503,-6.164106,-6.164106,-0.244233,1,0.000050
0.028650,0.574000,0.528022,0.302998,-6.000889,-6.000889,-0.237412,1,0.000050
0.028700,0.575000,0.529009,0.303494,-5.831749,-5.831749,-0.230344,1,0.000050
0.028750,0.576000,0.529996,0.303990,-5.656854,-5.656854,-0.223036,1,0.000050
0.028800,0.577000,0.530983,0.304486,-5.476377,-5.476377,-0.215495,1,0.000050
0.028850,0.578000,0.531970,0.304981,-5.290495,-5.290495,-0.207730,1,0.000050
0.028900,0.579000,0.532957,0.305477,-5.099392,-5.099392,-0.199746,1,0.000050
0.028950,0.580000,0.533945,0.305973,-4.903256,-4.903256,-0.191553,1,0.000050
0.029000,0.581000,0.534932,0.306469,-4.702282,-4.702282,-0.183159,1,0.000050
0.029050,0.582000,0.535920,0.306965,-4.496667,-4.496667,-0.174571,1,0.000050
0.029100,0.583000,0.536907,0.307461,-4.286614,-4.286614,-0.165798,1,0.000050
0.029150,0.584000,0.537895,0.307956,-4.072331,-4.072331,-0.156849,1,0.000050
0.029200,0.585000,0.538882,0.308452,-3.854029,-3.854029,-0.147732,1,0.000050
0.029250,0.586000,0.539870,0.308948,-3.631924,-3.631924,-0.138457,1,0.000050
0.029300,0.587000,0.540858,0.309444,-3.406234,-3.406234,-0.129033,1,0.000050
0.029350,0.588000,0.541846,0.309940,-3.177183,-3.177183,-0.119468,1,0.000050
0.029400,0.589000,0.542833,0.310436,-2.944996,-2.944996,-0.109773,1,0.000050
0.029450,0.590000,0.543821,0.310932,-2.709903,-2.709903,-0.099957,1,0.000050
0.029500,0.591000,0.544809,0.311428,-2.472136,-2.472136,-0.090029,1,0.000050
0.029550,0.592000,0.545797,0.311924,-2.231929,-2.231929,-0.080000,1,0.000050
0.029600,0.593000,0.546785,0.312420,-1.989519,-1.989519,-0.069879,1,0.000050
0.029650,0.594000,0.547773,0.312916,-1.745146,-1.745146,-0.059676,1,0.000050
0.029700,0.595000,0.548762,0.313412,-1.499051,-1.499051,-0.049402,1,0.000050
0.029750,0.596000,0.549750,0.313908,-1.251476,-1.251476,-0.039065,1,0.000050
0.029800,0.597000,0.550738,0.314405,-1.002666,-1.002666,-0.028678,1,0.000050
0.029850,0.598000,0.551726,0.314901,-0.752867,-0.752867,-0.018249,1,0.000050
0.029900,0.599000,0.552715,0.315397,-0.502324,-0.502324,-0.007789,1,0.000050
0.029950,0.600000,0.553703,0.315893,-0.251286,-0.251286,0.002692,1,0.000050
0.030000,0.601000,0.554691,0.316389,0.000000,0.000000,0.013183,1,0.000050
0.030050,0.602000,0.555680,0.316885,0.251286,0.251286,0.023674,1,0.000050
0.030100,0.603000,0.556668,0.317382,0.502324,0.502324,0.034154,1,0.000050
0.030150,0.604000,0.557657,0.317878,0.752867,0.752867,0.044614,1,0.000050
0.030200,0.605000,0.558646,0.318374,1.002666,1.002666,0.055043,1,0.000050
0.030250,0.606000,0.559634,0.318870,1.251476,1.251476,0.065431,1,0.000050
0.030300,0.607000,0.560623,0.319367,1.499051,1.499051,0.075767,1,0.000050
0.030350,0.608000,0.561612,0.319863,1.745146,1.745146,0.086042,1,0.000050
0.030400,0.609000,0.562601,0.320359,1.989519,1.989519,0.096245,1,0.000050
0.030450,0.610000,0.563590,0.320856,2.231929,2.231929,0.106366,1,0.000050
0.030500,0.611000,0.564579,0.321352,2.472136,2.472136,0.116395,1,0.000050
0.030550,0.612000,0.565568,0.321848,2.709903,2.709903,0.126323,1,0.000050
0.030600,0.613000,0.566557,0.322345,2.944996,2.944996,0.136139,1,0.000050
0.030650,0.614000,0.567546,0.322841,3.177183,3.177183,0.145834,1,0.000050
0.030700,0.615000,0.568535,0.323337,3.406234,3.406234,0.155399,1,0.000050
0.030750,0.616000,0.569524,0.323834,3.631924,3.631924,0.164823,1,0.000050
0.030800,0.617000,0.570513,0.324330,3.854029,3.854029,0.174098,1,0.000050
0.030850,0.618000,0.571502,0.324827,4.072331,4.072331,0.183215,1,0.000050
0.030900,0.619000,0.572492,0.325323,4.286614,4.286614,0.192164,1,0.000050
0.030950,0.620000,0.573481,0.325820,4.496667,4.496667,0.200937,1,0.000050
0.031000,0.621000,0.574470,0.326316,4.702282,4.702282,0.209525,1,0.000050
0.031050,0.622000,0.575460,0.326813,4.903256,4.903256,0.217920,1,0.000050
0.031100,0.623000,0.576449,0.327309,5.099392,5.099392,0.226113,1,0.000050
0.031150,0.624000,0.577439,0.327806,5.290495,5.290495,0.234096,1,0.000050
0.031200,0.625000,0.578428,0.328302,5.476377,5.476377,0.241862,1,0.000050
0.031250,0.626000,0.579418,0.328799,5.656854,5.656854,0.249402,1,0.000050
0.031300,0.627000,0.580408,0.329296,5.831749,5.831749,0.256710,1,0.000050
0.031350,0.628000,0.581397,0.329792,6.000889,6.000889,0.263778,1,0.000050
0.031400,0.629000,0.582387,0.330289,6.164106,6.164106,0.270600,1,0.000050
0.031450,0.630000,0.583377,0.330785,6.321240,6.321240,0.277168,1,0.000050
0.031500,0.631000,0.584367,0.331282,6.472136,6.472136,0.283476,1,0.000050
0.031550,0.632000,0.585357,0.331779,6.616645,6.616645,0.289518,1,0.000050
0.031600,0.633000,0.586347,0.332275,6.754623,6.754623,0.295287,1,0.000050
0.031650,0.634000,0.587337,0.332772,6.885936,6.885936,0.300780,1,0.000050
0.031700,0.635000,0.588327,0.333269,7.010453,7.010453,0.305988,1,0.000050
0.031750,0.636000,0.589317,0.333765,7.128052,7.128052,0.310909,1,0.000050
0.031800,0.637000,0.590307,0.334262,7.238616,7.238616,0.315537,1,0.000050
0.031850,0.638000,0.591297,0.334759,7.342037,7.342037,0.319866,1,0.000050
0.031900,0.639000,0.592287,0.335256,7.438212,7.438212,0.323894,1,0.000050
0.031950,0.640000,0.593277,0.335752,7.527046,7.527046,0.327617,1,0.000050
0.032000,0.641000,0.594268,0.336249,7.608452,7.608452,0.331029,1,0.000050
0.032050,0.642000,0.595258,0.336746,7.682349,7.682349,0.334129,1,0.000050
0.032100,0.643000,0.596248,0.337243,7.748665,7.748665,0.336913,1,0.000050
0.032150,0.644000,0.597239,0.337740,7.807334,7.807334,0.339378,1,0.000050
0.032200,0.645000,0.598229,0.338236,7.858298,7.858298,0.341522,1,0.000050
0.032250,0.646000,0.599219,0.338733,7.901507,7.901507,0.343343,1,0.000050
0.032300,0.647000,0.600210,0.339230,7.936918,7.936918,0.344839,1,0.000050
0.032350,0.648000,0.601201,0.339727,7.964496,7.964496,0.346009,1,0.000050
0.032400,0.649000,0.602191,0.340224,7.984214,7.984214,0.346852,1,0.000050
0.032450,0.650000,0.603182,0.340721,7.996052,7.996052,0.347366,1,0.000050
0.032500,0.651000,0.604172,0.341218,8.000000,8.000000,0.347551,1,0.000050
0.032550,0.652000,0.605163,0.341715,7.996052,7.996052,0.347407,1,0.000050
0.032600,0.653000,0.606154,0.342212,7.984214,7.984214,0.346934,1,0.000050
0.032650,0.654000,0.607145,0.342709,7.964496,7.964496,0.346134,1,0.000050
0.032700,0.655000,0.608136,0.343206,7.936918,7.936918,0.345005,1,0.000050
0.032750,0.656000,0.609126,0.343703,7.901507,7.901507,0.343550,1,0.000050
0.032800,0.657000,0.610117,0.344200,7.858298,7.858298,0.341771,1,0.000050
0.032850,0.658000,0.611108,0.344697,7.807334,7.807334,0.339668,1,0.000050
0.032900,0.659000,0.612099,0.345194,7.748665,7.748665,0.337244,1,0.000050
0.032950,0.660000,0.613090,0.345691,7.682349,7.682349,0.334502,1,0.000050
0.033000,0.661000,0.614081,0.346188,7.608452,7.608452,0.331443,1,0.000050
0.033050,0.662000,0.615072,0.346685,7.527046,7.527046,0.328072,1,0.000050
0.033100,0.663000,0.616064,0.347182,7.438212,7.438212,0.324391,1,0.000050
0.033150,0.664000,0.617055,0.347679,7.342037,7.342037,0.320405,1,0.000050
0.033200,0.665000,0.618046,0.348176,7.238616,7.238616,0.316116,1,0.000050
0.033250,0.666000,0.619037,0.348673,7.128052,7.128052,0.311530,1,0.000050
0.033300,0.667000,0.620028,0.349170,7.010453,7.010453,0.306651,1,0.000050
0.033350,0.668000,0.621020,0.349667,6.885936,6.885936,0.301483,1,0.000050
0.033400,0.669000,0.622011,0.350164,6.754623,6.754623,0.296033,1,0.000050
0.033450,0.670000,0.623003,0.350662,6.616645,6.616645,0.290304,1,0.000050
0.033500,0.671000,0.623994,0.351159,6.472136,6.472136,0.284304,1,0.000050
0.033550,0.672000,0.624985,0.351656,6.321240,6.321240,0.278037,1,0.000050
0.033600,0.673000,0.625977,0.352153,6.164106,6.164106,0.271511,1,0.000050
0.033650,0.674000,0.626969,0.352650,6.000889,6.000889,0.264731,1,0.000050
0.033700,0.675000,0.627960,0.353148,5.831749,5.831749,0.257704,1,0.000050
0.033750,0.676000,0.628952,0.353645,5.656854,5.656854,0.250437,1,0.000050
0.033800,0.677000,0.629943,0.354142,5.476377,5.476377,0.242938,1,0.000050
0.033850,0.678000,0.630935,0.354639,5.290495,5.290495,0.235214,1,0.000050
0.033900,0.679000,0.631927,0.355137,5.099392,5.099392,0.227272,1,0.000050
0.033950,0.680000,0.632919,0.355634,4.903256,4.903256,0.219120,1,0.000050
0.034000,0.681000,0.633910,0.356131,4.702282,4.702282,0.210767,1,0.000050
0.034050,0.682000,0.634902,0.356628,4.496667,4.496667,0.202221,1,0.000050
0.034100,0.683000,0.635894,0.357126,4.286614,4.286614,0.193489,1,0.000050
0.034150,0.684000,0.636886,0.357623,4.072331,4.072331,0.184581,1,0.000050
0.034200,0.685000,0.637878,0.358120,3.854029,3.854029,0.175506,1,0.000050
0.034250,0.686000,0.638870,0.358618,3.631924,3.631924,0.166273,1,0.000050
0.034300,0.687000,0.639862,0.359115,3.406234,3.406234,0.156890,1,0.000050
0.034350,0.688000,0.640854,0.359613,3.177183,3.177183,0.147366,1,0.000050
0.034400,0.689000,0.641846,0.360110,2.944996,2.944996,0.137713,1,0.000050
0.034450,0.690000,0.642838,0.360607,2.709903,2.709903,0.127938,1,0.000050
0.034500,0.691000,0.643830,0.361105,2.472136,2.472136,0.118052,1,0.000050
0.034550,0.692000,0.644822,0.361602,2.231929,2.231929,0.108064,1,0.000050
0.034600,0.693000,0.645815,0.362100,1.989519,1.989519,0.097984,1,0.000050
0.034650,0.694000,0.646807,0.362597,1.745146,1.745146,0.087823,1,0.000050
0.034700,0.695000,0.647799,0.363094,1.499051,1.499051,0.077589,1,0.000050
0.034750,0.696000,0.648791,0.363592,1.251476,1.251476,0.067294,1,0.000050
0.034800,0.697000,0.649784,0.364089,1.002666,1.002666,0.056948,1,0.000050
0.034850,0.698000,0.650776,0.364587,0.752867,0.752867,0.046561,1,0.000050
0.034900,0.699000,0.651769,0.365084,0.502324,0.502324,0.036142,1,0.000050
0.034950,0.700000,0.652761,0.365582,0.251286,0.251286,0.025703,1,0.000050
0.035000,0.701000,0.653754,0.366079,-0.000000,-0.000000,0.015253,1,0.000050
0.035050,0.702000,0.654746,0.366577,-0.251286,-0.251286,0.004804,1,0.000050
0.035100,0.703000,0.655739,0.367074,-0.502324,-0.502324,-0.005635,1,0.000050
0.035150,0.704000,0.656731,0.367572,-0.752867,-0.752867,-0.016054,1,0.000050
0.035200,0.705000,0.657724,0.368070,-1.002666,-1.002666,-0.026442,1,0.000050
0.035250,0.706000,0.658716,0.368567,-1.251476,-1.251476,-0.036788,1,0.000050
0.035300,0.707000,0.659709,0.369065,-1.499051,-1.499051,-0.047083,1,0.000050
0.035350,0.708000,0.660702,0.369562,-1.745146,-1.745146,-0.057316,1,0.000050
0.035400,0.709000,0.661694,0.370060,-1.989519,-1.989519,-0.067477,1,0.000050
0.035450,0.710000,0.662687,0.370557,-2.231929,-2.231929,-0.077557,1,0.000050
0.035500,0.711000,0.663680,0.371055,-2.472136,-2.472136,-0.087545,1,0.000050
0.035550,0.712000,0.664673,0.371553,-2.709903,-2.709903,-0.097431,1,0.000050
0.035600,0.713000,0.665666,0.372050,-2.944996,-2.944996,-0.107206,1,0.000050
0.035650,0.714000,0.666659,0.372548,-3.177183,-3.177183,-0.116860,1,0.000050
0.035700,0.715000,0.667651,0.373046,-3.406234,-3.406234,-0.126383,1,0.000050
0.035750,0.716000,0.668644,0.373543,-3.631924,-3.631924,-0.135766,1,0.000050
0.035800,0.717000,0.669637,0.374041,-3.854029,-3.854029,-0.145000,1,0.000050
0.035850,0.718000,0.670630,0.374539,-4.072331,-4.072331,-0.154075,1,0.000050
0.035900,0.719000,0.671623,0.375036,-4.286614,-4.286614,-0.162982,1,0.000050
0.035950,0.720000,0.672616,0.375534,-4.496667,-4.496667,-0.171714,1,0.000050
0.036000,0.721000,0.673610,0.376032,-4.702282,-4.702282,-0.180260,1,0.000050
0.036050,0.722000,0.674603,0.376530,-4.903256,-4.903256,-0.188614,1,0.000050
0.036100,0.723000,0.675596,0.377027,-5.099392,-5.099392,-0.196765,1,0.000050
0.036150,0.724000,0.676589,0.377525,-5.290495,-5.290495,-0.204707,1,0.000050
0.036200,0.725000,0.677582,0.378023,-5.476377,-5.476377,-0.212431,1,0.000050
0.036250,0.726000,0.678575,0.378521,-5.656854,-5.656854,-0.219931,1,0.000050
0.036300,0.727000,0.679569,0.379018,-5.831749,-5.831749,-0.227197,1,0.000050
0.036350,0.728000,0.680562,0.379516,-6.000889,-6.000889,-0.234224,1,0.000050
0.036400,0.729000,0.681555,0.380014,-6.164106,-6.164106,-0.241004,1,0.000050
0.036450,0.730000,0.682549,0.380512,-6.321240,-6.321240,-0.247530,1,0.000050
0.036500,0.731000,0.683542,0.381009,-6.472136,-6.472136,-0.253797,1,0.000050
0.036550,0.732000,0.684535,0.381507,-6.616645,-6.616645,-0.259797,1,0.000050
0.036600,0.733000,0.685529,0.382005,-6.754623,-6.754623,-0.265526,1,0.000050
0.036650,0.734000,0.686522,0.382503,-6.885936,-6.885936,-0.270976,1,0.000050
0.036700,0.735000,0.687516,0.383001,-7.010453,-7.010453,-0.276144,1,0.000050
0.036750,0.736000,0.688509,0.383499,-7.128052,-7.128052,-0.281023,1,0.000050
0.036800,0.737000,0.689503,0.383997,-7.238616,-7.238616,-0.285609,1,0.000050
0.036850,0.738000,0.690496,0.384494,-7.342037,-7.342037,-0.289898,1,0.000050
0.036900,0.739000,0.691490,0.384992,-7.438212,-7.438212,-0.293884,1,0.000050
0.036950,0.740000,0.692484,0.385490,-7.527046,-7.527046,-0.297565,1,0.000050
0.037000,0.741000,0.693477,0.385988,-7.608452,-7.608452,-0.300936,1,0.000050
0.037050,0.742000,0.694471,0.386486,-7.682349,-7.682349,-0.303994,1,0.000050
0.037100,0.743000,0.695465,0.386984,-7.748665,-7.748665,-0.306737,1,0.000050
0.037150,0.744000,0.696458,0.387482,-7.807334,-7.807334,-0.309161,1,0.000050
0.037200,0.745000,0.697452,0.387980,-7.858298,-7.858298,-0.311263,1,0.000050
0.037250,0.746000,0.698446,0.388478,-7.901507,-7.901507,-0.313043,1,0.000050
0.037300,0.747000,0.699440,0.388976,-7.936918,-7.936918,-0.314498,1,0.000050
0.037350,0.748000,0.700434,0.389474,-7.964496,-7.964496,-0.315626,1,0.000050
0.037400,0.749000,0.701428,0.389972,-7.984214,-7.984214,-0.316427,1,0.000050
0.037450,0.750000,0.702421,0.390470,-7.996052,-7.996052,-0.316899,1,0.000050
0.037500,0.751000,0.703415,0.390968,-8.000000,-8.000000,-0.317043,1,0.000050
0.037550,0.752000,0.704409,0.391466,-7.996052,-7.996052,-0.316858,1,0.000050
0.037600,0.753000,0.705403,0.391964,-7.984214,-7.984214,-0.316344,1,0.000050
0.037650,0.754000,0.706397,0.392462,-7.964496,-7.964496,-0.315501,1,0.000050
0.037700,0.755000,0.707391,0.392960,-7.936918,-7.936918,-0.314332,1,0.000050
0.037750,0.756000,0.708385,0.393458,-7.901507,-7.901507,-0.312835,1,0.000050
0.037800,0.757000,0.709379,0.393956,-7.858298,-7.858298,-0.311014,1,0.000050
0.037850,0.758000,0.710374,0.394454,-7.807334,-7.807334,-0.308870,1,0.000050
0.037900,0.759000,0.711368,0.394952,-7.748665,-7.748665,-0.306405,1,0.000050
0.037950,0.760000,0.712362,0.395450,-7.682349,-7.682349,-0.303621,1,0.000050
0.038000,0.761000,0.713356,0.395948,-7.608452,-7.608452,-0.300521,1,0.000050
0.038050,0.762000,0.714350,0.396446,-7.527046,-7.527046,-0.297108,1,0.000050
0.038100,0.763000,0.715344,0.396944,-7.438212,-7.438212,-0.293386,1,0.000050
0.038150,0.764000,0.716339,0.397442,-7.342037,-7.342037,-0.289358,1,0.000050
0.038200,0.765000,0.717333,0.397940,-7.238616,-7.238616,-0.285028,1,0.000050
0.038250,0.766000,0.718327,0.398439,-7.128052,-7.128052,-0.280401,1,0.000050
0.038300,0.767000,0.719322,0.398937,-7.010453,-7.010453,-0.275480,1,0.000050
0.038350,0.768000,0.720316,0.399435,-6.885936,-6.885936,-0.270271,1,0.000050
0.038400,0.769000,0.721310,0.399933,-6.754623,-6.754623,-0.264779,1,0.000050
0.038450,0.770000,0.722305,0.400431,-6.616645,-6.616645,-0.259009,1,0.000050
0.038500,0.771000,0.723299,0.400929,-6.472136,-6.472136,-0.252967,1,0.000050
0.038550,0.772000,0.724294,0.401427,-6.321240,-6.321240,-0.246659,1,0.000050
0.038600,0.773000,0.725288,0.401926,-6.164106,-6.164106,-0.240091,1,0.000050
0.038650,0.774000,0.726283,0.402424,-6.000889,-6.000889,-0.233269,1,0.000050
0.038700,0.775000,0.727277,0.402922,-5.831749,-5.831749,-0.226201,1,0.000050
0.038750,0.776000,0.728272,0.403420,-5.656854,-5.656854,-0.218893,1,0.000050
0.038800,0.777000,0.729266,0.403918,-5.476377,-5.476377,-0.211352,1,0.000050
0.038850,0.778000,0.730261,0.404417,-5.290495,-5.290495,-0.203587,1,0.000050
0.038900,0.779000,0.731255,0.404915,-5.099392,-5.099392,-0.195603,1,0.000050
0.038950,0.780000,0.732250,0.405413,-4.903256,-4.903256,-0.187410,1,0.000050
0.039000,0.781000,0.733245,0.405911,-4.702282,-4.702282,-0.179015,1,0.000050
0.039050,0.782000,0.734239,0.406409,-4.496667,-4.496667,-0.170427,1,0.000050
0.039100,0.783000,0.735234,0.406908,-4.286614,-4.286614,-0.161654,1,0.000050
0.039150,0.784000,0.736229,0.407406,-4.072331,-4.072331,-0.152705,1,0.000050
0.039200,0.785000,0.737224,0.407904,-3.854029,-3.854029,-0.143589,1,0.000050
0.039250,0.786000,0.738218,0.408403,-3.631924,-3.631924,-0.134313,1,0.000050
0.039300,0.787000,0.739213,0.408901,-3.406234,-3.406234,-0.124889,1,0.000050
0.039350,0.788000,0.740208,0.409399,-3.177183,-3.177183,-0.115324,1,0.000050
0.039400,0.789000,0.741203,0.409897,-2.944996,-2.944996,-0.105629,1,0.000050
0.039450,0.790000,0.742198,0.410396,-2.709903,-2.709903,-0.095813,1,0.000050
0.039500,0.791000,0.743192,0.410894,-2.472136,-2.472136,-0.085885,1,0.000050
0.039550,0.792000,0.744187,0.411392,-2.231929,-2.231929,-0.075856,1,0.000050
0.039600,0.793000,0.745182,0.411891,-1.989519,-1.989519,-0.065735,1,0.000050
0.039650,0.794000,0.746177,0.412389,-1.745146,-1.745146,-0.055532,1,0.000050
0.039700,0.795000,0.747172,0.412887,-1.499051,-1.499051,-0.045257,1,0.000050
0.039750,0.796000,0.748167,0.413386,-1.251476,-1.251476,-0.034920,1,0.000050
0.039800,0.797000,0.749162,0.413884,-1.002666,-1.002666,-0.024533,1,0.000050
0.039850,0.798000,0.750157,0.414382,-0.752867,-0.752867,-0.014104,1,0.000050
0.039900,0.799000,0.751152,0.414881,-0.502324,-0.502324,-0.003643,1,0.000050
0.039950,0.800000,0.752147,0.415379,-0.251286,-0.251286,0.006837,1,0.000050
0.040000,0.801000,0.753142,0.415877,-0.000000,-0.000000,0.017328,1,0.000050
0.040050,0.802000,0.754138,0.416376,0.251286,0.251286,0.027819,1,0.000050
0.040100,0.803000,0.755133,0.416874,0.502324,0.502324,0.038300,1,0.000050
0.040150,0.804000,0.756128,0.417373,0.752867,0.752867,0.048760,1,0.000050
0.040200,0.805000,0.757123,0.417871,1.002666,1.002666,0.059189,1,0.000050
0.040250,0.806000,0.758118,0.418369,1.251476,1.251476,0.069577,1,0.000050
0.040300,0.807000,0.759113,0.418868,1.499051,1.499051,0.079913,1,0.000050
0.040350,0.808000,0.760109,0.419366,1.745146,1.745146,0.090188,1,0.000050
0.040400,0.809000,0.761104,0.419865,1.989519,1.989519,0.100391,1,0.000050
0.040450,0.810000,0.762099,0.420363,2.231929,2.231929,0.110512,1,0.000050
0.040500,0.811000,0.763095,0.420862,2.472136,2.472136,0.120542,1,0.000050
0.040550,0.812000,0.764090,0.421360,2.709903,2.709903,0.130469,1,0.000050
0.040600,0.813000,0.765085,0.421859,2.944996,2.944996,0.140286,1,0.000050
0.040650,0.814000,0.766081,0.422357,3.177183,3.177183,0.149981,1,0.000050
0.040700,0.815000,0.767076,0.422855,3.406234,3.406234,0.159545,1,0.000050
0.040750,0.816000,0.768071,0.423354,3.631924,3.631924,0.168970,1,0.000050
0.040800,0.817000,0.769067,0.423852,3.854029,3.854029,0.178245,1,0.000050
0.040850,0.818000,0.770062,0.424351,4.072331,4.072331,0.187362,1,0.000050
0.040900,0.819000,0.771058,0.424849,4.286614,4.286614,0.196311,1,0.000050
0.040950,0.820000,0.772053,0.425348,4.496667,4.496667,0.205084,1,0.000050
0.041000,0.821000,0.773049,0.425846,4.702282,4.702282,0.213672,1,0.000050
0.041050,0.822000,0.774044,0.426345,4.903256,4.903256,0.222067,1,0.000050
0.041100,0.823000,0.775040,0.426844,5.099392,5.099392,0.230260,1,0.000050
0.041150,0.824000,0.776035,0.427342,5.290495,5.290495,0.238243,1,0.000050
0.041200,0.825000,0.777031,0.427841,5.476377,5.476377,0.246009,1,0.000050
0.041250,0.826000,0.778026,0.428339,5.656854,5.656854,0.253550,1,0.000050
0.041300,0.827000,0.779022,0.428838,5.831749,5.831749,0.260858,1,0.000050
0.041350,0.828000,0.780018,0.429336,6.000889,6.000889,0.267926,1,0.000050
0.041400,0.829000,0.781013,0.429835,6.164106,6.164106,0.274748,1,0.000050
0.041450,0.830000,0.782009,0.430333,6.321240,6.321240,0.281316,1,0.000050
0.041500,0.831000,0.783005,0.430832,6.472136,6.472136,0.287624,1,0.000050
0.041550,0.832000,0.784000,0.431331,6.616645,6.616645,0.293666,1,0.000050
0.041600,0.833000,0.784996,0.431829,6.754623,6.754623,0.299436,1,0.000050
0.041650,0.834000,0.785992,0.432328,6.885936,6.885936,0.304928,1,0.000050
0.041700,0.835000,0.786988,0.432826,7.010453,7.010453,0.310137,1,0.000050
0.041750,0.836000,0.787983,0.433325,7.128052,7.128052,0.315057,1,0.000050
0.041800,0.837000,0.788979,0.433824,7.238616,7.238616,0.319685,1,0.000050
0.041850,0.838000,0.789975,0.434322,7.342037,7.342037,0.324015,1,0.000050
0.041900,0.839000,0.790971,0.434821,7.438212,7.438212,0.328043,1,0.000050
0.041950,0.840000,0.791967,0.435319,7.527046,7.527046,0.331765,1,0.000050
0.042000,0.841000,0.792963,0.435818,7.608452,7.608452,0.335178,1,0.000050
0.042050,0.842000,0.793958,0.436317,7.682349,7.682349,0.338278,1,0.000050
0.042100,0.843000,0.794954,0.436815,7.748665,7.748665,0.341062,1,0.000050
0.042150,0.844000,0.795950,0.437314,7.807334,7.807334,0.343527,1,0.000050
0.042200,0.845000,0.796946,0.437813,7.858298,7.858298,0.345671,1,0.000050
0.042250,0.846000,0.797942,0.438311,7.901507,7.901507,0.347492,1,0.000050
0.042300,0.847000,0.798938,0.438810,7.936918,7.936918,0.348989,1,0.000050
0.042350,0.848000,0.799934,0.439309,7.964496,7.964496,0.350159,1,0.000050
0.042400,0.849000,0.800930,0.439807,7.984214,7.984214,0.351001,1,0.000050
0.042450,0.850000,0.801926,0.440306,7.996052,7.996052,0.351515,1,0.000050
0.042500,0.851000,0.802922,0.440805,8.000000,8.000000,0.351700,1,0.000050
0.042550,0.852000,0.803918,0.441303,7.996052,7.996052,0.351556,1,0.000050
0.042600,0.853000,0.804914,0.441802,7.984214,7.984214,0.351084,1,0.000050
0.042650,0.854000,0.805910,0.442301,7.964496,7.964496,0.350283,1,0.000050
0.042700,0.855000,0.806906,0.442799,7.936918,7.936918,0.349155,1,0.000050
0.042750,0.856000,0.807903,0.443298,7.901507,7.901507,0.347700,1,0.000050
0.042800,0.857000,0.808899,0.443797,7.858298,7.858298,0.345921,1,0.000050
0.042850,0.858000,0.809895,0.444296,7.807334,7.807334,0.343818,1,0.000050
0.042900,0.859000,0.810891,0.444794,7.748665,7.748665,0.341394,1,0.000050
0.042950,0.860000,0.811887,0.445293,7.682349,7.682349,0.338652,1,0.000050
0.043000,0.861000,0.812883,0.445792,7.608452,7.608452,0.335594,1,0.000050
0.043050,0.862000,0.813880,0.446291,7.527046,7.527046,0.332222,1,0.000050
0.043100,0.863000,0.814876,0.446789,7.438212,7.438212,0.328542,1,0.000050
0.043150,0.864000,0.815872,0.447288,7.342037,7.342037,0.324555,1,0.000050
0.043200,0.865000,0.816868,0.447787,7.238616,7.238616,0.320267,1,0.000050
0.043250,0.866000,0.817865,0.448286,7.128052,7.128052,0.315681,1,0.000050
0.043300,0.867000,0.818861,0.448784,7.010453,7.010453,0.310802,1,0.000050
0.043350,0.868000,0.819857,0.449283,6.885936,6.885936,0.305634,1,0.000050
0.043400,0.869000,0.820854,0.449782,6.754623,6.754623,0.300184,1,0.000050
0.043450,0.870000,0.821850,0.450281,6.616645,6.616645,0.294455,1,0.000050
0.043500,0.871000,0.822846,0.450780,6.472136,6.472136,0.288455,1,0.000050
0.043550,0.872000,0.823843,0.451278,6.321240,6.321240,0.282188,1,0.000050
0.043600,0.873000,0.824839,0.451777,6.164106,6.164106,0.275662,1,0.000050
0.043650,0.874000,0.825836,0.452276,6.000889,6.000889,0.268882,1,0.000050
0.043700,0.875000,0.826832,0.452775,5.831749,5.831749,0.261855,1,0.000050
0.043750,0.876000,0.827828,0.453274,5.656854,5.656854,0.254589,1,0.000050
0.043800,0.877000,0.828825,0.453773,5.476377,5.476377,0.247090,1,0.000050
0.043850,0.878000,0.829821,0.454271,5.290495,5.290495,0.239365,1,0.000050
0.043900,0.879000,0.830818,0.454770,5.099392,5.099392,0.231423,1,0.000050
0.043950,0.880000,0.831814,0.455269,4.903256,4.903256,0.223272,1,0.000050
0.044000,0.881000,0.832811,0.455768,4.702282,4.702282,0.214919,1,0.000050
0.044050,0.882000,0.833807,0.456267,4.496667,4.496667,0.206372,1,0.000050
0.044100,0.883000,0.834804,0.456766,4.286614,4.286614,0.197641,1,0.000050
0.044150,0.884000,0.835801,0.457265,4.072331,4.072331,0.188733,1,0.000050
0.044200,0.885000,0.836797,0.457763,3.854029,3.854029,0.179658,1,0.000050
0.044250,0.886000,0.837794,0.458262,3.631924,3.631924,0.170424,1,0.000050
0.044300,0.887000,0.838790,0.458761,3.406234,3.406234,0.161041,1,0.000050
0.044350,0.888000,0.839787,0.459260,3.177183,3.177183,0.151518,1,0.000050
0.044400,0.889000,0.840784,0.459759,2.944996,2.944996,0.141865,1,0.000050
0.044450,0.890000,0.841780,0.460258,2.709903,2.709903,0.132090,1,0.000050
0.044500,0.891000,0.842777,0.460757,2.472136,2.472136,0.122204,1,0.000050
0.044550,0.892000,0.843774,0.461256,2.231929,2.231929,0.112216,1,0.000050
0.044600,0.893000,0.844770,0.461754,1.989519,1.989519,0.102136,1,0.000050
0.044650,0.894000,0.845767,0.462253,1.745146,1.745146,0.091975,1,0.000050
0.044700,0.895000,0.846764,0.462752,1.499051,1.499051,0.081742,1,0.000050
0.044750,0.896000,0.847760,0.463251,1.251476,1.251476,0.071447,1,0.000050
0.044800,0.897000,0.848757,0.463750,1.002666,1.002666,0.061101,1,0.000050
0.044850,0.898000,0.849754,0.464249,0.752867,0.752867,0.050713,1,0.000050
0.044900,0.899000,0.850751,0.464748,0.502324,0.502324,0.040295,1,0.000050
0.044950,0.900000,0.851748,0.465247,0.251286,0.251286,0.029856,1,0.000050
0.045000,0.901000,0.852744,0.465746,-0.000000,-0.000000,0.019406,1,0.000050
0.045050,0.902000,0.853741,0.466245,-0.251286,-0.251286,0.008957,1,0.000050
0.045100,0.903000,0.854738,0.466744,-0.502324,-0.502324,-0.001483,1,0.000050
0.045150,0.904000,0.855735,0.467243,-0.752867,-0.752867,-0.011901,1,0.000050
0.045200,0.905000,0.856732,0.467742,-1.002666,-1.002666,-0.022289,1,0.000050
0.045250,0.906000,0.857729,0.468241,-1.251476,-1.251476,-0.032635,1,0.000050
0.045300,0.907000,0.858725,0.468740,-1.499051,-1.499051,-0.042930,1,0.000050
0.045350,0.908000,0.859722,0.469239,-1.745146,-1.745146,-0.053163,1,0.000050
0.045400,0.909000,0.860719,0.469738,-1.989519,-1.989519,-0.063324,1,0.000050
0.045450,0.910000,0.861716,0.470237,-2.231929,-2.231929,-0.073404,1,0.000050
0.045500,0.911000,0.862713,0.470736,-2.472136,-2.472136,-0.083392,1,0.000050
0.045550,0.912000,0.863710,0.471235,-2.709903,-2.709903,-0.093278,1,0.000050
0.045600,0.913000,0.864707,0.471734,-2.944996,-2.944996,-0.103053,1,0.000050
0.045650,0.914000,0.865704,0.472233,-3.177183,-3.177183,-0.112706,1,0.000050
0.045700,0.915000,0.866701,0.472732,-3.406234,-3.406234,-0.122229,1,0.000050
0.045750,0.916000,0.867698,0.473231,-3.631924,-3.631924,-0.131612,1,0.000050
0.045800,0.917000,0.868695,0.473730,-3.854029,-3.854029,-0.140846,1,0.000050
0.045850,0.918000,0.869692,0.474229,-4.072331,-4.072331,-0.149921,1,0.000050
0.045900,0.919000,0.870689,0.474728,-4.286614,-4.286614,-0.158829,1,0.000050
0.045950,0.920000,0.871686,0.475227,-4.496667,-4.496667,-0.167560,1,0.000050
0.046000,0.921000,0.872683,0.475726,-4.702282,-4.702282,-0.176107,1,0.000050
0.046050,0.922000,0.873680,0.476225,-4.903256,-4.903256,-0.184460,1,0.000050
0.046100,0.923000,0.874677,0.476724,-5.099392,-5.099392,-0.192611,1,0.000050
0.046150,0.924000,0.875674,0.477223,-5.290495,-5.290495,-0.200553,1,0.000050
0.046200,0.925000,0.876672,0.477722,-5.476377,-5.476377,-0.208277,1,0.000050
0.046250,0.926000,0.877669,0.478221,-5.656854,-5.656854,-0.215776,1,0.000050
0.046300,0.927000,0.878666,0.478720,-5.831749,-5.831749,-0.223043,1,0.000050
0.046350,0.928000,0.879663,0.479219,-6.000889,-6.000889,-0.230070,1,0.000050
0.046400,0.929000,0.880660,0.479718,-6.164106,-6.164106,-0.236849,1,0.000050
0.046450,0.930000,0.881657,0.480217,-6.321240,-6.321240,-0.243376,1,0.000050
0.046500,0.931000,0.882655,0.480716,-6.472136,-6.472136,-0.249642,1,0.000050
0.046550,0.932000,0.883652,0.481215,-6.616645,-6.616645,-0.255643,1,0.000050
0.046600,0.933000,0.884649,0.481714,-6.754623,-6.754623,-0.261371,1,0.000050
0.046650,0.934000,0.885646,0.482213,-6.885936,-6.885936,-0.266822,1,0.000050
0.046700,0.935000,0.886643,0.482713,-7.010453,-7.010453,-0.271989,1,0.000050
0.046750,0.936000,0.887641,0.483212,-7.128052,-7.128052,-0.276868,1,0.000050
0.046800,0.937000,0.888638,0.483711,-7.238616,-7.238616,-0.281454,1,0.000050
0.046850,0.938000,0.889635,0.484210,-7.342037,-7.342037,-0.285743,1,0.000050
0.046900,0.939000,0.890632,0.484709,-7.438212,-7.438212,-0.289729,1,0.000050
0.046950,0.940000,0.891630,0.485208,-7.527046,-7.527046,-0.293410,1,0.000050
0.047000,0.941000,0.892627,0.485707,-7.608452,-7.608452,-0.296781,1,0.000050
0.047050,0.942000,0.893624,0.486206,-7.682349,-7.682349,-0.299839,1,0.000050
0.047100,0.943000,0.894622,0.486705,-7.748665,-7.748665,-0.302582,1,0.000050
0.047150,0.944000,0.895619,0.487205,-7.807334,-7.807334,-0.305005,1,0.000050
0.047200,0.945000,0.896616,0.487704,-7.858298,-7.858298,-0.307108,1,0.000050
0.047250,0.946000,0.897614,0.488203,-7.901507,-7.901507,-0.308888,1,0.000050
0.047300,0.947000,0.898611,0.488702,-7.936918,-7.936918,-0.310342,1,0.000050
0.047350,0.948000,0.899609,0.489201,-7.964496,-7.964496,-0.311471,1,0.000050
0.047400,0.949000,0.900606,0.489700,-7.984214,-7.984214,-0.312271,1,0.000050
0.047450,0.950000,0.901603,0.490199,-7.996052,-7.996052,-0.312744,1,0.000050
0.047500,0.951000,0.902601,0.490698,-8.000000,-8.000000,-0.312888,1,0.000050
0.047550,0.952000,0.903598,0.491198,-7.996052,-7.996052,-0.312702,1,0.000050
0.047600,0.953000,0.904596,0.491697,-7.984214,-7.984214,-0.312188,1,0.000050
0.047650,0.954000,0.905593,0.492196,-7.964496,-7.964496,-0.311346,1,0.000050
0.047700,0.955000,0.906591,0.492695,-7.936918,-7.936918,-0.310176,1,0.000050
0.047750,0.956000,0.907588,0.493194,-7.901507,-7.901507,-0.308680,1,0.000050
0.047800,0.957000,0.908586,0.493693,-7.858298,-7.858298,-0.306859,1,0.000050
0.047850,0.958000,0.909583,0.494193,-7.807334,-7.807334,-0.304714,1,0.000050
0.047900,0.959000,0.910581,0.494692,-7.748665,-7.748665,-0.302249,1,0.000050
0.047950,0.960000,0.911578,0.495191,-7.682349,-7.682349,-0.299465,1,0.000050
0.048000,0.961000,0.912576,0.495690,-7.608452,-7.608452,-0.296365,1,0.000050
0.048050,0.962000,0.913573,0.496189,-7.527046,-7.527046,-0.292952,1,0.000050
0.048100,0.963000,0.914571,0.496689,-7.438212,-7.438212,-0.289230,1,0.000050
0.048150,0.964000,0.915568,0.497188,-7.342037,-7.342037,-0.285202,1,0.000050
0.048200,0.965000,0.916566,0.497687,-7.238616,-7.238616,-0.280872,1,0.000050
0.048250,0.966000,0.917563,0.498186,-7.128052,-7.128052,-0.276244,1,0.000050
0.048300,0.967000,0.918561,0.498685,-7.010453,-7.010453,-0.271324,1,0.000050
0.048350,0.968000,0.919559,0.499185,-6.885936,-6.885936,-0.266115,1,0.000050
0.048400,0.969000,0.920556,0.499684,-6.754623,-6.754623,-0.260622,1,0.000050
0.048450,0.970000,0.921554,0.500183,-6.616645,-6.616645,-0.254853,1,0.000050
0.048500,0.971000,0.922551,0.500682,-6.472136,-6.472136,-0.248811,1,0.000050
0.048550,0.972000,0.923549,0.501181,-6.321240,-6.321240,-0.242502,1,0.000050
0.048600,0.973000,0.924547,0.501681,-6.164106,-6.164106,-0.235934,1,0.000050
0.048650,0.974000,0.925544,0.502180,-6.000889,-6.000889,-0.229113,1,0.000050
0.048700,0.975000,0.926542,0.502679,-5.831749,-5.831749,-0.222045,1,0.000050
0.048750,0.976000,0.927540,0.503178,-5.656854,-5.656854,-0.214736,1,0.000050
0.048800,0.977000,0.928537,0.503678,-5.476377,-5.476377,-0.207196,1,0.000050
0.048850,0.978000,0.929535,0.504177,-5.290495,-5.290495,-0.199430,1,0.000050
0.048900,0.979000,0.930533,0.504676,-5.099392,-5.099392,-0.191446,1,0.000050
0.048950,0.980000,0.931531,0.505175,-4.903256,-4.903256,-0.183253,1,0.000050
0.049000,0.981000,0.932528,0.505675,-4.702282,-4.702282,-0.174859,1,0.000050
0.049050,0.982000,0.933526,0.506174,-4.496667,-4.496667,-0.166271,1,0.000050
0.049100,0.983000,0.934524,0.506673,-4.286614,-4.286614,-0.157498,1,0.000050
0.049150,0.984000,0.935522,0.507172,-4.072331,-4.072331,-0.148548,1,0.000050
0.049200,0.985000,0.936519,0.507672,-3.854029,-3.854029,-0.139432,1,0.000050
0.049250,0.986000,0.937517,0.508171,-3.631924,-3.631924,-0.130156,1,0.000050
0.049300,0.987000,0.938515,0.508670,-3.406234,-3.406234,-0.120732,1,0.000050
0.049350,0.988000,0.939513,0.509169,-3.177183,-3.177183,-0.111167,1,0.000050
0.049400,0.989000,0.940511,0.509669,-2.944996,-2.944996,-0.101472,1,0.000050
0.049450,0.990000,0.941508,0.510168,-2.709903,-2.709903,-0.091656,1,0.000050
0.049500,0.991000,0.942506,0.510667,-2.472136,-2.472136,-0.081728,1,0.000050
0.049550,0.992000,0.943504,0.511167,-2.231929,-2.231929,-0.071698,1,0.000050
0.049600,0.993000,0.944502,0.511666,-1.989519,-1.989519,-0.061577,1,0.000050
0.049650,0.994000,0.945500,0.512165,-1.745146,-1.745146,-0.051374,1,0.000050
0.049700,0.995000,0.946498,0.512664,-1.499051,-1.499051,-0.041099,1,0.000050
0.049750,0.996000,0.947495,0.513164,-1.251476,-1.251476,-0.030763,1,0.000050
0.049800,0.997000,0.948493,0.513663,-1.002666,-1.002666,-0.020375,1,0.000050
0.049850,0.998000,0.949491,0.514162,-0.752867,-0.752867,-0.009946,1,0.000050
0.049900,0.999000,0.950489,0.514662,-0.502324,-0.502324,0.000514,1,0.000050
0.049950,1.000000,0.951487,0.515161,-0.251286,-0.251286,0.010995,1,0.000050
0.050000,1.000000,0.952435,0.513650,0.000000,0.000000,0.021402,1,0.000050
0.050050,1.000000,0.953335,0.512231,0.251286,0.251286,0.031813,1,0.000050
0.050100,1.000000,0.954191,0.510897,0.502324,0.502324,0.042218,1,0.000050
0.050150,1.000000,0.955004,0.509643,0.752867,0.752867,0.052605,1,0.000050
0.050200,1.000000,0.955779,0.508466,1.002666,1.002666,0.062964,1,0.000050
0.050250,1.000000,0.956515,0.507360,1.251476,1.251476,0.073285,1,0.000050
0.050300,1.000000,0.957217,0.506321,1.499051,1.499051,0.083557,1,0.000050
0.050350,1.000000,0.957885,0.505346,1.745146,1.745146,0.093770,1,0.000050
0.050400,1.000000,0.958522,0.504430,1.989519,1.989519,0.103915,1,0.000050
0.050450,1.000000,0.959130,0.503570,2.231929,2.231929,0.113979,1,0.000050
0.050500,1.000000,0.959710,0.502764,2.472136,2.472136,0.123954,1,0.000050
0.050550,1.000000,0.960264,0.502007,2.709903,2.709903,0.133830,1,0.000050
0.050600,1.000000,0.960793,0.501296,2.944996,2.944996,0.143596,1,0.000050
0.050650,1.000000,0.961299,0.500630,3.177183,3.177183,0.153242,1,0.000050
0.050700,1.000000,0.961783,0.500006,3.406234,3.406234,0.162760,1,0.000050
0.050750,1.000000,0.962246,0.499420,3.631924,3.631924,0.172139,1,0.000050
0.050800,1.000000,0.962690,0.498871,3.854029,3.854029,0.181371,1,0.000050
0.050850,1.000000,0.963115,0.498357,4.072331,4.072331,0.190445,1,0.000050
0.050900,1.000000,0.963523,0.497875,4.286614,4.286614,0.199354,1,0.000050
0.050950,1.000000,0.963915,0.497424,4.496667,4.496667,0.208087,1,0.000050
0.051000,1.000000,0.964291,0.497002,4.702282,4.702282,0.216637,1,0.000050
0.051050,1.000000,0.964652,0.496607,4.903256,4.903256,0.224994,1,0.000050
0.051100,1.000000,0.965000,0.496237,5.099392,5.099392,0.233151,1,0.000050
0.051150,1.000000,0.965335,0.495891,5.290495,5.290495,0.241099,1,0.000050
0.051200,1.000000,0.965657,0.495568,5.476377,5.476377,0.248831,1,0.000050
0.051250,1.000000,0.965968,0.495267,5.656854,5.656854,0.256338,1,0.000050
0.051300,1.000000,0.966268,0.494985,5.831749,5.831749,0.263614,1,0.000050
0.051350,1.000000,0.966558,0.494723,6.000889,6.000889,0.270650,1,0.000050
0.051400,1.000000,0.966838,0.494478,6.164106,6.164106,0.277441,1,0.000050
0.051450,1.000000,0.967109,0.494249,6.321240,6.321240,0.283979,1,0.000050
0.051500,1.000000,0.967371,0.494037,6.472136,6.472136,0.290257,1,0.000050
0.051550,1.000000,0.967625,0.493839,6.616645,6.616645,0.296270,1,0.000050
0.051600,1.000000,0.967871,0.493655,6.754623,6.754623,0.302012,1,0.000050
0.051650,1.000000,0.968109,0.493484,6.885936,6.885936,0.307476,1,0.000050
0.051700,1.000000,0.968341,0.493326,7.010453,7.010453,0.312657,1,0.000050
0.051750,1.000000,0.968566,0.493179,7.128052,7.128052,0.317551,1,0.000050
0.051800,1.000000,0.968785,0.493043,7.238616,7.238616,0.322152,1,0.000050
0.051850,1.000000,0.968998,0.492917,7.342037,7.342037,0.326456,1,0.000050
0.051900,1.000000,0.969206,0.492800,7.438212,7.438212,0.330459,1,0.000050
0.051950,1.000000,0.969408,0.492693,7.527046,7.527046,0.334156,1,0.000050
0.052000,1.000000,0.969605,0.492595,7.608452,7.608452,0.337544,1,0.000050
0.052050,1.000000,0.969798,0.492504,7.682349,7.682349,0.340619,1,0.000050
0.052100,1.000000,0.969986,0.492421,7.748665,7.748665,0.343379,1,0.000050
0.052150,1.000000,0.970170,0.492345,7.807334,7.807334,0.345820,1,0.000050
0.052200,1.000000,0.970350,0.492276,7.858298,7.858298,0.347941,1,0.000050
0.052250,1.000000,0.970526,0.492213,7.901507,7.901507,0.349738,1,0.000050
0.052300,1.000000,0.970698,0.492156,7.936918,7.936918,0.351211,1,0.000050
0.052350,1.000000,0.970867,0.492104,7.964496,7.964496,0.352358,1,0.000050
0.052400,1.000000,0.971032,0.492058,7.984214,7.984214,0.353178,1,0.000050
0.052450,1.000000,0.971195,0.492016,7.996052,7.996052,0.353670,1,0.000050
0.052500,1.000000,0.971354,0.491979,8.000000,8.000000,0.353832,1,0.000050
0.052550,1.000000,0.971511,0.491947,7.996052,7.996052,0.353667,1,0.000050
0.052600,1.000000,0.971665,0.491918,7.984214,7.984214,0.353172,1,0.000050
0.052650,1.000000,0.971817,0.491893,7.964496,7.964496,0.352350,1,0.000050
0.052700,1.000000,0.971966,0.491872,7.936918,7.936918,0.351200,1,0.000050
0.052750,1.000000,0.972113,0.491854,7.901507,7.901507,0.349723,1,0.000050
0.052800,1.000000,0.972257,0.491839,7.858298,7.858298,0.347922,1,0.000050
0.052850,1.000000,0.972400,0.491828,7.807334,7.807334,0.345798,1,0.000050
0.052900,1.000000,0.972540,0.491819,7.748665,7.748665,0.343354,1,0.000050
0.052950,1.000000,0.972679,0.491812,7.682349,7.682349,0.340590,1,0.000050
0.053000,1.000000,0.972815,0.491809,7.608452,7.608452,0.337511,1,0.000050
0.053050,1.000000,0.974986,0.491809,7.527046,7.608452,0.337511,1,0.000050
0.053100,1.000000,0.974984,0.487445,7.438212,7.438212,0.330236,1,0.000050
0.053150,1.000000,0.974990,0.487697,7.342037,7.342037,0.326239,1,0.000050
0.053200,1.000000,0.975001,0.487937,7.238616,7.238616,0.321940,1,0.000050
0.053250,1.000000,0.975017,0.488165,7.128052,7.128052,0.317342,1,0.000050
0.053300,1.000000,0.975039,0.488382,7.010453,7.010453,0.312451,1,0.000050
0.053350,1.000000,0.975066,0.488588,6.885936,6.885936,0.307272,1,0.000050
0.053400,1.000000,0.975097,0.488784,6.754623,6.754623,0.301809,1,0.000050
0.053450,1.000000,0.975133,0.488970,6.616645,6.616645,0.296067,1,0.000050
0.053500,1.000000,0.975172,0.489148,6.472136,6.472136,0.290053,1,0.000050
0.053550,1.000000,0.975215,0.489317,6.321240,6.321240,0.283773,1,0.000050
0.053600,1.000000,0.975262,0.489478,6.164106,6.164106,0.277233,1,0.000050
0.053650,1.000000,0.975312,0.489632,6.000889,6.000889,0.270438,1,0.000050
0.053700,1.000000,0.975365,0.489779,5.831749,5.831749,0.263397,1,0.000050
0.053750,1.000000,0.975421,0.489919,5.656854,5.656854,0.256116,1,0.000050
0.053800,1.000000,0.975480,0.490053,5.476377,5.476377,0.248601,1,0.000050
0.053850,1.000000,0.975541,0.490181,5.290495,5.290495,0.240862,1,0.000050
0.053900,1.000000,0.975604,0.490304,5.099392,5.099392,0.232904,1,0.000050
0.053950,1.000000,0.975670,0.490421,4.903256,4.903256,0.224737,1,0.000050
0.054000,1.000000,0.975737,0.490533,4.702282,4.702282,0.216367,1,0.000050
0.054050,1.000000,0.975806,0.490641,4.496667,4.496667,0.207805,1,0.000050
0.054100,1.000000,0.975877,0.490744,4.286614,4.286614,0.199057,1,0.000050
0.054150,1.000000,0.975950,0.490843,4.072331,4.072331,0.190132,1,0.000050
0.054200,1.000000,0.976024,0.490939,3.854029,3.854029,0.181040,1,0.000050
0.054250,1.000000,0.976100,0.491030,3.631924,3.631924,0.171790,1,0.000050
0.054300,1.000000,0.976176,0.491118,3.406234,3.406234,0.162390,1,0.000050
0.054350,1.000000,0.976254,0.491203,3.177183,3.177183,0.152849,1,0.000050
0.054400,1.000000,0.976333,0.491285,2.944996,2.944996,0.143178,1,0.000050
0.054450,1.000000,0.976413,0.491364,2.709903,2.709903,0.133386,1,0.000050
0.054500,1.000000,0.976494,0.491440,2.472136,2.472136,0.123482,1,0.000050
0.054550,1.000000,0.976575,0.491513,2.231929,2.231929,0.113477,1,0.000050
0.054600,1.000000,0.976658,0.491584,1.989519,1.989519,0.103379,1,0.000050
0.054650,1.000000,0.976741,0.491653,1.745146,1.745146,0.093200,1,0.000050
0.054700,1.000000,0.976825,0.491719,1.499051,1.499051,0.082949,1,0.000050
0.054750,1.000000,0.976909,0.491783,1.251476,1.251476,0.072636,1,0.000050
0.054800,1.000000,0.976994,0.491846,1.002666,1.002666,0.062271,1,0.000050
0.054850,1.000000,0.977079,0.491906,0.752867,0.752867,0.051866,1,0.000050
0.054900,1.000000,0.977165,0.491965,0.502324,0.502324,0.041429,1,0.000050
0.054950,1.000000,0.977251,0.492022,0.251286,0.251286,0.030971,1,0.000050
0.055000,1.000000,0.977337,0.492078,-0.000000,-0.000000,0.020503,1,0.000050
0.055050,1.000000,0.977423,0.492132,-0.251286,-0.251286,0.010035,1,0.000050
0.055100,1.000000,0.977510,0.492184,-0.502324,-0.502324,-0.000422,1,0.000050
0.055150,1.000000,0.977597,0.492235,-0.752867,-0.752867,-0.010860,1,0.000050
0.055200,1.000000,0.977684,0.492285,-1.002666,-1.002666,-0.021266,1,0.000050
0.055250,1.000000,0.977772,0.492334,-1.251476,-1.251476,-0.031631,1,0.000050
0.055300,1.000000,0.977859,0.492382,-1.499051,-1.499051,-0.041945,1,0.000050
0.055350,1.000000,0.977947,0.492429,-1.745146,-1.745146,-0.052197,1,0.000050
0.055400,1.000000,0.978034,0.492474,-1.989519,-1.989519,-0.062377,1,0.000050
0.055450,1.000000,0.978122,0.492519,-2.231929,-2.231929,-0.072475,1,0.000050
0.055500,1.000000,0.978209,0.492562,-2.472136,-2.472136,-0.082482,1,0.000050
0.055550,1.000000,0.978297,0.492605,-2.709903,-2.709903,-0.092387,1,0.000050
0.055600,1.000000,0.978384,0.492647,-2.944996,-2.944996,-0.102181,1,0.000050
0.055650,1.000000,0.978472,0.492689,-3.177183,-3.177183,-0.111854,1,0.000050
0.055700,1.000000,0.978559,0.492729,-3.406234,-3.406234,-0.121396,1,0.000050
0.055750,1.000000,0.978646,0.492769,-3.631924,-3.631924,-0.130798,1,0.000050
0.055800,1.000000,0.978733,0.492808,-3.854029,-3.854029,-0.140051,1,0.000050
0.055850,1.000000,0.978820,0.492846,-4.072331,-4.072331,-0.149145,1,0.000050
0.055900,1.000000,0.978907,0.492884,-4.286614,-4.286614,-0.158072,1,0.000050
0.055950,1.000000,0.978994,0.492921,-4.496667,-4.496667,-0.166823,1,0.000050
0.056000,1.000000,0.979080,0.492958,-4.702282,-4.702282,-0.175389,1,0.000050
0.056050,1.000000,0.979167,0.492994,-4.903256,-4.903256,-0.183761,1,0.000050
0.056100,1.000000,0.979253,0.493030,-5.099392,-5.099392,-0.191932,1,0.000050
0.056150,1.000000,0.979339,0.493065,-5.290495,-5.290495,-0.199893,1,0.000050
0.056200,1.000000,0.979425,0.493100,-5.476377,-5.476377,-0.207637,1,0.000050
0.056250,1.000000,0.979510,0.493134,-5.656854,-5.656854,-0.215155,1,0.000050
0.056300,1.000000,0.979595,0.493168,-5.831749,-5.831749,-0.222441,1,0.000050
0.056350,1.000000,0.979681,0.493201,-6.000889,-6.000889,-0.229487,1,0.000050
0.056400,1.000000,0.979765,0.493234,-6.164106,-6.164106,-0.236286,1,0.000050
0.056450,1.000000,0.979850,0.493267,-6.321240,-6.321240,-0.242832,1,0.000050
0.056500,1.000000,0.979934,0.493299,-6.472136,-6.472136,-0.249118,1,0.000050
0.056550,1.000000,0.980018,0.493331,-6.616645,-6.616645,-0.255138,1,0.000050
0.056600,1.000000,0.980102,0.493363,-6.754623,-6.754623,-0.260886,1,0.000050
0.056650,1.000000,0.980186,0.493394,-6.885936,-6.885936,-0.266356,1,0.000050
0.056700,1.000000,0.980269,0.493425,-7.010453,-7.010453,-0.271543,1,0.000050
0.056750,1.000000,0.980352,0.493456,-7.128052,-7.128052,-0.276442,1,0.000050
0.056800,1.000000,0.980435,0.493486,-7.238616,-7.238616,-0.281047,1,0.000050
0.056850,1.000000,0.980517,0.493516,-7.342037,-7.342037,-0.285355,1,0.000050
0.056900,1.000000,0.980600,0.493546,-7.438212,-7.438212,-0.289361,1,0.000050
0.056950,1.000000,0.980681,0.493576,-7.527046,-7.527046,-0.293061,1,0.000050
0.057000,1.000000,0.980763,0.493605,-7.608452,-7.608452,-0.296452,1,0.000050
0.057050,1.000000,0.980844,0.493634,-7.682349,-7.682349,-0.299530,1,0.000050
0.057100,1.000000,0.980925,0.493663,-7.748665,-7.748665,-0.302292,1,0.000050
0.057150,1.000000,0.981006,0.493692,-7.807334,-7.807334,-0.304735,1,0.000050
0.057200,1.000000,0.981087,0.493720,-7.858298,-7.858298,-0.306857,1,0.000050
0.057250,1.000000,0.981167,0.493749,-7.901507,-7.901507,-0.308657,1,0.000050
0.057300,1.000000,0.981247,0.493777,-7.936918,-7.936918,-0.310131,1,0.000050
0.057350,1.000000,0.981326,0.493805,-7.964496,-7.964496,-0.311279,1,0.000050
0.057400,1.000000,0.981405,0.493832,-7.984214,-7.984214,-0.312099,1,0.000050
0.057450,1.000000,0.981484,0.493860,-7.996052,-7.996052,-0.312591,1,0.000050
0.057500,1.000000,0.981563,0.493887,-8.000000,-8.000000,-0.312755,1,0.000050
0.057550,1.000000,0.981641,0.493914,-7.996052,-7.996052,-0.312589,1,0.000050
0.057600,1.000000,0.981719,0.493941,-7.984214,-7.984214,-0.312095,1,0.000050
0.057650,1.000000,0.981797,0.493968,-7.964496,-7.964496,-0.311272,1,0.000050
0.057700,1.000000,0.981874,0.493995,-7.936918,-7.936918,-0.310122,1,0.000050
0.057750,1.000000,0.981951,0.494021,-7.901507,-7.901507,-0.308645,1,0.000050
0.057800,1.000000,0.982028,0.494047,-7.858298,-7.858298,-0.306844,1,0.000050
0.057850,1.000000,0.982105,0.494073,-7.807334,-7.807334,-0.304719,1,0.000050
0.057900,1.000000,0.982181,0.494099,-7.748665,-7.748665,-0.302274,1,0.000050
0.057950,1.000000,0.982257,0.494125,-7.682349,-7.682349,-0.299509,1,0.000050
0.058000,1.000000,0.982332,0.494151,-7.608452,-7.608452,-0.296429,1,0.000050
0.058050,1.000000,0.982408,0.494176,-7.527046,-7.527046,-0.293036,1,0.000050
0.058100,1.000000,0.982482,0.494202,-7.438212,-7.438212,-0.289334,1,0.000050
0.058150,1.000000,0.982557,0.494227,-7.342037,-7.342037,-0.285325,1,0.000050
0.058200,1.000000,0.982631,0.494252,-7.238616,-7.238616,-0.281015,1,0.000050
0.058250,1.000000,0.982706,0.494277,-7.128052,-7.128052,-0.276407,1,0.000050
0.058300,1.000000,0.982779,0.494302,-7.010453,-7.010453,-0.271506,1,0.000050
0.058350,1.000000,0.982853,0.494327,-6.885936,-6.885936,-0.266317,1,0.000050
0.058400,1.000000,0.982926,0.494351,-6.754623,-6.754623,-0.260845,1,0.000050
0.058450,1.000000,0.982999,0.494376,-6.616645,-6.616645,-0.255095,1,0.000050
0.058500,1.000000,0.983071,0.494400,-6.472136,-6.472136,-0.249072,1,0.000050
0.058550,1.000000,0.983143,0.494425,-6.321240,-6.321240,-0.242784,1,0.000050
0.058600,1.000000,0.983215,0.494449,-6.164106,-6.164106,-0.236236,1,0.000050
0.058650,1.000000,0.983287,0.494473,-6.000889,-6.000889,-0.229434,1,0.000050
0.058700,1.000000,0.983358,0.494497,-5.831749,-5.831749,-0.222386,1,0.000050
0.058750,1.000000,0.983429,0.494520,-5.656854,-5.656854,-0.215097,1,0.000050
0.058800,1.000000,0.983500,0.494544,-5.476377,-5.476377,-0.207576,1,0.000050
0.058850,1.000000,0.983570,0.494568,-5.290495,-5.290495,-0.199830,1,0.000050
0.058900,1.000000,0.983641,0.494591,-5.099392,-5.099392,-0.191867,1,0.000050
0.058950,1.000000,0.983710,0.494614,-4.903256,-4.903256,-0.183693,1,0.000050
0.059000,1.000000,0.983780,0.494637,-4.702282,-4.702282,-0.175319,1,0.000050
0.059050,1.000000,0.983849,0.494661,-4.496667,-4.496667,-0.166750,1,0.000050
0.059100,1.000000,0.983918,0.494684,-4.286614,-4.286614,-0.157997,1,0.000050
0.059150,1.000000,0.983987,0.494706,-4.072331,-4.072331,-0.149068,1,0.000050
0.059200,1.000000,0.984055,0.494729,-3.854029,-3.854029,-0.139971,1,0.000050
0.059250,1.000000,0.984123,0.494752,-3.631924,-3.631924,-0.130716,1,0.000050
0.059300,1.000000,0.984191,0.494774,-3.406234,-3.406234,-0.121311,1,0.000050
0.059350,1.000000,0.984259,0.494797,-3.177183,-3.177183,-0.111766,1,0.000050
0.059400,1.000000,0.984326,0.494819,-2.944996,-2.944996,-0.102091,1,0.000050
0.059450,1.000000,0.984393,0.494841,-2.709903,-2.709903,-0.092294,1,0.000050
0.059500,1.000000,0.984460,0.494864,-2.472136,-2.472136,-0.082386,1,0.000050
0.059550,1.000000,0.984526,0.494886,-2.231929,-2.231929,-0.072377,1,0.000050
0.059600,1.000000,0.984592,0.494908,-1.989519,-1.989519,-0.062275,1,0.000050
0.059650,1.000000,0.984658,0.494929,-1.745146,-1.745146,-0.052092,1,0.000050
0.059700,1.000000,0.984724,0.494951,-1.499051,-1.499051,-0.041837,1,0.000050
0.059750,1.000000,0.984789,0.494973,-1.251476,-1.251476,-0.031521,1,0.000050
0.059800,1.000000,0.984854,0.494994,-1.002666,-1.002666,-0.021153,1,0.000050
0.059850,1.000000,0.984919,0.495016,-0.752867,-0.752867,-0.010744,1,0.000050
0.059900,1.000000,0.984983,0.495037,-0.502324,-0.502324,-0.000304,1,0.000050
0.059950,1.000000,0.985047,0.495059,-0.251286,-0.251286,0.010157,1,0.000050
0.060000,1.000000,0.985111,0.495080,0.000000,0.000000,0.020628,1,0.000050
0.060050,1.000000,0.985175,0.495101,0.251286,0.251286,0.031099,1,0.000050
0.060100,1.000000,0.985238,0.495122,0.502324,0.502324,0.041560,1,0.000050
0.060150,1.000000,0.985301,0.495143,0.752867,0.752867,0.052000,1,0.000050
0.060200,1.000000,0.985364,0.495163,1.002666,1.002666,0.062410,1,0.000050
0.060250,1.000000,0.985427,0.495184,1.251476,1.251476,0.072777,1,0.000050
0.060300,1.000000,0.985489,0.495205,1.499051,1.499051,0.083094,1,0.000050
0.060350,1.000000,0.985551,0.495225,1.745146,1.745146,0.093349,1,0.000050
0.060400,1.000000,0.985613,0.495246,1.989519,1.989519,0.103532,1,0.000050
0.060450,1.000000,0.985674,0.495266,2.231929,2.231929,0.113633,1,0.000050
0.060500,1.000000,0.985735,0.495286,2.472136,2.472136,0.123643,1,0.000050
0.060550,1.000000,0.985796,0.495307,2.709903,2.709903,0.133550,1,0.000050
0.060600,1.000000,0.985857,0.495327,2.944996,2.944996,0.143347,1,0.000050
0.060650,1.000000,0.985917,0.495347,3.177183,3.177183,0.153022,1,0.000050
0.060700,1.000000,0.985978,0.495367,3.406234,3.406234,0.162567,1,0.000050
0.060750,1.000000,0.986038,0.495386,3.631924,3.631924,0.171971,1,0.000050
0.060800,1.000000,0.986097,0.495406,3.854029,3.854029,0.181226,1,0.000050
0.060850,1.000000,0.986157,0.495426,4.072331,4.072331,0.190323,1,0.000050
0.060900,1.000000,0.986216,0.495445,4.286614,4.286614,0.199252,1,0.000050
0.060950,1.000000,0.986275,0.495465,4.496667,4.496667,0.208005,1,0.000050
0.061000,1.000000,0.986334,0.495484,4.702282,4.702282,0.216574,1,0.000050
0.061050,1.000000,0.986392,0.495504,4.903256,4.903256,0.224948,1,0.000050
0.061100,1.000000,0.986450,0.495523,5.099392,5.099392,0.233121,1,0.000050
0.061150,1.000000,0.986508,0.495542,5.290495,5.290495,0.241085,1,0.000050
0.061200,1.000000,0.986566,0.495561,5.476377,5.476377,0.248831,1,0.000050
0.061250,1.000000,0.986623,0.495580,5.656854,5.656854,0.256351,1,0.000050
0.061300,1.000000,0.986680,0.495599,5.831749,5.831749,0.263639,1,0.000050
0.061350,1.000000,0.986737,0.495618,6.000889,6.000889,0.270688,1,0.000050
0.061400,1.000000,0.986794,0.495637,6.164106,6.164106,0.277489,1,0.000050
0.061450,1.000000,0.986850,0.495655,6.321240,6.321240,0.284037,1,0.000050
0.061500,1.000000,0.986907,0.495674,6.472136,6.472136,0.290325,1,0.000050
0.061550,1.000000,0.986963,0.495692,6.616645,6.616645,0.296347,1,0.000050
0.061600,1.000000,0.987018,0.495711,6.754623,6.754623,0.302097,1,0.000050
0.061650,1.000000,0.987074,0.495729,6.885936,6.885936,0.307569,1,0.000050
0.061700,1.000000,0.987129,0.495747,7.010453,7.010453,0.312758,1,0.000050
0.061750,1.000000,0.987184,0.495766,7.128052,7.128052,0.317659,1,0.000050
0.061800,1.000000,0.987239,0.495784,7.238616,7.238616,0.322267,1,0.000050
0.061850,1.000000,0.987293,0.495802,7.342037,7.342037,0.326577,1,0.000050
0.061900,1.000000,0.987348,0.495820,7.438212,7.438212,0.330585,1,0.000050
0.061950,1.000000,0.987402,0.495838,7.527046,7.527046,0.334287,1,0.000050
0.062000,1.000000,0.987456,0.495855,7.608452,7.608452,0.337679,1,0.000050
0.062050,1.000000,0.987509,0.495873,7.682349,7.682349,0.340759,1,0.000050
0.062100,1.000000,0.987563,0.495891,7.748665,7.748665,0.343523,1,0.000050
0.062150,1.000000,0.987616,0.495908,7.807334,7.807334,0.345968,1,0.000050
0.062200,1.000000,0.987669,0.495926,7.858298,7.858298,0.348093,1,0.000050
0.062250,1.000000,0.987722,0.495943,7.901507,7.901507,0.349894,1,0.000050
0.062300,1.000000,0.987774,0.495961,7.936918,7.936918,0.351370,1,0.000050
0.062350,1.000000,0.987826,0.495978,7.964496,7.964496,0.352520,1,0.000050
0.062400,1.000000,0.987878,0.495995,7.984214,7.984214,0.353342,1,0.000050
0.062450,1.000000,0.987930,0.496012,7.996052,7.996052,0.353836,1,0.000050
0.062500,1.000000,0.987982,0.496029,8.000000,8.000000,0.354001,1,0.000050
0.062550,1.000000,0.988033,0.496046,7.996052,7.996052,0.353837,1,0.000050
0.062600,1.000000,0.988084,0.496063,7.984214,7.984214,0.353345,1,0.000050
0.062650,1.000000,0.988135,0.496080,7.964496,7.964496,0.352524,1,0.000050
0.062700,1.000000,0.988186,0.496097,7.936918,7.936918,0.351376,1,0.000050
0.062750,1.000000,0.988237,0.496113,7.901507,7.901507,0.349901,1,0.000050
0.062800,1.000000,0.988287,0.496130,7.858298,7.858298,0.348101,1,0.000050
0.062850,1.000000,0.988337,0.496147,7.807334,7.807334,0.345978,1,0.000050
0.062900,1.000000,0.988387,0.496163,7.748665,7.748665,0.343535,1,0.000050
0.062950,1.000000,0.988436,0.496179,7.682349,7.682349,0.340772,1,0.000050
0.063000,1.000000,0.988486,0.496196,7.608452,7.608452,0.337694,1,0.000050
0.063050,1.000000,0.988535,0.496212,7.527046,7.527046,0.334302,1,0.000050
0.063100,1.000000,0.988584,0.496228,7.438212,7.438212,0.330602,1,0.000050
0.063150,1.000000,0.988633,0.496244,7.342037,7.342037,0.326595,1,0.000050
0.063200,1.000000,0.988682,0.496260,7.238616,7.238616,0.322287,1,0.000050
0.063250,1.000000,0.988730,0.496276,7.128052,7.128052,0.317680,1,0.000050
0.063300,1.000000,0.988778,0.496292,7.010453,7.010453,0.312781,1,0.000050
0.063350,1.000000,0.988826,0.496308,6.885936,6.885936,0.307594,1,0.000050
0.063400,1.000000,0.988874,0.496324,6.754623,6.754623,0.302123,1,0.000050
0.063450,1.000000,0.988921,0.496340,6.616645,6.616645,0.296374,1,0.000050
0.063500,1.000000,0.988969,0.496355,6.472136,6.472136,0.290354,1,0.000050
0.063550,1.000000,0.989016,0.496371,6.321240,6.321240,0.284067,1,0.000050
0.063600,1.000000,0.989063,0.496386,6.164106,6.164106,0.277521,1,0.000050
0.063650,1.000000,0.989110,0.496402,6.000889,6.000889,0.270720,1,0.000050
0.063700,1.000000,0.989156,0.496417,5.831749,5.831749,0.263674,1,0.000050
0.063750,1.000000,0.989203,0.496433,5.656854,5.656854,0.256387,1,0.000050
0.063800,1.000000,0.989249,0.496448,5.476377,5.476377,0.248868,1,0.000050
0.063850,1.000000,0.989295,0.496463,5.290495,5.290495,0.241123,1,0.000050
0.063900,1.000000,0.989340,0.496478,5.099392,5.099392,0.233161,1,0.000050
0.063950,1.000000,0.989386,0.496493,4.903256,4.903256,0.224990,1,0.000050
0.064000,1.000000,0.989431,0.496508,4.702282,4.702282,0.216616,1,0.000050
0.064050,1.000000,0.989477,0.496523,4.496667,4.496667,0.208050,1,0.000050
0.064100,1.000000,0.989522,0.496538,4.286614,4.286614,0.199298,1,0.000050
0.064150,1.000000,0.989566,0.496553,4.072331,4.072331,0.190370,1,0.000050
0.064200,1.000000,0.989611,0.496567,3.854029,3.854029,0.181275,1,0.000050
0.064250,1.000000,0.989655,0.496582,3.631924,3.631924,0.172021,1,0.000050
0.064300,1.000000,0.989700,0.496597,3.406234,3.406234,0.162618,1,0.000050
0.064350,1.000000,0.989744,0.496611,3.177183,3.177183,0.153075,1,0.000050
0.064400,1.000000,0.989788,0.496626,2.944996,2.944996,0.143401,1,0.000050
0.064450,1.000000,0.989831,0.496640,2.709903,2.709903,0.133606,1,0.000050
0.064500,1.000000,0.989875,0.496655,2.472136,2.472136,0.123700,1,0.000050
0.064550,1.000000,0.989918,0.496669,2.231929,2.231929,0.113692,1,0.000050
0.064600,1.000000,0.989961,0.496683,1.989519,1.989519,0.103592,1,0.000050
0.064650,1.000000,0.990004,0.496697,1.745146,1.745146,0.093410,1,0.000050
0.064700,1.000000,0.990047,0.496711,1.499051,1.499051,0.083157,1,0.000050
0.064750,1.000000,0.990089,0.496726,1.251476,1.251476,0.072842,1,0.000050
0.064800,1.000000,0.990132,0.496740,1.002666,1.002666,0.062475,1,0.000050
0.064850,1.000000,0.990174,0.496753,0.752867,0.752867,0.052067,1,0.000050
0.064900,1.000000,0.990216,0.496767,0.502324,0.502324,0.041629,1,0.000050
0.064950,1.000000,0.990258,0.496781,0.251286,0.251286,0.031169,1,0.000050
0.065000,1.000000,0.990299,0.496795,-0.000000,-0.000000,0.020700,1,0.000050
0.065050,1.000000,0.990341,0.496809,-0.251286,-0.251286,0.010230,1,0.000050
0.065100,1.000000,0.990382,0.496822,-0.502324,-0.502324,-0.000229,1,0.000050
0.065150,1.000000,0.990423,0.496836,-0.752867,-0.752867,-0.010668,1,0.000050
0.065200,1.000000,0.990464,0.496849,-1.002666,-1.002666,-0.021076,1,0.000050
0.065250,1.000000,0.990505,0.496863,-1.251476,-1.251476,-0.031442,1,0.000050
0.065300,1.000000,0.990546,0.496876,-1.499051,-1.499051,-0.041757,1,0.000050
0.065350,1.000000,0.990586,0.496890,-1.745146,-1.745146,-0.052011,1,0.000050
0.065400,1.000000,0.990626,0.496903,-1.989519,-1.989519,-0.062192,1,0.000050
0.065450,1.000000,0.990666,0.496916,-2.231929,-2.231929,-0.072292,1,0.000050
0.065500,1.000000,0.990706,0.496929,-2.472136,-2.472136,-0.082300,1,0.000050
0.065550,1.000000,0.990746,0.496942,-2.709903,-2.709903,-0.092207,1,0.000050
0.065600,1.000000,0.990785,0.496956,-2.944996,-2.944996,-0.102002,1,0.000050
0.065650,1.000000,0.990825,0.496969,-3.177183,-3.177183,-0.111676,1,0.000050
0.065700,1.000000,0.990864,0.496982,-3.406234,-3.406234,-0.121219,1,0.000050
0.065750,1.000000,0.990903,0.496994,-3.631924,-3.631924,-0.130622,1,0.000050
0.065800,1.000000,0.990942,0.497007,-3.854029,-3.854029,-0.139876,1,0.000050
0.065850,1.000000,0.990981,0.497020,-4.072331,-4.072331,-0.148971,1,0.000050
0.065900,1.000000,0.991019,0.497033,-4.286614,-4.286614,-0.157899,1,0.000050
0.065950,1.000000,0.991058,0.497045,-4.496667,-4.496667,-0.166651,1,0.000050
0.066000,1.000000,0.991096,0.497058,-4.702282,-4.702282,-0.175218,1,0.000050
0.066050,1.000000,0.991134,0.497071,-4.903256,-4.903256,-0.183591,1,0.000050
0.066100,1.000000,0.991172,0.497083,-5.099392,-5.099392,-0.191763,1,0.000050
0.066150,1.000000,0.991210,0.497096,-5.290495,-5.290495,-0.199725,1,0.000050
0.066200,1.000000,0.991247,0.497108,-5.476377,-5.476377,-0.207470,1,0.000050
0.066250,1.000000,0.991285,0.497120,-5.656854,-5.656854,-0.214989,1,0.000050
0.066300,1.000000,0.991322,0.497133,-5.831749,-5.831749,-0.222276,1,0.000050
0.066350,1.000000,0.991359,0.497145,-6.000889,-6.000889,-0.229323,1,0.000050
0.066400,1.000000,0.991396,0.497157,-6.164106,-6.164106,-0.236123,1,0.000050
0.066450,1.000000,0.991433,0.497169,-6.321240,-6.321240,-0.242670,1,0.000050
0.066500,1.000000,0.991469,0.497182,-6.472136,-6.472136,-0.248956,1,0.000050
0.066550,1.000000,0.991506,0.497194,-6.616645,-6.616645,-0.254977,1,0.000050
0.066600,1.000000,0.991542,0.497206,-6.754623,-6.754623,-0.260726,1,0.000050
0.066650,1.000000,0.991578,0.497218,-6.885936,-6.885936,-0.266197,1,0.000050
0.066700,1.000000,0.991614,0.497229,-7.010453,-7.010453,-0.271384,1,0.000050
0.066750,1.000000,0.991650,0.497241,-7.128052,-7.128052,-0.276284,1,0.000050
0.066800,1.000000,0.991686,0.497253,-7.238616,-7.238616,-0.280890,1,0.000050
0.066850,1.000000,0.991721,0.497265,-7.342037,-7.342037,-0.285199,1,0.000050
0.066900,1.000000,0.991757,0.497276,-7.438212,-7.438212,-0.289206,1,0.000050
0.066950,1.000000,0.991792,0.497288,-7.527046,-7.527046,-0.292907,1,0.000050
0.067000,1.000000,0.991827,0.497300,-7.608452,-7.608452,-0.296298,1,0.000050
0.067050,1.000000,0.991862,0.497311,-7.682349,-7.682349,-0.299377,1,0.000050
0.067100,1.000000,0.991897,0.497323,-7.748665,-7.748665,-0.302139,1,0.000050
0.067150,1.000000,0.991932,0.497334,-7.807334,-7.807334,-0.304583,1,0.000050
0.067200,1.000000,0.991966,0.497346,-7.858298,-7.858298,-0.306706,1,0.000050
0.067250,1.000000,0.992000,0.497357,-7.901507,-7.901507,-0.308506,1,0.000050
0.067300,1.000000,0.992035,0.497368,-7.936918,-7.936918,-0.309981,1,0.000050
0.067350,1.000000,0.992069,0.497379,-7.964496,-7.964496,-0.311130,1,0.000050
0.067400,1.000000,0.992103,0.497391,-7.984214,-7.984214,-0.311951,1,0.000050
0.067450,1.000000,0.992136,0.497402,-7.996052,-7.996052,-0.312444,1,0.000050
0.067500,1.000000,0.992170,0.497413,-8.000000,-8.000000,-0.312608,1,0.000050
0.067550,1.000000,0.992203,0.497424,-7.996052,-7.996052,-0.312443,1,0.000050
0.067600,1.000000,0.992237,0.497435,-7.984214,-7.984214,-0.311949,1,0.000050
0.067650,1.000000,0.992270,0.497446,-7.964496,-7.964496,-0.311127,1,0.000050
0.067700,1.000000,0.992303,0.497457,-7.936918,-7.936918,-0.309978,1,0.000050
0.067750,1.000000,0.992336,0.497468,-7.901507,-7.901507,-0.308502,1,0.000050
0.067800,1.000000,0.992369,0.497479,-7.858298,-7.858298,-0.306701,1,0.000050
0.067850,1.000000,0.992401,0.497489,-7.807334,-7.807334,-0.304577,1,0.000050
0.067900,1.000000,0.992434,0.497500,-7.748665,-7.748665,-0.302132,1,0.000050
0.067950,1.000000,0.992466,0.497511,-7.682349,-7.682349,-0.299368,1,0.000050
0.068000,1.000000,0.992498,0.497521,-7.608452,-7.608452,-0.296289,1,0.000050
0.068050,1.000000,0.992530,0.497532,-7.527046,-7.527046,-0.292896,1,0.000050
0.068100,1.000000,0.992562,0.497543,-7.438212,-7.438212,-0.289195,1,0.000050
0.068150,1.000000,0.992594,0.497553,-7.342037,-7.342037,-0.285187,1,0.000050
0.068200,1.000000,0.992626,0.497564,-7.238616,-7.238616,-0.280877,1,0.000050
0.068250,1.000000,0.992657,0.497574,-7.128052,-7.128052,-0.276270,1,0.000050
0.068300,1.000000,0.992689,0.497584,-7.010453,-7.010453,-0.271370,1,0.000050
0.068350,1.000000,0.992720,0.497595,-6.885936,-6.885936,-0.266181,1,0.000050
0.068400,1.000000,0.992751,0.497605,-6.754623,-6.754623,-0.260709,1,0.000050
0.068450,1.000000,0.992782,0.497615,-6.616645,-6.616645,-0.254960,1,0.000050
0.068500,1.000000,0.992813,0.497625,-6.472136,-6.472136,-0.248938,1,0.000050
0.068550,1.000000,0.992844,0.497636,-6.321240,-6.321240,-0.242650,1,0.000050
0.068600,1.000000,0.992874,0.497646,-6.164106,-6.164106,-0.236103,1,0.000050
0.068650,1.000000,0.992905,0.497656,-6.000889,-6.000889,-0.229301,1,0.000050
0.068700,1.000000,0.992935,0.497666,-5.831749,-5.831749,-0.222253,1,0.000050
0.068750,1.000000,0.992965,0.497676,-5.656854,-5.656854,-0.214966,1,0.000050
0.068800,1.000000,0.992995,0.497686,-5.476377,-5.476377,-0.207445,1,0.000050
0.068850,1.000000,0.993025,0.497696,-5.290495,-5.290495,-0.199700,1,0.000050
0.068900,1.000000,0.993055,0.497705,-5.099392,-5.099392,-0.191737,1,0.000050
0.068950,1.000000,0.993085,0.497715,-4.903256,-4.903256,-0.183564,1,0.000050
0.069000,1.000000,0.993114,0.497725,-4.702282,-4.702282,-0.175190,1,0.000050
0.069050,1.000000,0.993144,0.497735,-4.496667,-4.496667,-0.166622,1,0.000050
0.069100,1.000000,0.993173,0.497744,-4.286614,-4.286614,-0.157870,1,0.000050
0.069150,1.000000,0.993202,0.497754,-4.072331,-4.072331,-0.148941,1,0.000050
0.069200,1.000000,0.993231,0.497764,-3.854029,-3.854029,-0.139844,1,0.000050
0.069250,1.000000,0.993260,0.497773,-3.631924,-3.631924,-0.130590,1,0.000050
0.069300,1.000000,0.993289,0.497783,-3.406234,-3.406234,-0.121185,1,0.000050
0.069350,1.000000,0.993318,0.497792,-3.177183,-3.177183,-0.111641,1,0.000050
0.069400,1.000000,0.993346,0.497802,-2.944996,-2.944996,-0.101966,1,0.000050
0.069450,1.000000,0.993375,0.497811,-2.709903,-2.709903,-0.092171,1,0.000050
0.069500,1.000000,0.993403,0.497820,-2.472136,-2.472136,-0.082263,1,0.000050
0.069550,1.000000,0.993431,0.497830,-2.231929,-2.231929,-0.072254,1,0.000050
0.069600,1.000000,0.993459,0.497839,-1.989519,-1.989519,-0.062153,1,0.000050
0.069650,1.000000,0.993487,0.497848,-1.745146,-1.745146,-0.051971,1,0.000050
0.069700,1.000000,0.993515,0.497857,-1.499051,-1.499051,-0.041716,1,0.000050
0.069750,1.000000,0.993543,0.497867,-1.251476,-1.251476,-0.031400,1,0.000050
0.069800,1.000000,0.993571,0.497876,-1.002666,-1.002666,-0.021033,1,0.000050
0.069850,1.000000,0.993598,0.497885,-0.752867,-0.752867,-0.010624,1,0.000050
0.069900,1.000000,0.993625,0.497894,-0.502324,-0.502324,-0.000185,1,0.000050
0.069950,1.000000,0.993653,0.497903,-0.251286,-0.251286,0.010276,1,0.000050
0.070000,1.000000,0.993680,0.497912,0.000000,0.000000,0.020746,1,0.000050
0.070050,1.000000,0.993707,0.497921,0.251286,0.251286,0.031217,1,0.000050
0.070100,1.000000,0.993734,0.497930,0.502324,0.502324,0.041677,1,0.000050
0.070150,1.000000,0.993761,0.497939,0.752867,0.752867,0.052117,1,0.000050
0.070200,1.000000,0.993787,0.497947,1.002666,1.002666,0.062526,1,0.000050
0.070250,1.000000,0.993814,0.497956,1.251476,1.251476,0.072893,1,0.000050
0.070300,1.000000,0.993840,0.497965,1.499051,1.499051,0.083209,1,0.000050
0.070350,1.000000,0.993867,0.497974,1.745146,1.745146,0.093463,1,0.000050
0.070400,1.000000,0.993893,0.497982,1.989519,1.989519,0.103646,1,0.000050
0.070450,1.000000,0.993919,0.497991,2.231929,2.231929,0.113747,1,0.000050
0.070500,1.000000,0.993945,0.497999,2.472136,2.472136,0.123756,1,0.000050
0.070550,1.000000,0.993971,0.498008,2.709903,2.709903,0.133663,1,0.000050
0.070600,1.000000,0.993997,0.498016,2.944996,2.944996,0.143459,1,0.000050
0.070650,1.000000,0.994022,0.498025,3.177183,3.177183,0.153134,1,0.000050
0.070700,1.000000,0.994048,0.498033,3.406234,3.406234,0.162678,1,0.000050
0.070750,1.000000,0.994073,0.498042,3.631924,3.631924,0.172082,1,0.000050
0.070800,1.000000,0.994099,0.498050,3.854029,3.854029,0.181337,1,0.000050
0.070850,1.000000,0.994124,0.498059,4.072331,4.072331,0.190433,1,0.000050
0.070900,1.000000,0.994149,0.498067,4.286614,4.286614,0.199362,1,0.000050
0.070950,1.000000,0.994174,0.498075,4.496667,4.496667,0.208114,1,0.000050
0.071000,1.000000,0.994199,0.498083,4.702282,4.702282,0.216682,1,0.000050
0.071050,1.000000,0.994224,0.498092,4.903256,4.903256,0.225056,1,0.000050
0.071100,1.000000,0.994248,0.498100,5.099392,5.099392,0.233229,1,0.000050
0.071150,1.000000,0.994273,0.498108,5.290495,5.290495,0.241192,1,0.000050
0.071200,1.000000,0.994297,0.498116,5.476377,5.476377,0.248937,1,0.000050
0.071250,1.000000,0.994322,0.498124,5.656854,5.656854,0.256457,1,0.000050
0.071300,1.000000,0.994346,0.498132,5.831749,5.831749,0.263745,1,0.000050
0.071350,1.000000,0.994370,0.498140,6.000889,6.000889,0.270793,1,0.000050
0.071400,1.000000,0.994394,0.498148,6.164106,6.164106,0.277594,1,0.000050
0.071450,1.000000,0.994418,0.498156,6.321240,6.321240,0.284141,1,0.000050
0.071500,1.000000,0.994442,0.498164,6.472136,6.472136,0.290429,1,0.000050
0.071550,1.000000,0.994466,0.498172,6.616645,6.616645,0.296451,1,0.000050
0.071600,1.000000,0.994490,0.498179,6.754623,6.754623,0.302200,1,0.000050
0.071650,1.000000,0.994513,0.498187,6.885936,6.885936,0.307672,1,0.000050
0.071700,1.000000,0.994537,0.498195,7.010453,7.010453,0.312860,1,0.000050
0.071750,1.000000,0.994560,0.498203,7.128052,7.128052,0.317761,1,0.000050
0.071800,1.000000,0.994583,0.498210,7.238616,7.238616,0.322368,1,0.000050
0.071850,1.000000,0.994606,0.498218,7.342037,7.342037,0.326677,1,0.000050
0.071900,1.000000,0.994629,0.498226,7.438212,7.438212,0.330685,1,0.000050
0.071950,1.000000,0.994652,0.498233,7.527046,7.527046,0.334387,1,0.000050
0.072000,1.000000,0.994675,0.498241,7.608452,7.608452,0.337779,1,0.000050
0.072050,1.000000,0.994698,0.498248,7.682349,7.682349,0.340858,1,0.000050
0.072100,1.000000,0.994721,0.498256,7.748665,7.748665,0.343622,1,0.000050
0.072150,1.000000,0.994743,0.498263,7.807334,7.807334,0.346067,1,0.000050
0.072200,1.000000,0.994766,0.498271,7.858298,7.858298,0.348190,1,0.000050
0.072250,1.000000,0.994788,0.498278,7.901507,7.901507,0.349991,1,0.000050
0.072300,1.000000,0.994810,0.498285,7.936918,7.936918,0.351467,1,0.000050
0.072350,1.000000,0.994833,0.498293,7.964496,7.964496,0.352616,1,0.000050
0.072400,1.000000,0.994855,0.498300,7.984214,7.984214,0.353438,1,0.000050
0.072450,1.000000,0.994877,0.498307,7.996052,7.996052,0.353932,1,0.000050
0.072500,1.000000,0.994899,0.498315,8.000000,8.000000,0.354096,1,0.000050
0.072550,1.000000,0.994920,0.498322,7.996052,7.996052,0.353932,1,0.000050
0.072600,1.000000,0.994942,0.498329,7.984214,7.984214,0.353439,1,0.000050
0.072650,1.000000,0.994964,0.498336,7.964496,7.964496,0.352618,1,0.000050
0.072700,1.000000,0.994985,0.498343,7.936918,7.936918,0.351469,1,0.000050
0.072750,1.000000,0.995007,0.498350,7.901507,7.901507,0.349994,1,0.000050
0.072800,1.000000,0.995028,0.498357,7.858298,7.858298,0.348194,1,0.000050
0.072850,1.000000,0.995049,0.498364,7.807334,7.807334,0.346071,1,0.000050
0.072900,1.000000,0.995070,0.498371,7.748665,7.748665,0.343627,1,0.000050
0.072950,1.000000,0.995092,0.498378,7.682349,7.682349,0.340864,1,0.000050
0.073000,1.000000,0.995113,0.498385,7.608452,7.608452,0.337785,1,0.000050
0.073050,1.000000,0.995133,0.498392,7.527046,7.527046,0.334393,1,0.000050
0.073100,1.000000,0.995154,0.498399,7.438212,7.438212,0.330692,1,0.000050
0.073150,1.000000,0.995175,0.498406,7.342037,7.342037,0.326685,1,0.000050
0.073200,1.000000,0.995196,0.498413,7.238616,7.238616,0.322376,1,0.000050
0.073250,1.000000,0.995216,0.498419,7.128052,7.128052,0.317770,1,0.000050
0.073300,1.000000,0.995237,0.498426,7.010453,7.010453,0.312870,1,0.000050
0.073350,1.000000,0.995257,0.498433,6.885936,6.885936,0.307682,1,0.000050
0.073400,1.000000,0.995277,0.498440,6.754623,6.754623,0.302211,1,0.000050
0.073450,1.000000,0.995297,0.498446,6.616645,6.616645,0.296462,1,0.000050
0.073500,1.000000,0.995318,0.498453,6.472136,6.472136,0.290441,1,0.000050
0.073550,1.000000,0.995338,0.498460,6.321240,6.321240,0.284154,1,0.000050
0.073600,1.000000,0.995357,0.498466,6.164106,6.164106,0.277607,1,0.000050
0.073650,1.000000,0.995377,0.498473,6.000889,6.000889,0.270807,1,0.000050
0.073700,1.000000,0.995397,0.498479,5.831749,5.831749,0.263760,1,0.000050
0.073750,1.000000,0.995417,0.498486,5.656854,5.656854,0.256472,1,0.000050
0.073800,1.000000,0.995436,0.498492,5.476377,5.476377,0.248953,1,0.000050
0.073850,1.000000,0.995456,0.498499,5.290495,5.290495,0.241208,1,0.000050
0.073900,1.000000,0.995475,0.498505,5.099392,5.099392,0.233246,1,0.000050
0.073950,1.000000,0.995495,0.498511,4.903256,4.903256,0.225074,1,0.000050
0.074000,1.000000,0.995514,0.498518,4.702282,4.702282,0.216700,1,0.000050
0.074050,1.000000,0.995533,0.498524,4.496667,4.496667,0.208133,1,0.000050
0.074100,1.000000,0.995552,0.498530,4.286614,4.286614,0.199381,1,0.000050
0.074150,1.000000,0.995571,0.498537,4.072331,4.072331,0.190453,1,0.000050
0.074200,1.000000,0.995590,0.498543,3.854029,3.854029,0.181357,1,0.000050
0.074250,1.000000,0.995609,0.498549,3.631924,3.631924,0.172103,1,0.000050
0.074300,1.000000,0.995628,0.498555,3.406234,3.406234,0.162700,1,0.000050
0.074350,1.000000,0.995646,0.498562,3.177183,3.177183,0.153156,1,0.000050
0.074400,1.000000,0.995665,0.498568,2.944996,2.944996,0.143482,1,0.000050
0.074450,1.000000,0.995684,0.498574,2.709903,2.709903,0.133687,1,0.000050
0.074500,1.000000,0.995702,0.498580,2.472136,2.472136,0.123780,1,0.000050
0.074550,1.000000,0.995720,0.498586,2.231929,2.231929,0.113771,1,0.000050
0.074600,1.000000,0.995739,0.498592,1.989519,1.989519,0.103671,1,0.000050
0.074650,1.000000,0.995757,0.498598,1.745146,1.745146,0.093489,1,0.000050
0.074700,1.000000,0.995775,0.498604,1.499051,1.499051,0.083236,1,0.000050
0.074750,1.000000,0.995793,0.498610,1.251476,1.251476,0.072920,1,0.000050
0.074800,1.000000,0.995811,0.498616,1.002666,1.002666,0.062553,1,0.000050
0.074850,1.000000,0.995829,0.498622,0.752867,0.752867,0.052145,1,0.000050
0.074900,1.000000,0.995847,0.498628,0.502324,0.502324,0.041706,1,0.000050
0.074950,1.000000,0.995865,0.498634,0.251286,0.251286,0.031247,1,0.000050
0.075000,1.000000,0.995882,0.498640,-0.000000,-0.000000,0.020777,1,0.000050
0.075050,1.000000,0.995900,0.498645,-0.251286,-0.251286,0.010307,1,0.000050
0.075100,1.000000,0.995917,0.498651,-0.502324,-0.502324,-0.000153,1,0.000050
0.075150,1.000000,0.995935,0.498657,-0.752867,-0.752867,-0.010592,1,0.000050
0.075200,1.000000,0.995952,0.498663,-1.002666,-1.002666,-0.021000,1,0.000050
0.075250,1.000000,0.995970,0.498668,-1.251476,-1.251476,-0.031367,1,0.000050
0.075300,1.000000,0.995987,0.498674,-1.499051,-1.499051,-0.041682,1,0.000050
0.075350,1.000000,0.996004,0.498680,-1.745146,-1.745146,-0.051936,1,0.000050
0.075400,1.000000,0.996021,0.498685,-1.989519,-1.989519,-0.062118,1,0.000050
0.075450,1.000000,0.996038,0.498691,-2.231929,-2.231929,-0.072218,1,0.000050
0.075500,1.000000,0.996055,0.498697,-2.472136,-2.472136,-0.082227,1,0.000050
0.075550,1.000000,0.996072,0.498702,-2.709903,-2.709903,-0.092133,1,0.000050
0.075600,1.000000,0.996089,0.498708,-2.944996,-2.944996,-0.101929,1,0.000050
0.075650,1.000000,0.996105,0.498713,-3.177183,-3.177183,-0.111603,1,0.000050
0.075700,1.000000,0.996122,0.498719,-3.406234,-3.406234,-0.121146,1,0.000050
0.075750,1.000000,0.996139,0.498724,-3.631924,-3.631924,-0.130550,1,0.000050
0.075800,1.000000,0.996155,0.498730,-3.854029,-3.854029,-0.139804,1,0.000050
0.075850,1.000000,0.996172,0.498735,-4.072331,-4.072331,-0.148900,1,0.000050
0.075900,1.000000,0.996188,0.498741,-4.286614,-4.286614,-0.157828,1,0.000050
0.075950,1.000000,0.996204,0.498746,-4.496667,-4.496667,-0.166580,1,0.000050
0.076000,1.000000,0.996220,0.498751,-4.702282,-4.702282,-0.175147,1,0.000050
0.076050,1.000000,0.996237,0.498757,-4.903256,-4.903256,-0.183521,1,0.000050
0.076100,1.000000,0.996253,0.498762,-5.099392,-5.099392,-0.191693,1,0.000050
0.076150,1.000000,0.996269,0.498767,-5.290495,-5.290495,-0.199655,1,0.000050
0.076200,1.000000,0.996285,0.498772,-5.476377,-5.476377,-0.207400,1,0.000050
0.076250,1.000000,0.996301,0.498778,-5.656854,-5.656854,-0.214920,1,0.000050
0.076300,1.000000,0.996316,0.498783,-5.831749,-5.831749,-0.222207,1,0.000050
0.076350,1.000000,0.996332,0.498788,-6.000889,-6.000889,-0.229254,1,0.000050
0.076400,1.000000,0.996348,0.498793,-6.164106,-6.164106,-0.236055,1,0.000050
0.076450,1.000000,0.996363,0.498798,-6.321240,-6.321240,-0.242602,1,0.000050
0.076500,1.000000,0.996379,0.498804,-6.472136,-6.472136,-0.248889,1,0.000050
0.076550,1.000000,0.996394,0.498809,-6.616645,-6.616645,-0.254910,1,0.000050
0.076600,1.000000,0.996410,0.498814,-6.754623,-6.754623,-0.260659,1,0.000050
0.076650,1.000000,0.996425,0.498819,-6.885936,-6.885936,-0.266130,1,0.000050
0.076700,1.000000,0.996441,0.498824,-7.010453,-7.010453,-0.271318,1,0.000050
0.076750,1.000000,0.996456,0.498829,-7.128052,-7.128052,-0.276218,1,0.000050
0.076800,1.000000,0.996471,0.498834,-7.238616,-7.238616,-0.280824,1,0.000050
0.076850,1.000000,0.996486,0.498839,-7.342037,-7.342037,-0.285133,1,0.000050
0.076900,1.000000,0.996501,0.498844,-7.438212,-7.438212,-0.289140,1,0.000050
0.076950,1.000000,0.996516,0.498849,-7.527046,-7.527046,-0.292842,1,0.000050
0.077000,1.000000,0.996531,0.498854,-7.608452,-7.608452,-0.296233,1,0.000050
0.077050,1.000000,0.996546,0.498859,-7.682349,-7.682349,-0.299312,1,0.000050
0.077100,1.000000,0.996560,0.498864,-7.748665,-7.748665,-0.302075,1,0.000050
0.077150,1.000000,0.996575,0.498868,-7.807334,-7.807334,-0.304519,1,0.000050
0.077200,1.000000,0.996590,0.498873,-7.858298,-7.858298,-0.306643,1,0.000050
0.077250,1.000000,0.996604,0.498878,-7.901507,-7.901507,-0.308443,1,0.000050
0.077300,1.000000,0.996619,0.498883,-7.936918,-7.936918,-0.309918,1,0.000050
0.077350,1.000000,0.996633,0.498888,-7.964496,-7.964496,-0.311067,1,0.000050
0.077400,1.000000,0.996648,0.498892,-7.984214,-7.984214,-0.311888,1,0.000050
0.077450,1.000000,0.996662,0.498897,-7.996052,-7.996052,-0.312381,1,0.000050
0.077500,1.000000,0.996676,0.498902,-8.000000,-8.000000,-0.312546,1,0.000050
0.077550,1.000000,0.996691,0.498907,-7.996052,-7.996052,-0.312381,1,0.000050
0.077600,1.000000,0.996705,0.498911,-7.984214,-7.984214,-0.311888,1,0.000050
0.077650,1.000000,0.996719,0.498916,-7.964496,-7.964496,-0.311066,1,0.000050
0.077700,1.000000,0.996733,0.498921,-7.936918,-7.936918,-0.309917,1,0.000050
0.077750,1.000000,0.996747,0.498925,-7.901507,-7.901507,-0.308441,1,0.000050
0.077800,1.000000,0.996761,0.498930,-7.858298,-7.858298,-0.306640,1,0.000050
0.077850,1.000000,0.996775,0.498934,-7.807334,-7.807334,-0.304517,1,0.000050
0.077900,1.000000,0.996788,0.498939,-7.748665,-7.748665,-0.302072,1,0.000050
0.077950,1.000000,0.996802,0.498943,-7.682349,-7.682349,-0.299309,1,0.000050
0.078000,1.000000,0.996816,0.498948,-7.608452,-7.608452,-0.296229,1,0.000050
0.078050,1.000000,0.996829,0.498952,-7.527046,-7.527046,-0.292837,1,0.000050
0.078100,1.000000,0.996843,0.498957,-7.438212,-7.438212,-0.289136,1,0.000050
0.078150,1.000000,0.996856,0.498961,-7.342037,-7.342037,-0.285128,1,0.000050
0.078200,1.000000,0.996870,0.498966,-7.238616,-7.238616,-0.280819,1,0.000050
0.078250,1.000000,0.996883,0.498970,-7.128052,-7.128052,-0.276212,1,0.000050
0.078300,1.000000,0.996897,0.498975,-7.010453,-7.010453,-0.271312,1,0.000050
0.078350,1.000000,0.996910,0.498979,-6.885936,-6.885936,-0.266123,1,0.000050
0.078400,1.000000,0.996923,0.498983,-6.754623,-6.754623,-0.260652,1,0.000050
0.078450,1.000000,0.996936,0.498988,-6.616645,-6.616645,-0.254902,1,0.000050
0.078500,1.000000,0.996949,0.498992,-6.472136,-6.472136,-0.248881,1,0.000050
0.078550,1.000000,0.996962,0.498996,-6.321240,-6.321240,-0.242593,1,0.000050
0.078600,1.000000,0.996975,0.499001,-6.164106,-6.164106,-0.236046,1,0.000050
0.078650,1.000000,0.996988,0.499005,-6.000889,-6.000889,-0.229245,1,0.000050
0.078700,1.000000,0.997001,0.499009,-5.831749,-5.831749,-0.222197,1,0.000050
0.078750,1.000000,0.997014,0.499013,-5.656854,-5.656854,-0.214910,1,0.000050
0.078800,1.000000,0.997027,0.499018,-5.476377,-5.476377,-0.207390,1,0.000050
0.078850,1.000000,0.997039,0.499022,-5.290495,-5.290495,-0.199645,1,0.000050
0.078900,1.000000,0.997052,0.499026,-5.099392,-5.099392,-0.191682,1,0.000050
0.078950,1.000000,0.997065,0.499030,-4.903256,-4.903256,-0.183509,1,0.000050
0.079000,1.000000,0.997077,0.499034,-4.702282,-4.702282,-0.175135,1,0.000050
0.079050,1.000000,0.997090,0.499038,-4.496667,-4.496667,-0.166568,1,0.000050
0.079100,1.000000,0.997102,0.499043,-4.286614,-4.286614,-0.157815,1,0.000050
0.079150,1.000000,0.997115,0.499047,-4.072331,-4.072331,-0.148887,1,0.000050
0.079200,1.000000,0.997127,0.499051,-3.854029,-3.854029,-0.139791,1,0.000050
0.079250,1.000000,0.997139,0.499055,-3.631924,-3.631924,-0.130536,1,0.000050
0.079300,1.000000,0.997151,0.499059,-3.406234,-3.406234,-0.121132,1,0.000050
0.079350,1.000000,0.997164,0.499063,-3.177183,-3.177183,-0.111588,1,0.000050
0.079400,1.000000,0.997176,0.499067,-2.944996,-2.944996,-0.101914,1,0.000050
0.079450,1.000000,0.997188,0.499071,-2.709903,-2.709903,-0.092118,1,0.000050
0.079500,1.000000,0.997200,0.499075,-2.472136,-2.472136,-0.082211,1,0.000050
0.079550,1.000000,0.997212,0.499079,-2.231929,-2.231929,-0.072202,1,0.000050
0.079600,1.000000,0.997224,0.499083,-1.989519,-1.989519,-0.062102,1,0.000050
0.079650,1.000000,0.997236,0.499087,-1.745146,-1.745146,-0.051919,1,0.000050
0.079700,1.000000,0.997247,0.499091,-1.499051,-1.499051,-0.041665,1,0.000050
0.079750,1.000000,0.997259,0.499094,-1.251476,-1.251476,-0.031349,1,0.000050
0.079800,1.000000,0.997271,0.499098,-1.002666,-1.002666,-0.020982,1,0.000050
0.079850,1.000000,0.997283,0.499102,-0.752867,-0.752867,-0.010574,1,0.000050
0.079900,1.000000,0.997294,0.499106,-0.502324,-0.502324,-0.000134,1,0.000050
0.079950,1.000000,0.997306,0.499110,-0.251286,-0.251286,0.010326,1,0.000050
0.080000,1.000000,0.997317,0.499114,-0.000000,-0.000000,0.020796,1,0.000050
0.080050,1.000000,0.997329,0.499117,0.251286,0.251286,0.031267,1,0.000050
0.080100,1.000000,0.997340,0.499121,0.502324,0.502324,0.041727,1,0.000050
0.080150,1.000000,0.997352,0.499125,0.752867,0.752867,0.052166,1,0.000050
0.080200,1.000000,0.997363,0.499129,1.002666,1.002666,0.062575,1,0.000050
0.080250,1.000000,0.997374,0.499132,1.251476,1.251476,0.072942,1,0.000050
0.080300,1.000000,0.997385,0.499136,1.499051,1.499051,0.083258,1,0.000050
0.080350,1.000000,0.997397,0.499140,1.745146,1.745146,0.093512,1,0.000050
0.080400,1.000000,0.997408,0.499143,1.989519,1.989519,0.103694,1,0.000050
0.080450,1.000000,0.997419,0.499147,2.231929,2.231929,0.113795,1,0.000050
0.080500,1.000000,0.997430,0.499151,2.472136,2.472136,0.123804,1,0.000050
0.080550,1.000000,0.997441,0.499154,2.709903,2.709903,0.133711,1,0.000050
0.080600,1.000000,0.997452,0.499158,2.944996,2.944996,0.143506,1,0.000050
0.080650,1.000000,0.997463,0.499162,3.177183,3.177183,0.153181,1,0.000050
0.080700,1.000000,0.997473,0.499165,3.406234,3.406234,0.162725,1,0.000050
0.080750,1.000000,0.997484,0.499169,3.631924,3.631924,0.172129,1,0.000050
0.080800,1.000000,0.997495,0.499172,3.854029,3.854029,0.181383,1,0.000050
0.080850,1.000000,0.997506,0.499176,4.072331,4.072331,0.190479,1,0.000050
0.080900,1.000000,0.997516,0.499179,4.286614,4.286614,0.199408,1,0.000050
0.080950,1.000000,0.997527,0.499183,4.496667,4.496667,0.208160,1,0.000050
0.081000,1.000000,0.997538,0.499186,4.702282,4.702282,0.216728,1,0.000050
0.081050,1.000000,0.997548,0.499190,4.903256,4.903256,0.225102,1,0.000050
0.081100,1.000000,0.997559,0.499193,5.099392,5.099392,0.233274,1,0.000050
0.081150,1.000000,0.997569,0.499197,5.290495,5.290495,0.241237,1,0.000050
0.081200,1.000000,0.997579,0.499200,5.476377,5.476377,0.248982,1,0.000050
0.081250,1.000000,0.997590,0.499204,5.656854,5.656854,0.256502,1,0.000050
0.081300,1.000000,0.997600,0.499207,5.831749,5.831749,0.263790,1,0.000050
0.081350,1.000000,0.997610,0.499210,6.000889,6.000889,0.270837,1,0.000050
0.081400,1.000000,0.997621,0.499214,6.164106,6.164106,0.277638,1,0.000050
0.081450,1.000000,0.997631,0.499217,6.321240,6.321240,0.284186,1,0.000050
0.081500,1.000000,0.997641,0.499221,6.472136,6.472136,0.290473,1,0.000050
0.081550,1.000000,0.997651,0.499224,6.616645,6.616645,0.296495,1,0.000050
0.081600,1.000000,0.997661,0.499227,6.754623,6.754623,0.302244,1,0.000050
0.081650,1.000000,0.997671,0.499230,6.885936,6.885936,0.307715,1,0.000050
0.081700,1.000000,0.997681,0.499234,7.010453,7.010453,0.312904,1,0.000050
0.081750,1.000000,0.997691,0.499237,7.128052,7.128052,0.317804,1,0.000050
0.081800,1.000000,0.997701,0.499240,7.238616,7.238616,0.322411,1,0.000050
0.081850,1.000000,0.997711,0.499244,7.342037,7.342037,0.326720,1,0.000050
0.081900,1.000000,0.997720,0.499247,7.438212,7.438212,0.330727,1,0.000050
0.081950,1.000000,0.997730,0.499250,7.527046,7.527046,0.334429,1,0.000050
0.082000,1.000000,0.997740,0.499253,7.608452,7.608452,0.337821,1,0.000050
0.082050,1.000000,0.997749,0.499256,7.682349,7.682349,0.340900,1,0.000050
0.082100,1.000000,0.997759,0.499260,7.748665,7.748665,0.343664,1,0.000050
0.082150,1.000000,0.997769,0.499263,7.807334,7.807334,0.346108,1,0.000050
0.082200,1.000000,0.997778,0.499266,7.858298,7.858298,0.348232,1,0.000050
0.082250,1.000000,0.997788,0.499269,7.901507,7.901507,0.350032,1,0.000050
0.082300,1.000000,0.997797,0.499272,7.936918,7.936918,0.351508,1,0.000050
0.082350,1.000000,0.997807,0.499275,7.964496,7.964496,0.352657,1,0.000050
0.082400,1.000000,0.997816,0.499278,7.984214,7.984214,0.353479,1,0.000050
0.082450,1.000000,0.997825,0.499281,7.996052,7.996052,0.353972,1,0.000050
0.082500,1.000000,0.997835,0.499285,8.000000,8.000000,0.354137,1,0.000050
0.082550,1.000000,0.997844,0.499288,7.996052,7.996052,0.353973,1,0.000050
0.082600,1.000000,0.997853,0.499291,7.984214,7.984214,0.353479,1,0.000050
0.082650,1.000000,0.997862,0.499294,7.964496,7.964496,0.352658,1,0.000050
0.082700,1.000000,0.997871,0.499297,7.936918,7.936918,0.351509,1,0.000050
0.082750,1.000000,0.997880,0.499300,7.901507,7.901507,0.350034,1,0.000050
0.082800,1.000000,0.997890,0.499303,7.858298,7.858298,0.348233,1,0.000050
0.082850,1.000000,0.997899,0.499306,7.807334,7.807334,0.346110,1,0.000050
0.082900,1.000000,0.997908,0.499309,7.748665,7.748665,0.343666,1,0.000050
0.082950,1.000000,0.997916,0.499312,7.682349,7.682349,0.340903,1,0.000050
0.083000,1.000000,0.997925,0.499315,7.608452,7.608452,0.337824,1,0.000050
0.083050,1.000000,0.997934,0.499317,7.527046,7.527046,0.334432,1,0.000050
0.083100,1.000000,0.997943,0.499320,7.438212,7.438212,0.330731,1,0.000050
0.083150,1.000000,0.997952,0.499323,7.342037,7.342037,0.326723,1,0.000050
0.083200,1.000000,0.997961,0.499326,7.238616,7.238616,0.322414,1,0.000050
0.083250,1.000000,0.997969,0.499329,7.128052,7.128052,0.317808,1,0.000050
0.083300,1.000000,0.997978,0.499332,7.010453,7.010453,0.312908,1,0.000050
0.083350,1.000000,0.997987,0.499335,6.885936,6.885936,0.307720,1,0.000050
0.083400,1.000000,0.997995,0.499338,6.754623,6.754623,0.302248,1,0.000050
0.083450,1.000000,0.998004,0.499340,6.616645,6.616645,0.296499,1,0.000050
0.083500,1.000000,0.998012,0.499343,6.472136,6.472136,0.290478,1,0.000050
0.083550,1.000000,0.998021,0.499346,6.321240,6.321240,0.284191,1,0.000050
0.083600,1.000000,0.998029,0.499349,6.164106,6.164106,0.277644,1,0.000050
0.083650,1.000000,0.998038,0.499352,6.000889,6.000889,0.270843,1,0.000050
0.083700,1.000000,0.998046,0.499354,5.831749,5.831749,0.263796,1,0.000050
0.083750,1.000000,0.998055,0.499357,5.656854,5.656854,0.256509,1,0.000050
0.083800,1.000000,0.998063,0.499360,5.476377,5.476377,0.248989,1,0.000050
0.083850,1.000000,0.998071,0.499363,5.290495,5.290495,0.241244,1,0.000050
0.083900,1.000000,0.998079,0.499365,5.099392,5.099392,0.233282,1,0.000050
0.083950,1.000000,0.998088,0.499368,4.903256,4.903256,0.225109,1,0.000050
0.084000,1.000000,0.998096,0.499371,4.702282,4.702282,0.216736,1,0.000050
0.084050,1.000000,0.998104,0.499374,4.496667,4.496667,0.208168,1,0.000050
0.084100,1.000000,0.998112,0.499376,4.286614,4.286614,0.199416,1,0.000050
0.084150,1.000000,0.998120,0.499379,4.072331,4.072331,0.190488,1,0.000050
0.084200,1.000000,0.998128,0.499382,3.854029,3.854029,0.181392,1,0.000050
0.084250,1.000000,0.998136,0.499384,3.631924,3.631924,0.172138,1,0.000050
0.084300,1.000000,0.998144,0.499387,3.406234,3.406234,0.162734,1,0.000050
0.084350,1.000000,0.998152,0.499389,3.177183,3.177183,0.153191,1,0.000050
0.084400,1.000000,0.998160,0.499392,2.944996,2.944996,0.143516,1,0.000050
0.084450,1.000000,0.998168,0.499395,2.709903,2.709903,0.133721,1,0.000050
0.084500,1.000000,0.998176,0.499397,2.472136,2.472136,0.123814,1,0.000050
0.084550,1.000000,0.998183,0.499400,2.231929,2.231929,0.113805,1,0.000050
0.084600,1.000000,0.998191,0.499402,1.989519,1.989519,0.103705,1,0.000050
0.084650,1.000000,0.998199,0.499405,1.745146,1.745146,0.093523,1,0.000050
0.084700,1.000000,0.998207,0.499407,1.499051,1.499051,0.083269,1,0.000050
0.084750,1.000000,0.998214,0.499410,1.251476,1.251476,0.072954,1,0.000050
0.084800,1.000000,0.998222,0.499413,1.002666,1.002666,0.062587,1,0.000050
0.084850,1.000000,0.998230,0.499415,0.752867,0.752867,0.052178,1,0.000050
0.084900,1.000000,0.998237,0.499418,0.502324,0.502324,0.041739,1,0.000050
0.084950,1.000000,0.998245,0.499420,0.251286,0.251286,0.031279,1,0.000050
0.085000,1.000000,0.998252,0.499423,-0.000000,-0.000000,0.020809,1,0.000050
0.085050,1.000000,0.998260,0.499425,-0.251286,-0.251286,0.010339,1,0.000050
0.085100,1.000000,0.998267,0.499427,-0.502324,-0.502324,-0.000121,1,0.000050
0.085150,1.000000,0.998274,0.499430,-0.752867,-0.752867,-0.010560,1,0.000050
0.085200,1.000000,0.998282,0.499432,-1.002666,-1.002666,-0.020968,1,0.000050
0.085250,1.000000,0.998289,0.499435,-1.251476,-1.251476,-0.031335,1,0.000050
0.085300,1.000000,0.998297,0.499437,-1.499051,-1.499051,-0.041651,1,0.000050
0.085350,1.000000,0.998304,0.499440,-1.745146,-1.745146,-0.051904,1,0.000050
0.085400,1.000000,0.998311,0.499442,-1.989519,-1.989519,-0.062087,1,0.000050
0.085450,1.000000,0.998318,0.499444,-2.231929,-2.231929,-0.072187,1,0.000050
0.085500,1.000000,0.998325,0.499447,-2.472136,-2.472136,-0.082195,1,0.000050
0.085550,1.000000,0.998333,0.499449,-2.709903,-2.709903,-0.092102,1,0.000050
0.085600,1.000000,0.998340,0.499451,-2.944996,-2.944996,-0.101898,1,0.000050
0.085650,1.000000,0.998347,0.499454,-3.177183,-3.177183,-0.111572,1,0.000050
0.085700,1.000000,0.998354,0.499456,-3.406234,-3.406234,-0.121116,1,0.000050
0.085750,1.000000,0.998361,0.499458,-3.631924,-3.631924,-0.130519,1,0.000050
0.085800,1.000000,0.998368,0.499461,-3.854029,-3.854029,-0.139774,1,0.000050
0.085850,1.000000,0.998375,0.499463,-4.072331,-4.072331,-0.148870,1,0.000050
0.085900,1.000000,0.998382,0.499465,-4.286614,-4.286614,-0.157798,1,0.000050
0.085950,1.000000,0.998389,0.499468,-4.496667,-4.496667,-0.166550,1,0.000050
0.086000,1.000000,0.998396,0.499470,-4.702282,-4.702282,-0.175117,1,0.000050
0.086050,1.000000,0.998403,0.499472,-4.903256,-4.903256,-0.183491,1,0.000050
0.086100,1.000000,0.998409,0.499474,-5.099392,-5.099392,-0.191663,1,0.000050
0.086150,1.000000,0.998416,0.499477,-5.290495,-5.290495,-0.199626,1,0.000050
0.086200,1.000000,0.998423,0.499479,-5.476377,-5.476377,-0.207371,1,0.000050
0.086250,1.000000,0.998430,0.499481,-5.656854,-5.656854,-0.214891,1,0.000050
0.086300,1.000000,0.998436,0.499483,-5.831749,-5.831749,-0.222178,1,0.000050
0.086350,1.000000,0.998443,0.499486,-6.000889,-6.000889,-0.229225,1,0.000050
0.086400,1.000000,0.998450,0.499488,-6.164106,-6.164106,-0.236026,1,0.000050
0.086450,1.000000,0.998456,0.499490,-6.321240,-6.321240,-0.242573,1,0.000050
0.086500,1.000000,0.998463,0.499492,-6.472136,-6.472136,-0.248860,1,0.000050
0.086550,1.000000,0.998470,0.499494,-6.616645,-6.616645,-0.254881,1,0.000050
0.086600,1.000000,0.998476,0.499497,-6.754623,-6.754623,-0.260630,1,0.000050
0.086650,1.000000,0.998483,0.499499,-6.885936,-6.885936,-0.266102,1,0.000050
0.086700,1.000000,0.998489,0.499501,-7.010453,-7.010453,-0.271290,1,0.000050
0.086750,1.000000,0.998496,0.499503,-7.128052,-7.128052,-0.276190,1,0.000050
0.086800,1.000000,0.998502,0.499505,-7.238616,-7.238616,-0.280796,1,0.000050
0.086850,1.000000,0.998508,0.499507,-7.342037,-7.342037,-0.285105,1,0.000050
0.086900,1.000000,0.998515,0.499509,-7.438212,-7.438212,-0.289113,1,0.000050
0.086950,1.000000,0.998521,0.499511,-7.527046,-7.527046,-0.292814,1,0.000050
0.087000,1.000000,0.998527,0.499513,-7.608452,-7.608452,-0.296206,1,0.000050
0.087050,1.000000,0.998534,0.499516,-7.682349,-7.682349,-0.299285,1,0.000050
0.087100,1.000000,0.998540,0.499518,-7.748665,-7.748665,-0.302048,1,0.000050
0.087150,1.000000,0.998546,0.499520,-7.807334,-7.807334,-0.304492,1,0.000050
0.087200,1.000000,0.998552,0.499522,-7.858298,-7.858298,-0.306616,1,0.000050
0.087250,1.000000,0.998559,0.499524,-7.901507,-7.901507,-0.308416,1,0.000050
0.087300,1.000000,0.998565,0.499526,-7.936918,-7.936918,-0.309891,1,0.000050
0.087350,1.000000,0.998571,0.499528,-7.964496,-7.964496,-0.311040,1,0.000050
0.087400,1.000000,0.998577,0.499530,-7.984214,-7.984214,-0.311862,1,0.000050
0.087450,1.000000,0.998583,0.499532,-7.996052,-7.996052,-0.312355,1,0.000050
0.087500,1.000000,0.998589,0.499534,-8.000000,-8.000000,-0.312519,1,0.000050
0.087550,1.000000,0.998595,0.499536,-7.996052,-7.996052,-0.312355,1,0.000050
0.087600,1.000000,0.998601,0.499538,-7.984214,-7.984214,-0.311861,1,0.000050
0.087650,1.000000,0.998607,0.499540,-7.964496,-7.964496,-0.311040,1,0.000050
0.087700,1.000000,0.998613,0.499542,-7.936918,-7.936918,-0.309891,1,0.000050
0.087750,1.000000,0.998619,0.499544,-7.901507,-7.901507,-0.308415,1,0.000050
0.087800,1.000000,0.998625,0.499546,-7.858298,-7.858298,-0.306615,1,0.000050
0.087850,1.000000,0.998631,0.499548,-7.807334,-7.807334,-0.304491,1,0.000050
0.087900,1.000000,0.998637,0.499550,-7.748665,-7.748665,-0.302046,1,0.000050
0.087950,1.000000,0.998643,0.499552,-7.682349,-7.682349,-0.299283,1,0.000050
0.088000,1.000000,0.998648,0.499553,-7.608452,-7.608452,-0.296204,1,0.000050
0.088050,1.000000,0.998654,0.499555,-7.527046,-7.527046,-0.292812,1,0.000050
0.088100,1.000000,0.998660,0.499557,-7.438212,-7.438212,-0.289111,1,0.000050
0.088150,1.000000,0.998666,0.499559,-7.342037,-7.342037,-0.285103,1,0.000050
0.088200,1.000000,0.998671,0.499561,-7.238616,-7.238616,-0.280794,1,0.000050
0.088250,1.000000,0.998677,0.499563,-7.128052,-7.128052,-0.276187,1,0.000050
0.088300,1.000000,0.998683,0.499565,-7.010453,-7.010453,-0.271287,1,0.000050
0.088350,1.000000,0.998688,0.499567,-6.885936,-6.885936,-0.266099,1,0.000050
0.088400,1.000000,0.998694,0.499568,-6.754623,-6.754623,-0.260627,1,0.000050
0.088450,1.000000,0.998699,0.499570,-6.616645,-6.616645,-0.254878,1,0.000050
0.088500,1.000000,0.998705,0.499572,-6.472136,-6.472136,-0.248857,1,0.000050
0.088550,1.000000,0.998711,0.499574,-6.321240,-6.321240,-0.242569,1,0.000050
0.088600,1.000000,0.998716,0.499576,-6.164106,-6.164106,-0.236022,1,0.000050
0.088650,1.000000,0.998722,0.499578,-6.000889,-6.000889,-0.229221,1,0.000050
0.088700,1.000000,0.998727,0.499579,-5.831749,-5.831749,-0.222174,1,0.000050
0.088750,1.000000,0.998732,0.499581,-5.656854,-5.656854,-0.214886,1,0.000050
0.088800,1.000000,0.998738,0.499583,-5.476377,-5.476377,-0.207366,1,0.000050
0.088850,1.000000,0.998743,0.499585,-5.290495,-5.290495,-0.199621,1,0.000050
0.088900,1.000000,0.998749,0.499587,-5.099392,-5.099392,-0.191659,1,0.000050
0.088950,1.000000,0.998754,0.499588,-4.903256,-4.903256,-0.183486,1,0.000050
0.089000,1.000000,0.998759,0.499590,-4.702282,-4.702282,-0.175112,1,0.000050
0.089050,1.000000,0.998765,0.499592,-4.496667,-4.496667,-0.166545,1,0.000050
0.089100,1.000000,0.998770,0.499594,-4.286614,-4.286614,-0.157793,1,0.000050
0.089150,1.000000,0.998775,0.499595,-4.072331,-4.072331,-0.148864,1,0.000050
0.089200,1.000000,0.998780,0.499597,-3.854029,-3.854029,-0.139768,1,0.000050
0.089250,1.000000,0.998786,0.499599,-3.631924,-3.631924,-0.130514,1,0.000050
0.089300,1.000000,0.998791,0.499600,-3.406234,-3.406234,-0.121110,1,0.000050
0.089350,1.000000,0.998796,0.499602,-3.177183,-3.177183,-0.111566,1,0.000050
0.089400,1.000000,0.998801,0.499604,-2.944996,-2.944996,-0.101891,1,0.000050
0.089450,1.000000,0.998806,0.499606,-2.709903,-2.709903,-0.092096,1,0.000050
0.089500,1.000000,0.998811,0.499607,-2.472136,-2.472136,-0.082189,1,0.000050
0.089550,1.000000,0.998816,0.499609,-2.231929,-2.231929,-0.072180,1,0.000050
0.089600,1.000000,0.998822,0.499611,-1.989519,-1.989519,-0.062080,1,0.000050
0.089650,1.000000,0.998827,0.499612,-1.745146,-1.745146,-0.051897,1,0.000050
0.089700,1.000000,0.998832,0.499614,-1.499051,-1.499051,-0.041643,1,0.000050
0.089750,1.000000,0.998837,0.499616,-1.251476,-1.251476,-0.031328,1,0.000050
0.089800,1.000000,0.998842,0.499617,-1.002666,-1.002666,-0.020960,1,0.000050
0.089850,1.000000,0.998847,0.499619,-0.752867,-0.752867,-0.010552,1,0.000050
0.089900,1.000000,0.998851,0.499621,-0.502324,-0.502324,-0.000113,1,0.000050
0.089950,1.000000,0.998856,0.499622,-0.251286,-0.251286,0.010347,1,0.000050
0.090000,1.000000,0.998861,0.499624,0.000000,0.000000,0.020818,1,0.000050
0.090050,1.000000,0.998866,0.499625,0.251286,0.251286,0.031288,1,0.000050
0.090100,1.000000,0.998871,0.499627,0.502324,0.502324,0.041748,1,0.000050
0.090150,1.000000,0.998876,0.499629,0.752867,0.752867,0.052187,1,0.000050
0.090200,1.000000,0.998881,0.499630,1.002666,1.002666,0.062596,1,0.000050
0.090250,1.000000,0.998885,0.499632,1.251476,1.251476,0.072963,1,0.000050
0.090300,1.000000,0.998890,0.499633,1.499051,1.499051,0.083278,1,0.000050
0.090350,1.000000,0.998895,0.499635,1.745146,1.745146,0.093533,1,0.000050
0.090400,1.000000,0.998900,0.499636,1.989519,1.989519,0.103715,1,0.000050
0.090450,1.000000,0.998904,0.499638,2.231929,2.231929,0.113815,1,0.000050
0.090500,1.000000,0.998909,0.499640,2.472136,2.472136,0.123824,1,0.000050
0.090550,1.000000,0.998914,0.499641,2.709903,2.709903,0.133731,1,0.000050
0.090600,1.000000,0.998918,0.499643,2.944996,2.944996,0.143527,1,0.000050
0.090650,1.000000,0.998923,0.499644,3.177183,3.177183,0.153201,1,0.000050
0.090700,1.000000,0.998928,0.499646,3.406234,3.406234,0.162745,1,0.000050
0.090750,1.000000,0.998932,0.499647,3.631924,3.631924,0.172149,1,0.000050
0.090800,1.000000,0.998937,0.499649,3.854029,3.854029,0.181403,1,0.000050
0.090850,1.000000,0.998941,0.499650,4.072331,4.072331,0.190499,1,0.000050
0.090900,1.000000,0.998946,0.499652,4.286614,4.286614,0.199428,1,0.000050
0.090950,1.000000,0.998950,0.499653,4.496667,4.496667,0.208180,1,0.000050
0.091000,1.000000,0.998955,0.499655,4.702282,4.702282,0.216747,1,0.000050
0.091050,1.000000,0.998959,0.499656,4.903256,4.903256,0.225121,1,0.000050
0.091100,1.000000,0.998964,0.499658,5.099392,5.099392,0.233294,1,0.000050
0.091150,1.000000,0.998968,0.499659,5.290495,5.290495,0.241256,1,0.000050
0.091200,1.000000,0.998973,0.499661,5.476377,5.476377,0.249002,1,0.000050
0.091250,1.000000,0.998977,0.499662,5.656854,5.656854,0.256522,1,0.000050
0.091300,1.000000,0.998981,0.499663,5.831749,5.831749,0.263809,1,0.000050
0.091350,1.000000,0.998986,0.499665,6.000889,6.000889,0.270856,1,0.000050
0.091400,1.000000,0.998990,0.499666,6.164106,6.164106,0.277657,1,0.000050
0.091450,1.000000,0.998994,0.499668,6.321240,6.321240,0.284204,1,0.000050
0.091500,1.000000,0.998999,0.499669,6.472136,6.472136,0.290492,1,0.000050
0.091550,1.000000,0.999003,0.499671,6.616645,6.616645,0.296513,1,0.000050
0.091600,1.000000,0.999007,0.499672,6.754623,6.754623,0.302262,1,0.000050
0.091650,1.000000,0.999011,0.499673,6.885936,6.885936,0.307734,1,0.000050
0.091700,1.000000,0.999016,0.499675,7.010453,7.010453,0.312922,1,0.000050
0.091750,1.000000,0.999020,0.499676,7.128052,7.128052,0.317822,1,0.000050
0.091800,1.000000,0.999024,0.499678,7.238616,7.238616,0.322429,1,0.000050
0.091850,1.000000,0.999028,0.499679,7.342037,7.342037,0.326738,1,0.000050
0.091900,1.000000,0.999032,0.499680,7.438212,7.438212,0.330746,1,0.000050
0.091950,1.000000,0.999036,0.499682,7.527046,7.527046,0.334447,1,0.000050
0.092000,1.000000,0.999041,0.499683,7.608452,7.608452,0.337839,1,0.000050
0.092050,1.000000,0.999045,0.499684,7.682349,7.682349,0.340918,1,0.000050
0.092100,1.000000,0.999049,0.499686,7.748665,7.748665,0.343681,1,0.000050
0.092150,1.000000,0.999053,0.499687,7.807334,7.807334,0.346126,1,0.000050
0.092200,1.000000,0.999057,0.499688,7.858298,7.858298,0.348249,1,0.000050
0.092250,1.000000,0.999061,0.499690,7.901507,7.901507,0.350050,1,0.000050
0.092300,1.000000,0.999065,0.499691,7.936918,7.936918,0.351525,1,0.000050
0.092350,1.000000,0.999069,0.499692,7.964496,7.964496,0.352675,1,0.000050
0.092400,1.000000,0.999073,0.499694,7.984214,7.984214,0.353496,1,0.000050
0.092450,1.000000,0.999077,0.499695,7.996052,7.996052,0.353989,1,0.000050
0.092500,1.000000,0.999081,0.499696,8.000000,8.000000,0.354154,1,0.000050
0.092550,1.000000,0.999085,0.499698,7.996052,7.996052,0.353990,1,0.000050
0.092600,1.000000,0.999089,0.499699,7.984214,7.984214,0.353496,1,0.000050
0.092650,1.000000,0.999093,0.499700,7.964496,7.964496,0.352675,1,0.000050
0.092700,1.000000,0.999096,0.499701,7.936918,7.936918,0.351526,1,0.000050
0.092750,1.000000,0.999100,0.499703,7.901507,7.901507,0.350050,1,0.000050
0.092800,1.000000,0.999104,0.499704,7.858298,7.858298,0.348250,1,0.000050
0.092850,1.000000,0.999108,0.499705,7.807334,7.807334,0.346127,1,0.000050
0.092900,1.000000,0.999112,0.499707,7.748665,7.748665,0.343682,1,0.000050
0.092950,1.000000,0.999116,0.499708,7.682349,7.682349,0.340919,1,0.000050
0.093000,1.000000,0.999119,0.499709,7.608452,7.608452,0.337840,1,0.000050
0.093050,1.000000,0.999123,0.499710,7.527046,7.527046,0.334448,1,0.000050
0.093100,1.000000,0.999127,0.499712,7.438212,7.438212,0.330747,1,0.000050
0.093150,1.000000,0.999131,0.499713,7.342037,7.342037,0.326740,1,0.000050
0.093200,1.000000,0.999134,0.499714,7.238616,7.238616,0.322430,1,0.000050
0.093250,1.000000,0.999138,0.499715,7.128052,7.128052,0.317824,1,0.000050
0.093300,1.000000,0.999142,0.499716,7.010453,7.010453,0.312924,1,0.000050
0.093350,1.000000,0.999145,0.499718,6.885936,6.885936,0.307736,1,0.000050
0.093400,1.000000,0.999149,0.499719,6.754623,6.754623,0.302264,1,0.000050
0.093450,1.000000,0.999153,0.499720,6.616645,6.616645,0.296515,1,0.000050
0.093500,1.000000,0.999156,0.499721,6.472136,6.472136,0.290494,1,0.000050
0.093550,1.000000,0.999160,0.499722,6.321240,6.321240,0.284207,1,0.000050
0.093600,1.000000,0.999164,0.499724,6.164106,6.164106,0.277660,1,0.000050
0.093650,1.000000,0.999167,0.499725,6.000889,6.000889,0.270859,1,0.000050
0.093700,1.000000,0.999171,0.499726,5.831749,5.831749,0.263811,1,0.000050
0.093750,1.000000,0.999174,0.499727,5.656854,5.656854,0.256524,1,0.000050
0.093800,1.000000,0.999178,0.499728,5.476377,5.476377,0.249004,1,0.000050
0.093850,1.000000,0.999181,0.499729,5.290495,5.290495,0.241259,1,0.000050
0.093900,1.000000,0.999185,0.499731,5.099392,5.099392,0.233297,1,0.000050
0.093950,1.000000,0.999188,0.499732,4.903256,4.903256,0.225125,1,0.000050
0.094000,1.000000,0.999192,0.499733,4.702282,4.702282,0.216751,1,0.000050
0.094050,1.000000,0.999195,0.499734,4.496667,4.496667,0.208183,1,0.000050
0.094100,1.000000,0.999199,0.499735,4.286614,4.286614,0.199431,1,0.000050
0.094150,1.000000,0.999202,0.499736,4.072331,4.072331,0.190503,1,0.000050
0.094200,1.000000,0.999205,0.499737,3.854029,3.854029,0.181407,1,0.000050
0.094250,1.000000,0.999209,0.499739,3.631924,3.631924,0.172153,1,0.000050
0.094300,1.000000,0.999212,0.499740,3.406234,3.406234,0.162749,1,0.000050
0.094350,1.000000,0.999216,0.499741,3.177183,3.177183,0.153205,1,0.000050
0.094400,1.000000,0.999219,0.499742,2.944996,2.944996,0.143531,1,0.000050
0.094450,1.000000,0.999222,0.499743,2.709903,2.709903,0.133735,1,0.000050
0.094500,1.000000,0.999226,0.499744,2.472136,2.472136,0.123828,1,0.000050
0.094550,1.000000,0.999229,0.499745,2.231929,2.231929,0.113820,1,0.000050
0.094600,1.000000,0.999232,0.499746,1.989519,1.989519,0.103719,1,0.000050
0.094650,1.000000,0.999235,0.499747,1.745146,1.745146,0.093537,1,0.000050
0.094700,1.000000,0.999239,0.499748,1.499051,1.499051,0.083283,1,0.000050
0.094750,1.000000,0.999242,0.499750,1.251476,1.251476,0.072968,1,0.000050
0.094800,1.000000,0.999245,0.499751,1.002666,1.002666,0.062601,1,0.000050
0.094850,1.000000,0.999248,0.499752,0.752867,0.752867,0.052192,1,0.000050
0.094900,1.000000,0.999252,0.499753,0.502324,0.502324,0.041753,1,0.000050
0.094950,1.000000,0.999255,0.499754,0.251286,0.251286,0.031293,1,0.000050
0.095000,1.000000,0.999258,0.499755,-0.000000,-0.000000,0.020823,1,0.000050
0.095050,1.000000,0.999261,0.499756,-0.251286,-0.251286,0.010353,1,0.000050
0.095100,1.000000,0.999264,0.499757,-0.502324,-0.502324,-0.000107,1,0.000050
0.095150,1.000000,0.999268,0.499758,-0.752867,-0.752867,-0.010546,1,0.000050
0.095200,1.000000,0.999271,0.499759,-1.002666,-1.002666,-0.020954,1,0.000050
0.095250,1.000000,0.999274,0.499760,-1.251476,-1.251476,-0.031321,1,0.000050
0.095300,1.000000,0.999277,0.499761,-1.499051,-1.499051,-0.041637,1,0.000050
0.095350,1.000000,0.999280,0.499762,-1.745146,-1.745146,-0.051891,1,0.000050
0.095400,1.000000,0.999283,0.499763,-1.989519,-1.989519,-0.062073,1,0.000050
0.095450,1.000000,0.999286,0.499764,-2.231929,-2.231929,-0.072174,1,0.000050
0.095500,1.000000,0.999289,0.499765,-2.472136,-2.472136,-0.082182,1,0.000050
0.095550,1.000000,0.999292,0.499766,-2.709903,-2.709903,-0.092089,1,0.000050
0.095600,1.000000,0.999295,0.499767,-2.944996,-2.944996,-0.101885,1,0.000050
0.095650,1.000000,0.999298,0.499768,-3.177183,-3.177183,-0.111559,1,0.000050
0.095700,1.000000,0.999301,0.499769,-3.406234,-3.406234,-0.121103,1,0.000050
0.095750,1.000000,0.999304,0.499770,-3.631924,-3.631924,-0.130506,1,0.000050
0.095800,1.000000,0.999307,0.499771,-3.854029,-3.854029,-0.139761,1,0.000050
0.095850,1.000000,0.999310,0.499772,-4.072331,-4.072331,-0.148857,1,0.000050
0.095900,1.000000,0.999313,0.499773,-4.286614,-4.286614,-0.157785,1,0.000050
0.095950,1.000000,0.999316,0.499774,-4.496667,-4.496667,-0.166537,1,0.000050
0.096000,1.000000,0.999319,0.499775,-4.702282,-4.702282,-0.175104,1,0.000050
0.096050,1.000000,0.999322,0.499776,-4.903256,-4.903256,-0.183478,1,0.000050
0.096100,1.000000,0.999325,0.499777,-5.099392,-5.099392,-0.191651,1,0.000050
0.096150,1.000000,0.999328,0.499778,-5.290495,-5.290495,-0.199613,1,0.000050
0.096200,1.000000,0.999331,0.499779,-5.476377,-5.476377,-0.207358,1,0.000050
0.096250,1.000000,0.999333,0.499780,-5.656854,-5.656854,-0.214878,1,0.000050
0.096300,1.000000,0.999336,0.499781,-5.831749,-5.831749,-0.222165,1,0.000050
0.096350,1.000000,0.999339,0.499782,-6.000889,-6.000889,-0.229213,1,0.000050
0.096400,1.000000,0.999342,0.499783,-6.164106,-6.164106,-0.236013,1,0.000050
0.096450,1.000000,0.999345,0.499784,-6.321240,-6.321240,-0.242561,1,0.000050
0.096500,1.000000,0.999348,0.499784,-6.472136,-6.472136,-0.248848,1,0.000050
0.096550,1.000000,0.999350,0.499785,-6.616645,-6.616645,-0.254869,1,0.000050
0.096600,1.000000,0.999353,0.499786,-6.754623,-6.754623,-0.260618,1,0.000050
0.096650,1.000000,0.999356,0.499787,-6.885936,-6.885936,-0.266090,1,0.000050
0.096700,1.000000,0.999359,0.499788,-7.010453,-7.010453,-0.271278,1,0.000050
0.096750,1.000000,0.999361,0.499789,-7.128052,-7.128052,-0.276178,1,0.000050
0.096800,1.000000,0.999364,0.499790,-7.238616,-7.238616,-0.280784,1,0.000050
0.096850,1.000000,0.999367,0.499791,-7.342037,-7.342037,-0.285094,1,0.000050
0.096900,1.000000,0.999370,0.499792,-7.438212,-7.438212,-0.289101,1,0.000050
0.096950,1.000000,0.999372,0.499793,-7.527046,-7.527046,-0.292802,1,0.000050
0.097000,1.000000,0.999375,0.499793,-7.608452,-7.608452,-0.296194,1,0.000050
0.097050,1.000000,0.999378,0.499794,-7.682349,-7.682349,-0.299273,1,0.000050
0.097100,1.000000,0.999380,0.499795,-7.748665,-7.748665,-0.302036,1,0.000050
0.097150,1.000000,0.999383,0.499796,-7.807334,-7.807334,-0.304481,1,0.000050
0.097200,1.000000,0.999386,0.499797,-7.858298,-7.858298,-0.306604,1,0.000050
0.097250,1.000000,0.999388,0.499798,-7.901507,-7.901507,-0.308405,1,0.000050
0.097300,1.000000,0.999391,0.499799,-7.936918,-7.936918,-0.309880,1,0.000050
0.097350,1.000000,0.999393,0.499800,-7.964496,-7.964496,-0.311029,1,0.000050
0.097400,1.000000,0.999396,0.499800,-7.984214,-7.984214,-0.311851,1,0.000050
0.097450,1.000000,0.999399,0.499801,-7.996052,-7.996052,-0.312344,1,0.000050
0.097500,1.000000,0.999401,0.499802,-8.000000,-8.000000,-0.312508,1,0.000050
0.097550,1.000000,0.999404,0.499803,-7.996052,-7.996052,-0.312344,1,0.000050
0.097600,1.000000,0.999406,0.499804,-7.984214,-7.984214,-0.311850,1,0.000050
0.097650,1.000000,0.999409,0.499805,-7.964496,-7.964496,-0.311029,1,0.000050
0.097700,1.000000,0.999411,0.499806,-7.936918,-7.936918,-0.309880,1,0.000050
0.097750,1.000000,0.999414,0.499806,-7.901507,-7.901507,-0.308404,1,0.000050
0.097800,1.000000,0.999416,0.499807,-7.858298,-7.858298,-0.306604,1,0.000050
0.097850,1.000000,0.999419,0.499808,-7.807334,-7.807334,-0.304480,1,0.000050
0.097900,1.000000,0.999421,0.499809,-7.748665,-7.748665,-0.302036,1,0.000050
0.097950,1.000000,0.999424,0.499810,-7.682349,-7.682349,-0.299272,1,0.000050
0.098000,1.000000,0.999426,0.499810,-7.608452,-7.608452,-0.296193,1,0.000050
0.098050,1.000000,0.999429,0.499811,-7.527046,-7.527046,-0.292801,1,0.000050
0.098100,1.000000,0.999431,0.499812,-7.438212,-7.438212,-0.289100,1,0.000050
0.098150,1.000000,0.999434,0.499813,-7.342037,-7.342037,-0.285093,1,0.000050
0.098200,1.000000,0.999436,0.499814,-7.238616,-7.238616,-0.280783,1,0.000050
0.098250,1.000000,0.999438,0.499814,-7.128052,-7.128052,-0.276177,1,0.000050
0.098300,1.000000,0.999441,0.499815,-7.010453,-7.010453,-0.271277,1,0.000050
0.098350,1.000000,0.999443,0.499816,-6.885936,-6.885936,-0.266088,1,0.000050
0.098400,1.000000,0.999446,0.499817,-6.754623,-6.754623,-0.260617,1,0.000050
0.098450,1.000000,0.999448,0.499818,-6.616645,-6.616645,-0.254868,1,0.000050
0.098500,1.000000,0.999450,0.499818,-6.472136,-6.472136,-0.248847,1,0.000050
0.098550,1.000000,0.999453,0.499819,-6.321240,-6.321240,-0.242559,1,0.000050
0.098600,1.000000,0.999455,0.499820,-6.164106,-6.164106,-0.236012,1,0.000050
0.098650,1.000000,0.999457,0.499821,-6.000889,-6.000889,-0.229211,1,0.000050
0.098700,1.000000,0.999460,0.499821,-5.831749,-5.831749,-0.222164,1,0.000050
0.098750,1.000000,0.999462,0.499822,-5.656854,-5.656854,-0.214876,1,0.000050
0.098800,1.000000,0.999464,0.499823,-5.476377,-5.476377,-0.207356,1,0.000050
0.098850,1.000000,0.999467,0.499824,-5.290495,-5.290495,-0.199611,1,0.000050
0.098900,1.000000,0.999469,0.499825,-5.099392,-5.099392,-0.191649,1,0.000050
0.098950,1.000000,0.999471,0.499825,-4.903256,-4.903256,-0.183476,1,0.000050
0.099000,1.000000,0.999473,0.499826,-4.702282,-4.702282,-0.175102,1,0.000050
0.099050,1.000000,0.999476,0.499827,-4.496667,-4.496667,-0.166535,1,0.000050
0.099100,1.000000,0.999478,0.499827,-4.286614,-4.286614,-0.157783,1,0.000050
0.099150,1.000000,0.999480,0.499828,-4.072331,-4.072331,-0.148854,1,0.000050
0.099200,1.000000,0.999482,0.499829,-3.854029,-3.854029,-0.139758,1,0.000050
0.099250,1.000000,0.999485,0.499830,-3.631924,-3.631924,-0.130504,1,0.000050
0.099300,1.000000,0.999487,0.499830,-3.406234,-3.406234,-0.121100,1,0.000050
0.099350,1.000000,0.999489,0.499831,-3.177183,-3.177183,-0.111556,1,0.000050
0.099400,1.000000,0.999491,0.499832,-2.944996,-2.944996,-0.101882,1,0.000050
0.099450,1.000000,0.999493,0.499833,-2.709903,-2.709903,-0.092086,1,0.000050
0.099500,1.000000,0.999495,0.499833,-2.472136,-2.472136,-0.082179,1,0.000050
0.099550,1.000000,0.999498,0.499834,-2.231929,-2.231929,-0.072171,1,0.000050
0.099600,1.000000,0.999500,0.499835,-1.989519,-1.989519,-0.062070,1,0.000050
0.099650,1.000000,0.999502,0.499835,-1.745146,-1.745146,-0.051888,1,0.000050
0.099700,1.000000,0.999504,0.499836,-1.499051,-1.499051,-0.041634,1,0.000050
0.099750,1.000000,0.999506,0.499837,-1.251476,-1.251476,-0.031318,1,0.000050
0.099800,1.000000,0.999508,0.499838,-1.002666,-1.002666,-0.020951,1,0.000050
0.099850,1.000000,0.999510,0.499838,-0.752867,-0.752867,-0.010543,1,0.000050
0.099900,1.000000,0.999512,0.499839,-0.502324,-0.502324,-0.000104,1,0.000050
0.099950,1.000000,0.999515,0.499840,-0.251286,-0.251286,0.010356,1,0.000050
0.100000,1.000000,0.999517,0.499840,0.000000,0.000000,0.020827,1,0.000050
0.100050,1.000000,0.999519,0.499841,0.251286,0.251286,0.031297,1,0.000050
0.100100,1.000000,0.999521,0.499842,0.502324,0.502324,0.041757,1,0.000050
0.100150,1.000000,0.999523,0.499842,0.752867,0.752867,0.052196,1,0.000050
0.100200,1.000000,0.999525,0.499843,1.002666,1.002666,0.062605,1,0.000050
0.100250,1.000000,0.999527,0.499844,1.251476,1.251476,0.072972,1,0.000050
0.100300,1.000000,0.999529,0.499844,1.499051,1.499051,0.083287,1,0.000050
0.100350,1.000000,0.999531,0.499845,1.745146,1.745146,0.093541,1,0.000050
0.100400,1.000000,0.999533,0.499846,1.989519,1.989519,0.103724,1,0.000050
0.100450,1.000000,0.999535,0.499846,2.231929,2.231929,0.113824,1,0.000050
0.100500,1.000000,0.999537,0.499847,2.472136,2.472136,0.123833,1,0.000050
0.100550,1.000000,0.999539,0.499848,2.709903,2.709903,0.133740,1,0.000050
0.100600,1.000000,0.999541,0.499848,2.944996,2.944996,0.143535,1,0.000050
0.100650,1.000000,0.999543,0.499849,3.177183,3.177183,0.153210,1,0.000050
0.100700,1.000000,0.999545,0.499850,3.406234,3.406234,0.162753,1,0.000050
0.100750,1.000000,0.999547,0.499850,3.631924,3.631924,0.172157,1,0.000050
0.100800,1.000000,0.999549,0.499851,3.854029,3.854029,0.181412,1,0.000050
0.100850,1.000000,0.999551,0.499852,4.072331,4.072331,0.190508,1,0.000050
0.100900,1.000000,0.999553,0.499852,4.286614,4.286614,0.199436,1,0.000050
0.100950,1.000000,0.999554,0.499853,4.496667,4.496667,0.208188,1,0.000050
0.101000,1.000000,0.999556,0.499853,4.702282,4.702282,0.216756,1,0.000050
0.101050,1.000000,0.999558,0.499854,4.903256,4.903256,0.225130,1,0.000050
0.101100,1.000000,0.999560,0.499855,5.099392,5.099392,0.233302,1,0.000050
0.101150,1.000000,0.999562,0.499855,5.290495,5.290495,0.241265,1,0.000050
0.101200,1.000000,0.999564,0.499856,5.476377,5.476377,0.249010,1,0.000050
0.101250,1.000000,0.999566,0.499857,5.656854,5.656854,0.256530,1,0.000050
0.101300,1.000000,0.999568,0.499857,5.831749,5.831749,0.263817,1,0.000050
0.101350,1.000000,0.999569,0.499858,6.000889,6.000889,0.270864,1,0.000050
0.101400,1.000000,0.999571,0.499858,6.164106,6.164106,0.277665,1,0.000050
0.101450,1.000000,0.999573,0.499859,6.321240,6.321240,0.284212,1,0.000050
0.101500,1.000000,0.999575,0.499860,6.472136,6.472136,0.290500,1,0.000050
0.101550,1.000000,0.999577,0.499860,6.616645,6.616645,0.296521,1,0.000050
0.101600,1.000000,0.999579,0.499861,6.754623,6.754623,0.302270,1,0.000050
0.101650,1.000000,0.999580,0.499861,6.885936,6.885936,0.307742,1,0.000050
0.101700,1.000000,0.999582,0.499862,7.010453,7.010453,0.312930,1,0.000050
0.101750,1.000000,0.999584,0.499863,7.128052,7.128052,0.317830,1,0.000050
0.101800,1.000000,0.999586,0.499863,7.238616,7.238616,0.322437,1,0.000050
0.101850,1.000000,0.999587,0.499864,7.342037,7.342037,0.326746,1,0.000050
0.101900,1.000000,0.999589,0.499864,7.438212,7.438212,0.330753,1,0.000050
0.101950,1.000000,0.999591,0.499865,7.527046,7.527046,0.334455,1,0.000050
0.102000,1.000000,0.999593,0.499865,7.608452,7.608452,0.337847,1,0.000050
0.102050,1.000000,0.999595,0.499866,7.682349,7.682349,0.340926,1,0.000050
0.102100,1.000000,0.999596,0.499867,7.748665,7.748665,0.343689,1,0.000050
0.102150,1.000000,0.999598,0.499867,7.807334,7.807334,0.346133,1,0.000050
0.102200,1.000000,0.999600,0.499868,7.858298,7.858298,0.348257,1,0.000050
0.102250,1.000000,0.999601,0.499868,7.901507,7.901507,0.350057,1,0.000050
0.102300,1.000000,0.999603,0.499869,7.936918,7.936918,0.351533,1,0.000050
0.102350,1.000000,0.999605,0.499869,7.964496,7.964496,0.352682,1,0.000050
0.102400,1.000000,0.999606,0.499870,7.984214,7.984214,0.353503,1,0.000050
0.102450,1.000000,0.999608,0.499871,7.996052,7.996052,0.353997,1,0.000050
0.102500,1.000000,0.999610,0.499871,8.000000,8.000000,0.354161,1,0.000050
0.102550,1.000000,0.999612,0.499872,7.996052,7.996052,0.353997,1,0.000050
0.102600,1.000000,0.999613,0.499872,7.984214,7.984214,0.353504,1,0.000050
0.102650,1.000000,0.999615,0.499873,7.964496,7.964496,0.352682,1,0.000050
0.102700,1.000000,0.999616,0.499873,7.936918,7.936918,0.351533,1,0.000050
0.102750,1.000000,0.999618,0.499874,7.901507,7.901507,0.350058,1,0.000050
0.102800,1.000000,0.999620,0.499874,7.858298,7.858298,0.348257,1,0.000050
0.102850,1.000000,0.999621,0.499875,7.807334,7.807334,0.346134,1,0.000050
0.102900,1.000000,0.999623,0.499875,7.748665,7.748665,0.343689,1,0.000050
0.102950,1.000000,0.999625,0.499876,7.682349,7.682349,0.340926,1,0.000050
0.103000,1.000000,0.999626,0.499876,7.608452,7.608452,0.337847,1,0.000050
0.103050,1.000000,0.999628,0.499877,7.527046,7.527046,0.334455,1,0.000050
0.103100,1.000000,0.999629,0.499878,7.438212,7.438212,0.330754,1,0.000050
0.103150,1.000000,0.999631,0.499878,7.342037,7.342037,0.326746,1,0.000050
0.103200,1.000000,0.999633,0.499879,7.238616,7.238616,0.322437,1,0.000050
0.103250,1.000000,0.999634,0.499879,7.128052,7.128052,0.317830,1,0.000050
0.103300,1.000000,0.999636,0.499880,7.010453,7.010453,0.312931,1,0.000050
0.103350,1.000000,0.999637,0.499880,6.885936,6.885936,0.307742,1,0.000050
0.103400,1.000000,0.999639,0.499881,6.754623,6.754623,0.302271,1,0.000050
0.103450,1.000000,0.999640,0.499881,6.616645,6.616645,0.296522,1,0.000050
0.103500,1.000000,0.999642,0.499882,6.472136,6.472136,0.290501,1,0.000050
0.103550,1.000000,0.999643,0.499882,6.321240,6.321240,0.284213,1,0.000050
0.103600,1.000000,0.999645,0.499883,6.164106,6.164106,0.277666,1,0.000050
0.103650,1.000000,0.999646,0.499883,6.000889,6.000889,0.270865,1,0.000050
0.103700,1.000000,0.999648,0.499884,5.831749,5.831749,0.263818,1,0.000050
0.103750,1.000000,0.999649,0.499884,5.656854,5.656854,0.256531,1,0.000050
0.103800,1.000000,0.999651,0.499885,5.476377,5.476377,0.249011,1,0.000050
0.103850,1.000000,0.999652,0.499885,5.290495,5.290495,0.241266,1,0.000050
0.103900,1.000000,0.999654,0.499886,5.099392,5.099392,0.233303,1,0.000050
0.103950,1.000000,0.999655,0.499886,4.903256,4.903256,0.225131,1,0.000050
0.104000,1.000000,0.999657,0.499887,4.702282,4.702282,0.216757,1,0.000050
0.104050,1.000000,0.999658,0.499887,4.496667,4.496667,0.208190,1,0.000050
0.104100,1.000000,0.999660,0.499888,4.286614,4.286614,0.199438,1,0.000050
0.104150,1.000000,0.999661,0.499888,4.072331,4.072331,0.190509,1,0.000050
0.104200,1.000000,0.999663,0.499889,3.854029,3.854029,0.181413,1,0.000050
0.104250,1.000000,0.999664,0.499889,3.631924,3.631924,0.172159,1,0.000050
0.104300,1.000000,0.999666,0.499890,3.406234,3.406234,0.162755,1,0.000050
0.104350,1.000000,0.999667,0.499890,3.177183,3.177183,0.153211,1,0.000050
0.104400,1.000000,0.999668,0.499890,2.944996,2.944996,0.143537,1,0.000050
0.104450,1.000000,0.999670,0.499891,2.709903,2.709903,0.133741,1,0.000050
0.104500,1.000000,0.999671,0.499891,2.472136,2.472136,0.123834,1,0.000050
0.104550,1.000000,0.999673,0.499892,2.231929,2.231929,0.113826,1,0.000050
0.104600,1.000000,0.999674,0.499892,1.989519,1.989519,0.103725,1,0.000050
0.104650,1.000000,0.999675,0.499893,1.745146,1.745146,0.093543,1,0.000050
0.104700,1.000000,0.999677,0.499893,1.499051,1.499051,0.083289,1,0.000050
0.104750,1.000000,0.999678,0.499894,1.251476,1.251476,0.072974,1,0.000050
0.104800,1.000000,0.999680,0.499894,1.002666,1.002666,0.062607,1,0.000050
0.104850,1.000000,0.999681,0.499895,0.752867,0.752867,0.052198,1,0.000050
0.104900,1.000000,0.999682,0.499895,0.502324,0.502324,0.041759,1,0.000050
0.104950,1.000000,0.999684,0.499896,0.251286,0.251286,0.031299,1,0.000050
0.105000,1.000000,0.999685,0.499896,-0.000000,-0.000000,0.020829,1,0.000050
0.105050,1.000000,0.999686,0.499896,-0.251286,-0.251286,0.010359,1,0.000050
0.105100,1.000000,0.999688,0.499897,-0.502324,-0.502324,-0.000101,1,0.000050
0.105150,1.000000,0.999689,0.499897,-0.752867,-0.752867,-0.010540,1,0.000050
0.105200,1.000000,0.999690,0.499898,-1.002666,-1.002666,-0.020949,1,0.000050
0.105250,1.000000,0.999692,0.499898,-1.251476,-1.251476,-0.031316,1,0.000050
0.105300,1.000000,0.999693,0.499899,-1.499051,-1.499051,-0.041631,1,0.000050
0.105350,1.000000,0.999694,0.499899,-1.745146,-1.745146,-0.051885,1,0.000050
0.105400,1.000000,0.999696,0.499899,-1.989519,-1.989519,-0.062067,1,0.000050
0.105450,1.000000,0.999697,0.499900,-2.231929,-2.231929,-0.072168,1,0.000050
0.105500,1.000000,0.999698,0.499900,-2.472136,-2.472136,-0.082176,1,0.000050
0.105550,1.000000,0.999700,0.499901,-2.709903,-2.709903,-0.092083,1,0.000050
0.105600,1.000000,0.999701,0.499901,-2.944996,-2.944996,-0.101879,1,0.000050
0.105650,1.000000,0.999702,0.499902,-3.177183,-3.177183,-0.111553,1,0.000050
0.105700,1.000000,0.999703,0.499902,-3.406234,-3.406234,-0.121097,1,0.000050
0.105750,1.000000,0.999705,0.499902,-3.631924,-3.631924,-0.130501,1,0.000050
0.105800,1.000000,0.999706,0.499903,-3.854029,-3.854029,-0.139755,1,0.000050
0.105850,1.000000,0.999707,0.499903,-4.072331,-4.072331,-0.148851,1,0.000050
0.105900,1.000000,0.999708,0.499904,-4.286614,-4.286614,-0.157780,1,0.000050
0.105950,1.000000,0.999710,0.499904,-4.496667,-4.496667,-0.166532,1,0.000050
0.106000,1.000000,0.999711,0.499904,-4.702282,-4.702282,-0.175099,1,0.000050
0.106050,1.000000,0.999712,0.499905,-4.903256,-4.903256,-0.183473,1,0.000050
0.106100,1.000000,0.999713,0.499905,-5.099392,-5.099392,-0.191645,1,0.000050
0.106150,1.000000,0.999715,0.499906,-5.290495,-5.290495,-0.199608,1,0.000050
0.106200,1.000000,0.999716,0.499906,-5.476377,-5.476377,-0.207353,1,0.000050
0.106250,1.000000,0.999717,0.499907,-5.656854,-5.656854,-0.214873,1,0.000050
0.106300,1.000000,0.999718,0.499907,-5.831749,-5.831749,-0.222160,1,0.000050
0.106350,1.000000,0.999719,0.499907,-6.000889,-6.000889,-0.229208,1,0.000050
0.106400,1.000000,0.999721,0.499908,-6.164106,-6.164106,-0.236008,1,0.000050
0.106450,1.000000,0.999722,0.499908,-6.321240,-6.321240,-0.242555,1,0.000050
0.106500,1.000000,0.999723,0.499908,-6.472136,-6.472136,-0.248843,1,0.000050
0.106550,1.000000,0.999724,0.499909,-6.616645,-6.616645,-0.254864,1,0.000050
0.106600,1.000000,0.999725,0.499909,-6.754623,-6.754623,-0.260613,1,0.000050
0.106650,1.000000,0.999727,0.499910,-6.885936,-6.885936,-0.266084,1,0.000050
0.106700,1.000000,0.999728,0.499910,-7.010453,-7.010453,-0.271273,1,0.000050
0.106750,1.000000,0.999729,0.499910,-7.128052,-7.128052,-0.276173,1,0.000050
0.106800,1.000000,0.999730,0.499911,-7.238616,-7.238616,-0.280779,1,0.000050
0.106850,1.000000,0.999731,0.499911,-7.342037,-7.342037,-0.285089,1,0.000050
0.106900,1.000000,0.999732,0.499912,-7.438212,-7.438212,-0.289096,1,0.000050
0.106950,1.000000,0.999734,0.499912,-7.527046,-7.527046,-0.292797,1,0.000050
0.107000,1.000000,0.999735,0.499912,-7.608452,-7.608452,-0.296189,1,0.000050
0.107050,1.000000,0.999736,0.499913,-7.682349,-7.682349,-0.299268,1,0.000050
0.107100,1.000000,0.999737,0.499913,-7.748665,-7.748665,-0.302031,1,0.000050
0.107150,1.000000,0.999738,0.499913,-7.807334,-7.807334,-0.304476,1,0.000050
0.107200,1.000000,0.999739,0.499914,-7.858298,-7.858298,-0.306599,1,0.000050
0.107250,1.000000,0.999740,0.499914,-7.901507,-7.901507,-0.308400,1,0.000050
0.107300,1.000000,0.999741,0.499915,-7.936918,-7.936918,-0.309875,1,0.000050
0.107350,1.000000,0.999743,0.499915,-7.964496,-7.964496,-0.311024,1,0.000050
0.107400,1.000000,0.999744,0.499915,-7.984214,-7.984214,-0.311846,1,0.000050
0.107450,1.000000,0.999745,0.499916,-7.996052,-7.996052,-0.312339,1,0.000050
0.107500,1.000000,0.999746,0.499916,-8.000000,-8.000000,-0.312503,1,0.000050
0.107550,1.000000,0.999747,0.499916,-7.996052,-7.996052,-0.312339,1,0.000050
0.107600,1.000000,0.999748,0.499917,-7.984214,-7.984214,-0.311846,1,0.000050
0.107650,1.000000,0.999749,0.499917,-7.964496,-7.964496,-0.311024,1,0.000050
0.107700,1.000000,0.999750,0.499917,-7.936918,-7.936918,-0.309875,1,0.000050
0.107750,1.000000,0.999751,0.499918,-7.901507,-7.901507,-0.308400,1,0.000050
0.107800,1.000000,0.999752,0.499918,-7.858298,-7.858298,-0.306599,1,0.000050
0.107850,1.000000,0.999753,0.499918,-7.807334,-7.807334,-0.304476,1,0.000050
0.107900,1.000000,0.999754,0.499919,-7.748665,-7.748665,-0.302031,1,0.000050
0.107950,1.000000,0.999755,0.499919,-7.682349,-7.682349,-0.299268,1,0.000050
0.108000,1.000000,0.999756,0.499920,-7.608452,-7.608452,-0.296189,1,0.000050
0.108050,1.000000,0.999758,0.499920,-7.527046,-7.527046,-0.292797,1,0.000050
0.108100,1.000000,0.999759,0.499920,-7.438212,-7.438212,-0.289095,1,0.000050
0.108150,1.000000,0.999760,0.499921,-7.342037,-7.342037,-0.285088,1,0.000050
0.108200,1.000000,0.999761,0.499921,-7.238616,-7.238616,-0.280779,1,0.000050
0.108250,1.000000,0.999762,0.499921,-7.128052,-7.128052,-0.276172,1,0.000050
0.108300,1.000000,0.999763,0.499922,-7.010453,-7.010453,-0.271272,1,0.000050
0.108350,1.000000,0.999764,0.499922,-6.885936,-6.885936,-0.266084,1,0.000050
0.108400,1.000000,0.999765,0.499922,-6.754623,-6.754623,-0.260613,1,0.000050
0.108450,1.000000,0.999766,0.499923,-6.616645,-6.616645,-0.254863,1,0.000050
0.108500,1.000000,0.999767,0.499923,-6.472136,-6.472136,-0.248842,1,0.000050
0.108550,1.000000,0.999768,0.499923,-6.321240,-6.321240,-0.242555,1,0.000050
0.108600,1.000000,0.999769,0.499924,-6.164106,-6.164106,-0.236008,1,0.000050
0.108650,1.000000,0.999770,0.499924,-6.000889,-6.000889,-0.229207,1,0.000050
0.108700,1.000000,0.999771,0.499924,-5.831749,-5.831749,-0.222159,1,0.000050
0.108750,1.000000,0.999772,0.499925,-5.656854,-5.656854,-0.214872,1,0.000050
0.108800,1.000000,0.999773,0.499925,-5.476377,-5.476377,-0.207352,1,0.000050
0.108850,1.000000,0.999774,0.499925,-5.290495,-5.290495,-0.199607,1,0.000050
0.108900,1.000000,0.999775,0.499926,-5.099392,-5.099392,-0.191644,1,0.000050
0.108950,1.000000,0.999776,0.499926,-4.903256,-4.903256,-0.183472,1,0.000050
0.109000,1.000000,0.999776,0.499926,-4.702282,-4.702282,-0.175098,1,0.000050
0.109050,1.000000,0.999777,0.499926,-4.496667,-4.496667,-0.166531,1,0.000050
0.109100,1.000000,0.999778,0.499927,-4.286614,-4.286614,-0.157779,1,0.000050
0.109150,1.000000,0.999779,0.499927,-4.072331,-4.072331,-0.148850,1,0.000050
0.109200,1.000000,0.999780,0.499927,-3.854029,-3.854029,-0.139754,1,0.000050
0.109250,1.000000,0.999781,0.499928,-3.631924,-3.631924,-0.130500,1,0.000050
0.109300,1.000000,0.999782,0.499928,-3.406234,-3.406234,-0.121096,1,0.000050
0.109350,1.000000,0.999783,0.499928,-3.177183,-3.177183,-0.111552,1,0.000050
0.109400,1.000000,0.999784,0.499929,-2.944996,-2.944996,-0.101878,1,0.000050
0.109450,1.000000,0.999785,0.499929,-2.709903,-2.709903,-0.092082,1,0.000050
0.109500,1.000000,0.999786,0.499929,-2.472136,-2.472136,-0.082175,1,0.000050
0.109550,1.000000,0.999787,0.499930,-2.231929,-2.231929,-0.072167,1,0.000050
0.109600,1.000000,0.999788,0.499930,-1.989519,-1.989519,-0.062066,1,0.000050
0.109650,1.000000,0.999789,0.499930,-1.745146,-1.745146,-0.051884,1,0.000050
0.109700,1.000000,0.999789,0.499930,-1.499051,-1.499051,-0.041630,1,0.000050
0.109750,1.000000,0.999790,0.499931,-1.251476,-1.251476,-0.031314,1,0.000050
0.109800,1.000000,0.999791,0.499931,-1.002666,-1.002666,-0.020947,1,0.000050
0.109850,1.000000,0.999792,0.499931,-0.752867,-0.752867,-0.010539,1,0.000050
0.109900,1.000000,0.999793,0.499932,-0.502324,-0.502324,-0.000100,1,0.000050
0.109950,1.000000,0.999794,0.499932,-0.251286,-0.251286,0.010360,1,0.000050
0.110000,1.000000,0.999795,0.499932,0.000000,0.000000,0.020831,1,0.000050
0.110050,1.000000,0.999796,0.499932,0.251286,0.251286,0.031301,1,0.000050
0.110100,1.000000,0.999797,0.499933,0.502324,0.502324,0.041761,1,0.000050
0.110150,1.000000,0.999797,0.499933,0.752867,0.752867,0.052200,1,0.000050
0.110200,1.000000,0.999798,0.499933,1.002666,1.002666,0.062608,1,0.000050
0.110250,1.000000,0.999799,0.499934,1.251476,1.251476,0.072975,1,0.000050
0.110300,1.000000,0.999800,0.499934,1.499051,1.499051,0.083291,1,0.000050
0.110350,1.000000,0.999801,0.499934,1.745146,1.745146,0.093545,1,0.000050
0.110400,1.000000,0.999802,0.499934,1.989519,1.989519,0.103727,1,0.000050
0.110450,1.000000,0.999803,0.499935,2.231929,2.231929,0.113828,1,0.000050
0.110500,1.000000,0.999803,0.499935,2.472136,2.472136,0.123836,1,0.000050
0.110550,1.000000,0.999804,0.499935,2.709903,2.709903,0.133743,1,0.000050
0.110600,1.000000,0.999805,0.499936,2.944996,2.944996,0.143539,1,0.000050
0.110650,1.000000,0.999806,0.499936,3.177183,3.177183,0.153213,1,0.000050
0.110700,1.000000,0.999807,0.499936,3.406234,3.406234,0.162757,1,0.000050
0.110750,1.000000,0.999808,0.499936,3.631924,3.631924,0.172161,1,0.000050
0.110800,1.000000,0.999808,0.499937,3.854029,3.854029,0.181415,1,0.000050
0.110850,1.000000,0.999809,0.499937,4.072331,4.072331,0.190511,1,0.000050
0.110900,1.000000,0.999810,0.499937,4.286614,4.286614,0.199440,1,0.000050
0.110950,1.000000,0.999811,0.499938,4.496667,4.496667,0.208192,1,0.000050
0.111000,1.000000,0.999812,0.499938,4.702282,4.702282,0.216759,1,0.000050
0.111050,1.000000,0.999812,0.499938,4.903256,4.903256,0.225133,1,0.000050
0.111100,1.000000,0.999813,0.499938,5.099392,5.099392,0.233305,1,0.000050
0.111150,1.000000,0.999814,0.499939,5.290495,5.290495,0.241268,1,0.000050
0.111200,1.000000,0.999815,0.499939,5.476377,5.476377,0.249013,1,0.000050
0.111250,1.000000,0.999816,0.499939,5.656854,5.656854,0.256533,1,0.000050
0.111300,1.000000,0.999816,0.499939,5.831749,5.831749,0.263820,1,0.000050
0.111350,1.000000,0.999817,0.499940,6.000889,6.000889,0.270868,1,0.000050
0.111400,1.000000,0.999818,0.499940,6.164106,6.164106,0.277669,1,0.000050
0.111450,1.000000,0.999819,0.499940,6.321240,6.321240,0.284216,1,0.000050
0.111500,1.000000,0.999820,0.499940,6.472136,6.472136,0.290503,1,0.000050
0.111550,1.000000,0.999820,0.499941,6.616645,6.616645,0.296524,1,0.000050
0.111600,1.000000,0.999821,0.499941,6.754623,6.754623,0.302274,1,0.000050
0.111650,1.000000,0.999822,0.499941,6.885936,6.885936,0.307745,1,0.000050
0.111700,1.000000,0.999823,0.499941,7.010453,7.010453,0.312933,1,0.000050
0.111750,1.000000,0.999823,0.499942,7.128052,7.128052,0.317833,1,0.000050
0.111800,1.000000,0.999824,0.499942,7.238616,7.238616,0.322440,1,0.000050
0.111850,1.000000,0.999825,0.499942,7.342037,7.342037,0.326749,1,0.000050
0.111900,1.000000,0.999826,0.499942,7.438212,7.438212,0.330756,1,0.000050
0.111950,1.000000,0.999826,0.499943,7.527046,7.527046,0.334458,1,0.000050
0.112000,1.000000,0.999827,0.499943,7.608452,7.608452,0.337850,1,0.000050
0.112050,1.000000,0.999828,0.499943,7.682349,7.682349,0.340929,1,0.000050
0.112100,1.000000,0.999829,0.499943,7.748665,7.748665,0.343692,1,0.000050
0.112150,1.000000,0.999829,0.499944,7.807334,7.807334,0.346137,1,0.000050
0.112200,1.000000,0.999830,0.499944,7.858298,7.858298,0.348260,1,0.000050
0.112250,1.000000,0.999831,0.499944,7.901507,7.901507,0.350060,1,0.000050
0.112300,1.000000,0.999832,0.499944,7.936918,7.936918,0.351536,1,0.000050
0.112350,1.000000,0.999832,0.499945,7.964496,7.964496,0.352685,1,0.000050
0.112400,1.000000,0.999833,0.499945,7.984214,7.984214,0.353507,1,0.000050
0.112450,1.000000,0.999834,0.499945,7.996052,7.996052,0.354000,1,0.000050
0.112500,1.000000,0.999834,0.499945,8.000000,8.000000,0.354164,1,0.000050
0.112550,1.000000,0.999835,0.499946,7.996052,7.996052,0.354000,1,0.000050
0.112600,1.000000,0.999836,0.499946,7.984214,7.984214,0.353507,1,0.000050
0.112650,1.000000,0.999837,0.499946,7.964496,7.964496,0.352685,1,0.000050
0.112700,1.000000,0.999837,0.499946,7.936918,7.936918,0.351536,1,0.000050
0.112750,1.000000,0.999838,0.499946,7.901507,7.901507,0.350061,1,0.000050
0.112800,1.000000,0.999839,0.499947,7.858298,7.858298,0.348260,1,0.000050
0.112850,1.000000,0.999839,0.499947,7.807334,7.807334,0.346137,1,0.000050
0.112900,1.000000,0.999840,0.499947,7.748665,7.748665,0.343692,1,0.000050
0.112950,1.000000,0.999841,0.499947,7.682349,7.682349,0.340929,1,0.000050
0.113000,1.000000,0.999841,0.499948,7.608452,7.608452,0.337850,1,0.000050
0.113050,1.000000,0.999842,0.499948,7.527046,7.527046,0.334458,1,0.000050
0.113100,1.000000,0.999843,0.499948,7.438212,7.438212,0.330757,1,0.000050
0.113150,1.000000,0.999843,0.499948,7.342037,7.342037,0.326749,1,0.000050
0.113200,1.000000,0.999844,0.499948,7.238616,7.238616,0.322440,1,0.000050
0.113250,1.000000,0.999845,0.499949,7.128052,7.128052,0.317833,1,0.000050
0.113300,1.000000,0.999845,0.499949,7.010453,7.010453,0.312933,1,0.000050
0.113350,1.000000,0.999846,0.499949,6.885936,6.885936,0.307745,1,0.000050
0.113400,1.000000,0.999847,0.499949,6.754623,6.754623,0.302274,1,0.000050
0.113450,1.000000,0.999847,0.499950,6.616645,6.616645,0.296525,1,0.000050
0.113500,1.000000,0.999848,0.499950,6.472136,6.472136,0.290504,1,0.000050
0.113550,1.000000,0.999849,0.499950,6.321240,6.321240,0.284216,1,0.000050
0.113600,1.000000,0.999849,0.499950,6.164106,6.164106,0.277669,1,0.000050
0.113650,1.000000,0.999850,0.499950,6.000889,6.000889,0.270868,1,0.000050
0.113700,1.000000,0.999851,0.499951,5.831749,5.831749,0.263821,1,0.000050
0.113750,1.000000,0.999851,0.499951,5.656854,5.656854,0.256534,1,0.000050
0.113800,1.000000,0.999852,0.499951,5.476377,5.476377,0.249014,1,0.000050
0.113850,1.000000,0.999852,0.499951,5.290495,5.290495,0.241269,1,0.000050
0.113900,1.000000,0.999853,0.499951,5.099392,5.099392,0.233306,1,0.000050
0.113950,1.000000,0.999854,0.499952,4.903256,4.903256,0.225134,1,0.000050
0.114000,1.000000,0.999854,0.499952,4.702282,4.702282,0.216760,1,0.000050
0.114050,1.000000,0.999855,0.499952,4.496667,4.496667,0.208192,1,0.000050
0.114100,1.000000,0.999856,0.499952,4.286614,4.286614,0.199440,1,0.000050
0.114150,1.000000,0.999856,0.499952,4.072331,4.072331,0.190512,1,0.000050
0.114200,1.000000,0.999857,0.499953,3.854029,3.854029,0.181416,1,0.000050
0.114250,1.000000,0.999857,0.499953,3.631924,3.631924,0.172162,1,0.000050
0.114300,1.000000,0.999858,0.499953,3.406234,3.406234,0.162758,1,0.000050
0.114350,1.000000,0.999859,0.499953,3.177183,3.177183,0.153214,1,0.000050
0.114400,1.000000,0.999859,0.499954,2.944996,2.944996,0.143540,1,0.000050
0.114450,1.000000,0.999860,0.499954,2.709903,2.709903,0.133744,1,0.000050
0.114500,1.000000,0.999860,0.499954,2.472136,2.472136,0.123837,1,0.000050
0.114550,1.000000,0.999861,0.499954,2.231929,2.231929,0.113828,1,0.000050
0.114600,1.000000,0.999862,0.499954,1.989519,1.989519,0.103728,1,0.000050
0.114650,1.000000,0.999862,0.499954,1.745146,1.745146,0.093546,1,0.000050
0.114700,1.000000,0.999863,0.499955,1.499051,1.499051,0.083292,1,0.000050
0.114750,1.000000,0.999863,0.499955,1.251476,1.251476,0.072976,1,0.000050
0.114800,1.000000,0.999864,0.499955,1.002666,1.002666,0.062609,1,0.000050
0.114850,1.000000,0.999865,0.499955,0.752867,0.752867,0.052201,1,0.000050
0.114900,1.000000,0.999865,0.499955,0.502324,0.502324,0.041762,1,0.000050
0.114950,1.000000,0.999866,0.499956,0.251286,0.251286,0.031302,1,0.000050
0.115000,1.000000,0.999866,0.499956,-0.000000,-0.000000,0.020831,1,0.000050
0.115050,1.000000,0.999867,0.499956,-0.251286,-0.251286,0.010361,1,0.000050
0.115100,1.000000,0.999867,0.499956,-0.502324,-0.502324,-0.000099,1,0.000050
0.115150,1.000000,0.999868,0.499956,-0.752867,-0.752867,-0.010538,1,0.000050
0.115200,1.000000,0.999869,0.499957,-1.002666,-1.002666,-0.020946,1,0.000050
0.115250,1.000000,0.999869,0.499957,-1.251476,-1.251476,-0.031313,1,0.000050
0.115300,1.000000,0.999870,0.499957,-1.499051,-1.499051,-0.041629,1,0.000050
0.115350,1.000000,0.999870,0.499957,-1.745146,-1.745146,-0.051883,1,0.000050
0.115400,1.000000,0.999871,0.499957,-1.989519,-1.989519,-0.062065,1,0.000050
0.115450,1.000000,0.999871,0.499958,-2.231929,-2.231929,-0.072165,1,0.000050
0.115500,1.000000,0.999872,0.499958,-2.472136,-2.472136,-0.082174,1,0.000050
0.115550,1.000000,0.999872,0.499958,-2.709903,-2.709903,-0.092081,1,0.000050
0.115600,1.000000,0.999873,0.499958,-2.944996,-2.944996,-0.101877,1,0.000050
0.115650,1.000000,0.999874,0.499958,-3.177183,-3.177183,-0.111551,1,0.000050
0.115700,1.000000,0.999874,0.499958,-3.406234,-3.406234,-0.121095,1,0.000050
0.115750,1.000000,0.999875,0.499959,-3.631924,-3.631924,-0.130499,1,0.000050
0.115800,1.000000,0.999875,0.499959,-3.854029,-3.854029,-0.139753,1,0.000050
0.115850,1.000000,0.999876,0.499959,-4.072331,-4.072331,-0.148849,1,0.000050
0.115900,1.000000,0.999876,0.499959,-4.286614,-4.286614,-0.157777,1,0.000050
0.115950,1.000000,0.999877,0.499959,-4.496667,-4.496667,-0.166529,1,0.000050
0.116000,1.000000,0.999877,0.499959,-4.702282,-4.702282,-0.175097,1,0.000050
0.116050,1.000000,0.999878,0.499960,-4.903256,-4.903256,-0.183471,1,0.000050
0.116100,1.000000,0.999878,0.499960,-5.099392,-5.099392,-0.191643,1,0.000050
0.116150,1.000000,0.999879,0.499960,-5.290495,-5.290495,-0.199606,1,0.000050
0.116200,1.000000,0.999879,0.499960,-5.476377,-5.476377,-0.207351,1,0.000050
0.116250,1.000000,0.999880,0.499960,-5.656854,-5.656854,-0.214871,1,0.000050
0.116300,1.000000,0.999880,0.499960,-5.831749,-5.831749,-0.222158,1,0.000050
0.116350,1.000000,0.999881,0.499961,-6.000889,-6.000889,-0.229205,1,0.000050
0.116400,1.000000,0.999881,0.499961,-6.164106,-6.164106,-0.236006,1,0.000050
0.116450,1.000000,0.999882,0.499961,-6.321240,-6.321240,-0.242553,1,0.000050
0.116500,1.000000,0.999882,0.499961,-6.472136,-6.472136,-0.248841,1,0.000050
0.116550,1.000000,0.999883,0.499961,-6.616645,-6.616645,-0.254862,1,0.000050
0.116600,1.000000,0.999883,0.499961,-6.754623,-6.754623,-0.260611,1,0.000050
0.116650,1.000000,0.999884,0.499962,-6.885936,-6.885936,-0.266082,1,0.000050
0.116700,1.000000,0.999884,0.499962,-7.010453,-7.010453,-0.271270,1,0.000050
0.116750,1.000000,0.999885,0.499962,-7.128052,-7.128052,-0.276170,1,0.000050
0.116800,1.000000,0.999885,0.499962,-7.238616,-7.238616,-0.280777,1,0.000050
0.116850,1.000000,0.999886,0.499962,-7.342037,-7.342037,-0.285086,1,0.000050
0.116900,1.000000,0.999886,0.499962,-7.438212,-7.438212,-0.289094,1,0.000050
0.116950,1.000000,0.999887,0.499963,-7.527046,-7.527046,-0.292795,1,0.000050
0.117000,1.000000,0.999887,0.499963,-7.608452,-7.608452,-0.296187,1,0.000050
0.117050,1.000000,0.999888,0.499963,-7.682349,-7.682349,-0.299266,1,0.000050
0.117100,1.000000,0.999888,0.499963,-7.748665,-7.748665,-0.302029,1,0.000050
0.117150,1.000000,0.999889,0.499963,-7.807334,-7.807334,-0.304474,1,0.000050
0.117200,1.000000,0.999889,0.499963,-7.858298,-7.858298,-0.306597,1,0.000050
0.117250,1.000000,0.999890,0.499964,-7.901507,-7.901507,-0.308398,1,0.000050
0.117300,1.000000,0.999890,0.499964,-7.936918,-7.936918,-0.309873,1,0.000050
0.117350,1.000000,0.999891,0.499964,-7.964496,-7.964496,-0.311022,1,0.000050
0.117400,1.000000,0.999891,0.499964,-7.984214,-7.984214,-0.311844,1,0.000050
0.117450,1.000000,0.999892,0.499964,-7.996052,-7.996052,-0.312337,1,0.000050
0.117500,1.000000,0.999892,0.499964,-8.000000,-8.000000,-0.312501,1,0.000050
0.117550,1.000000,0.999893,0.499965,-7.996052,-7.996052,-0.312337,1,0.000050
0.117600,1.000000,0.999893,0.499965,-7.984214,-7.984214,-0.311844,1,0.000050
0.117650,1.000000,0.999893,0.499965,-7.964496,-7.964496,-0.311022,1,0.000050
0.117700,1.000000,0.999894,0.499965,-7.936918,-7.936918,-0.309873,1,0.000050
0.117750,1.000000,0.999894,0.499965,-7.901507,-7.901507,-0.308398,1,0.000050
0.117800,1.000000,0.999895,0.499965,-7.858298,-7.858298,-0.306597,1,0.000050
0.117850,1.000000,0.999895,0.499965,-7.807334,-7.807334,-0.304474,1,0.000050
0.117900,1.000000,0.999896,0.499966,-7.748665,-7.748665,-0.302029,1,0.000050
0.117950,1.000000,0.999896,0.499966,-7.682349,-7.682349,-0.299266,1,0.000050
0.118000,1.000000,0.999897,0.499966,-7.608452,-7.608452,-0.296187,1,0.000050
0.118050,1.000000,0.999897,0.499966,-7.527046,-7.527046,-0.292795,1,0.000050
0.118100,1.000000,0.999898,0.499966,-7.438212,-7.438212,-0.289094,1,0.000050
0.118150,1.000000,0.999898,0.499966,-7.342037,-7.342037,-0.285086,1,0.000050
0.118200,1.000000,0.999898,0.499966,-7.238616,-7.238616,-0.280777,1,0.000050
0.118250,1.000000,0.999899,0.499967,-7.128052,-7.128052,-0.276170,1,0.000050
0.118300,1.000000,0.999899,0.499967,-7.010453,-7.010453,-0.271270,1,0.000050
0.118350,1.000000,0.999900,0.499967,-6.885936,-6.885936,-0.266082,1,0.000050
0.118400,1.000000,0.999900,0.499967,-6.754623,-6.754623,-0.260611,1,0.000050
0.118450,1.000000,0.999901,0.499967,-6.616645,-6.616645,-0.254862,1,0.000050
0.118500,1.000000,0.999901,0.499967,-6.472136,-6.472136,-0.248840,1,0.000050
0.118550,1.000000,0.999901,0.499967,-6.321240,-6.321240,-0.242553,1,0.000050
0.118600,1.000000,0.999902,0.499968,-6.164106,-6.164106,-0.236006,1,0.000050
0.118650,1.000000,0.999902,0.499968,-6.000889,-6.000889,-0.229205,1,0.000050
0.118700,1.000000,0.999903,0.499968,-5.831749,-5.831749,-0.222158,1,0.000050
0.118750,1.000000,0.999903,0.499968,-5.656854,-5.656854,-0.214870,1,0.000050
0.118800,1.000000,0.999903,0.499968,-5.476377,-5.476377,-0.207350,1,0.000050
0.118850,1.000000,0.999904,0.499968,-5.290495,-5.290495,-0.199605,1,0.000050
0.118900,1.000000,0.999904,0.499968,-5.099392,-5.099392,-0.191643,1,0.000050
0.118950,1.000000,0.999905,0.499969,-4.903256,-4.903256,-0.183470,1,0.000050
0.119000,1.000000,0.999905,0.499969,-4.702282,-4.702282,-0.175096,1,0.000050
0.119050,1.000000,0.999906,0.499969,-4.496667,-4.496667,-0.166529,1,0.000050
0.119100,1.000000,0.999906,0.499969,-4.286614,-4.286614,-0.157777,1,0.000050
0.119150,1.000000,0.999906,0.499969,-4.072331,-4.072331,-0.148848,1,0.000050
0.119200,1.000000,0.999907,0.499969,-3.854029,-3.854029,-0.139753,1,0.000050
0.119250,1.000000,0.999907,0.499969,-3.631924,-3.631924,-0.130498,1,0.000050
0.119300,1.000000,0.999908,0.499969,-3.406234,-3.406234,-0.121094,1,0.000050
0.119350,1.000000,0.999908,0.499970,-3.177183,-3.177183,-0.111551,1,0.000050
0.119400,1.000000,0.999908,0.499970,-2.944996,-2.944996,-0.101876,1,0.000050
0.119450,1.000000,0.999909,0.499970,-2.709903,-2.709903,-0.092081,1,0.000050
0.119500,1.000000,0.999909,0.499970,-2.472136,-2.472136,-0.082174,1,0.000050
0.119550,1.000000,0.999909,0.499970,-2.231929,-2.231929,-0.072165,1,0.000050
0.119600,1.000000,0.999910,0.499970,-1.989519,-1.989519,-0.062065,1,0.000050
0.119650,1.000000,0.999910,0.499970,-1.745146,-1.745146,-0.051882,1,0.000050
0.119700,1.000000,0.999911,0.499970,-1.499051,-1.499051,-0.041628,1,0.000050
0.119750,1.000000,0.999911,0.499971,-1.251476,-1.251476,-0.031313,1,0.000050
0.119800,1.000000,0.999911,0.499971,-1.002666,-1.002666,-0.020946,1,0.000050
0.119850,1.000000,0.999912,0.499971,-0.752867,-0.752867,-0.010537,1,0.000050
0.119900,1.000000,0.999912,0.499971,-0.502324,-0.502324,-0.000098,1,0.000050
0.119950,1.000000,0.999913,0.499971,-0.251286,-0.251286,0.010362,1,0.000050
0.120000,1.000000,0.999913,0.499971,0.000000,0.000000,0.020832,1,0.000050
0.120050,1.000000,0.999913,0.499971,0.251286,0.251286,0.031302,1,0.000050
0.120100,1.000000,0.999914,0.499971,0.502324,0.502324,0.041762,1,0.000050
0.120150,1.000000,0.999914,0.499972,0.752867,0.752867,0.052202,1,0.000050
0.120200,1.000000,0.999914,0.499972,1.002666,1.002666,0.062610,1,0.000050
0.120250,1.000000,0.999915,0.499972,1.251476,1.251476,0.072977,1,0.000050
0.120300,1.000000,0.999915,0.499972,1.499051,1.499051,0.083293,1,0.000050
0.120350,1.000000,0.999915,0.499972,1.745146,1.745146,0.093547,1,0.000050
0.120400,1.000000,0.999916,0.499972,1.989519,1.989519,0.103729,1,0.000050
0.120450,1.000000,0.999916,0.499972,2.231929,2.231929,0.113829,1,0.000050
0.120500,1.000000,0.999917,0.499972,2.472136,2.472136,0.123838,1,0.000050
0.120550,1.000000,0.999917,0.499973,2.709903,2.709903,0.133745,1,0.000050
0.120600,1.000000,0.999917,0.499973,2.944996,2.944996,0.143540,1,0.000050
0.120650,1.000000,0.999918,0.499973,3.177183,3.177183,0.153215,1,0.000050
0.120700,1.000000,0.999918,0.499973,3.406234,3.406234,0.162759,1,0.000050
0.120750,1.000000,0.999918,0.499973,3.631924,3.631924,0.172162,1,0.000050
0.120800,1.000000,0.999919,0.499973,3.854029,3.854029,0.181417,1,0.000050
0.120850,1.000000,0.999919,0.499973,4.072331,4.072331,0.190513,1,0.000050
0.120900,1.000000,0.999919,0.499973,4.286614,4.286614,0.199441,1,0.000050
0.120950,1.000000,0.999920,0.499973,4.496667,4.496667,0.208193,1,0.000050
0.121000,1.000000,0.999920,0.499974,4.702282,4.702282,0.216761,1,0.000050
0.121050,1.000000,0.999920,0.499974,4.903256,4.903256,0.225135,1,0.000050
0.121100,1.000000,0.999921,0.499974,5.099392,5.099392,0.233307,1,0.000050
0.121150,1.000000,0.999921,0.499974,5.290495,5.290495,0.241270,1,0.000050
0.121200,1.000000,0.999921,0.499974,5.476377,5.476377,0.249015,1,0.000050
0.121250,1.000000,0.999922,0.499974,5.656854,5.656854,0.256535,1,0.000050
0.121300,1.000000,0.999922,0.499974,5.831749,5.831749,0.263822,1,0.000050
0.121350,1.000000,0.999922,0.499974,6.000889,6.000889,0.270869,1,0.000050
0.121400,1.000000,0.999923,0.499974,6.164106,6.164106,0.277670,1,0.000050
0.121450,1.000000,0.999923,0.499975,6.321240,6.321240,0.284217,1,0.000050
0.121500,1.000000,0.999923,0.499975,6.472136,6.472136,0.290505,1,0.000050
0.121550,1.000000,0.999924,0.499975,6.616645,6.616645,0.296526,1,0.000050
0.121600,1.000000,0.999924,0.499975,6.754623,6.754623,0.302275,1,0.000050
0.121650,1.000000,0.999924,0.499975,6.885936,6.885936,0.307746,1,0.000050
0.121700,1.000000,0.999925,0.499975,7.010453,7.010453,0.312935,1,0.000050
0.121750,1.000000,0.999925,0.499975,7.128052,7.128052,0.317834,1,0.000050
0.121800,1.000000,0.999925,0.499975,7.238616,7.238616,0.322441,1,0.000050
0.121850,1.000000,0.999926,0.499975,7.342037,7.342037,0.326751,1,0.000050
0.121900,1.000000,0.999926,0.499976,7.438212,7.438212,0.330758,1,0.000050
0.121950,1.000000,0.999926,0.499976,7.527046,7.527046,0.334459,1,0.000050
0.122000,1.000000,0.999927,0.499976,7.608452,7.608452,0.337851,1,0.000050
0.122050,1.000000,0.999927,0.499976,7.682349,7.682349,0.340930,1,0.000050
0.122100,1.000000,0.999927,0.499976,7.748665,7.748665,0.343693,1,0.000050
0.122150,1.000000,0.999928,0.499976,7.807334,7.807334,0.346138,1,0.000050
0.122200,1.000000,0.999928,0.499976,7.858298,7.858298,0.348261,1,0.000050
0.122250,1.000000,0.999928,0.499976,7.901507,7.901507,0.350062,1,0.000050
0.122300,1.000000,0.999928,0.499976,7.936918,7.936918,0.351537,1,0.000050
0.122350,1.000000,0.999929,0.499976,7.964496,7.964496,0.352686,1,0.000050
0.122400,1.000000,0.999929,0.499977,7.984214,7.984214,0.353508,1,0.000050
0.122450,1.000000,0.999929,0.499977,7.996052,7.996052,0.354001,1,0.000050
0.122500,1.000000,0.999930,0.499977,8.000000,8.000000,0.354166,1,0.000050
0.122550,1.000000,0.999930,0.499977,7.996052,7.996052,0.354001,1,0.000050
0.122600,1.000000,0.999930,0.499977,7.984214,7.984214,0.353508,1,0.000050
0.122650,1.000000,0.999931,0.499977,7.964496,7.964496,0.352686,1,0.000050
0.122700,1.000000,0.999931,0.499977,7.936918,7.936918,0.351537,1,0.000050
0.122750,1.000000,0.999931,0.499977,7.901507,7.901507,0.350062,1,0.000050
0.122800,1.000000,0.999931,0.499977,7.858298,7.858298,0.348261,1,0.000050
0.122850,1.000000,0.999932,0.499977,7.807334,7.807334,0.346138,1,0.000050
0.122900,1.000000,0.999932,0.499978,7.748665,7.748665,0.343693,1,0.000050
0.122950,1.000000,0.999932,0.499978,7.682349,7.682349,0.340930,1,0.000050
0.123000,1.000000,0.999933,0.499978,7.608452,7.608452,0.337851,1,0.000050
0.123050,1.000000,0.999933,0.499978,7.527046,7.527046,0.334459,1,0.000050
0.123100,1.000000,0.999933,0.499978,7.438212,7.438212,0.330758,1,0.000050
0.123150,1.000000,0.999934,0.499978,7.342037,7.342037,0.326751,1,0.000050
0.123200,1.000000,0.999934,0.499978,7.238616,7.238616,0.322441,1,0.000050
0.123250,1.000000,0.999934,0.499978,7.128052,7.128052,0.317835,1,0.000050
0.123300,1.000000,0.999934,0.499978,7.010453,7.010453,0.312935,1,0.000050
0.123350,1.000000,0.999935,0.499978,6.885936,6.885936,0.307746,1,0.000050
0.123400,1.000000,0.999935,0.499978,6.754623,6.754623,0.302275,1,0.000050
0.123450,1.000000,0.999935,0.499979,6.616645,6.616645,0.296526,1,0.000050
0.123500,1.000000,0.999935,0.499979,6.472136,6.472136,0.290505,1,0.000050
0.123550,1.000000,0.999936,0.499979,6.321240,6.321240,0.284217,1,0.000050
0.123600,1.000000,0.999936,0.499979,6.164106,6.164106,0.277670,1,0.000050
0.123650,1.000000,0.999936,0.499979,6.000889,6.000889,0.270869,1,0.000050
0.123700,1.000000,0.999937,0.499979,5.831749,5.831749,0.263822,1,0.000050
0.123750,1.000000,0.999937,0.499979,5.656854,5.656854,0.256535,1,0.000050
0.123800,1.000000,0.999937,0.499979,5.476377,5.476377,0.249015,1,0.000050
0.123850,1.000000,0.999937,0.499979,5.290495,5.290495,0.241270,1,0.000050
0.123900,1.000000,0.999938,0.499979,5.099392,5.099392,0.233307,1,0.000050
0.123950,1.000000,0.999938,0.499979,4.903256,4.903256,0.225135,1,0.000050
0.124000,1.000000,0.999938,0.499980,4.702282,4.702282,0.216761,1,0.000050
0.124050,1.000000,0.999938,0.499980,4.496667,4.496667,0.208194,1,0.000050
0.124100,1.000000,0.999939,0.499980,4.286614,4.286614,0.199441,1,0.000050
0.124150,1.000000,0.999939,0.499980,4.072331,4.072331,0.190513,1,0.000050
0.124200,1.000000,0.999939,0.499980,3.854029,3.854029,0.181417,1,0.000050
0.124250,1.000000,0.999939,0.499980,3.631924,3.631924,0.172163,1,0.000050
0.124300,1.000000,0.999940,0.499980,3.406234,3.406234,0.162759,1,0.000050
0.124350,1.000000,0.999940,0.499980,3.177183,3.177183,0.153215,1,0.000050
0.124400,1.000000,0.999940,0.499980,2.944996,2.944996,0.143541,1,0.000050
0.124450,1.000000,0.999941,0.499980,2.709903,2.709903,0.133745,1,0.000050
0.124500,1.000000,0.999941,0.499980,2.472136,2.472136,0.123838,1,0.000050
0.124550,1.000000,0.999941,0.499981,2.231929,2.231929,0.113830,1,0.000050
0.124600,1.000000,0.999941,0.499981,1.989519,1.989519,0.103729,1,0.000050
0.124650,1.000000,0.999942,0.499981,1.745146,1.745146,0.093547,1,0.000050
0.124700,1.000000,0.999942,0.499981,1.499051,1.499051,0.083293,1,0.000050
0.124750,1.000000,0.999942,0.499981,1.251476,1.251476,0.072977,1,0.000050
0.124800,1.000000,0.999942,0.499981,1.002666,1.002666,0.062610,1,0.000050
0.124850,1.000000,0.999943,0.499981,0.752867,0.752867,0.052202,1,0.000050
0.124900,1.000000,0.999943,0.499981,0.502324,0.502324,0.041763,1,0.000050
0.124950,1.000000,0.999943,0.499981,0.251286,0.251286,0.031303,1,0.000050
0.125000,1.000000,0.999943,0.499981,-0.000000,-0.000000,0.020833,1,0.000050
0.125050,1.000000,0.999944,0.499981,-0.251286,-0.251286,0.010362,1,0.000050
0.125100,1.000000,0.999944,0.499981,-0.502324,-0.502324,-0.000098,1,0.000050
0.125150,1.000000,0.999944,0.499981,-0.752867,-0.752867,-0.010537,1,0.000050
0.125200,1.000000,0.999944,0.499982,-1.002666,-1.002666,-0.020945,1,0.000050
0.125250,1.000000,0.999944,0.499982,-1.251476,-1.251476,-0.031312,1,0.000050
0.125300,1.000000,0.999945,0.499982,-1.499051,-1.499051,-0.041628,1,0.000050
0.125350,1.000000,0.999945,0.499982,-1.745146,-1.745146,-0.051882,1,0.000050
0.125400,1.000000,0.999945,0.499982,-1.989519,-1.989519,-0.062064,1,0.000050
0.125450,1.000000,0.999945,0.499982,-2.231929,-2.231929,-0.072164,1,0.000050
0.125500,1.000000,0.999946,0.499982,-2.472136,-2.472136,-0.082173,1,0.000050
0.125550,1.000000,0.999946,0.499982,-2.709903,-2.709903,-0.092080,1,0.000050
0.125600,1.000000,0.999946,0.499982,-2.944996,-2.944996,-0.101876,1,0.000050
0.125650,1.000000,0.999946,0.499982,-3.177183,-3.177183,-0.111550,1,0.000050
0.125700,1.000000,0.999947,0.499982,-3.406234,-3.406234,-0.121094,1,0.000050
0.125750,1.000000,0.999947,0.499982,-3.631924,-3.631924,-0.130498,1,0.000050
0.125800,1.000000,0.999947,0.499982,-3.854029,-3.854029,-0.139752,1,0.000050
0.125850,1.000000,0.999947,0.499983,-4.072331,-4.072331,-0.148848,1,0.000050
0.125900,1.000000,0.999947,0.499983,-4.286614,-4.286614,-0.157776,1,0.000050
0.125950,1.000000,0.999948,0.499983,-4.496667,-4.496667,-0.166529,1,0.000050
0.126000,1.000000,0.999948,0.499983,-4.702282,-4.702282,-0.175096,1,0.000050
0.126050,1.000000,0.999948,0.499983,-4.903256,-4.903256,-0.183470,1,0.000050
0.126100,1.000000,0.999948,0.499983,-5.099392,-5.099392,-0.191642,1,0.000050
0.126150,1.000000,0.999949,0.499983,-5.290495,-5.290495,-0.199605,1,0.000050
0.126200,1.000000,0.999949,0.499983,-5.476377,-5.476377,-0.207350,1,0.000050
0.126250,1.000000,0.999949,0.499983,-5.656854,-5.656854,-0.214870,1,0.000050
0.126300,1.000000,0.999949,0.499983,-5.831749,-5.831749,-0.222157,1,0.000050
0.126350,1.000000,0.999949,0.499983,-6.000889,-6.000889,-0.229204,1,0.000050
0.126400,1.000000,0.999950,0.499983,-6.164106,-6.164106,-0.236005,1,0.000050
0.126450,1.000000,0.999950,0.499983,-6.321240,-6.321240,-0.242552,1,0.000050
0.126500,1.000000,0.999950,0.499984,-6.472136,-6.472136,-0.248840,1,0.000050
0.126550,1.000000,0.999950,0.499984,-6.616645,-6.616645,-0.254861,1,0.000050
0.126600,1.000000,0.999951,0.499984,-6.754623,-6.754623,-0.260610,1,0.000050
0.126650,1.000000,0.999951,0.499984,-6.885936,-6.885936,-0.266081,1,0.000050
0.126700,1.000000,0.999951,0.499984,-7.010453,-7.010453,-0.271270,1,0.000050
0.126750,1.000000,0.999951,0.499984,-7.128052,-7.128052,-0.276170,1,0.000050
0.126800,1.000000,0.999951,0.499984,-7.238616,-7.238616,-0.280776,1,0.000050
0.126850,1.000000,0.999952,0.499984,-7.342037,-7.342037,-0.285086,1,0.000050
0.126900,1.000000,0.999952,0.499984,-7.438212,-7.438212,-0.289093,1,0.000050
0.126950,1.000000,0.999952,0.499984,-7.527046,-7.527046,-0.292794,1,0.000050
0.127000,1.000000,0.999952,0.499984,-7.608452,-7.608452,-0.296186,1,0.000050
0.127050,1.000000,0.999952,0.499984,-7.682349,-7.682349,-0.299265,1,0.000050
0.127100,1.000000,0.999953,0.499984,-7.748665,-7.748665,-0.302028,1,0.000050
0.127150,1.000000,0.999953,0.499984,-7.807334,-7.807334,-0.304473,1,0.000050
0.127200,1.000000,0.999953,0.499984,-7.858298,-7.858298,-0.306596,1,0.000050
0.127250,1.000000,0.999953,0.499985,-7.901507,-7.901507,-0.308397,1,0.000050
0.127300,1.000000,0.999953,0.499985,-7.936918,-7.936918,-0.309872,1,0.000050
0.127350,1.000000,0.999954,0.499985,-7.964496,-7.964496,-0.311021,1,0.000050
0.127400,1.000000,0.999954,0.499985,-7.984214,-7.984214,-0.311843,1,0.000050
0.127450,1.000000,0.999954,0.499985,-7.996052,-7.996052,-0.312336,1,0.000050
0.127500,1.000000,0.999954,0.499985,-8.000000,-8.000000,-0.312501,1,0.000050
0.127550,1.000000,0.999954,0.499985,-7.996052,-7.996052,-0.312336,1,0.000050
0.127600,1.000000,0.999955,0.499985,-7.984214,-7.984214,-0.311843,1,0.000050
0.127650,1.000000,0.999955,0.499985,-7.964496,-7.964496,-0.311021,1,0.000050
0.127700,1.000000,0.999955,0.499985,-7.936918,-7.936918,-0.309872,1,0.000050
0.127750,1.000000,0.999955,0.499985,-7.901507,-7.901507,-0.308397,1,0.000050
0.127800,1.000000,0.999955,0.499985,-7.858298,-7.858298,-0.306596,1,0.000050
0.127850,1.000000,0.999956,0.499985,-7.807334,-7.807334,-0.304473,1,0.000050
0.127900,1.000000,0.999956,0.499985,-7.748665,-7.748665,-0.302028,1,0.000050
0.127950,1.000000,0.999956,0.499985,-7.682349,-7.682349,-0.299265,1,0.000050
0.128000,1.000000,0.999956,0.499986,-7.608452,-7.608452,-0.296186,1,0.000050
0.128050,1.000000,0.999956,0.499986,-7.527046,-7.527046,-0.292794,1,0.000050
0.128100,1.000000,0.999956,0.499986,-7.438212,-7.438212,-0.289093,1,0.000050
0.128150,1.000000,0.999957,0.499986,-7.342037,-7.342037,-0.285085,1,0.000050
0.128200,1.000000,0.999957,0.499986,-7.238616,-7.238616,-0.280776,1,0.000050
0.128250,1.000000,0.999957,0.499986,-7.128052,-7.128052,-0.276169,1,0.000050
0.128300,1.000000,0.999957,0.499986,-7.010453,-7.010453,-0.271269,1,0.000050
0.128350,1.000000,0.999957,0.499986,-6.885936,-6.885936,-0.266081,1,0.000050
0.128400,1.000000,0.999958,0.499986,-6.754623,-6.754623,-0.260610,1,0.000050
0.128450,1.000000,0.999958,0.499986,-6.616645,-6.616645,-0.254861,1,0.000050
0.128500,1.000000,0.999958,0.499986,-6.472136,-6.472136,-0.248840,1,0.000050
0.128550,1.000000,0.999958,0.499986,-6.321240,-6.321240,-0.242552,1,0.000050
0.128600,1.000000,0.999958,0.499986,-6.164106,-6.164106,-0.236005,1,0.000050
0.128650,1.000000,0.999958,0.499986,-6.000889,-6.000889,-0.229204,1,0.000050
0.128700,1.000000,0.999959,0.499986,-5.831749,-5.831749,-0.222157,1,0.000050
0.128750,1.000000,0.999959,0.499986,-5.656854,-5.656854,-0.214869,1,0.000050
0.128800,1.000000,0.999959,0.499986,-5.476377,-5.476377,-0.207350,1,0.000050
0.128850,1.000000,0.999959,0.499987,-5.290495,-5.290495,-0.199605,1,0.000050
0.128900,1.000000,0.999959,0.499987,-5.099392,-5.099392,-0.191642,1,0.000050
0.128950,1.000000,0.999960,0.499987,-4.903256,-4.903256,-0.183470,1,0.000050
0.129000,1.000000,0.999960,0.499987,-4.702282,-4.702282,-0.175096,1,0.000050
0.129050,1.000000,0.999960,0.499987,-4.496667,-4.496667,-0.166528,1,0.000050
0.129100,1.000000,0.999960,0.499987,-4.286614,-4.286614,-0.157776,1,0.000050
0.129150,1.000000,0.999960,0.499987,-4.072331,-4.072331,-0.148848,1,0.000050
0.129200,1.000000,0.999960,0.499987,-3.854029,-3.854029,-0.139752,1,0.000050
0.129250,1.000000,0.999961,0.499987,-3.631924,-3.631924,-0.130497,1,0.000050
0.129300,1.000000,0.999961,0.499987,-3.406234,-3.406234,-0.121094,1,0.000050
0.129350,1.000000,0.999961,0.499987,-3.177183,-3.177183,-0.111550,1,0.000050
0.129400,1.000000,0.999961,0.499987,-2.944996,-2.944996,-0.101875,1,0.000050
0.129450,1.000000,0.999961,0.499987,-2.709903,-2.709903,-0.092080,1,0.000050
0.129500,1.000000,0.999961,0.499987,-2.472136,-2.472136,-0.082173,1,0.000050
0.129550,1.000000,0.999962,0.499987,-2.231929,-2.231929,-0.072164,1,0.000050
0.129600,1.000000,0.999962,0.499987,-1.989519,-1.989519,-0.062064,1,0.000050
0.129650,1.000000,0.999962,0.499987,-1.745146,-1.745146,-0.051882,1,0.000050
0.129700,1.000000,0.999962,0.499987,-1.499051,-1.499051,-0.041628,1,0.000050
0.129750,1.000000,0.999962,0.499988,-1.251476,-1.251476,-0.031312,1,0.000050
0.129800,1.000000,0.999962,0.499988,-1.002666,-1.002666,-0.020945,1,0.000050
0.129850,1.000000,0.999963,0.499988,-0.752867,-0.752867,-0.010537,1,0.000050
0.129900,1.000000,0.999963,0.499988,-0.502324,-0.502324,-0.000097,1,0.000050
0.129950,1.000000,0.999963,0.499988,-0.251286,-0.251286,0.010363,1,0.000050
0.130000,1.000000,0.999963,0.499988,0.000000,0.000000,0.020833,1,0.000050
0.130050,1.000000,0.999963,0.499988,0.251286,0.251286,0.031303,1,0.000050
0.130100,1.000000,0.999963,0.499988,0.502324,0.502324,0.041763,1,0.000050
0.130150,1.000000,0.999964,0.499988,0.752867,0.752867,0.052202,1,0.000050
0.130200,1.000000,0.999964,0.499988,1.002666,1.002666,0.062611,1,0.000050
0.130250,1.000000,0.999964,0.499988,1.251476,1.251476,0.072978,1,0.000050
0.130300,1.000000,0.999964,0.499988,1.499051,1.499051,0.083293,1,0.000050
0.130350,1.000000,0.999964,0.499988,1.745146,1.745146,0.093547,1,0.000050
0.130400,1.000000,0.999964,0.499988,1.989519,1.989519,0.103729,1,0.000050
0.130450,1.000000,0.999964,0.499988,2.231929,2.231929,0.113830,1,0.000050
0.130500,1.000000,0.999965,0.499988,2.472136,2.472136,0.123839,1,0.000050
0.130550,1.000000,0.999965,0.499988,2.709903,2.709903,0.133745,1,0.000050
0.130600,1.000000,0.999965,0.499988,2.944996,2.944996,0.143541,1,0.000050
0.130650,1.000000,0.999965,0.499988,3.177183,3.177183,0.153215,1,0.000050
0.130700,1.000000,0.999965,0.499988,3.406234,3.406234,0.162759,1,0.000050
0.130750,1.000000,0.999965,0.499989,3.631924,3.631924,0.172163,1,0.000050
0.130800,1.000000,0.999965,0.499989,3.854029,3.854029,0.181417,1,0.000050
0.130850,1.000000,0.999966,0.499989,4.072331,4.072331,0.190513,1,0.000050
0.130900,1.000000,0.999966,0.499989,4.286614,4.286614,0.199442,1,0.000050
0.130950,1.000000,0.999966,0.499989,4.496667,4.496667,0.208194,1,0.000050
0.131000,1.000000,0.999966,0.499989,4.702282,4.702282,0.216761,1,0.000050
0.131050,1.000000,0.999966,0.499989,4.903256,4.903256,0.225135,1,0.000050
0.131100,1.000000,0.999966,0.499989,5.099392,5.099392,0.233308,1,0.000050
0.131150,1.000000,0.999967,0.499989,5.290495,5.290495,0.241270,1,0.000050
0.131200,1.000000,0.999967,0.499989,5.476377,5.476377,0.249015,1,0.000050
0.131250,1.000000,0.999967,0.499989,5.656854,5.656854,0.256535,1,0.000050
0.131300,1.000000,0.999967,0.499989,5.831749,5.831749,0.263822,1,0.000050
0.131350,1.000000,0.999967,0.499989,6.000889,6.000889,0.270870,1,0.000050
0.131400,1.000000,0.999967,0.499989,6.164106,6.164106,0.277671,1,0.000050
0.131450,1.000000,0.999967,0.499989,6.321240,6.321240,0.284218,1,0.000050
0.131500,1.000000,0.999967,0.499989,6.472136,6.472136,0.290505,1,0.000050
0.131550,1.000000,0.999968,0.499989,6.616645,6.616645,0.296526,1,0.000050
0.131600,1.000000,0.999968,0.499989,6.754623,6.754623,0.302276,1,0.000050
0.131650,1.000000,0.999968,0.499989,6.885936,6.885936,0.307747,1,0.000050
0.131700,1.000000,0.999968,0.499989,7.010453,7.010453,0.312935,1,0.000050
0.131750,1.000000,0.999968,0.499989,7.128052,7.128052,0.317835,1,0.000050
0.131800,1.000000,0.999968,0.499990,7.238616,7.238616,0.322442,1,0.000050
0.131850,1.000000,0.999968,0.499990,7.342037,7.342037,0.326751,1,0.000050
0.131900,1.000000,0.999969,0.499990,7.438212,7.438212,0.330758,1,0.000050
0.131950,1.000000,0.999969,0.499990,7.527046,7.527046,0.334460,1,0.000050
0.132000,1.000000,0.999969,0.499990,7.608452,7.608452,0.337852,1,0.000050
0.132050,1.000000,0.999969,0.499990,7.682349,7.682349,0.340931,1,0.000050
0.132100,1.000000,0.999969,0.499990,7.748665,7.748665,0.343694,1,0.000050
0.132150,1.000000,0.999969,0.499990,7.807334,7.807334,0.346138,1,0.000050
0.132200,1.000000,0.999969,0.499990,7.858298,7.858298,0.348262,1,0.000050
0.132250,1.000000,0.999970,0.499990,7.901507,7.901507,0.350062,1,0.000050
0.132300,1.000000,0.999970,0.499990,7.936918,7.936918,0.351538,1,0.000050
0.132350,1.000000,0.999970,0.499990,7.964496,7.964496,0.352687,1,0.000050
0.132400,1.000000,0.999970,0.499990,7.984214,7.984214,0.353508,1,0.000050
0.132450,1.000000,0.999970,0.499990,7.996052,7.996052,0.354002,1,0.000050
0.132500,1.000000,0.999970,0.499990,8.000000,8.000000,0.354166,1,0.000050
0.132550,1.000000,0.999970,0.499990,7.996052,7.996052,0.354002,1,0.000050
0.132600,1.000000,0.999970,0.499990,7.984214,7.984214,0.353509,1,0.000050
0.132650,1.000000,0.999971,0.499990,7.964496,7.964496,0.352687,1,0.000050
0.132700,1.000000,0.999971,0.499990,7.936918,7.936918,0.351538,1,0.000050
0.132750,1.000000,0.999971,0.499990,7.901507,7.901507,0.350062,1,0.000050
0.132800,1.000000,0.999971,0.499990,7.858298,7.858298,0.348262,1,0.000050
0.132850,1.000000,0.999971,0.499990,7.807334,7.807334,0.346139,1,0.000050
0.132900,1.000000,0.999971,0.499990,7.748665,7.748665,0.343694,1,0.000050
0.132950,1.000000,0.999971,0.499991,7.682349,7.682349,0.340931,1,0.000050
0.133000,1.000000,0.999971,0.499991,7.608452,7.608452,0.337852,1,0.000050
0.133050,1.000000,0.999972,0.499991,7.527046,7.527046,0.334460,1,0.000050
0.133100,1.000000,0.999972,0.499991,7.438212,7.438212,0.330758,1,0.000050
0.133150,1.000000,0.999972,0.499991,7.342037,7.342037,0.326751,1,0.000050
0.133200,1.000000,0.999972,0.499991,7.238616,7.238616,0.322442,1,0.000050
0.133250,1.000000,0.999972,0.499991,7.128052,7.128052,0.317835,1,0.000050
0.133300,1.000000,0.999972,0.499991,7.010453,7.010453,0.312935,1,0.000050
0.133350,1.000000,0.999972,0.499991,6.885936,6.885936,0.307747,1,0.000050
0.133400,1.000000,0.999972,0.499991,6.754623,6.754623,0.302276,1,0.000050
0.133450,1.000000,0.999972,0.499991,6.616645,6.616645,0.296526,1,0.000050
0.133500,1.000000,0.999973,0.499991,6.472136,6.472136,0.290505,1,0.000050
0.133550,1.000000,0.999973,0.499991,6.321240,6.321240,0.284218,1,0.000050
0.133600,1.000000,0.999973,0.499991,6.164106,6.164106,0.277671,1,0.000050
0.133650,1.000000,0.999973,0.499991,6.000889,6.000889,0.270870,1,0.000050
0.133700,1.000000,0.999973,0.499991,5.831749,5.831749,0.263823,1,0.000050
0.133750,1.000000,0.999973,0.499991,5.656854,5.656854,0.256535,1,0.000050
0.133800,1.000000,0.999973,0.499991,5.476377,5.476377,0.249015,1,0.000050
0.133850,1.000000,0.999973,0.499991,5.290495,5.290495,0.241270,1,0.000050
0.133900,1.000000,0.999974,0.499991,5.099392,5.099392,0.233308,1,0.000050
0.133950,1.000000,0.999974,0.499991,4.903256,4.903256,0.225135,1,0.000050
0.134000,1.000000,0.999974,0.499991,4.702282,4.702282,0.216761,1,0.000050
0.134050,1.000000,0.999974,0.499991,4.496667,4.496667,0.208194,1,0.000050
0.134100,1.000000,0.999974,0.499991,4.286614,4.286614,0.199442,1,0.000050
0.134150,1.000000,0.999974,0.499991,4.072331,4.072331,0.190513,1,0.000050
0.134200,1.000000,0.999974,0.499991,3.854029,3.854029,0.181418,1,0.000050
0.134250,1.000000,0.999974,0.499992,3.631924,3.631924,0.172163,1,0.000050
0.134300,1.000000,0.999974,0.499992,3.406234,3.406234,0.162759,1,0.000050
0.134350,1.000000,0.999975,0.499992,3.177183,3.177183,0.153216,1,0.000050
0.134400,1.000000,0.999975,0.499992,2.944996,2.944996,0.143541,1,0.000050
0.134450,1.000000,0.999975,0.499992,2.709903,2.709903,0.133746,1,0.000050
0.134500,1.000000,0.999975,0.499992,2.472136,2.472136,0.123839,1,0.000050
0.134550,1.000000,0.999975,0.499992,2.231929,2.231929,0.113830,1,0.000050
0.134600,1.000000,0.999975,0.499992,1.989519,1.989519,0.103730,1,0.000050
0.134650,1.000000,0.999975,0.499992,1.745146,1.745146,0.093547,1,0.000050
0.134700,1.000000,0.999975,0.499992,1.499051,1.499051,0.083293,1,0.000050
0.134750,1.000000,0.999975,0.499992,1.251476,1.251476,0.072978,1,0.000050
0.134800,1.000000,0.999975,0.499992,1.002666,1.002666,0.062611,1,0.000050
0.134850,1.000000,0.999976,0.499992,0.752867,0.752867,0.052202,1,0.000050
0.134900,1.000000,0.999976,0.499992,0.502324,0.502324,0.041763,1,0.000050
0.134950,1.000000,0.999976,0.499992,0.251286,0.251286,0.031303,1,0.000050
0.135000,1.000000,0.999976,0.499992,-0.000000,-0.000000,0.020833,1,0.000050
0.135050,1.000000,0.999976,0.499992,-0.251286,-0.251286,0.010363,1,0.000050
0.135100,1.000000,0.999976,0.499992,-0.502324,-0.502324,-0.000097,1,0.000050
0.135150,1.000000,0.999976,0.499992,-0.752867,-0.752867,-0.010536,1,0.000050
0.135200,1.000000,0.999976,0.499992,-1.002666,-1.002666,-0.020945,1,0.000050
0.135250,1.000000,0.999976,0.499992,-1.251476,-1.251476,-0.031312,1,0.000050
0.135300,1.000000,0.999977,0.499992,-1.499051,-1.499051,-0.041627,1,0.000050
0.135350,1.000000,0.999977,0.499992,-1.745146,-1.745146,-0.051881,1,0.000050
0.135400,1.000000,0.999977,0.499992,-1.989519,-1.989519,-0.062064,1,0.000050
0.135450,1.000000,0.999977,0.499992,-2.231929,-2.231929,-0.072164,1,0.000050
0.135500,1.000000,0.999977,0.499992,-2.472136,-2.472136,-0.082173,1,0.000050
0.135550,1.000000,0.999977,0.499992,-2.709903,-2.709903,-0.092080,1,0.000050
0.135600,1.000000,0.999977,0.499992,-2.944996,-2.944996,-0.101875,1,0.000050
0.135650,1.000000,0.999977,0.499992,-3.177183,-3.177183,-0.111550,1,0.000050
0.135700,1.000000,0.999977,0.499993,-3.406234,-3.406234,-0.121093,1,0.000050
0.135750,1.000000,0.999977,0.499993,-3.631924,-3.631924,-0.130497,1,0.000050
0.135800,1.000000,0.999978,0.499993,-3.854029,-3.854029,-0.139752,1,0.000050
0.135850,1.000000,0.999978,0.499993,-4.072331,-4.072331,-0.148847,1,0.000050
0.135900,1.000000,0.999978,0.499993,-4.286614,-4.286614,-0.157776,1,0.000050
0.135950,1.000000,0.999978,0.499993,-4.496667,-4.496667,-0.166528,1,0.000050
0.136000,1.000000,0.999978,0.499993,-4.702282,-4.702282,-0.175095,1,0.000050
0.136050,1.000000,0.999978,0.499993,-4.903256,-4.903256,-0.183469,1,0.000050
0.136100,1.000000,0.999978,0.499993,-5.099392,-5.099392,-0.191642,1,0.000050
0.136150,1.000000,0.999978,0.499993,-5.290495,-5.290495,-0.199604,1,0.000050
0.136200,1.000000,0.999978,0.499993,-5.476377,-5.476377,-0.207349,1,0.000050
0.136250,1.000000,0.999978,0.499993,-5.656854,-5.656854,-0.214869,1,0.000050
0.136300,1.000000,0.999978,0.499993,-5.831749,-5.831749,-0.222157,1,0.000050
0.136350,1.000000,0.999979,0.499993,-6.000889,-6.000889,-0.229204,1,0.000050
0.136400,1.000000,0.999979,0.499993,-6.164106,-6.164106,-0.236005,1,0.000050
0.136450,1.000000,0.999979,0.499993,-6.321240,-6.321240,-0.242552,1,0.000050
0.136500,1.000000,0.999979,0.499993,-6.472136,-6.472136,-0.248839,1,0.000050
0.136550,1.000000,0.999979,0.499993,-6.616645,-6.616645,-0.254860,1,0.000050
0.136600,1.000000,0.999979,0.499993,-6.754623,-6.754623,-0.260610,1,0.000050
0.136650,1.000000,0.999979,0.499993,-6.885936,-6.885936,-0.266081,1,0.000050
0.136700,1.000000,0.999979,0.499993,-7.010453,-7.010453,-0.271269,1,0.000050
0.136750,1.000000,0.999979,0.499993,-7.128052,-7.128052,-0.276169,1,0.000050
0.136800,1.000000,0.999979,0.499993,-7.238616,-7.238616,-0.280776,1,0.000050
0.136850,1.000000,0.999979,0.499993,-7.342037,-7.342037,-0.285085,1,0.000050
0.136900,1.000000,0.999980,0.499993,-7.438212,-7.438212,-0.289092,1,0.000050
0.136950,1.000000,0.999980,0.499993,-7.527046,-7.527046,-0.292794,1,0.000050
0.137000,1.000000,0.999980,0.499993,-7.608452,-7.608452,-0.296186,1,0.000050
0.137050,1.000000,0.999980,0.499993,-7.682349,-7.682349,-0.299265,1,0.000050
0.137100,1.000000,0.999980,0.499993,-7.748665,-7.748665,-0.302028,1,0.000050
0.137150,1.000000,0.999980,0.499993,-7.807334,-7.807334,-0.304473,1,0.000050
0.137200,1.000000,0.999980,0.499993,-7.858298,-7.858298,-0.306596,1,0.000050
0.137250,1.000000,0.999980,0.499993,-7.901507,-7.901507,-0.308396,1,0.000050
0.137300,1.000000,0.999980,0.499993,-7.936918,-7.936918,-0.309872,1,0.000050
0.137350,1.000000,0.999980,0.499993,-7.964496,-7.964496,-0.311021,1,0.000050
0.137400,1.000000,0.999980,0.499994,-7.984214,-7.984214,-0.311843,1,0.000050
0.137450,1.000000,0.999980,0.499994,-7.996052,-7.996052,-0.312336,1,0.000050
0.137500,1.000000,0.999981,0.499994,-8.000000,-8.000000,-0.312500,1,0.000050
0.137550,1.000000,0.999981,0.499994,-7.996052,-7.996052,-0.312336,1,0.000050
0.137600,1.000000,0.999981,0.499994,-7.984214,-7.984214,-0.311843,1,0.000050
0.137650,1.000000,0.999981,0.499994,-7.964496,-7.964496,-0.311021,1,0.000050
0.137700,1.000000,0.999981,0.499994,-7.936918,-7.936918,-0.309872,1,0.000050
0.137750,1.000000,0.999981,0.499994,-7.901507,-7.901507,-0.308396,1,0.000050
0.137800,1.000000,0.999981,0.499994,-7.858298,-7.858298,-0.306596,1,0.000050
0.137850,1.000000,0.999981,0.499994,-7.807334,-7.807334,-0.304473,1,0.000050
0.137900,1.000000,0.999981,0.499994,-7.748665,-7.748665,-0.302028,1,0.000050
0.137950,1.000000,0.999981,0.499994,-7.682349,-7.682349,-0.299265,1,0.000050
0.138000,1.000000,0.999981,0.499994,-7.608452,-7.608452,-0.296186,1,0.000050
0.138050,1.000000,0.999981,0.499994,-7.527046,-7.527046,-0.292794,1,0.000050
0.138100,1.000000,0.999982,0.499994,-7.438212,-7.438212,-0.289092,1,0.000050
0.138150,1.000000,0.999982,0.499994,-7.342037,-7.342037,-0.285085,1,0.000050
0.138200,1.000000,0.999982,0.499994,-7.238616,-7.238616,-0.280776,1,0.000050
0.138250,1.000000,0.999982,0.499994,-7.128052,-7.128052,-0.276169,1,0.000050
0.138300,1.000000,0.999982,0.499994,-7.010453,-7.010453,-0.271269,1,0.000050
0.138350,1.000000,0.999982,0.499994,-6.885936,-6.885936,-0.266081,1,0.000050
0.138400,1.000000,0.999982,0.499994,-6.754623,-6.754623,-0.260610,1,0.000050
0.138450,1.000000,0.999982,0.499994,-6.616645,-6.616645,-0.254860,1,0.000050
0.138500,1.000000,0.999982,0.499994,-6.472136,-6.472136,-0.248839,1,0.000050
0.138550,1.000000,0.999982,0.499994,-6.321240,-6.321240,-0.242552,1,0.000050
0.138600,1.000000,0.999982,0.499994,-6.164106,-6.164106,-0.236005,1,0.000050
0.138650,1.000000,0.999982,0.499994,-6.000889,-6.000889,-0.229204,1,0.000050
0.138700,1.000000,0.999982,0.499994,-5.831749,-5.831749,-0.222156,1,0.000050
0.138750,1.000000,0.999983,0.499994,-5.656854,-5.656854,-0.214869,1,0.000050
0.138800,1.000000,0.999983,0.499994,-5.476377,-5.476377,-0.207349,1,0.000050
0.138850,1.000000,0.999983,0.499994,-5.290495,-5.290495,-0.199604,1,0.000050
0.138900,1.000000,0.999983,0.499994,-5.099392,-5.099392,-0.191642,1,0.000050
0.138950,1.000000,0.999983,0.499994,-4.903256,-4.903256,-0.183469,1,0.000050
0.139000,1.000000,0.999983,0.499994,-4.702282,-4.702282,-0.175095,1,0.000050
0.139050,1.000000,0.999983,0.499994,-4.496667,-4.496667,-0.166528,1,0.000050
0.139100,1.000000,0.999983,0.499994,-4.286614,-4.286614,-0.157776,1,0.000050
0.139150,1.000000,0.999983,0.499994,-4.072331,-4.072331,-0.148847,1,0.000050
0.139200,1.000000,0.999983,0.499994,-3.854029,-3.854029,-0.139751,1,0.000050
0.139250,1.000000,0.999983,0.499994,-3.631924,-3.631924,-0.130497,1,0.000050
0.139300,1.000000,0.999983,0.499994,-3.406234,-3.406234,-0.121093,1,0.000050
0.139350,1.000000,0.999983,0.499995,-3.177183,-3.177183,-0.111550,1,0.000050
0.139400,1.000000,0.999983,0.499995,-2.944996,-2.944996,-0.101875,1,0.000050
0.139450,1.000000,0.999984,0.499995,-2.709903,-2.709903,-0.092080,1,0.000050
0.139500,1.000000,0.999984,0.499995,-2.472136,-2.472136,-0.082173,1,0.000050
0.139550,1.000000,0.999984,0.499995,-2.231929,-2.231929,-0.072164,1,0.000050
0.139600,1.000000,0.999984,0.499995,-1.989519,-1.989519,-0.062064,1,0.000050
0.139650,1.000000,0.999984,0.499995,-1.745146,-1.745146,-0.051881,1,0.000050
0.139700,1.000000,0.999984,0.499995,-1.499051,-1.499051,-0.041627,1,0.000050
0.139750,1.000000,0.999984,0.499995,-1.251476,-1.251476,-0.031312,1,0.000050
0.139800,1.000000,0.999984,0.499995,-1.002666,-1.002666,-0.020945,1,0.000050
0.139850,1.000000,0.999984,0.499995,-0.752867,-0.752867,-0.010536,1,0.000050
0.139900,1.000000,0.999984,0.499995,-0.502324,-0.502324,-0.000097,1,0.000050
0.139950,1.000000,0.999984,0.499995,-0.251286,-0.251286,0.010363,1,0.000050
0.140000,1.000000,0.999984,0.499995,0.000000,0.000000,0.020833,1,0.000050
0.140050,1.000000,0.999984,0.499995,0.251286,0.251286,0.031303,1,0.000050
0.140100,1.000000,0.999984,0.499995,0.502324,0.502324,0.041763,1,0.000050
0.140150,1.000000,0.999985,0.499995,0.752867,0.752867,0.052203,1,0.000050
0.140200,1.000000,0.999985,0.499995,1.002666,1.002666,0.062611,1,0.000050
0.140250,1.000000,0.999985,0.499995,1.251476,1.251476,0.072978,1,0.000050
0.140300,1.000000,0.999985,0.499995,1.499051,1.499051,0.083294,1,0.000050
0.140350,1.000000,0.999985,0.499995,1.745146,1.745146,0.093548,1,0.000050
0.140400,1.000000,0.999985,0.499995,1.989519,1.989519,0.103730,1,0.000050
0.140450,1.000000,0.999985,0.499995,2.231929,2.231929,0.113830,1,0.000050
0.140500,1.000000,0.999985,0.499995,2.472136,2.472136,0.123839,1,0.000050
0.140550,1.000000,0.999985,0.499995,2.709903,2.709903,0.133746,1,0.000050
0.140600,1.000000,0.999985,0.499995,2.944996,2.944996,0.143541,1,0.000050
0.140650,1.000000,0.999985,0.499995,3.177183,3.177183,0.153216,1,0.000050
0.140700,1.000000,0.999985,0.499995,3.406234,3.406234,0.162760,1,0.000050
0.140750,1.000000,0.999985,0.499995,3.631924,3.631924,0.172163,1,0.000050
0.140800,1.000000,0.999985,0.499995,3.854029,3.854029,0.181418,1,0.000050
0.140850,1.000000,0.999985,0.499995,4.072331,4.072331,0.190514,1,0.000050
0.140900,1.000000,0.999985,0.499995,4.286614,4.286614,0.199442,1,0.000050
0.140950,1.000000,0.999986,0.499995,4.496667,4.496667,0.208194,1,0.000050
0.141000,1.000000,0.999986,0.499995,4.702282,4.702282,0.216762,1,0.000050
0.141050,1.000000,0.999986,0.499995,4.903256,4.903256,0.225135,1,0.000050
0.141100,1.000000,0.999986,0.499995,5.099392,5.099392,0.233308,1,0.000050
0.141150,1.000000,0.999986,0.499995,5.290495,5.290495,0.241270,1,0.000050
0.141200,1.000000,0.999986,0.499995,5.476377,5.476377,0.249016,1,0.000050
0.141250,1.000000,0.999986,0.499995,5.656854,5.656854,0.256535,1,0.000050
0.141300,1.000000,0.999986,0.499995,5.831749,5.831749,0.263823,1,0.000050
0.141350,1.000000,0.999986,0.499995,6.000889,6.000889,0.270870,1,0.000050
0.141400,1.000000,0.999986,0.499995,6.164106,6.164106,0.277671,1,0.000050
0.141450,1.000000,0.999986,0.499995,6.321240,6.321240,0.284218,1,0.000050
0.141500,1.000000,0.999986,0.499995,6.472136,6.472136,0.290505,1,0.000050
0.141550,1.000000,0.999986,0.499995,6.616645,6.616645,0.296527,1,0.000050
0.141600,1.000000,0.999986,0.499995,6.754623,6.754623,0.302276,1,0.000050
0.141650,1.000000,0.999986,0.499995,6.885936,6.885936,0.307747,1,0.000050
0.141700,1.000000,0.999986,0.499996,7.010453,7.010453,0.312935,1,0.000050
0.141750,1.000000,0.999986,0.499996,7.128052,7.128052,0.317835,1,0.000050
0.141800,1.000000,0.999987,0.499996,7.238616,7.238616,0.322442,1,0.000050
0.141850,1.000000,0.999987,0.499996,7.342037,7.342037,0.326751,1,0.000050
0.141900,1.000000,0.999987,0.499996,7.438212,7.438212,0.330759,1,0.000050
0.141950,1.000000,0.999987,0.499996,7.527046,7.527046,0.334460,1,0.000050
0.142000,1.000000,0.999987,0.499996,7.608452,7.608452,0.337852,1,0.000050
0.142050,1.000000,0.999987,0.499996,7.682349,7.682349,0.340931,1,0.000050
0.142100,1.000000,0.999987,0.499996,7.748665,7.748665,0.343694,1,0.000050
0.142150,1.000000,0.999987,0.499996,7.807334,7.807334,0.346139,1,0.000050
0.142200,1.000000,0.999987,0.499996,7.858298,7.858298,0.348262,1,0.000050
0.142250,1.000000,0.999987,0.499996,7.901507,7.901507,0.350063,1,0.000050
0.142300,1.000000,0.999987,0.499996,7.936918,7.936918,0.351538,1,0.000050
0.142350,1.000000,0.999987,0.499996,7.964496,7.964496,0.352687,1,0.000050
0.142400,1.000000,0.999987,0.499996,7.984214,7.984214,0.353509,1,0.000050
0.142450,1.000000,0.999987,0.499996,7.996052,7.996052,0.354002,1,0.000050
0.142500,1.000000,0.999987,0.499996,8.000000,8.000000,0.354166,1,0.000050
0.142550,1.000000,0.999987,0.499996,7.996052,7.996052,0.354002,1,0.000050
0.142600,1.000000,0.999987,0.499996,7.984214,7.984214,0.353509,1,0.000050
0.142650,1.000000,0.999987,0.499996,7.964496,7.964496,0.352687,1,0.000050
0.142700,1.000000,0.999988,0.499996,7.936918,7.936918,0.351538,1,0.000050
0.142750,1.000000,0.999988,0.499996,7.901507,7.901507,0.350063,1,0.000050
0.142800,1.000000,0.999988,0.499996,7.858298,7.858298,0.348262,1,0.000050
0.142850,1.000000,0.999988,0.499996,7.807334,7.807334,0.346139,1,0.000050
0.142900,1.000000,0.999988,0.499996,7.748665,7.748665,0.343694,1,0.000050
0.142950,1.000000,0.999988,0.499996,7.682349,7.682349,0.340931,1,0.000050
0.143000,1.000000,0.999988,0.499996,7.608452,7.608452,0.337852,1,0.000050
0.143050,1.000000,0.999988,0.499996,7.527046,7.527046,0.334460,1,0.000050
0.143100,1.000000,0.999988,0.499996,7.438212,7.438212,0.330759,1,0.000050
0.143150,1.000000,0.999988,0.499996,7.342037,7.342037,0.326751,1,0.000050
0.143200,1.000000,0.999988,0.499996,7.238616,7.238616,0.322442,1,0.000050
0.143250,1.000000,0.999988,0.499996,7.128052,7.128052,0.317835,1,0.000050
0.143300,1.000000,0.999988,0.499996,7.010453,7.010453,0.312935,1,0.000050
0.143350,1.000000,0.999988,0.499996,6.885936,6.885936,0.307747,1,0.000050
0.143400,1.000000,0.999988,0.499996,6.754623,6.754623,0.302276,1,0.000050
0.143450,1.000000,0.999988,0.499996,6.616645,6.616645,0.296527,1,0.000050
0.143500,1.000000,0.999988,0.499996,6.472136,6.472136,0.290506,1,0.000050
0.143550,1.000000,0.999988,0.499996,6.321240,6.321240,0.284218,1,0.000050
0.143600,1.000000,0.999988,0.499996,6.164106,6.164106,0.277671,1,0.000050
0.143650,1.000000,0.999989,0.499996,6.000889,6.000889,0.270870,1,0.000050
0.143700,1.000000,0.999989,0.499996,5.831749,5.831749,0.263823,1,0.000050
0.143750,1.000000,0.999989,0.499996,5.656854,5.656854,0.256535,1,0.000050
0.143800,1.000000,0.999989,0.499996,5.476377,5.476377,0.249016,1,0.000050
0.143850,1.000000,0.999989,0.499996,5.290495,5.290495,0.241270,1,0.000050
0.143900,1.000000,0.999989,0.499996,5.099392,5.099392,0.233308,1,0.000050
0.143950,1.000000,0.999989,0.499996,4.903256,4.903256,0.225136,1,0.000050
0.144000,1.000000,0.999989,0.499996,4.702282,4.702282,0.216762,1,0.000050
0.144050,1.000000,0.999989,0.499996,4.496667,4.496667,0.208194,1,0.000050
0.144100,1.000000,0.999989,0.499996,4.286614,4.286614,0.199442,1,0.000050
0.144150,1.000000,0.999989,0.499996,4.072331,4.072331,0.190514,1,0.000050
0.144200,1.000000,0.999989,0.499996,3.854029,3.854029,0.181418,1,0.000050
0.144250,1.000000,0.999989,0.499996,3.631924,3.631924,0.172163,1,0.000050
0.144300,1.000000,0.999989,0.499996,3.406234,3.406234,0.162760,1,0.000050
0.144350,1.000000,0.999989,0.499996,3.177183,3.177183,0.153216,1,0.000050
0.144400,1.000000,0.999989,0.499996,2.944996,2.944996,0.143541,1,0.000050
0.144450,1.000000,0.999989,0.499996,2.709903,2.709903,0.133746,1,0.000050
0.144500,1.000000,0.999989,0.499996,2.472136,2.472136,0.123839,1,0.000050
0.144550,1.000000,0.999989,0.499996,2.231929,2.231929,0.113830,1,0.000050
0.144600,1.000000,0.999989,0.499997,1.989519,1.989519,0.103730,1,0.000050
0.144650,1.000000,0.999989,0.499997,1.745146,1.745146,0.093548,1,0.000050
0.144700,1.000000,0.999990,0.499997,1.499051,1.499051,0.083294,1,0.000050
0.144750,1.000000,0.999990,0.499997,1.251476,1.251476,0.072978,1,0.000050
0.144800,1.000000,0.999990,0.499997,1.002666,1.002666,0.062611,1,0.000050
0.144850,1.000000,0.999990,0.499997,0.752867,0.752867,0.052203,1,0.000050
0.144900,1.000000,0.999990,0.499997,0.502324,0.502324,0.041763,1,0.000050
0.144950,1.000000,0.999990,0.499997,0.251286,0.251286,0.031303,1,0.000050
0.145000,1.000000,0.999990,0.499997,-0.000000,-0.000000,0.020833,1,0.000050
0.145050,1.000000,0.999990,0.499997,-0.251286,-0.251286,0.010363,1,0.000050
0.145100,1.000000,0.999990,0.499997,-0.502324,-0.502324,-0.000097,1,0.000050
0.145150,1.000000,0.999990,0.499997,-0.752867,-0.752867,-0.010536,1,0.000050
0.145200,1.000000,0.999990,0.499997,-1.002666,-1.002666,-0.020945,1,0.000050
0.145250,1.000000,0.999990,0.499997,-1.251476,-1.251476,-0.031312,1,0.000050
0.145300,1.000000,0.999990,0.499997,-1.499051,-1.499051,-0.041627,1,0.000050
0.145350,1.000000,0.999990,0.499997,-1.745146,-1.745146,-0.051881,1,0.000050
0.145400,1.000000,0.999990,0.499997,-1.989519,-1.989519,-0.062063,1,0.000050
0.145450,1.000000,0.999990,0.499997,-2.231929,-2.231929,-0.072164,1,0.000050
0.145500,1.000000,0.999990,0.499997,-2.472136,-2.472136,-0.082172,1,0.000050
0.145550,1.000000,0.999990,0.499997,-2.709903,-2.709903,-0.092079,1,0.000050
0.145600,1.000000,0.999990,0.499997,-2.944996,-2.944996,-0.101875,1,0.000050
0.145650,1.000000,0.999990,0.499997,-3.177183,-3.177183,-0.111549,1,0.000050
0.145700,1.000000,0.999990,0.499997,-3.406234,-3.406234,-0.121093,1,0.000050
0.145750,1.000000,0.999990,0.499997,-3.631924,-3.631924,-0.130497,1,0.000050
0.145800,1.000000,0.999990,0.499997,-3.854029,-3.854029,-0.139751,1,0.000050
0.145850,1.000000,0.999990,0.499997,-4.072331,-4.072331,-0.148847,1,0.000050
0.145900,1.000000,0.999991,0.499997,-4.286614,-4.286614,-0.157776,1,0.000050
0.145950,1.000000,0.999991,0.499997,-4.496667,-4.496667,-0.166528,1,0.000050
0.146000,1.000000,0.999991,0.499997,-4.702282,-4.702282,-0.175095,1,0.000050
0.146050,1.000000,0.999991,0.499997,-4.903256,-4.903256,-0.183469,1,0.000050
0.146100,1.000000,0.999991,0.499997,-5.099392,-5.099392,-0.191641,1,0.000050
0.146150,1.000000,0.999991,0.499997,-5.290495,-5.290495,-0.199604,1,0.000050
0.146200,1.000000,0.999991,0.499997,-5.476377,-5.476377,-0.207349,1,0.000050
0.146250,1.000000,0.999991,0.499997,-5.656854,-5.656854,-0.214869,1,0.000050
0.146300,1.000000,0.999991,0.499997,-5.831749,-5.831749,-0.222156,1,0.000050
0.146350,1.000000,0.999991,0.499997,-6.000889,-6.000889,-0.229204,1,0.000050
0.146400,1.000000,0.999991,0.499997,-6.164106,-6.164106,-0.236005,1,0.000050
0.146450,1.000000,0.999991,0.499997,-6.321240,-6.321240,-0.242552,1,0.000050
0.146500,1.000000,0.999991,0.499997,-6.472136,-6.472136,-0.248839,1,0.000050
0.146550,1.000000,0.999991,0.499997,-6.616645,-6.616645,-0.254860,1,0.000050
0.146600,1.000000,0.999991,0.499997,-6.754623,-6.754623,-0.260609,1,0.000050
0.146650,1.000000,0.999991,0.499997,-6.885936,-6.885936,-0.266081,1,0.000050
0.146700,1.000000,0.999991,0.499997,-7.010453,-7.010453,-0.271269,1,0.000050
0.146750,1.000000,0.999991,0.499997,-7.128052,-7.128052,-0.276169,1,0.000050
0.146800,1.000000,0.999991,0.499997,-7.238616,-7.238616,-0.280776,1,0.000050
0.146850,1.000000,0.999991,0.499997,-7.342037,-7.342037,-0.285085,1,0.000050
0.146900,1.000000,0.999991,0.499997,-7.438212,-7.438212,-0.289092,1,0.000050
0.146950,1.000000,0.999991,0.499997,-7.527046,-7.527046,-0.292794,1,0.000050
0.147000,1.000000,0.999991,0.499997,-7.608452,-7.608452,-0.296186,1,0.000050
0.147050,1.000000,0.999991,0.499997,-7.682349,-7.682349,-0.299265,1,0.000050
0.147100,1.000000,0.999991,0.499997,-7.748665,-7.748665,-0.302028,1,0.000050
0.147150,1.000000,0.999991,0.499997,-7.807334,-7.807334,-0.304472,1,0.000050
0.147200,1.000000,0.999992,0.499997,-7.858298,-7.858298,-0.306596,1,0.000050
0.147250,1.000000,0.999992,0.499997,-7.901507,-7.901507,-0.308396,1,0.000050
0.147300,1.000000,0.999992,0.499997,-7.936918,-7.936918,-0.309872,1,0.000050
0.147350,1.000000,0.999992,0.499997,-7.964496,-7.964496,-0.311021,1,0.000050
0.147400,1.000000,0.999992,0.499997,-7.984214,-7.984214,-0.311842,1,0.000050
0.147450,1.000000,0.999992,0.499997,-7.996052,-7.996052,-0.312336,1,0.000050
0.147500,1.000000,0.999992,0.499997,-8.000000,-8.000000,-0.312500,1,0.000050
0.147550,1.000000,0.999992,0.499997,-7.996052,-7.996052,-0.312336,1,0.000050
0.147600,1.000000,0.999992,0.499997,-7.984214,-7.984214,-0.311842,1,0.000050
0.147650,1.000000,0.999992,0.499997,-7.964496,-7.964496,-0.311021,1,0.000050
0.147700,1.000000,0.999992,0.499997,-7.936918,-7.936918,-0.309872,1,0.000050
0.147750,1.000000,0.999992,0.499997,-7.901507,-7.901507,-0.308396,1,0.000050
0.147800,1.000000,0.999992,0.499997,-7.858298,-7.858298,-0.306596,1,0.000050
0.147850,1.000000,0.999992,0.499997,-7.807334,-7.807334,-0.304472,1,0.000050
0.147900,1.000000,0.999992,0.499997,-7.748665,-7.748665,-0.302028,1,0.000050
0.147950,1.000000,0.999992,0.499997,-7.682349,-7.682349,-0.299265,1,0.000050
0.148000,1.000000,0.999992,0.499997,-7.608452,-7.608452,-0.296186,1,0.000050
0.148050,1.000000,0.999992,0.499997,-7.527046,-7.527046,-0.292794,1,0.000050
0.148100,1.000000,0.999992,0.499997,-7.438212,-7.438212,-0.289092,1,0.000050
0.148150,1.000000,0.999992,0.499997,-7.342037,-7.342037,-0.285085,1,0.000050
0.148200,1.000000,0.999992,0.499997,-7.238616,-7.238616,-0.280776,1,0.000050
0.148250,1.000000,0.999992,0.499997,-7.128052,-7.128052,-0.276169,1,0.000050
0.148300,1.000000,0.999992,0.499997,-7.010453,-7.010453,-0.271269,1,0.000050
0.148350,1.000000,0.999992,0.499997,-6.885936,-6.885936,-0.266081,1,0.000050
0.148400,1.000000,0.999992,0.499997,-6.754623,-6.754623,-0.260609,1,0.000050
0.148450,1.000000,0.999992,0.499997,-6.616645,-6.616645,-0.254860,1,0.000050
0.148500,1.000000,0.999992,0.499997,-6.472136,-6.472136,-0.248839,1,0.000050
0.148550,1.000000,0.999992,0.499998,-6.321240,-6.321240,-0.242552,1,0.000050
0.148600,1.000000,0.999992,0.499998,-6.164106,-6.164106,-0.236005,1,0.000050
0.148650,1.000000,0.999993,0.499998,-6.000889,-6.000889,-0.229204,1,0.000050
0.148700,1.000000,0.999993,0.499998,-5.831749,-5.831749,-0.222156,1,0.000050
0.148750,1.000000,0.999993,0.499998,-5.656854,-5.656854,-0.214869,1,0.000050
0.148800,1.000000,0.999993,0.499998,-5.476377,-5.476377,-0.207349,1,0.000050
0.148850,1.000000,0.999993,0.499998,-5.290495,-5.290495,-0.199604,1,0.000050
0.148900,1.000000,0.999993,0.499998,-5.099392,-5.099392,-0.191641,1,0.000050
0.148950,1.000000,0.999993,0.499998,-4.903256,-4.903256,-0.183469,1,0.000050
0.149000,1.000000,0.999993,0.499998,-4.702282,-4.702282,-0.175095,1,0.000050
0.149050,1.000000,0.999993,0.499998,-4.496667,-4.496667,-0.166528,1,0.000050
0.149100,1.000000,0.999993,0.499998,-4.286614,-4.286614,-0.157776,1,0.000050
0.149150,1.000000,0.999993,0.499998,-4.072331,-4.072331,-0.148847,1,0.000050
0.149200,1.000000,0.999993,0.499998,-3.854029,-3.854029,-0.139751,1,0.000050
0.149250,1.000000,0.999993,0.499998,-3.631924,-3.631924,-0.130497,1,0.000050
0.149300,1.000000,0.999993,0.499998,-3.406234,-3.406234,-0.121093,1,0.000050
0.149350,1.000000,0.999993,0.499998,-3.177183,-3.177183,-0.111549,1,0.000050
0.149400,1.000000,0.999993,0.499998,-2.944996,-2.944996,-0.101875,1,0.000050
0.149450,1.000000,0.999993,0.499998,-2.709903,-2.709903,-0.092079,1,0.000050
0.149500,1.000000,0.999993,0.499998,-2.472136,-2.472136,-0.082172,1,0.000050
0.149550,1.000000,0.999993,0.499998,-2.231929,-2.231929,-0.072164,1,0.000050
0.149600,1.000000,0.999993,0.499998,-1.989519,-1.989519,-0.062063,1,0.000050
0.149650,1.000000,0.999993,0.499998,-1.745146,-1.745146,-0.051881,1,0.000050
0.149700,1.000000,0.999993,0.499998,-1.499051,-1.499051,-0.041627,1,0.000050
0.149750,1.000000,0.999993,0.499998,-1.251476,-1.251476,-0.031312,1,0.000050
0.149800,1.000000,0.999993,0.499998,-1.002666,-1.002666,-0.020945,1,0.000050
0.149850,1.000000,0.999993,0.499998,-0.752867,-0.752867,-0.010536,1,0.000050
0.149900,1.000000,0.999993,0.499998,-0.502324,-0.502324,-0.000097,1,0.000050
0.149950,1.000000,0.999993,0.499998,-0.251286,-0.251286,0.010363,1,0.000050
0.150000,1.000000,0.999993,0.499998,0.000000,0.000000,0.020833,1,0.000050
0.150050,1.000000,0.999993,0.499998,0.251286,0.251286,0.031303,1,0.000050
0.150100,1.000000,0.999993,0.499998,0.502324,0.502324,0.041763,1,0.000050
0.150150,1.000000,0.999993,0.499998,0.752867,0.752867,0.052203,1,0.000050
0.150200,1.000000,0.999993,0.499998,1.002666,1.002666,0.062611,1,0.000050
0.150250,1.000000,0.999993,0.499998,1.251476,1.251476,0.072978,1,0.000050
0.150300,1.000000,0.999994,0.499998,1.499051,1.499051,0.083294,1,0.000050
0.150350,1.000000,0.999994,0.499998,1.745146,1.745146,0.093548,1,0.000050
0.150400,1.000000,0.999994,0.499998,1.989519,1.989519,0.103730,1,0.000050
0.150450,1.000000,0.999994,0.499998,2.231929,2.231929,0.113830,1,0.000050
0.150500,1.000000,0.999994,0.499998,2.472136,2.472136,0.123839,1,0.000050
0.150550,1.000000,0.999994,0.499998,2.709903,2.709903,0.133746,1,0.000050
0.150600,1.000000,0.999994,0.499998,2.944996,2.944996,0.143541,1,0.000050
0.150650,1.000000,0.999994,0.499998,3.177183,3.177183,0.153216,1,0.000050
0.150700,1.000000,0.999994,0.499998,3.406234,3.406234,0.162760,1,0.000050
0.150750,1.000000,0.999994,0.499998,3.631924,3.631924,0.172163,1,0.000050
0.150800,1.000000,0.999994,0.499998,3.854029,3.854029,0.181418,1,0.000050
0.150850,1.000000,0.999994,0.499998,4.072331,4.072331,0.190514,1,0.000050
0.150900,1.000000,0.999994,0.499998,4.286614,4.286614,0.199442,1,0.000050
0.150950,1.000000,0.999994,0.499998,4.496667,4.496667,0.208194,1,0.000050
0.151000,1.000000,0.999994,0.499998,4.702282,4.702282,0.216762,1,0.000050
0.151050,1.000000,0.999994,0.499998,4.903256,4.903256,0.225136,1,0.000050
0.151100,1.000000,0.999994,0.499998,5.099392,5.099392,0.233308,1,0.000050
0.151150,1.000000,0.999994,0.499998,5.290495,5.290495,0.241271,1,0.000050
0.151200,1.000000,0.999994,0.499998,5.476377,5.476377,0.249016,1,0.000050
0.151250,1.000000,0.999994,0.499998,5.656854,5.656854,0.256536,1,0.000050
0.151300,1.000000,0.999994,0.499998,5.831749,5.831749,0.263823,1,0.000050
0.151350,1.000000,0.999994,0.499998,6.000889,6.000889,0.270870,1,0.000050
0.151400,1.000000,0.999994,0.499998,6.164106,6.164106,0.277671,1,0.000050
0.151450,1.000000,0.999994,0.499998,6.321240,6.321240,0.284218,1,0.000050
0.151500,1.000000,0.999994,0.499998,6.472136,6.472136,0.290506,1,0.000050
0.151550,1.000000,0.999994,0.499998,6.616645,6.616645,0.296527,1,0.000050
0.151600,1.000000,0.999994,0.499998,6.754623,6.754623,0.302276,1,0.000050
0.151650,1.000000,0.999994,0.499998,6.885936,6.885936,0.307747,1,0.000050
0.151700,1.000000,0.999994,0.499998,7.010453,7.010453,0.312935,1,0.000050
0.151750,1.000000,0.999994,0.499998,7.128052,7.128052,0.317835,1,0.000050
0.151800,1.000000,0.999994,0.499998,7.238616,7.238616,0.322442,1,0.000050
0.151850,1.000000,0.999994,0.499998,7.342037,7.342037,0.326751,1,0.000050
0.151900,1.000000,0.999994,0.499998,7.438212,7.438212,0.330759,1,0.000050
0.151950,1.000000,0.999994,0.499998,7.527046,7.527046,0.334460,1,0.000050
0.152000,1.000000,0.999994,0.499998,7.608452,7.608452,0.337852,1,0.000050
0.152050,1.000000,0.999994,0.499998,7.682349,7.682349,0.340931,1,0.000050
0.152100,1.000000,0.999994,0.499998,7.748665,7.748665,0.343694,1,0.000050
0.152150,1.000000,0.999994,0.499998,7.807334,7.807334,0.346139,1,0.000050
0.152200,1.000000,0.999994,0.499998,7.858298,7.858298,0.348262,1,0.000050
0.152250,1.000000,0.999995,0.499998,7.901507,7.901507,0.350063,1,0.000050
0.152300,1.000000,0.999995,0.499998,7.936918,7.936918,0.351538,1,0.000050
0.152350,1.000000,0.999995,0.499998,7.964496,7.964496,0.352687,1,0.000050
0.152400,1.000000,0.999995,0.499998,7.984214,7.984214,0.353509,1,0.000050
0.152450,1.000000,0.999995,0.499998,7.996052,7.996052,0.354002,1,0.000050
0.152500,1.000000,0.999995,0.499998,8.000000,8.000000,0.354167,1,0.000050
0.152550,1.000000,0.999995,0.499998,7.996052,7.996052,0.354002,1,0.000050
0.152600,1.000000,0.999995,0.499998,7.984214,7.984214,0.353509,1,0.000050
0.152650,1.000000,0.999995,0.499998,7.964496,7.964496,0.352687,1,0.000050
0.152700,1.000000,0.999995,0.499998,7.936918,7.936918,0.351538,1,0.000050
0.152750,1.000000,0.999995,0.499998,7.901507,7.901507,0.350063,1,0.000050
0.152800,1.000000,0.999995,0.499998,7.858298,7.858298,0.348262,1,0.000050
0.152850,1.000000,0.999995,0.499998,7.807334,7.807334,0.346139,1,0.000050
0.152900,1.000000,0.999995,0.499998,7.748665,7.748665,0.343694,1,0.000050
0.152950,1.000000,0.999995,0.499998,7.682349,7.682349,0.340931,1,0.000050
0.153000,1.000000,0.999995,0.499998,7.608452,7.608452,0.337852,1,0.000050
0.153050,1.000000,0.999995,0.499998,7.527046,7.527046,0.334460,1,0.000050
0.153100,1.000000,0.999995,0.499998,7.438212,7.438212,0.330759,1,0.000050
0.153150,1.000000,0.999995,0.499998,7.342037,7.342037,0.326751,1,0.000050
0.153200,1.000000,0.999995,0.499998,7.238616,7.238616,0.322442,1,0.000050
0.153250,1.000000,0.999995,0.499998,7.128052,7.128052,0.317835,1,0.000050
0.153300,1.000000,0.999995,0.499998,7.010453,7.010453,0.312935,1,0.000050
0.153350,1.000000,0.999995,0.499998,6.885936,6.885936,0.307747,1,0.000050
0.153400,1.000000,0.999995,0.499998,6.754623,6.754623,0.302276,1,0.000050
0.153450,1.000000,0.999995,0.499998,6.616645,6.616645,0.296527,1,0.000050
0.153500,1.000000,0.999995,0.499998,6.472136,6.472136,0.290506,1,0.000050
0.153550,1.000000,0.999995,0.499998,6.321240,6.321240,0.284218,1,0.000050
0.153600,1.000000,0.999995,0.499998,6.164106,6.164106,0.277671,1,0.000050
0.153650,1.000000,0.999995,0.499998,6.000889,6.000889,0.270870,1,0.000050
0.153700,1.000000,0.999995,0.499998,5.831749,5.831749,0.263823,1,0.000050
0.153750,1.000000,0.999995,0.499998,5.656854,5.656854,0.256536,1,0.000050
0.153800,1.000000,0.999995,0.499998,5.476377,5.476377,0.249016,1,0.000050
0.153850,1.000000,0.999995,0.499998,5.290495,5.290495,0.241271,1,0.000050
0.153900,1.000000,0.999995,0.499998,5.099392,5.099392,0.233308,1,0.000050
0.153950,1.000000,0.999995,0.499998,4.903256,4.903256,0.225136,1,0.000050
0.154000,1.000000,0.999995,0.499998,4.702282,4.702282,0.216762,1,0.000050
0.154050,1.000000,0.999995,0.499998,4.496667,4.496667,0.208194,1,0.000050
0.154100,1.000000,0.999995,0.499998,4.286614,4.286614,0.199442,1,0.000050
0.154150,1.000000,0.999995,0.499998,4.072331,4.072331,0.190514,1,0.000050
0.154200,1.000000,0.999995,0.499998,3.854029,3.854029,0.181418,1,0.000050
0.154250,1.000000,0.999995,0.499998,3.631924,3.631924,0.172163,1,0.000050
0.154300,1.000000,0.999995,0.499998,3.406234,3.406234,0.162760,1,0.000050
0.154350,1.000000,0.999995,0.499998,3.177183,3.177183,0.153216,1,0.000050
0.154400,1.000000,0.999995,0.499998,2.944996,2.944996,0.143541,1,0.000050
0.154450,1.000000,0.999995,0.499998,2.709903,2.709903,0.133746,1,0.000050
0.154500,1.000000,0.999995,0.499999,2.472136,2.472136,0.123839,1,0.000050
0.154550,1.000000,0.999995,0.499999,2.231929,2.231929,0.113830,1,0.000050
0.154600,1.000000,0.999996,0.499999,1.989519,1.989519,0.103730,1,0.000050
0.154650,1.000000,0.999996,0.499999,1.745146,1.745146,0.093548,1,0.000050
0.154700,1.000000,0.999996,0.499999,1.499051,1.499051,0.083294,1,0.000050
0.154750,1.000000,0.999996,0.499999,1.251476,1.251476,0.072978,1,0.000050
0.154800,1.000000,0.999996,0.499999,1.002666,1.002666,0.062611,1,0.000050
0.154850,1.000000,0.999996,0.499999,0.752867,0.752867,0.052203,1,0.000050
0.154900,1.000000,0.999996,0.499999,0.502324,0.502324,0.041763,1,0.000050
0.154950,1.000000,0.999996,0.499999,0.251286,0.251286,0.031304,1,0.000050
0.155000,1.000000,0.999996,0.499999,-0.000000,-0.000000,0.020833,1,0.000050
0.155050,1.000000,0.999996,0.499999,-0.251286,-0.251286,0.010363,1,0.000050
0.155100,1.000000,0.999996,0.499999,-0.502324,-0.502324,-0.000097,1,0.000050
0.155150,1.000000,0.999996,0.499999,-0.752867,-0.752867,-0.010536,1,0.000050
0.155200,1.000000,0.999996,0.499999,-1.002666,-1.002666,-0.020944,1,0.000050
0.155250,1.000000,0.999996,0.499999,-1.251476,-1.251476,-0.031312,1,0.000050
0.155300,1.000000,0.999996,0.499999,-1.499051,-1.499051,-0.041627,1,0.000050
0.155350,1.000000,0.999996,0.499999,-1.745146,-1.745146,-0.051881,1,0.000050
0.155400,1.000000,0.999996,0.499999,-1.989519,-1.989519,-0.062063,1,0.000050
0.155450,1.000000,0.999996,0.499999,-2.231929,-2.231929,-0.072164,1,0.000050
0.155500,1.000000,0.999996,0.499999,-2.472136,-2.472136,-0.082172,1,0.000050
0.155550,1.000000,0.999996,0.499999,-2.709903,-2.709903,-0.092079,1,0.000050
0.155600,1.000000,0.999996,0.499999,-2.944996,-2.944996,-0.101875,1,0.000050
0.155650,1.000000,0.999996,0.499999,-3.177183,-3.177183,-0.111549,1,0.000050
0.155700,1.000000,0.999996,0.499999,-3.406234,-3.406234,-0.121093,1,0.000050
0.155750,1.000000,0.999996,0.499999,-3.631924,-3.631924,-0.130497,1,0.000050
0.155800,1.000000,0.999996,0.499999,-3.854029,-3.854029,-0.139751,1,0.000050
0.155850,1.000000,0.999996,0.499999,-4.072331,-4.072331,-0.148847,1,0.000050
0.155900,1.000000,0.999996,0.499999,-4.286614,-4.286614,-0.157776,1,0.000050
0.155950,1.000000,0.999996,0.499999,-4.496667,-4.496667,-0.166528,1,0.000050
0.156000,1.000000,0.999996,0.499999,-4.702282,-4.702282,-0.175095,1,0.000050
0.156050,1.000000,0.999996,0.499999,-4.903256,-4.903256,-0.183469,1,0.000050
0.156100,1.000000,0.999996,0.499999,-5.099392,-5.099392,-0.191641,1,0.000050
0.156150,1.000000,0.999996,0.499999,-5.290495,-5.290495,-0.199604,1,0.000050
0.156200,1.000000,0.999996,0.499999,-5.476377,-5.476377,-0.207349,1,0.000050
0.156250,1.000000,0.999996,0.499999,-5.656854,-5.656854,-0.214869,1,0.000050
0.156300,1.000000,0.999996,0.499999,-5.831749,-5.831749,-0.222156,1,0.000050
0.156350,1.000000,0.999996,0.499999,-6.000889,-6.000889,-0.229204,1,0.000050
0.156400,1.000000,0.999996,0.499999,-6.164106,-6.164106,-0.236004,1,0.000050
0.156450,1.000000,0.999996,0.499999,-6.321240,-6.321240,-0.242552,1,0.000050
0.156500,1.000000,0.999996,0.499999,-6.472136,-6.472136,-0.248839,1,0.000050
0.156550,1.000000,0.999996,0.499999,-6.616645,-6.616645,-0.254860,1,0.000050
0.156600,1.000000,0.999996,0.499999,-6.754623,-6.754623,-0.260609,1,0.000050
0.156650,1.000000,0.999996,0.499999,-6.885936,-6.885936,-0.266081,1,0.000050
0.156700,1.000000,0.999996,0.499999,-7.010453,-7.010453,-0.271269,1,0.000050
0.156750,1.000000,0.999996,0.499999,-7.128052,-7.128052,-0.276169,1,0.000050
0.156800,1.000000,0.999996,0.499999,-7.238616,-7.238616,-0.280776,1,0.000050
0.156850,1.000000,0.999996,0.499999,-7.342037,-7.342037,-0.285085,1,0.000050
0.156900,1.000000,0.999996,0.499999,-7.438212,-7.438212,-0.289092,1,0.000050
0.156950,1.000000,0.999996,0.499999,-7.527046,-7.527046,-0.292794,1,0.000050
0.157000,1.000000,0.999996,0.499999,-7.608452,-7.608452,-0.296186,1,0.000050
0.157050,1.000000,0.999996,0.499999,-7.682349,-7.682349,-0.299265,1,0.000050
0.157100,1.000000,0.999996,0.499999,-7.748665,-7.748665,-0.302028,1,0.000050
0.157150,1.000000,0.999996,0.499999,-7.807334,-7.807334,-0.304472,1,0.000050
0.157200,1.000000,0.999996,0.499999,-7.858298,-7.858298,-0.306596,1,0.000050
0.157250,1.000000,0.999996,0.499999,-7.901507,-7.901507,-0.308396,1,0.000050
0.157300,1.000000,0.999996,0.499999,-7.936918,-7.936918,-0.309872,1,0.000050
0.157350,1.000000,0.999996,0.499999,-7.964496,-7.964496,-0.311021,1,0.000050
0.157400,1.000000,0.999996,0.499999,-7.984214,-7.984214,-0.311842,1,0.000050
0.157450,1.000000,0.999996,0.499999,-7.996052,-7.996052,-0.312336,1,0.000050
0.157500,1.000000,0.999996,0.499999,-8.000000,-8.000000,-0.312500,1,0.000050
0.157550,1.000000,0.999997,0.499999,-7.996052,-7.996052,-0.312336,1,0.000050
0.157600,1.000000,0.999997,0.499999,-7.984214,-7.984214,-0.311842,1,0.000050
0.157650,1.000000,0.999997,0.499999,-7.964496,-7.964496,-0.311021,1,0.000050
0.157700,1.000000,0.999997,0.499999,-7.936918,-7.936918,-0.309872,1,0.000050
0.157750,1.000000,0.999997,0.499999,-7.901507,-7.901507,-0.308396,1,0.000050
0.157800,1.000000,0.999997,0.499999,-7.858298,-7.858298,-0.306596,1,0.000050
0.157850,1.000000,0.999997,0.499999,-7.807334,-7.807334,-0.304472,1,0.000050
0.157900,1.000000,0.999997,0.499999,-7.748665,-7.748665,-0.302028,1,0.000050
0.157950,1.000000,0.999997,0.499999,-7.682349,-7.682349,-0.299265,1,0.000050
0.158000,1.000000,0.999997,0.499999,-7.608452,-7.608452,-0.296186,1,0.000050
0.158050,1.000000,0.999997,0.499999,-7.527046,-7.527046,-0.292794,1,0.000050
0.158100,1.000000,0.999997,0.499999,-7.438212,-7.438212,-0.289092,1,0.000050
0.158150,1.000000,0.999997,0.499999,-7.342037,-7.342037,-0.285085,1,0.000050
0.158200,1.000000,0.999997,0.499999,-7.238616,-7.238616,-0.280776,1,0.000050
0.158250,1.000000,0.999997,0.499999,-7.128052,-7.128052,-0.276169,1,0.000050
0.158300,1.000000,0.999997,0.499999,-7.010453,-7.010453,-0.271269,1,0.000050
0.158350,1.000000,0.999997,0.499999,-6.885936,-6.885936,-0.266081,1,0.000050
0.158400,1.000000,0.999997,0.499999,-6.754623,-6.754623,-0.260609,1,0.000050
0.158450,1.000000,0.999997,0.499999,-6.616645,-6.616645,-0.254860,1,0.000050
0.158500,1.000000,0.999997,0.499999,-6.472136,-6.472136,-0.248839,1,0.000050
0.158550,1.000000,0.999997,0.499999,-6.321240,-6.321240,-0.242552,1,0.000050
0.158600,1.000000,0.999997,0.499999,-6.164106,-6.164106,-0.236004,1,0.000050
0.158650,1.000000,0.999997,0.499999,-6.000889,-6.000889,-0.229204,1,0.000050
0.158700,1.000000,0.999997,0.499999,-5.831749,-5.831749,-0.222156,1,0.000050
0.158750,1.000000,0.999997,0.499999,-5.656854,-5.656854,-0.214869,1,0.000050
0.158800,1.000000,0.999997,0.499999,-5.476377,-5.476377,-0.207349,1,0.000050
0.158850,1.000000,0.999997,0.499999,-5.290495,-5.290495,-0.199604,1,0.000050
0.158900,1.000000,0.999997,0.499999,-5.099392,-5.099392,-0.191641,1,0.000050
0.158950,1.000000,0.999997,0.499999,-4.903256,-4.903256,-0.183469,1,0.000050
0.159000,1.000000,0.999997,0.499999,-4.702282,-4.702282,-0.175095,1,0.000050
0.159050,1.000000,0.999997,0.499999,-4.496667,-4.496667,-0.166528,1,0.000050
0.159100,1.000000,0.999997,0.499999,-4.286614,-4.286614,-0.157776,1,0.000050
0.159150,1.000000,0.999997,0.499999,-4.072331,-4.072331,-0.148847,1,0.000050
0.159200,1.000000,0.999997,0.499999,-3.854029,-3.854029,-0.139751,1,0.000050
0.159250,1.000000,0.999997,0.499999,-3.631924,-3.631924,-0.130497,1,0.000050
0.159300,1.000000,0.999997,0.499999,-3.406234,-3.406234,-0.121093,1,0.000050
0.159350,1.000000,0.999997,0.499999,-3.177183,-3.177183,-0.111549,1,0.000050
0.159400,1.000000,0.999997,0.499999,-2.944996,-2.944996,-0.101875,1,0.000050
0.159450,1.000000,0.999997,0.499999,-2.709903,-2.709903,-0.092079,1,0.000050
0.159500,1.000000,0.999997,0.499999,-2.472136,-2.472136,-0.082172,1,0.000050
0.159550,1.000000,0.999997,0.499999,-2.231929,-2.231929,-0.072164,1,0.000050
0.159600,1.000000,0.999997,0.499999,-1.989519,-1.989519,-0.062063,1,0.000050
0.159650,1.000000,0.999997,0.499999,-1.745146,-1.745146,-0.051881,1,0.000050
0.159700,1.000000,0.999997,0.499999,-1.499051,-1.499051,-0.041627,1,0.000050
0.159750,1.000000,0.999997,0.499999,-1.251476,-1.251476,-0.031312,1,0.000050
0.159800,1.000000,0.999997,0.499999,-1.002666,-1.002666,-0.020944,1,0.000050
0.159850,1.000000,0.999997,0.499999,-0.752867,-0.752867,-0.010536,1,0.000050
0.159900,1.000000,0.999997,0.499999,-0.502324,-0.502324,-0.000097,1,0.000050
0.159950,1.000000,0.999997,0.499999,-0.251286,-0.251286,0.010363,1,0.000050
0.160000,1.000000,0.999997,0.499999,-0.000000,-0.000000,0.020833,1,0.000050
0.160050,1.000000,0.999997,0.499999,0.251286,0.251286,0.031304,1,0.000050
0.160100,1.000000,0.999997,0.499999,0.502324,0.502324,0.041763,1,0.000050
0.160150,1.000000,0.999997,0.499999,0.752867,0.752867,0.052203,1,0.000050
0.160200,1.000000,0.999997,0.499999,1.002666,1.002666,0.062611,1,0.000050
0.160250,1.000000,0.999997,0.499999,1.251476,1.251476,0.072978,1,0.000050
0.160300,1.000000,0.999997,0.499999,1.499051,1.499051,0.083294,1,0.000050
0.160350,1.000000,0.999997,0.499999,1.745146,1.745146,0.093548,1,0.000050
0.160400,1.000000,0.999997,0.499999,1.989519,1.989519,0.103730,1,0.000050
0.160450,1.000000,0.999997,0.499999,2.231929,2.231929,0.113830,1,0.000050
0.160500,1.000000,0.999997,0.499999,2.472136,2.472136,0.123839,1,0.000050
0.160550,1.000000,0.999997,0.499999,2.709903,2.709903,0.133746,1,0.000050
0.160600,1.000000,0.999997,0.499999,2.944996,2.944996,0.143541,1,0.000050
0.160650,1.000000,0.999997,0.499999,3.177183,3.177183,0.153216,1,0.000050
0.160700,1.000000,0.999997,0.499999,3.406234,3.406234,0.162760,1,0.000050
0.160750,1.000000,0.999997,0.499999,3.631924,3.631924,0.172163,1,0.000050
0.160800,1.000000,0.999997,0.499999,3.854029,3.854029,0.181418,1,0.000050
0.160850,1.000000,0.999997,0.499999,4.072331,4.072331,0.190514,1,0.000050
0.160900,1.000000,0.999997,0.499999,4.286614,4.286614,0.199442,1,0.000050
0.160950,1.000000,0.999997,0.499999,4.496667,4.496667,0.208194,1,0.000050
0.161000,1.000000,0.999997,0.499999,4.702282,4.702282,0.216762,1,0.000050
0.161050,1.000000,0.999997,0.499999,4.903256,4.903256,0.225136,1,0.000050
0.161100,1.000000,0.999997,0.499999,5.099392,5.099392,0.233308,1,0.000050
0.161150,1.000000,0.999997,0.499999,5.290495,5.290495,0.241271,1,0.000050
0.161200,1.000000,0.999997,0.499999,5.476377,5.476377,0.249016,1,0.000050
0.161250,1.000000,0.999997,0.499999,5.656854,5.656854,0.256536,1,0.000050
0.161300,1.000000,0.999997,0.499999,5.831749,5.831749,0.263823,1,0.000050
0.161350,1.000000,0.999997,0.499999,6.000889,6.000889,0.270870,1,0.000050
0.161400,1.000000,0.999997,0.499999,6.164106,6.164106,0.277671,1,0.000050
0.161450,1.000000,0.999998,0.499999,6.321240,6.321240,0.284218,1,0.000050
0.161500,1.000000,0.999998,0.499999,6.472136,6.472136,0.290506,1,0.000050
0.161550,1.000000,0.999998,0.499999,6.616645,6.616645,0.296527,1,0.000050
0.161600,1.000000,0.999998,0.499999,6.754623,6.754623,0.302276,1,0.000050
0.161650,1.000000,0.999998,0.499999,6.885936,6.885936,0.307747,1,0.000050
0.161700,1.000000,0.999998,0.499999,7.010453,7.010453,0.312936,1,0.000050
0.161750,1.000000,0.999998,0.499999,7.128052,7.128052,0.317835,1,0.000050
0.161800,1.000000,0.999998,0.499999,7.238616,7.238616,0.322442,1,0.000050
0.161850,1.000000,0.999998,0.499999,7.342037,7.342037,0.326752,1,0.000050
0.161900,1.000000,0.999998,0.499999,7.438212,7.438212,0.330759,1,0.000050
0.161950,1.000000,0.999998,0.499999,7.527046,7.527046,0.334460,1,0.000050
0.162000,1.000000,0.999998,0.499999,7.608452,7.608452,0.337852,1,0.000050
0.162050,1.000000,0.999998,0.499999,7.682349,7.682349,0.340931,1,0.000050
0.162100,1.000000,0.999998,0.499999,7.748665,7.748665,0.343694,1,0.000050
0.162150,1.000000,0.999998,0.499999,7.807334,7.807334,0.346139,1,0.000050
0.162200,1.000000,0.999998,0.499999,7.858298,7.858298,0.348262,1,0.000050
0.162250,1.000000,0.999998,0.499999,7.901507,7.901507,0.350063,1,0.000050
0.162300,1.000000,0.999998,0.499999,7.936918,7.936918,0.351538,1,0.000050
0.162350,1.000000,0.999998,0.499999,7.964496,7.964496,0.352687,1,0.000050
0.162400,1.000000,0.999998,0.499999,7.984214,7.984214,0.353509,1,0.000050
0.162450,1.000000,0.999998,0.499999,7.996052,7.996052,0.354002,1,0.000050
0.162500,1.000000,0.999998,0.499999,8.000000,8.000000,0.354167,1,0.000050
0.162550,1.000000,0.999998,0.499999,7.996052,7.996052,0.354002,1,0.000050
0.162600,1.000000,0.999998,0.499999,7.984214,7.984214,0.353509,1,0.000050
0.162650,1.000000,0.999998,0.499999,7.964496,7.964496,0.352687,1,0.000050
0.162700,1.000000,0.999998,0.499999,7.936918,7.936918,0.351538,1,0.000050
0.162750,1.000000,0.999998,0.499999,7.901507,7.901507,0.350063,1,0.000050
0.162800,1.000000,0.999998,0.499999,7.858298,7.858298,0.348262,1,0.000050
0.162850,1.000000,0.999998,0.499999,7.807334,7.807334,0.346139,1,0.000050
0.162900,1.000000,0.999998,0.499999,7.748665,7.748665,0.343694,1,0.000050
0.162950,1.000000,0.999998,0.499999,7.682349,7.682349,0.340931,1,0.000050
0.163000,1.000000,0.999998,0.499999,7.608452,7.608452,0.337852,1,0.000050
0.163050,1.000000,0.999998,0.499999,7.527046,7.527046,0.334460,1,0.000050
0.163100,1.000000,0.999998,0.499999,7.438212,7.438212,0.330759,1,0.000050
0.163150,1.000000,0.999998,0.499999,7.342037,7.342037,0.326752,1,0.000050
0.163200,1.000000,0.999998,0.499999,7.238616,7.238616,0.322442,1,0.000050
0.163250,1.000000,0.999998,0.499999,7.128052,7.128052,0.317835,1,0.000050
0.163300,1.000000,0.999998,0.499999,7.010453,7.010453,0.312936,1,0.000050
0.163350,1.000000,0.999998,0.499999,6.885936,6.885936,0.307747,1,0.000050
0.163400,1.000000,0.999998,0.499999,6.754623,6.754623,0.302276,1,0.000050
0.163450,1.000000,0.999998,0.499999,6.616645,6.616645,0.296527,1,0.000050
0.163500,1.000000,0.999998,0.499999,6.472136,6.472136,0.290506,1,0.000050
0.163550,1.000000,0.999998,0.499999,6.321240,6.321240,0.284218,1,0.000050
0.163600,1.000000,0.999998,0.499999,6.164106,6.164106,0.277671,1,0.000050
0.163650,1.000000,0.999998,0.499999,6.000889,6.000889,0.270870,1,0.000050
0.163700,1.000000,0.999998,0.499999,5.831749,5.831749,0.263823,1,0.000050
0.163750,1.000000,0.999998,0.499999,5.656854,5.656854,0.256536,1,0.000050
0.163800,1.000000,0.999998,0.499999,5.476377,5.476377,0.249016,1,0.000050
0.163850,1.000000,0.999998,0.499999,5.290495,5.290495,0.241271,1,0.000050
0.163900,1.000000,0.999998,0.499999,5.099392,5.099392,0.233308,1,0.000050
0.163950,1.000000,0.999998,0.499999,4.903256,4.903256,0.225136,1,0.000050
0.164000,1.000000,0.999998,0.499999,4.702282,4.702282,0.216762,1,0.000050
0.164050,1.000000,0.999998,0.499999,4.496667,4.496667,0.208194,1,0.000050
0.164100,1.000000,0.999998,0.499999,4.286614,4.286614,0.199442,1,0.000050
0.164150,1.000000,0.999998,0.499999,4.072331,4.072331,0.190514,1,0.000050
0.164200,1.000000,0.999998,0.499999,3.854029,3.854029,0.181418,1,0.000050
0.164250,1.000000,0.999998,0.499999,3.631924,3.631924,0.172163,1,0.000050
0.164300,1.000000,0.999998,0.499999,3.406234,3.406234,0.162760,1,0.000050
0.164350,1.000000,0.999998,0.499999,3.177183,3.177183,0.153216,1,0.000050
0.164400,1.000000,0.999998,0.499999,2.944996,2.944996,0.143541,1,0.000050
0.164450,1.000000,0.999998,0.499999,2.709903,2.709903,0.133746,1,0.000050
0.164500,1.000000,0.999998,0.499999,2.472136,2.472136,0.123839,1,0.000050
0.164550,1.000000,0.999998,0.499999,2.231929,2.231929,0.113830,1,0.000050
0.164600,1.000000,0.999998,0.499999,1.989519,1.989519,0.103730,1,0.000050
0.164650,1.000000,0.999998,0.499999,1.745146,1.745146,0.093548,1,0.000050
0.164700,1.000000,0.999998,0.499999,1.499051,1.499051,0.083294,1,0.000050
0.164750,1.000000,0.999998,0.499999,1.251476,1.251476,0.072978,1,0.000050
0.164800,1.000000,0.999998,0.499999,1.002666,1.002666,0.062611,1,0.000050
0.164850,1.000000,0.999998,0.499999,0.752867,0.752867,0.052203,1,0.000050
0.164900,1.000000,0.999998,0.499999,0.502324,0.502324,0.041763,1,0.000050
0.164950,1.000000,0.999998,0.499999,0.251286,0.251286,0.031304,1,0.000050
0.165000,1.000000,0.999998,0.499999,0.000000,0.000000,0.020833,1,0.000050
0.165050,1.000000,0.999998,0.499999,-0.251286,-0.251286,0.010363,1,0.000050
0.165100,1.000000,0.999998,0.499999,-0.502324,-0.502324,-0.000097,1,0.000050
0.165150,1.000000,0.999998,0.499999,-0.752867,-0.752867,-0.010536,1,0.000050
0.165200,1.000000,0.999998,0.499999,-1.002666,-1.002666,-0.020944,1,0.000050
0.165250,1.000000,0.999998,0.499999,-1.251476,-1.251476,-0.031312,1,0.000050
0.165300,1.000000,0.999998,0.499999,-1.499051,-1.499051,-0.041627,1,0.000050
0.165350,1.000000,0.999998,0.499999,-1.745146,-1.745146,-0.051881,1,0.000050
0.165400,1.000000,0.999998,0.499999,-1.989519,-1.989519,-0.062063,1,0.000050
0.165450,1.000000,0.999998,0.499999,-2.231929,-2.231929,-0.072164,1,0.000050
0.165500,1.000000,0.999998,0.499999,-2.472136,-2.472136,-0.082172,1,0.000050
0.165550,1.000000,0.999998,0.499999,-2.709903,-2.709903,-0.092079,1,0.000050
0.165600,1.000000,0.999998,0.499999,-2.944996,-2.944996,-0.101875,1,0.000050
0.165650,1.000000,0.999998,0.499999,-3.177183,-3.177183,-0.111549,1,0.000050
0.165700,1.000000,0.999998,0.499999,-3.406234,-3.406234,-0.121093,1,0.000050
0.165750,1.000000,0.999998,0.499999,-3.631924,-3.631924,-0.130497,1,0.000050
0.165800,1.000000,0.999998,0.499999,-3.854029,-3.854029,-0.139751,1,0.000050
0.165850,1.000000,0.999998,0.499999,-4.072331,-4.072331,-0.148847,1,0.000050
0.165900,1.000000,0.999998,0.499999,-4.286614,-4.286614,-0.157776,1,0.000050
0.165950,1.000000,0.999998,0.499999,-4.496667,-4.496667,-0.166528,1,0.000050
0.166000,1.000000,0.999998,0.499999,-4.702282,-4.702282,-0.175095,1,0.000050
0.166050,1.000000,0.999998,0.499999,-4.903256,-4.903256,-0.183469,1,0.000050
0.166100,1.000000,0.999998,0.499999,-5.099392,-5.099392,-0.191641,1,0.000050
0.166150,1.000000,0.999998,0.499999,-5.290495,-5.290495,-0.199604,1,0.000050
0.166200,1.000000,0.999998,0.499999,-5.476377,-5.476377,-0.207349,1,0.000050
0.166250,1.000000,0.999998,0.499999,-5.656854,-5.656854,-0.214869,1,0.000050
0.166300,1.000000,0.999998,0.499999,-5.831749,-5.831749,-0.222156,1,0.000050
0.166350,1.000000,0.999998,0.499999,-6.000889,-6.000889,-0.229204,1,0.000050
0.166400,1.000000,0.999998,0.499999,-6.164106,-6.164106,-0.236004,1,0.000050
0.166450,1.000000,0.999998,0.499999,-6.321240,-6.321240,-0.242552,1,0.000050
0.166500,1.000000,0.999998,0.499999,-6.472136,-6.472136,-0.248839,1,0.000050
0.166550,1.000000,0.999998,0.499999,-6.616645,-6.616645,-0.254860,1,0.000050
0.166600,1.000000,0.999998,0.499999,-6.754623,-6.754623,-0.260609,1,0.000050
0.166650,1.000000,0.999998,0.499999,-6.885936,-6.885936,-0.266081,1,0.000050
0.166700,1.000000,0.999998,0.499999,-7.010453,-7.010453,-0.271269,1,0.000050
0.166750,1.000000,0.999998,0.499999,-7.128052,-7.128052,-0.276169,1,0.000050
0.166800,1.000000,0.999998,0.499999,-7.238616,-7.238616,-0.280776,1,0.000050
0.166850,1.000000,0.999998,0.499999,-7.342037,-7.342037,-0.285085,1,0.000050
0.166900,1.000000,0.999998,0.499999,-7.438212,-7.438212,-0.289092,1,0.000050
0.166950,1.000000,0.999998,0.499999,-7.527046,-7.527046,-0.292794,1,0.000050
0.167000,1.000000,0.999998,0.499999,-7.608452,-7.608452,-0.296186,1,0.000050
0.167050,1.000000,0.999998,0.499999,-7.682349,-7.682349,-0.299265,1,0.000050
0.167100,1.000000,0.999998,0.499999,-7.748665,-7.748665,-0.302028,1,0.000050
0.167150,1.000000,0.999998,0.499999,-7.807334,-7.807334,-0.304472,1,0.000050
0.167200,1.000000,0.999998,0.499999,-7.858298,-7.858298,-0.306596,1,0.000050
0.167250,1.000000,0.999998,0.499999,-7.901507,-7.901507,-0.308396,1,0.000050
0.167300,1.000000,0.999998,0.500000,-7.936918,-7.936918,-0.309872,1,0.000050
0.167350,1.000000,0.999998,0.500000,-7.964496,-7.964496,-0.311021,1,0.000050
0.167400,1.000000,0.999999,0.500000,-7.984214,-7.984214,-0.311842,1,0.000050
0.167450,1.000000,0.999999,0.500000,-7.996052,-7.996052,-0.312336,1,0.000050
0.167500,1.000000,0.999999,0.500000,-8.000000,-8.000000,-0.312500,1,0.000050
0.167550,1.000000,0.999999,0.500000,-7.996052,-7.996052,-0.312336,1,0.000050
0.167600,1.000000,0.999999,0.500000,-7.984214,-7.984214,-0.311842,1,0.000050
0.167650,1.000000,0.999999,0.500000,-7.964496,-7.964496,-0.311021,1,0.000050
0.167700,1.000000,0.999999,0.500000,-7.936918,-7.936918,-0.309872,1,0.000050
0.167750,1.000000,0.999999,0.500000,-7.901507,-7.901507,-0.308396,1,0.000050
0.167800,1.000000,0.999999,0.500000,-7.858298,-7.858298,-0.306596,1,0.000050
0.167850,1.000000,0.999999,0.500000,-7.807334,-7.807334,-0.304472,1,0.000050
0.167900,1.000000,0.999999,0.500000,-7.748665,-7.748665,-0.302028,1,0.000050
0.167950,1.000000,0.999999,0.500000,-7.682349,-7.682349,-0.299265,1,0.000050
0.168000,1.000000,0.999999,0.500000,-7.608452,-7.608452,-0.296186,1,0.000050
0.168050,1.000000,0.999999,0.500000,-7.527046,-7.527046,-0.292794,1,0.000050
0.168100,1.000000,0.999999,0.500000,-7.438212,-7.438212,-0.289092,1,0.000050
0.168150,1.000000,0.999999,0.500000,-7.342037,-7.342037,-0.285085,1,0.000050
0.168200,1.000000,0.999999,0.500000,-7.238616,-7.238616,-0.280776,1,0.000050
0.168250,1.000000,0.999999,0.500000,-7.128052,-7.128052,-0.276169,1,0.000050
0.168300,1.000000,0.999999,0.500000,-7.010453,-7.010453,-0.271269,1,0.000050
0.168350,1.000000,0.999999,0.500000,-6.885936,-6.885936,-0.266081,1,0.000050
0.168400,1.000000,0.999999,0.500000,-6.754623,-6.754623,-0.260609,1,0.000050
0.168450,1.000000,0.999999,0.500000,-6.616645,-6.616645,-0.254860,1,0.000050
0.168500,1.000000,0.999999,0.500000,-6.472136,-6.472136,-0.248839,1,0.000050
0.168550,1.000000,0.999999,0.500000,-6.321240,-6.321240,-0.242552,1,0.000050
0.168600,1.000000,0.999999,0.500000,-6.164106,-6.164106,-0.236004,1,0.000050
0.168650,1.000000,0.999999,0.500000,-6.000889,-6.000889,-0.229204,1,0.000050
0.168700,1.000000,0.999999,0.500000,-5.831749,-5.831749,-0.222156,1,0.000050
0.168750,1.000000,0.999999,0.500000,-5.656854,-5.656854,-0.214869,1,0.000050
0.168800,1.000000,0.999999,0.500000,-5.476377,-5.476377,-0.207349,1,0.000050
0.168850,1.000000,0.999999,0.500000,-5.290495,-5.290495,-0.199604,1,0.000050
0.168900,1.000000,0.999999,0.500000,-5.099392,-5.099392,-0.191641,1,0.000050
0.168950,1.000000,0.999999,0.500000,-4.903256,-4.903256,-0.183469,1,0.000050
0.169000,1.000000,0.999999,0.500000,-4.702282,-4.702282,-0.175095,1,0.000050
0.169050,1.000000,0.999999,0.500000,-4.496667,-4.496667,-0.166528,1,0.000050
0.169100,1.000000,0.999999,0.500000,-4.286614,-4.286614,-0.157776,1,0.000050
0.169150,1.000000,0.999999,0.500000,-4.072331,-4.072331,-0.148847,1,0.000050
0.169200,1.000000,0.999999,0.500000,-3.854029,-3.854029,-0.139751,1,0.000050
0.169250,1.000000,0.999999,0.500000,-3.631924,-3.631924,-0.130497,1,0.000050
0.169300,1.000000,0.999999,0.500000,-3.406234,-3.406234,-0.121093,1,0.000050
0.169350,1.000000,0.999999,0.500000,-3.177183,-3.177183,-0.111549,1,0.000050
0.169400,1.000000,0.999999,0.500000,-2.944996,-2.944996,-0.101875,1,0.000050
0.169450,1.000000,0.999999,0.500000,-2.709903,-2.709903,-0.092079,1,0.000050
0.169500,1.000000,0.999999,0.500000,-2.472136,-2.472136,-0.082172,1,0.000050
0.169550,1.000000,0.999999,0.500000,-2.231929,-2.231929,-0.072164,1,0.000050
0.169600,1.000000,0.999999,0.500000,-1.989519,-1.989519,-0.062063,1,0.000050
0.169650,1.000000,0.999999,0.500000,-1.745146,-1.745146,-0.051881,1,0.000050
0.169700,1.000000,0.999999,0.500000,-1.499051,-1.499051,-0.041627,1,0.000050
0.169750,1.000000,0.999999,0.500000,-1.251476,-1.251476,-0.031312,1,0.000050
0.169800,1.000000,0.999999,0.500000,-1.002666,-1.002666,-0.020944,1,0.000050
0.169850,1.000000,0.999999,0.500000,-0.752867,-0.752867,-0.010536,1,0.000050
0.169900,1.000000,0.999999,0.500000,-0.502324,-0.502324,-0.000097,1,0.000050
0.169950,1.000000,0.999999,0.500000,-0.251286,-0.251286,0.010363,1,0.000050
0.170000,1.000000,0.999999,0.500000,0.000000,0.000000,0.020833,1,0.000050
0.170050,1.000000,0.999999,0.500000,0.251286,0.251286,0.031304,1,0.000050
0.170100,1.000000,0.999999,0.500000,0.502324,0.502324,0.041763,1,0.000050
0.170150,1.000000,0.999999,0.500000,0.752867,0.752867,0.052203,1,0.000050
0.170200,1.000000,0.999999,0.500000,1.002666,1.002666,0.062611,1,0.000050
0.170250,1.000000,0.999999,0.500000,1.251476,1.251476,0.072978,1,0.000050
0.170300,1.000000,0.999999,0.500000,1.499051,1.499051,0.083294,1,0.000050
0.170350,1.000000,0.999999,0.500000,1.745146,1.745146,0.093548,1,0.000050
0.170400,1.000000,0.999999,0.500000,1.989519,1.989519,0.103730,1,0.000050
0.170450,1.000000,0.999999,0.500000,2.231929,2.231929,0.113830,1,0.000050
0.170500,1.000000,0.999999,0.500000,2.472136,2.472136,0.123839,1,0.000050
0.170550,1.000000,0.999999,0.500000,2.709903,2.709903,0.133746,1,0.000050
0.170600,1.000000,0.999999,0.500000,2.944996,2.944996,0.143542,1,0.000050
0.170650,1.000000,0.999999,0.500000,3.177183,3.177183,0.153216,1,0.000050
0.170700,1.000000,0.999999,0.500000,3.406234,3.406234,0.162760,1,0.000050
0.170750,1.000000,0.999999,0.500000,3.631924,3.631924,0.172163,1,0.000050
0.170800,1.000000,0.999999,0.500000,3.854029,3.854029,0.181418,1,0.000050
0.170850,1.000000,0.999999,0.500000,4.072331,4.072331,0.190514,1,0.000050
0.170900,1.000000,0.999999,0.500000,4.286614,4.286614,0.199442,1,0.000050
0.170950,1.000000,0.999999,0.500000,4.496667,4.496667,0.208194,1,0.000050
0.171000,1.000000,0.999999,0.500000,4.702282,4.702282,0.216762,1,0.000050
0.171050,1.000000,0.999999,0.500000,4.903256,4.903256,0.225136,1,0.000050
0.171100,1.000000,0.999999,0.500000,5.099392,5.099392,0.233308,1,0.000050
0.171150,1.000000,0.999999,0.500000,5.290495,5.290495,0.241271,1,0.000050
0.171200,1.000000,0.999999,0.500000,5.476377,5.476377,0.249016,1,0.000050
0.171250,1.000000,0.999999,0.500000,5.656854,5.656854,0.256536,1,0.000050
0.171300,1.000000,0.999999,0.500000,5.831749,5.831749,0.263823,1,0.000050
0.171350,1.000000,0.999999,0.500000,6.000889,6.000889,0.270870,1,0.000050
0.171400,1.000000,0.999999,0.500000,6.164106,6.164106,0.277671,1,0.000050
0.171450,1.000000,0.999999,0.500000,6.321240,6.321240,0.284218,1,0.000050
0.171500,1.000000,0.999999,0.500000,6.472136,6.472136,0.290506,1,0.000050
0.171550,1.000000,0.999999,0.500000,6.616645,6.616645,0.296527,1,0.000050
0.171600,1.000000,0.999999,0.500000,6.754623,6.754623,0.302276,1,0.000050
0.171650,1.000000,0.999999,0.500000,6.885936,6.885936,0.307747,1,0.000050
0.171700,1.000000,0.999999,0.500000,7.010453,7.010453,0.312936,1,0.000050
0.171750,1.000000,0.999999,0.500000,7.128052,7.128052,0.317835,1,0.000050
0.171800,1.000000,0.999999,0.500000,7.238616,7.238616,0.322442,1,0.000050
0.171850,1.000000,0.999999,0.500000,7.342037,7.342037,0.326752,1,0.000050
0.171900,1.000000,0.999999,0.500000,7.438212,7.438212,0.330759,1,0.000050
0.171950,1.000000,0.999999,0.500000,7.527046,7.527046,0.334460,1,0.000050
0.172000,1.000000,0.999999,0.500000,7.608452,7.608452,0.337852,1,0.000050
0.172050,1.000000,0.999999,0.500000,7.682349,7.682349,0.340931,1,0.000050
0.172100,1.000000,0.999999,0.500000,7.748665,7.748665,0.343694,1,0.000050
0.172150,1.000000,0.999999,0.500000,7.807334,7.807334,0.346139,1,0.000050
0.172200,1.000000,0.999999,0.500000,7.858298,7.858298,0.348262,1,0.000050
0.172250,1.000000,0.999999,0.500000,7.901507,7.901507,0.350063,1,0.000050
0.172300,1.000000,0.999999,0.500000,7.936918,7.936918,0.351538,1,0.000050
0.172350,1.000000,0.999999,0.500000,7.964496,7.964496,0.352687,1,0.000050
0.172400,1.000000,0.999999,0.500000,7.984214,7.984214,0.353509,1,0.000050
0.172450,1.000000,0.999999,0.500000,7.996052,7.996052,0.354002,1,0.000050
0.172500,1.000000,0.999999,0.500000,8.000000,8.000000,0.354167,1,0.000050
0.172550,1.000000,0.999999,0.500000,7.996052,7.996052,0.354002,1,0.000050
0.172600,1.000000,0.999999,0.500000,7.984214,7.984214,0.353509,1,0.000050
0.172650,1.000000,0.999999,0.500000,7.964496,7.964496,0.352687,1,0.000050
0.172700,1.000000,0.999999,0.500000,7.936918,7.936918,0.351538,1,0.000050
0.172750,1.000000,0.999999,0.500000,7.901507,7.901507,0.350063,1,0.000050
0.172800,1.000000,0.999999,0.500000,7.858298,7.858298,0.348262,1,0.000050
0.172850,1.000000,0.999999,0.500000,7.807334,7.807334,0.346139,1,0.000050
0.172900,1.000000,0.999999,0.500000,7.748665,7.748665,0.343694,1,0.000050
0.172950,1.000000,0.999999,0.500000,7.682349,7.682349,0.340931,1,0.000050
0.173000,1.000000,0.999999,0.500000,7.608452,7.608452,0.337852,1,0.000050
0.173050,1.000000,0.999999,0.500000,7.527046,7.527046,0.334460,1,0.000050
0.173100,1.000000,0.999999,0.500000,7.438212,7.438212,0.330759,1,0.000050
0.173150,1.000000,0.999999,0.500000,7.342037,7.342037,0.326752,1,0.000050
0.173200,1.000000,0.999999,0.500000,7.238616,7.238616,0.322442,1,0.000050
0.173250,1.000000,0.999999,0.500000,7.128052,7.128052,0.317835,1,0.000050
0.173300,1.000000,0.999999,0.500000,7.010453,7.010453,0.312936,1,0.000050
0.173350,1.000000,0.999999,0.500000,6.885936,6.885936,0.307747,1,0.000050
0.173400,1.000000,0.999999,0.500000,6.754623,6.754623,0.302276,1,0.000050
0.173450,1.000000,0.999999,0.500000,6.616645,6.616645,0.296527,1,0.000050
0.173500,1.000000,0.999999,0.500000,6.472136,6.472136,0.290506,1,0.000050
0.173550,1.000000,0.999999,0.500000,6.321240,6.321240,0.284218,1,0.000050
0.173600,1.000000,0.999999,0.500000,6.164106,6.164106,0.277671,1,0.000050
0.173650,1.000000,0.999999,0.500000,6.000889,6.000889,0.270870,1,0.000050
0.173700,1.000000,0.999999,0.500000,5.831749,5.831749,0.263823,1,0.000050
0.173750,1.000000,0.999999,0.500000,5.656854,5.656854,0.256536,1,0.000050
0.173800,1.000000,0.999999,0.500000,5.476377,5.476377,0.249016,1,0.000050
0.173850,1.000000,0.999999,0.500000,5.290495,5.290495,0.241271,1,0.000050
0.173900,1.000000,0.999999,0.500000,5.099392,5.099392,0.233308,1,0.000050
0.173950,1.000000,0.999999,0.500000,4.903256,4.903256,0.225136,1,0.000050
0.174000,1.000000,0.999999,0.500000,4.702282,4.702282,0.216762,1,0.000050
0.174050,1.000000,0.999999,0.500000,4.496667,4.496667,0.208194,1,0.000050
0.174100,1.000000,0.999999,0.500000,4.286614,4.286614,0.199442,1,0.000050
0.174150,1.000000,0.999999,0.500000,4.072331,4.072331,0.190514,1,0.000050
0.174200,1.000000,0.999999,0.500000,3.854029,3.854029,0.181418,1,0.000050
0.174250,1.000000,0.999999,0.500000,3.631924,3.631924,0.172163,1,0.000050
0.174300,1.000000,0.999999,0.500000,3.406234,3.406234,0.162760,1,0.000050
0.174350,1.000000,0.999999,0.500000,3.177183,3.177183,0.153216,1,0.000050
0.174400,1.000000,0.999999,0.500000,2.944996,2.944996,0.143542,1,0.000050
0.174450,1.000000,0.999999,0.500000,2.709903,2.709903,0.133746,1,0.000050
0.174500,1.000000,0.999999,0.500000,2.472136,2.472136,0.123839,1,0.000050
0.174550,1.000000,0.999999,0.500000,2.231929,2.231929,0.113830,1,0.000050
0.174600,1.000000,0.999999,0.500000,1.989519,1.989519,0.103730,1,0.000050
0.174650,1.000000,0.999999,0.500000,1.745146,1.745146,0.093548,1,0.000050
0.174700,1.000000,0.999999,0.500000,1.499051,1.499051,0.083294,1,0.000050
0.174750,1.000000,0.999999,0.500000,1.251476,1.251476,0.072978,1,0.000050
0.174800,1.000000,0.999999,0.500000,1.002666,1.002666,0.062611,1,0.000050
0.174850,1.000000,0.999999,0.500000,0.752867,0.752867,0.052203,1,0.000050
0.174900,1.000000,0.999999,0.500000,0.502324,0.502324,0.041763,1,0.000050
0.174950,1.000000,0.999999,0.500000,0.251286,0.251286,0.031304,1,0.000050
0.175000,1.000000,0.999999,0.500000,-0.000000,-0.000000,0.020833,1,0.000050
0.175050,1.000000,0.999999,0.500000,-0.251286,-0.251286,0.010363,1,0.000050
0.175100,1.000000,0.999999,0.500000,-0.502324,-0.502324,-0.000097,1,0.000050
0.175150,1.000000,0.999999,0.500000,-0.752867,-0.752867,-0.010536,1,0.000050
0.175200,1.000000,0.999999,0.500000,-1.002666,-1.002666,-0.020944,1,0.000050
0.175250,1.000000,0.999999,0.500000,-1.251476,-1.251476,-0.031311,1,0.000050
0.175300,1.000000,0.999999,0.500000,-1.499051,-1.499051,-0.041627,1,0.000050
0.175350,1.000000,0.999999,0.500000,-1.745146,-1.745146,-0.051881,1,0.000050
0.175400,1.000000,0.999999,0.500000,-1.989519,-1.989519,-0.062063,1,0.000050
0.175450,1.000000,0.999999,0.500000,-2.231929,-2.231929,-0.072164,1,0.000050
0.175500,1.000000,0.999999,0.500000,-2.472136,-2.472136,-0.082172,1,0.000050
0.175550,1.000000,0.999999,0.500000,-2.709903,-2.709903,-0.092079,1,0.000050
0.175600,1.000000,0.999999,0.500000,-2.944996,-2.944996,-0.101875,1,0.000050
0.175650,1.000000,0.999999,0.500000,-3.177183,-3.177183,-0.111549,1,0.000050
0.175700,1.000000,0.999999,0.500000,-3.406234,-3.406234,-0.121093,1,0.000050
0.175750,1.000000,0.999999,0.500000,-3.631924,-3.631924,-0.130497,1,0.000050
0.175800,1.000000,0.999999,0.500000,-3.854029,-3.854029,-0.139751,1,0.000050
0.175850,1.000000,0.999999,0.500000,-4.072331,-4.072331,-0.148847,1,0.000050
0.175900,1.000000,0.999999,0.500000,-4.286614,-4.286614,-0.157776,1,0.000050
0.175950,1.000000,0.999999,0.500000,-4.496667,-4.496667,-0.166528,1,0.000050
0.176000,1.000000,0.999999,0.500000,-4.702282,-4.702282,-0.175095,1,0.000050
0.176050,1.000000,0.999999,0.500000,-4.903256,-4.903256,-0.183469,1,0.000050
0.176100,1.000000,0.999999,0.500000,-5.099392,-5.099392,-0.191641,1,0.000050
0.176150,1.000000,0.999999,0.500000,-5.290495,-5.290495,-0.199604,1,0.000050
0.176200,1.000000,0.999999,0.500000,-5.476377,-5.476377,-0.207349,1,0.000050
0.176250,1.000000,0.999999,0.500000,-5.656854,-5.656854,-0.214869,1,0.000050
0.176300,1.000000,0.999999,0.500000,-5.831749,-5.831749,-0.222156,1,0.000050
0.176350,1.000000,0.999999,0.500000,-6.000889,-6.000889,-0.229204,1,0.000050
0.176400,1.000000,0.999999,0.500000,-6.164106,-6.164106,-0.236004,1,0.000050
0.176450,1.000000,0.999999,0.500000,-6.321240,-6.321240,-0.242552,1,0.000050
0.176500,1.000000,0.999999,0.500000,-6.472136,-6.472136,-0.248839,1,0.000050
0.176550,1.000000,0.999999,0.500000,-6.616645,-6.616645,-0.254860,1,0.000050
0.176600,1.000000,0.999999,0.500000,-6.754623,-6.754623,-0.260609,1,0.000050
0.176650,1.000000,0.999999,0.500000,-6.885936,-6.885936,-0.266081,1,0.000050
0.176700,1.000000,0.999999,0.500000,-7.010453,-7.010453,-0.271269,1,0.000050
0.176750,1.000000,0.999999,0.500000,-7.128052,-7.128052,-0.276169,1,0.000050
0.176800,1.000000,0.999999,0.500000,-7.238616,-7.238616,-0.280776,1,0.000050
0.176850,1.000000,0.999999,0.500000,-7.342037,-7.342037,-0.285085,1,0.000050
0.176900,1.000000,0.999999,0.500000,-7.438212,-7.438212,-0.289092,1,0.000050
0.176950,1.000000,0.999999,0.500000,-7.527046,-7.527046,-0.292794,1,0.000050
0.177000,1.000000,0.999999,0.500000,-7.608452,-7.608452,-0.296186,1,0.000050
0.177050,1.000000,0.999999,0.500000,-7.682349,-7.682349,-0.299265,1,0.000050
0.177100,1.000000,0.999999,0.500000,-7.748665,-7.748665,-0.302028,1,0.000050
0.177150,1.000000,0.999999,0.500000,-7.807334,-7.807334,-0.304472,1,0.000050
0.177200,1.000000,0.999999,0.500000,-7.858298,-7.858298,-0.306596,1,0.000050
0.177250,1.000000,0.999999,0.500000,-7.901507,-7.901507,-0.308396,1,0.000050
0.177300,1.000000,0.999999,0.500000,-7.936918,-7.936918,-0.309872,1,0.000050
0.177350,1.000000,0.999999,0.500000,-7.964496,-7.964496,-0.311021,1,0.000050
0.177400,1.000000,0.999999,0.500000,-7.984214,-7.984214,-0.311842,1,0.000050
0.177450,1.000000,0.999999,0.500000,-7.996052,-7.996052,-0.312336,1,0.000050
0.177500,1.000000,0.999999,0.500000,-8.000000,-8.000000,-0.312500,1,0.000050
0.177550,1.000000,0.999999,0.500000,-7.996052,-7.996052,-0.312336,1,0.000050
0.177600,1.000000,0.999999,0.500000,-7.984214,-7.984214,-0.311842,1,0.000050
0.177650,1.000000,0.999999,0.500000,-7.964496,-7.964496,-0.311021,1,0.000050
0.177700,1.000000,0.999999,0.500000,-7.936918,-7.936918,-0.309872,1,0.000050
0.177750,1.000000,0.999999,0.500000,-7.901507,-7.901507,-0.308396,1,0.000050
0.177800,1.000000,0.999999,0.500000,-7.858298,-7.858298,-0.306596,1,0.000050
0.177850,1.000000,0.999999,0.500000,-7.807334,-7.807334,-0.304472,1,0.000050
0.177900,1.000000,0.999999,0.500000,-7.748665,-7.748665,-0.302028,1,0.000050
0.177950,1.000000,0.999999,0.500000,-7.682349,-7.682349,-0.299265,1,0.000050
0.178000,1.000000,0.999999,0.500000,-7.608452,-7.608452,-0.296186,1,0.000050
0.178050,1.000000,0.999999,0.500000,-7.527046,-7.527046,-0.292794,1,0.000050
0.178100,1.000000,0.999999,0.500000,-7.438212,-7.438212,-0.289092,1,0.000050
0.178150,1.000000,0.999999,0.500000,-7.342037,-7.342037,-0.285085,1,0.000050
0.178200,1.000000,0.999999,0.500000,-7.238616,-7.238616,-0.280776,1,0.000050
0.178250,1.000000,0.999999,0.500000,-7.128052,-7.128052,-0.276169,1,0.000050
0.178300,1.000000,0.999999,0.500000,-7.010453,-7.010453,-0.271269,1,0.000050
0.178350,1.000000,0.999999,0.500000,-6.885936,-6.885936,-0.266081,1,0.000050
0.178400,1.000000,0.999999,0.500000,-6.754623,-6.754623,-0.260609,1,0.000050
0.178450,1.000000,0.999999,0.500000,-6.616645,-6.616645,-0.254860,1,0.000050
0.178500,1.000000,0.999999,0.500000,-6.472136,-6.472136,-0.248839,1,0.000050
0.178550,1.000000,0.999999,0.500000,-6.321240,-6.321240,-0.242552,1,0.000050
0.178600,1.000000,0.999999,0.500000,-6.164106,-6.164106,-0.236004,1,0.000050
0.178650,1.000000,0.999999,0.500000,-6.000889,-6.000889,-0.229204,1,0.000050
0.178700,1.000000,0.999999,0.500000,-5.831749,-5.831749,-0.222156,1,0.000050
0.178750,1.000000,0.999999,0.500000,-5.656854,-5.656854,-0.214869,1,0.000050
0.178800,1.000000,0.999999,0.500000,-5.476377,-5.476377,-0.207349,1,0.000050
0.178850,1.000000,0.999999,0.500000,-5.290495,-5.290495,-0.199604,1,0.000050
0.178900,1.000000,0.999999,0.500000,-5.099392,-5.099392,-0.191641,1,0.000050
0.178950,1.000000,0.999999,0.500000,-4.903256,-4.903256,-0.183469,1,0.000050
0.179000,1.000000,0.999999,0.500000,-4.702282,-4.702282,-0.175095,1,0.000050
0.179050,1.000000,0.999999,0.500000,-4.496667,-4.496667,-0.166528,1,0.000050
0.179100,1.000000,0.999999,0.500000,-4.286614,-4.286614,-0.157776,1,0.000050
0.179150,1.000000,0.999999,0.500000,-4.072331,-4.072331,-0.148847,1,0.000050
0.179200,1.000000,0.999999,0.500000,-3.854029,-3.854029,-0.139751,1,0.000050
0.179250,1.000000,0.999999,0.500000,-3.631924,-3.631924,-0.130497,1,0.000050
0.179300,1.000000,0.999999,0.500000,-3.406234,-3.406234,-0.121093,1,0.000050
0.179350,1.000000,0.999999,0.500000,-3.177183,-3.177183,-0.111549,1,0.000050
0.179400,1.000000,0.999999,0.500000,-2.944996,-2.944996,-0.101875,1,0.000050
0.179450,1.000000,0.999999,0.500000,-2.709903,-2.709903,-0.092079,1,0.000050
0.179500,1.000000,0.999999,0.500000,-2.472136,-2.472136,-0.082172,1,0.000050
0.179550,1.000000,0.999999,0.500000,-2.231929,-2.231929,-0.072164,1,0.000050
0.179600,1.000000,0.999999,0.500000,-1.989519,-1.989519,-0.062063,1,0.000050
0.179650,1.000000,0.999999,0.500000,-1.745146,-1.745146,-0.051881,1,0.000050
0.179700,1.000000,0.999999,0.500000,-1.499051,-1.499051,-0.041627,1,0.000050
0.179750,1.000000,0.999999,0.500000,-1.251476,-1.251476,-0.031311,1,0.000050
0.179800,1.000000,0.999999,0.500000,-1.002666,-1.002666,-0.020944,1,0.000050
0.179850,1.000000,0.999999,0.500000,-0.752867,-0.752867,-0.010536,1,0.000050
0.179900,1.000000,0.999999,0.500000,-0.502324,-0.502324,-0.000097,1,0.000050
0.179950,1.000000,0.999999,0.500000,-0.251286,-0.251286,0.010363,1,0.000050
0.180000,1.000000,0.999999,0.500000,0.000000,0.000000,0.020833,1,0.000050
0.180050,1.000000,0.999999,0.500000,0.251286,0.251286,0.031304,1,0.000050
0.180100,1.000000,0.999999,0.500000,0.502324,0.502324,0.041763,1,0.000050
0.180150,1.000000,0.999999,0.500000,0.752867,0.752867,0.052203,1,0.000050
0.180200,1.000000,0.999999,0.500000,1.002666,1.002666,0.062611,1,0.000050
0.180250,1.000000,1.000000,0.500000,1.251476,1.251476,0.072978,1,0.000050
0.180300,1.000000,1.000000,0.500000,1.499051,1.499051,0.083294,1,0.000050
0.180350,1.000000,1.000000,0.500000,1.745146,1.745146,0.093548,1,0.000050
0.180400,1.000000,1.000000,0.500000,1.989519,1.989519,0.103730,1,0.000050
0.180450,1.000000,1.000000,0.500000,2.231929,2.231929,0.113830,1,0.000050
0.180500,1.000000,1.000000,0.500000,2.472136,2.472136,0.123839,1,0.000050
0.180550,1.000000,1.000000,0.500000,2.709903,2.709903,0.133746,1,0.000050
0.180600,1.000000,1.000000,0.500000,2.944996,2.944996,0.143542,1,0.000050
0.180650,1.000000,1.000000,0.500000,3.177183,3.177183,0.153216,1,0.000050
0.180700,1.000000,1.000000,0.500000,3.406234,3.406234,0.162760,1,0.000050
0.180750,1.000000,1.000000,0.500000,3.631924,3.631924,0.172163,1,0.000050
0.180800,1.000000,1.000000,0.500000,3.854029,3.854029,0.181418,1,0.000050
0.180850,1.000000,1.000000,0.500000,4.072331,4.072331,0.190514,1,0.000050
0.180900,1.000000,1.000000,0.500000,4.286614,4.286614,0.199442,1,0.000050
0.180950,1.000000,1.000000,0.500000,4.496667,4.496667,0.208194,1,0.000050
0.181000,1.000000,1.000000,0.500000,4.702282,4.702282,0.216762,1,0.000050
0.181050,1.000000,1.000000,0.500000,4.903256,4.903256,0.225136,1,0.000050
0.181100,1.000000,1.000000,0.500000,5.099392,5.099392,0.233308,1,0.000050
0.181150,1.000000,1.000000,0.500000,5.290495,5.290495,0.241271,1,0.000050
0.181200,1.000000,1.000000,0.500000,5.476377,5.476377,0.249016,1,0.000050
0.181250,1.000000,1.000000,0.500000,5.656854,5.656854,0.256536,1,0.000050
0.181300,1.000000,1.000000,0.500000,5.831749,5.831749,0.263823,1,0.000050
0.181350,1.000000,1.000000,0.500000,6.000889,6.000889,0.270870,1,0.000050
0.181400,1.000000,1.000000,0.500000,6.164106,6.164106,0.277671,1,0.000050
0.181450,1.000000,1.000000,0.500000,6.321240,6.321240,0.284218,1,0.000050
0.181500,1.000000,1.000000,0.500000,6.472136,6.472136,0.290506,1,0.000050
0.181550,1.000000,1.000000,0.500000,6.616645,6.616645,0.296527,1,0.000050
0.181600,1.000000,1.000000,0.500000,6.754623,6.754623,0.302276,1,0.000050
0.181650,1.000000,1.000000,0.500000,6.885936,6.885936,0.307747,1,0.000050
0.181700,1.000000,1.000000,0.500000,7.010453,7.010453,0.312936,1,0.000050
0.181750,1.000000,1.000000,0.500000,7.128052,7.128052,0.317836,1,0.000050
0.181800,1.000000,1.000000,0.500000,7.238616,7.238616,0.322442,1,0.000050
0.181850,1.000000,1.000000,0.500000,7.342037,7.342037,0.326752,1,0.000050
0.181900,1.000000,1.000000,0.500000,7.438212,7.438212,0.330759,1,0.000050
0.181950,1.000000,1.000000,0.500000,7.527046,7.527046,0.334460,1,0.000050
0.182000,1.000000,1.000000,0.500000,7.608452,7.608452,0.337852,1,0.000050
0.182050,1.000000,1.000000,0.500000,7.682349,7.682349,0.340931,1,0.000050
0.182100,1.000000,1.000000,0.500000,7.748665,7.748665,0.343694,1,0.000050
0.182150,1.000000,1.000000,0.500000,7.807334,7.807334,0.346139,1,0.000050
0.182200,1.000000,1.000000,0.500000,7.858298,7.858298,0.348262,1,0.000050
0.182250,1.000000,1.000000,0.500000,7.901507,7.901507,0.350063,1,0.000050
0.182300,1.000000,1.000000,0.500000,7.936918,7.936918,0.351538,1,0.000050
0.182350,1.000000,1.000000,0.500000,7.964496,7.964496,0.352687,1,0.000050
0.182400,1.000000,1.000000,0.500000,7.984214,7.984214,0.353509,1,0.000050
0.182450,1.000000,1.000000,0.500000,7.996052,7.996052,0.354002,1,0.000050
0.182500,1.000000,1.000000,0.500000,8.000000,8.000000,0.354167,1,0.000050
0.182550,1.000000,1.000000,0.500000,7.996052,7.996052,0.354002,1,0.000050
0.182600,1.000000,1.000000,0.500000,7.984214,7.984214,0.353509,1,0.000050
0.182650,1.000000,1.000000,0.500000,7.964496,7.964496,0.352687,1,0.000050
0.182700,1.000000,1.000000,0.500000,7.936918,7.936918,0.351538,1,0.000050
0.182750,1.000000,1.000000,0.500000,7.901507,7.901507,0.350063,1,0.000050
0.182800,1.000000,1.000000,0.500000,7.858298,7.858298,0.348262,1,0.000050
0.182850,1.000000,1.000000,0.500000,7.807334,7.807334,0.346139,1,0.000050
0.182900,1.000000,1.000000,0.500000,7.748665,7.748665,0.343694,1,0.000050
0.182950,1.000000,1.000000,0.500000,7.682349,7.682349,0.340931,1,0.000050
0.183000,1.000000,1.000000,0.500000,7.608452,7.608452,0.337852,1,0.000050
0.183050,1.000000,1.000000,0.500000,7.527046,7.527046,0.334460,1,0.000050
0.183100,1.000000,1.000000,0.500000,7.438212,7.438212,0.330759,1,0.000050
0.183150,1.000000,1.000000,0.500000,7.342037,7.342037,0.326752,1,0.000050
0.183200,1.000000,1.000000,0.500000,7.238616,7.238616,0.322442,1,0.000050
0.183250,1.000000,1.000000,0.500000,7.128052,7.128052,0.317836,1,0.000050
0.183300,1.000000,1.000000,0.500000,7.010453,7.010453,0.312936,1,0.000050
0.183350,1.000000,1.000000,0.500000,6.885936,6.885936,0.307747,1,0.000050
0.183400,1.000000,1.000000,0.500000,6.754623,6.754623,0.302276,1,0.000050
0.183450,1.000000,1.000000,0.500000,6.616645,6.616645,0.296527,1,0.000050
0.183500,1.000000,1.000000,0.500000,6.472136,6.472136,0.290506,1,0.000050
0.183550,1.000000,1.000000,0.500000,6.321240,6.321240,0.284218,1,0.000050
0.183600,1.000000,1.000000,0.500000,6.164106,6.164106,0.277671,1,0.000050
0.183650,1.000000,1.000000,0.500000,6.000889,6.000889,0.270870,1,0.000050
0.183700,1.000000,1.000000,0.500000,5.831749,5.831749,0.263823,1,0.000050
0.183750,1.000000,1.000000,0.500000,5.656854,5.656854,0.256536,1,0.000050
0.183800,1.000000,1.000000,0.500000,5.476377,5.476377,0.249016,1,0.000050
0.183850,1.000000,1.000000,0.500000,5.290495,5.290495,0.241271,1,0.000050
0.183900,1.000000,1.000000,0.500000,5.099392,5.099392,0.233308,1,0.000050
0.183950,1.000000,1.000000,0.500000,4.903256,4.903256,0.225136,1,0.000050
0.184000,1.000000,1.000000,0.500000,4.702282,4.702282,0.216762,1,0.000050
0.184050,1.000000,1.000000,0.500000,4.496667,4.496667,0.208194,1,0.000050
0.184100,1.000000,1.000000,0.500000,4.286614,4.286614,0.199442,1,0.000050
0.184150,1.000000,1.000000,0.500000,4.072331,4.072331,0.190514,1,0.000050
0.184200,1.000000,1.000000,0.500000,3.854029,3.854029,0.181418,1,0.000050
0.184250,1.000000,1.000000,0.500000,3.631924,3.631924,0.172163,1,0.000050
0.184300,1.000000,1.000000,0.500000,3.406234,3.406234,0.162760,1,0.000050
0.184350,1.000000,1.000000,0.500000,3.177183,3.177183,0.153216,1,0.000050
0.184400,1.000000,1.000000,0.500000,2.944996,2.944996,0.143542,1,0.000050
0.184450,1.000000,1.000000,0.500000,2.709903,2.709903,0.133746,1,0.000050
0.184500,1.000000,1.000000,0.500000,2.472136,2.472136,0.123839,1,0.000050
0.184550,1.000000,1.000000,0.500000,2.231929,2.231929,0.113830,1,0.000050
0.184600,1.000000,1.000000,0.500000,1.989519,1.989519,0.103730,1,0.000050
0.184650,1.000000,1.000000,0.500000,1.745146,1.745146,0.093548,1,0.000050
0.184700,1.000000,1.000000,0.500000,1.499051,1.499051,0.083294,1,0.000050
0.184750,1.000000,1.000000,0.500000,1.251476,1.251476,0.072978,1,0.000050
0.184800,1.000000,1.000000,0.500000,1.002666,1.002666,0.062611,1,0.000050
0.184850,1.000000,1.000000,0.500000,0.752867,0.752867,0.052203,1,0.000050
0.184900,1.000000,1.000000,0.500000,0.502324,0.502324,0.041764,1,0.000050
0.184950,1.000000,1.000000,0.500000,0.251286,0.251286,0.031304,1,0.000050
0.185000,1.000000,1.000000,0.500000,0.000000,0.000000,0.020833,1,0.000050
0.185050,1.000000,1.000000,0.500000,-0.251286,-0.251286,0.010363,1,0.000050
0.185100,1.000000,1.000000,0.500000,-0.502324,-0.502324,-0.000097,1,0.000050
0.185150,1.000000,1.000000,0.500000,-0.752867,-0.752867,-0.010536,1,0.000050
0.185200,1.000000,1.000000,0.500000,-1.002666,-1.002666,-0.020944,1,0.000050
0.185250,1.000000,1.000000,0.500000,-1.251476,-1.251476,-0.031311,1,0.000050
0.185300,1.000000,1.000000,0.500000,-1.499051,-1.499051,-0.041627,1,0.000050
0.185350,1.000000,1.000000,0.500000,-1.745146,-1.745146,-0.051881,1,0.000050
0.185400,1.000000,1.000000,0.500000,-1.989519,-1.989519,-0.062063,1,0.000050
0.185450,1.000000,1.000000,0.500000,-2.231929,-2.231929,-0.072164,1,0.000050
0.185500,1.000000,1.000000,0.500000,-2.472136,-2.472136,-0.082172,1,0.000050
0.185550,1.000000,1.000000,0.500000,-2.709903,-2.709903,-0.092079,1,0.000050
0.185600,1.000000,1.000000,0.500000,-2.944996,-2.944996,-0.101875,1,0.000050
0.185650,1.000000,1.000000,0.500000,-3.177183,-3.177183,-0.111549,1,0.000050
0.185700,1.000000,1.000000,0.500000,-3.406234,-3.406234,-0.121093,1,0.000050
0.185750,1.000000,1.000000,0.500000,-3.631924,-3.631924,-0.130497,1,0.000050
0.185800,1.000000,1.000000,0.500000,-3.854029,-3.854029,-0.139751,1,0.000050
0.185850,1.000000,1.000000,0.500000,-4.072331,-4.072331,-0.148847,1,0.000050
0.185900,1.000000,1.000000,0.500000,-4.286614,-4.286614,-0.157776,1,0.000050
0.185950,1.000000,1.000000,0.500000,-4.496667,-4.496667,-0.166528,1,0.000050
0.186000,1.000000,1.000000,0.500000,-4.702282,-4.702282,-0.175095,1,0.000050
0.186050,1.000000,1.000000,0.500000,-4.903256,-4.903256,-0.183469,1,0.000050
0.186100,1.000000,1.000000,0.500000,-5.099392,-5.099392,-0.191641,1,0.000050
0.186150,1.000000,1.000000,0.500000,-5.290495,-5.290495,-0.199604,1,0.000050
0.186200,1.000000,1.000000,0.500000,-5.476377,-5.476377,-0.207349,1,0.000050
0.186250,1.000000,1.000000,0.500000,-5.656854,-5.656854,-0.214869,1,0.000050
0.186300,1.000000,1.000000,0.500000,-5.831749,-5.831749,-0.222156,1,0.000050
0.186350,1.000000,1.000000,0.500000,-6.000889,-6.000889,-0.229204,1,0.000050
0.186400,1.000000,1.000000,0.500000,-6.164106,-6.164106,-0.236004,1,0.000050
0.186450,1.000000,1.000000,0.500000,-6.321240,-6.321240,-0.242552,1,0.000050
0.186500,1.000000,1.000000,0.500000,-6.472136,-6.472136,-0.248839,1,0.000050
0.186550,1.000000,1.000000,0.500000,-6.616645,-6.616645,-0.254860,1,0.000050
0.186600,1.000000,1.000000,0.500000,-6.754623,-6.754623,-0.260609,1,0.000050
0.186650,1.000000,1.000000,0.500000,-6.885936,-6.885936,-0.266081,1,0.000050
0.186700,1.000000,1.000000,0.500000,-7.010453,-7.010453,-0.271269,1,0.000050
0.186750,1.000000,1.000000,0.500000,-7.128052,-7.128052,-0.276169,1,0.000050
0.186800,1.000000,1.000000,0.500000,-7.238616,-7.238616,-0.280776,1,0.000050
0.186850,1.000000,1.000000,0.500000,-7.342037,-7.342037,-0.285085,1,0.000050
0.186900,1.000000,1.000000,0.500000,-7.438212,-7.438212,-0.289092,1,0.000050
0.186950,1.000000,1.000000,0.500000,-7.527046,-7.527046,-0.292794,1,0.000050
0.187000,1.000000,1.000000,0.500000,-7.608452,-7.608452,-0.296186,1,0.000050
0.187050,1.000000,1.000000,0.500000,-7.682349,-7.682349,-0.299265,1,0.000050
0.187100,1.000000,1.000000,0.500000,-7.748665,-7.748665,-0.302028,1,0.000050
0.187150,1.000000,1.000000,0.500000,-7.807334,-7.807334,-0.304472,1,0.000050
0.187200,1.000000,1.000000,0.500000,-7.858298,-7.858298,-0.306596,1,0.000050
0.187250,1.000000,1.000000,0.500000,-7.901507,-7.901507,-0.308396,1,0.000050
0.187300,1.000000,1.000000,0.500000,-7.936918,-7.936918,-0.309872,1,0.000050
0.187350,1.000000,1.000000,0.500000,-7.964496,-7.964496,-0.311021,1,0.000050
0.187400,1.000000,1.000000,0.500000,-7.984214,-7.984214,-0.311842,1,0.000050
0.187450,1.000000,1.000000,0.500000,-7.996052,-7.996052,-0.312336,1,0.000050
0.187500,1.000000,1.000000,0.500000,-8.000000,-8.000000,-0.312500,1,0.000050
0.187550,1.000000,1.000000,0.500000,-7.996052,-7.996052,-0.312336,1,0.000050
0.187600,1.000000,1.000000,0.500000,-7.984214,-7.984214,-0.311842,1,0.000050
0.187650,1.000000,1.000000,0.500000,-7.964496,-7.964496,-0.311021,1,0.000050
0.187700,1.000000,1.000000,0.500000,-7.936918,-7.936918,-0.309872,1,0.000050
0.187750,1.000000,1.000000,0.500000,-7.901507,-7.901507,-0.308396,1,0.000050
0.187800,1.000000,1.000000,0.500000,-7.858298,-7.858298,-0.306596,1,0.000050
0.187850,1.000000,1.000000,0.500000,-7.807334,-7.807334,-0.304472,1,0.000050
0.187900,1.000000,1.000000,0.500000,-7.748665,-7.748665,-0.302028,1,0.000050
0.187950,1.000000,1.000000,0.500000,-7.682349,-7.682349,-0.299265,1,0.000050
0.188000,1.000000,1.000000,0.500000,-7.608452,-7.608452,-0.296186,1,0.000050
0.188050,1.000000,1.000000,0.500000,-7.527046,-7.527046,-0.292794,1,0.000050
0.188100,1.000000,1.000000,0.500000,-7.438212,-7.438212,-0.289092,1,0.000050
0.188150,1.000000,1.000000,0.500000,-7.342037,-7.342037,-0.285085,1,0.000050
0.188200,1.000000,1.000000,0.500000,-7.238616,-7.238616,-0.280776,1,0.000050
0.188250,1.000000,1.000000,0.500000,-7.128052,-7.128052,-0.276169,1,0.000050
0.188300,1.000000,1.000000,0.500000,-7.010453,-7.010453,-0.271269,1,0.000050
0.188350,1.000000,1.000000,0.500000,-6.885936,-6.885936,-0.266081,1,0.000050
0.188400,1.000000,1.000000,0.500000,-6.754623,-6.754623,-0.260609,1,0.000050
0.188450,1.000000,1.000000,0.500000,-6.616645,-6.616645,-0.254860,1,0.000050
0.188500,1.000000,1.000000,0.500000,-6.472136,-6.472136,-0.248839,1,0.000050
0.188550,1.000000,1.000000,0.500000,-6.321240,-6.321240,-0.242552,1,0.000050
0.188600,1.000000,1.000000,0.500000,-6.164106,-6.164106,-0.236004,1,0.000050
0.188650,1.000000,1.000000,0.500000,-6.000889,-6.000889,-0.229204,1,0.000050
0.188700,1.000000,1.000000,0.500000,-5.831749,-5.831749,-0.222156,1,0.000050
0.188750,1.000000,1.000000,0.500000,-5.656854,-5.656854,-0.214869,1,0.000050
0.188800,1.000000,1.000000,0.500000,-5.476377,-5.476377,-0.207349,1,0.000050
0.188850,1.000000,1.000000,0.500000,-5.290495,-5.290495,-0.199604,1,0.000050
0.188900,1.000000,1.000000,0.500000,-5.099392,-5.099392,-0.191641,1,0.000050
0.188950,1.000000,1.000000,0.500000,-4.903256,-4.903256,-0.183469,1,0.000050
0.189000,1.000000,1.000000,0.500000,-4.702282,-4.702282,-0.175095,1,0.000050
0.189050,1.000000,1.000000,0.500000,-4.496667,-4.496667,-0.166528,1,0.000050
0.189100,1.000000,1.000000,0.500000,-4.286614,-4.286614,-0.157776,1,0.000050
0.189150,1.000000,1.000000,0.500000,-4.072331,-4.072331,-0.148847,1,0.000050
0.189200,1.000000,1.000000,0.500000,-3.854029,-3.854029,-0.139751,1,0.000050
0.189250,1.000000,1.000000,0.500000,-3.631924,-3.631924,-0.130497,1,0.000050
0.189300,1.000000,1.000000,0.500000,-3.406234,-3.406234,-0.121093,1,0.000050
0.189350,1.000000,1.000000,0.500000,-3.177183,-3.177183,-0.111549,1,0.000050
0.189400,1.000000,1.000000,0.500000,-2.944996,-2.944996,-0.101875,1,0.000050
0.189450,1.000000,1.000000,0.500000,-2.709903,-2.709903,-0.092079,1,0.000050
0.189500,1.000000,1.000000,0.500000,-2.472136,-2.472136,-0.082172,1,0.000050
0.189550,1.000000,1.000000,0.500000,-2.231929,-2.231929,-0.072164,1,0.000050
0.189600,1.000000,1.000000,0.500000,-1.989519,-1.989519,-0.062063,1,0.000050
0.189650,1.000000,1.000000,0.500000,-1.745146,-1.745146,-0.051881,1,0.000050
0.189700,1.000000,1.000000,0.500000,-1.499051,-1.499051,-0.041627,1,0.000050
0.189750,1.000000,1.000000,0.500000,-1.251476,-1.251476,-0.031311,1,0.000050
0.189800,1.000000,1.000000,0.500000,-1.002666,-1.002666,-0.020944,1,0.000050
0.189850,1.000000,1.000000,0.500000,-0.752867,-0.752867,-0.010536,1,0.000050
0.189900,1.000000,1.000000,0.500000,-0.502324,-0.502324,-0.000097,1,0.000050
0.189950,1.000000,1.000000,0.500000,-0.251286,-0.251286,0.010363,1,0.000050
0.190000,1.000000,1.000000,0.500000,0.000000,0.000000,0.020833,1,0.000050
0.190050,1.000000,1.000000,0.500000,0.251286,0.251286,0.031304,1,0.000050
0.190100,1.000000,1.000000,0.500000,0.502324,0.502324,0.041764,1,0.000050
0.190150,1.000000,1.000000,0.500000,0.752867,0.752867,0.052203,1,0.000050
0.190200,1.000000,1.000000,0.500000,1.002666,1.002666,0.062611,1,0.000050
0.190250,1.000000,1.000000,0.500000,1.251476,1.251476,0.072978,1,0.000050
0.190300,1.000000,1.000000,0.500000,1.499051,1.499051,0.083294,1,0.000050
0.190350,1.000000,1.000000,0.500000,1.745146,1.745146,0.093548,1,0.000050
0.190400,1.000000,1.000000,0.500000,1.989519,1.989519,0.103730,1,0.000050
0.190450,1.000000,1.000000,0.500000,2.231929,2.231929,0.113830,1,0.000050
0.190500,1.000000,1.000000,0.500000,2.472136,2.472136,0.123839,1,0.000050
0.190550,1.000000,1.000000,0.500000,2.709903,2.709903,0.133746,1,0.000050
0.190600,1.000000,1.000000,0.500000,2.944996,2.944996,0.143542,1,0.000050
0.190650,1.000000,1.000000,0.500000,3.177183,3.177183,0.153216,1,0.000050
0.190700,1.000000,1.000000,0.500000,3.406234,3.406234,0.162760,1,0.000050
0.190750,1.000000,1.000000,0.500000,3.631924,3.631924,0.172163,1,0.000050
0.190800,1.000000,1.000000,0.500000,3.854029,3.854029,0.181418,1,0.000050
0.190850,1.000000,1.000000,0.500000,4.072331,4.072331,0.190514,1,0.000050
0.190900,1.000000,1.000000,0.500000,4.286614,4.286614,0.199442,1,0.000050
0.190950,1.000000,1.000000,0.500000,4.496667,4.496667,0.208194,1,0.000050
0.191000,1.000000,1.000000,0.500000,4.702282,4.702282,0.216762,1,0.000050
0.191050,1.000000,1.000000,0.500000,4.903256,4.903256,0.225136,1,0.000050
0.191100,1.000000,1.000000,0.500000,5.099392,5.099392,0.233308,1,0.000050
0.191150,1.000000,1.000000,0.500000,5.290495,5.290495,0.241271,1,0.000050
0.191200,1.000000,1.000000,0.500000,5.476377,5.476377,0.249016,1,0.000050
0.191250,1.000000,1.000000,0.500000,5.656854,5.656854,0.256536,1,0.000050
0.191300,1.000000,1.000000,0.500000,5.831749,5.831749,0.263823,1,0.000050
0.191350,1.000000,1.000000,0.500000,6.000889,6.000889,0.270870,1,0.000050
0.191400,1.000000,1.000000,0.500000,6.164106,6.164106,0.277671,1,0.000050
0.191450,1.000000,1.000000,0.500000,6.321240,6.321240,0.284218,1,0.000050
0.191500,1.000000,1.000000,0.500000,6.472136,6.472136,0.290506,1,0.000050
0.191550,1.000000,1.000000,0.500000,6.616645,6.616645,0.296527,1,0.000050
0.191600,1.000000,1.000000,0.500000,6.754623,6.754623,0.302276,1,0.000050
0.191650,1.000000,1.000000,0.500000,6.885936,6.885936,0.307747,1,0.000050
0.191700,1.000000,1.000000,0.500000,7.010453,7.010453,0.312936,1,0.000050
0.191750,1.000000,1.000000,0.500000,7.128052,7.128052,0.317836,1,0.000050
0.191800,1.000000,1.000000,0.500000,7.238616,7.238616,0.322442,1,0.000050
0.191850,1.000000,1.000000,0.500000,7.342037,7.342037,0.326752,1,0.000050
0.191900,1.000000,1.000000,0.500000,7.438212,7.438212,0.330759,1,0.000050
0.191950,1.000000,1.000000,0.500000,7.527046,7.527046,0.334460,1,0.000050
0.192000,1.000000,1.000000,0.500000,7.608452,7.608452,0.337852,1,0.000050
0.192050,1.000000,1.000000,0.500000,7.682349,7.682349,0.340931,1,0.000050
0.192100,1.000000,1.000000,0.500000,7.748665,7.748665,0.343694,1,0.000050
0.192150,1.000000,1.000000,0.500000,7.807334,7.807334,0.346139,1,0.000050
0.192200,1.000000,1.000000,0.500000,7.858298,7.858298,0.348262,1,0.000050
0.192250,1.000000,1.000000,0.500000,7.901507,7.901507,0.350063,1,0.000050
0.192300,1.000000,1.000000,0.500000,7.936918,7.936918,0.351538,1,0.000050
0.192350,1.000000,1.000000,0.500000,7.964496,7.964496,0.352687,1,0.000050
0.192400,1.000000,1.000000,0.500000,7.984214,7.984214,0.353509,1,0.000050
0.192450,1.000000,1.000000,0.500000,7.996052,7.996052,0.354002,1,0.000050
0.192500,1.000000,1.000000,0.500000,8.000000,8.000000,0.354167,1,0.000050
0.192550,1.000000,1.000000,0.500000,7.996052,7.996052,0.354002,1,0.000050
0.192600,1.000000,1.000000,0.500000,7.984214,7.984214,0.353509,1,0.000050
0.192650,1.000000,1.000000,0.500000,7.964496,7.964496,0.352687,1,0.000050
0.192700,1.000000,1.000000,0.500000,7.936918,7.936918,0.351538,1,0.000050
0.192750,1.000000,1.000000,0.500000,7.901507,7.901507,0.350063,1,0.000050
0.192800,1.000000,1.000000,0.500000,7.858298,7.858298,0.348262,1,0.000050
0.192850,1.000000,1.000000,0.500000,7.807334,7.807334,0.346139,1,0.000050
0.192900,1.000000,1.000000,0.500000,7.748665,7.748665,0.343694,1,0.000050
0.192950,1.000000,1.000000,0.500000,7.682349,7.682349,0.340931,1,0.000050
0.193000,1.000000,1.000000,0.500000,7.608452,7.608452,0.337852,1,0.000050
0.193050,1.000000,1.000000,0.500000,7.527046,7.527046,0.334460,1,0.000050
0.193100,1.000000,1.000000,0.500000,7.438212,7.438212,0.330759,1,0.000050
0.193150,1.000000,1.000000,0.500000,7.342037,7.342037,0.326752,1,0.000050
0.193200,1.000000,1.000000,0.500000,7.238616,7.238616,0.322442,1,0.000050
0.193250,1.000000,1.000000,0.500000,7.128052,7.128052,0.317836,1,0.000050
0.193300,1.000000,1.000000,0.500000,7.010453,7.010453,0.312936,1,0.000050
0.193350,1.000000,1.000000,0.500000,6.885936,6.885936,0.307747,1,0.000050
0.193400,1.000000,1.000000,0.500000,6.754623,6.754623,0.302276,1,0.000050
0.193450,1.000000,1.000000,0.500000,6.616645,6.616645,0.296527,1,0.000050
0.193500,1.000000,1.000000,0.500000,6.472136,6.472136,0.290506,1,0.000050
0.193550,1.000000,1.000000,0.500000,6.321240,6.321240,0.284218,1,0.000050
0.193600,1.000000,1.000000,0.500000,6.164106,6.164106,0.277671,1,0.000050
0.193650,1.000000,1.000000,0.500000,6.000889,6.000889,0.270870,1,0.000050
0.193700,1.000000,1.000000,0.500000,5.831749,5.831749,0.263823,1,0.000050
0.193750,1.000000,1.000000,0.500000,5.656854,5.656854,0.256536,1,0.000050
0.193800,1.000000,1.000000,0.500000,5.476377,5.476377,0.249016,1,0.000050
0.193850,1.000000,1.000000,0.500000,5.290495,5.290495,0.241271,1,0.000050
0.193900,1.000000,1.000000,0.500000,5.099392,5.099392,0.233308,1,0.000050
0.193950,1.000000,1.000000,0.500000,4.903256,4.903256,0.225136,1,0.000050
0.194000,1.000000,1.000000,0.500000,4.702282,4.702282,0.216762,1,0.000050
0.194050,1.000000,1.000000,0.500000,4.496667,4.496667,0.208194,1,0.000050
0.194100,1.000000,1.000000,0.500000,4.286614,4.286614,0.199442,1,0.000050
0.194150,1.000000,1.000000,0.500000,4.072331,4.072331,0.190514,1,0.000050
0.194200,1.000000,1.000000,0.500000,3.854029,3.854029,0.181418,1,0.000050
0.194250,1.000000,1.000000,0.500000,3.631924,3.631924,0.172163,1,0.000050
0.194300,1.000000,1.000000,0.500000,3.406234,3.406234,0.162760,1,0.000050
0.194350,1.000000,1.000000,0.500000,3.177183,3.177183,0.153216,1,0.000050
0.194400,1.000000,1.000000,0.500000,2.944996,2.944996,0.143542,1,0.000050
0.194450,1.000000,1.000000,0.500000,2.709903,2.709903,0.133746,1,0.000050
0.194500,1.000000,1.000000,0.500000,2.472136,2.472136,0.123839,1,0.000050
0.194550,1.000000,1.000000,0.500000,2.231929,2.231929,0.113830,1,0.000050
0.194600,1.000000,1.000000,0.500000,1.989519,1.989519,0.103730,1,0.000050
0.194650,1.000000,1.000000,0.500000,1.745146,1.745146,0.093548,1,0.000050
0.194700,1.000000,1.000000,0.500000,1.499051,1.499051,0.083294,1,0.000050
0.194750,1.000000,1.000000,0.500000,1.251476,1.251476,0.072978,1,0.000050
0.194800,1.000000,1.000000,0.500000,1.002666,1.002666,0.062611,1,0.000050
0.194850,1.000000,1.000000,0.500000,0.752867,0.752867,0.052203,1,0.000050
0.194900,1.000000,1.000000,0.500000,0.502324,0.502324,0.041764,1,0.000050
0.194950,1.000000,1.000000,0.500000,0.251286,0.251286,0.031304,1,0.000050
0.195000,1.000000,1.000000,0.500000,-0.000000,-0.000000,0.020833,1,0.000050
0.195050,1.000000,1.000000,0.500000,-0.251286,-0.251286,0.010363,1,0.000050
0.195100,1.000000,1.000000,0.500000,-0.502324,-0.502324,-0.000097,1,0.000050
0.195150,1.000000,1.000000,0.500000,-0.752867,-0.752867,-0.010536,1,0.000050
0.195200,1.000000,1.000000,0.500000,-1.002666,-1.002666,-0.020944,1,0.000050
0.195250,1.000000,1.000000,0.500000,-1.251476,-1.251476,-0.031311,1,0.000050
0.195300,1.000000,1.000000,0.500000,-1.499051,-1.499051,-0.041627,1,0.000050
0.195350,1.000000,1.000000,0.500000,-1.745146,-1.745146,-0.051881,1,0.000050
0.195400,1.000000,1.000000,0.500000,-1.989519,-1.989519,-0.062063,1,0.000050
0.195450,1.000000,1.000000,0.500000,-2.231929,-2.231929,-0.072164,1,0.000050
0.195500,1.000000,1.000000,0.500000,-2.472136,-2.472136,-0.082172,1,0.000050
0.195550,1.000000,1.000000,0.500000,-2.709903,-2.709903,-0.092079,1,0.000050
0.195600,1.000000,1.000000,0.500000,-2.944996,-2.944996,-0.101875,1,0.000050
0.195650,1.000000,1.000000,0.500000,-3.177183,-3.177183,-0.111549,1,0.000050
0.195700,1.000000,1.000000,0.500000,-3.406234,-3.406234,-0.121093,1,0.000050
0.195750,1.000000,1.000000,0.500000,-3.631924,-3.631924,-0.130497,1,0.000050
0.195800,1.000000,1.000000,0.500000,-3.854029,-3.854029,-0.139751,1,0.000050
0.195850,1.000000,1.000000,0.500000,-4.072331,-4.072331,-0.148847,1,0.000050
0.195900,1.000000,1.000000,0.500000,-4.286614,-4.286614,-0.157776,1,0.000050
0.195950,1.000000,1.000000,0.500000,-4.496667,-4.496667,-0.166528,1,0.000050
0.196000,1.000000,1.000000,0.500000,-4.702282,-4.702282,-0.175095,1,0.000050
0.196050,1.000000,1.000000,0.500000,-4.903256,-4.903256,-0.183469,1,0.000050
0.196100,1.000000,1.000000,0.500000,-5.099392,-5.099392,-0.191641,1,0.000050
0.196150,1.000000,1.000000,0.500000,-5.290495,-5.290495,-0.199604,1,0.000050
0.196200,1.000000,1.000000,0.500000,-5.476377,-5.476377,-0.207349,1,0.000050
0.196250,1.000000,1.000000,0.500000,-5.656854,-5.656854,-0.214869,1,0.000050
0.196300,1.000000,1.000000,0.500000,-5.831749,-5.831749,-0.222156,1,0.000050
0.196350,1.000000,1.000000,0.500000,-6.000889,-6.000889,-0.229204,1,0.000050
0.196400,1.000000,1.000000,0.500000,-6.164106,-6.164106,-0.236004,1,0.000050
0.196450,1.000000,1.000000,0.500000,-6.321240,-6.321240,-0.242552,1,0.000050
0.196500,1.000000,1.000000,0.500000,-6.472136,-6.472136,-0.248839,1,0.000050
0.196550,1.000000,1.000000,0.500000,-6.616645,-6.616645,-0.254860,1,0.000050
0.196600,1.000000,1.000000,0.500000,-6.754623,-6.754623,-0.260609,1,0.000050
0.196650,1.000000,1.000000,0.500000,-6.885936,-6.885936,-0.266081,1,0.000050
0.196700,1.000000,1.000000,0.500000,-7.010453,-7.010453,-0.271269,1,0.000050
0.196750,1.000000,1.000000,0.500000,-7.128052,-7.128052,-0.276169,1,0.000050
0.196800,1.000000,1.000000,0.500000,-7.238616,-7.238616,-0.280776,1,0.000050
0.196850,1.000000,1.000000,0.500000,-7.342037,-7.342037,-0.285085,1,0.000050
0.196900,1.000000,1.000000,0.500000,-7.438212,-7.438212,-0.289092,1,0.000050
0.196950,1.000000,1.000000,0.500000,-7.527046,-7.527046,-0.292794,1,0.000050
0.197000,1.000000,1.000000,0.500000,-7.608452,-7.608452,-0.296186,1,0.000050
0.197050,1.000000,1.000000,0.500000,-7.682349,-7.682349,-0.299265,1,0.000050
0.197100,1.000000,1.000000,0.500000,-7.748665,-7.748665,-0.302028,1,0.000050
0.197150,1.000000,1.000000,0.500000,-7.807334,-7.807334,-0.304472,1,0.000050
0.197200,1.000000,1.000000,0.500000,-7.858298,-7.858298,-0.306596,1,0.000050
0.197250,1.000000,1.000000,0.500000,-7.901507,-7.901507,-0.308396,1,0.000050
0.197300,1.000000,1.000000,0.500000,-7.936918,-7.936918,-0.309872,1,0.000050
0.197350,1.000000,1.000000,0.500000,-7.964496,-7.964496,-0.311021,1,0.000050
0.197400,1.000000,1.000000,0.500000,-7.984214,-7.984214,-0.311842,1,0.000050
0.197450,1.000000,1.000000,0.500000,-7.996052,-7.996052,-0.312336,1,0.000050
0.197500,1.000000,1.000000,0.500000,-8.000000,-8.000000,-0.312500,1,0.000050
0.197550,1.000000,1.000000,0.500000,-7.996052,-7.996052,-0.312336,1,0.000050
0.197600,1.000000,1.000000,0.500000,-7.984214,-7.984214,-0.311842,1,0.000050
0.197650,1.000000,1.000000,0.500000,-7.964496,-7.964496,-0.311021,1,0.000050
0.197700,1.000000,1.000000,0.500000,-7.936918,-7.936918,-0.309872,1,0.000050
0.197750,1.000000,1.000000,0.500000,-7.901507,-7.901507,-0.308396,1,0.000050
0.197800,1.000000,1.000000,0.500000,-7.858298,-7.858298,-0.306596,1,0.000050
0.197850,1.000000,1.000000,0.500000,-7.807334,-7.807334,-0.304472,1,0.000050
0.197900,1.000000,1.000000,0.500000,-7.748665,-7.748665,-0.302028,1,0.000050
0.197950,1.000000,1.000000,0.500000,-7.682349,-7.682349,-0.299265,1,0.000050
0.198000,1.000000,1.000000,0.500000,-7.608452,-7.608452,-0.296186,1,0.000050
0.198050,1.000000,1.000000,0.500000,-7.527046,-7.527046,-0.292794,1,0.000050
0.198100,1.000000,1.000000,0.500000,-7.438212,-7.438212,-0.289092,1,0.000050
0.198150,1.000000,1.000000,0.500000,-7.342037,-7.342037,-0.285085,1,0.000050
0.198200,1.000000,1.000000,0.500000,-7.238616,-7.238616,-0.280776,1,0.000050
0.198250,1.000000,1.000000,0.500000,-7.128052,-7.128052,-0.276169,1,0.000050
0.198300,1.000000,1.000000,0.500000,-7.010453,-7.010453,-0.271269,1,0.000050
0.198350,1.000000,1.000000,0.500000,-6.885936,-6.885936,-0.266081,1,0.000050
0.198400,1.000000,1.000000,0.500000,-6.754623,-6.754623,-0.260609,1,0.000050
0.198450,1.000000,1.000000,0.500000,-6.616645,-6.616645,-0.254860,1,0.000050
0.198500,1.000000,1.000000,0.500000,-6.472136,-6.472136,-0.248839,1,0.000050
0.198550,1.000000,1.000000,0.500000,-6.321240,-6.321240,-0.242552,1,0.000050
0.198600,1.000000,1.000000,0.500000,-6.164106,-6.164106,-0.236004,1,0.000050
0.198650,1.000000,1.000000,0.500000,-6.000889,-6.000889,-0.229204,1,0.000050
0.198700,1.000000,1.000000,0.500000,-5.831749,-5.831749,-0.222156,1,0.000050
0.198750,1.000000,1.000000,0.500000,-5.656854,-5.656854,-0.214869,1,0.000050
0.198800,1.000000,1.000000,0.500000,-5.476377,-5.476377,-0.207349,1,0.000050
0.198850,1.000000,1.000000,0.500000,-5.290495,-5.290495,-0.199604,1,0.000050
0.198900,1.000000,1.000000,0.500000,-5.099392,-5.099392,-0.191641,1,0.000050
0.198950,1.000000,1.000000,0.500000,-4.903256,-4.903256,-0.183469,1,0.000050
0.199000,1.000000,1.000000,0.500000,-4.702282,-4.702282,-0.175095,1,0.000050
0.199050,1.000000,1.000000,0.500000,-4.496667,-4.496667,-0.166528,1,0.000050
0.199100,1.000000,1.000000,0.500000,-4.286614,-4.286614,-0.157776,1,0.000050
0.199150,1.000000,1.000000,0.500000,-4.072331,-4.072331,-0.148847,1,0.000050
0.199200,1.000000,1.000000,0.500000,-3.854029,-3.854029,-0.139751,1,0.000050
0.199250,1.000000,1.000000,0.500000,-3.631924,-3.631924,-0.130497,1,0.000050
0.199300,1.000000,1.000000,0.500000,-3.406234,-3.406234,-0.121093,1,0.000050
0.199350,1.000000,1.000000,0.500000,-3.177183,-3.177183,-0.111549,1,0.000050
0.199400,1.000000,1.000000,0.500000,-2.944996,-2.944996,-0.101875,1,0.000050
0.199450,1.000000,1.000000,0.500000,-2.709903,-2.709903,-0.092079,1,0.000050
0.199500,1.000000,1.000000,0.500000,-2.472136,-2.472136,-0.082172,1,0.000050
0.199550,1.000000,1.000000,0.500000,-2.231929,-2.231929,-0.072164,1,0.000050
0.199600,1.000000,1.000000,0.500000,-1.989519,-1.989519,-0.062063,1,0.000050
0.199650,1.000000,1.000000,0.500000,-1.745146,-1.745146,-0.051881,1,0.000050
0.199700,1.000000,1.000000,0.500000,-1.499051,-1.499051,-0.041627,1,0.000050
0.199750,1.000000,1.000000,0.500000,-1.251476,-1.251476,-0.031311,1,0.000050
0.199800,1.000000,1.000000,0.500000,-1.002666,-1.002666,-0.020944,1,0.000050
0.199850,1.000000,1.000000,0.500000,-0.752867,-0.752867,-0.010536,1,0.000050
0.199900,1.000000,1.000000,0.500000,-0.502324,-0.502324,-0.000097,1,0.000050
0.199950,1.000000,1.000000,0.500000,-0.251286,-0.251286,0.010363,1,0.000050
0.200000,1.000000,1.000000,0.500000,0.000000,0.000000,0.020833,1,0.000050
0.200050,1.000000,1.000000,0.500000,0.251286,0.251286,0.031304,1,0.000050
0.200100,1.000000,1.000000,0.500000,0.502324,0.502324,0.041764,1,0.000050
0.200150,1.000000,1.000000,0.500000,0.752867,0.752867,0.052203,1,0.000050
0.200200,1.000000,1.000000,0.500000,1.002666,1.002666,0.062611,1,0.000050
0.200250,1.000000,1.000000,0.500000,1.251476,1.251476,0.072978,1,0.000050
0.200300,1.000000,1.000000,0.500000,1.499051,1.499051,0.083294,1,0.000050
0.200350,1.000000,1.000000,0.500000,1.745146,1.745146,0.093548,1,0.000050
0.200400,1.000000,1.000000,0.500000,1.989519,1.989519,0.103730,1,0.000050
0.200450,1.000000,1.000000,0.500000,2.231929,2.231929,0.113830,1,0.000050
0.200500,1.000000,1.000000,0.500000,2.472136,2.472136,0.123839,1,0.000050
0.200550,1.000000,1.000000,0.500000,2.709903,2.709903,0.133746,1,0.000050
0.200600,1.000000,1.000000,0.500000,2.944996,2.944996,0.143542,1,0.000050
0.200650,1.000000,1.000000,0.500000,3.177183,3.177183,0.153216,1,0.000050
0.200700,1.000000,1.000000,0.500000,3.406234,3.406234,0.162760,1,0.000050
0.200750,1.000000,1.000000,0.500000,3.631924,3.631924,0.172163,1,0.000050
0.200800,1.000000,1.000000,0.500000,3.854029,3.854029,0.181418,1,0.000050
0.200850,1.000000,1.000000,0.500000,4.072331,4.072331,0.190514,1,0.000050
0.200900,1.000000,1.000000,0.500000,4.286614,4.286614,0.199442,1,0.000050
0.200950,1.000000,1.000000,0.500000,4.496667,4.496667,0.208194,1,0.000050
0.201000,1.000000,1.000000,0.500000,4.702282,4.702282,0.216762,1,0.000050
0.201050,1.000000,1.000000,0.500000,4.903256,4.903256,0.225136,1,0.000050
0.201100,1.000000,1.000000,0.500000,5.099392,5.099392,0.233308,1,0.000050
0.201150,1.000000,1.000000,0.500000,5.290495,5.290495,0.241271,1,0.000050
0.201200,1.000000,1.000000,0.500000,5.476377,5.476377,0.249016,1,0.000050
0.201250,1.000000,1.000000,0.500000,5.656854,5.656854,0.256536,1,0.000050
0.201300,1.000000,1.000000,0.500000,5.831749,5.831749,0.263823,1,0.000050
0.201350,1.000000,1.000000,0.500000,6.000889,6.000889,0.270870,1,0.000050
0.201400,1.000000,1.000000,0.500000,6.164106,6.164106,0.277671,1,0.000050
0.201450,1.000000,1.000000,0.500000,6.321240,6.321240,0.284218,1,0.000050
0.201500,1.000000,1.000000,0.500000,6.472136,6.472136,0.290506,1,0.000050
0.201550,1.000000,1.000000,0.500000,6.616645,6.616645,0.296527,1,0.000050
0.201600,1.000000,1.000000,0.500000,6.754623,6.754623,0.302276,1,0.000050
0.201650,1.000000,1.000000,0.500000,6.885936,6.885936,0.307747,1,0.000050
0.201700,1.000000,1.000000,0.500000,7.010453,7.010453,0.312936,1,0.000050
0.201750,1.000000,1.000000,0.500000,7.128052,7.128052,0.317836,1,0.000050
0.201800,1.000000,1.000000,0.500000,7.238616,7.238616,0.322442,1,0.000050
0.201850,1.000000,1.000000,0.500000,7.342037,7.342037,0.326752,1,0.000050
0.201900,1.000000,1.000000,0.500000,7.438212,7.438212,0.330759,1,0.000050
0.201950,1.000000,1.000000,0.500000,7.527046,7.527046,0.334460,1,0.000050
0.202000,1.000000,1.000000,0.500000,7.608452,7.608452,0.337852,1,0.000050
0.202050,1.000000,1.000000,0.500000,7.682349,7.682349,0.340931,1,0.000050
0.202100,1.000000,1.000000,0.500000,7.748665,7.748665,0.343694,1,0.000050
0.202150,1.000000,1.000000,0.500000,7.807334,7.807334,0.346139,1,0.000050
0.202200,1.000000,1.000000,0.500000,7.858298,7.858298,0.348262,1,0.000050
0.202250,1.000000,1.000000,0.500000,7.901507,7.901507,0.350063,1,0.000050
0.202300,1.000000,1.000000,0.500000,7.936918,7.936918,0.351538,1,0.000050
0.202350,1.000000,1.000000,0.500000,7.964496,7.964496,0.352687,1,0.000050
0.202400,1.000000,1.000000,0.500000,7.984214,7.984214,0.353509,1,0.000050
0.202450,1.000000,1.000000,0.500000,7.996052,7.996052,0.354002,1,0.000050
0.202500,1.000000,1.000000,0.500000,8.000000,8.000000,0.354167,1,0.000050
0.202550,1.000000,1.000000,0.500000,7.996052,7.996052,0.354002,1,0.000050
0.202600,1.000000,1.000000,0.500000,7.984214,7.984214,0.353509,1,0.000050
0.202650,1.000000,1.000000,0.500000,7.964496,7.964496,0.352687,1,0.000050
0.202700,1.000000,1.000000,0.500000,7.936918,7.936918,0.351538,1,0.000050
0.202750,1.000000,1.000000,0.500000,7.901507,7.901507,0.350063,1,0.000050
0.202800,1.000000,1.000000,0.500000,7.858298,7.858298,0.348262,1,0.000050
0.202850,1.000000,1.000000,0.500000,7.807334,7.807334,0.346139,1,0.000050
0.202900,1.000000,1.000000,0.500000,7.748665,7.748665,0.343694,1,0.000050
0.202950,1.000000,1.000000,0.500000,7.682349,7.682349,0.340931,1,0.000050
0.203000,1.000000,1.000000,0.500000,7.608452,7.608452,0.337852,1,0.000050
0.203050,1.000000,1.000000,0.500000,7.527046,7.527046,0.334460,1,0.000050
0.203100,1.000000,1.000000,0.500000,7.438212,7.438212,0.330759,1,0.000050
0.203150,1.000000,1.000000,0.500000,7.342037,7.342037,0.326752,1,0.000050
0.203200,1.000000,1.000000,0.500000,7.238616,7.238616,0.322442,1,0.000050
0.203250,1.000000,1.000000,0.500000,7.128052,7.128052,0.317836,1,0.000050
0.203300,1.000000,1.000000,0.500000,7.010453,7.010453,0.312936,1,0.000050
0.203350,1.000000,1.000000,0.500000,6.885936,6.885936,0.307747,1,0.000050
0.203400,1.000000,1.000000,0.500000,6.754623,6.754623,0.302276,1,0.000050
0.203450,1.000000,1.000000,0.500000,6.616645,6.616645,0.296527,1,0.000050
0.203500,1.000000,1.000000,0.500000,6.472136,6.472136,0.290506,1,0.000050
0.203550,1.000000,1.000000,0.500000,6.321240,6.321240,0.284218,1,0.000050
0.203600,1.000000,1.000000,0.500000,6.164106,6.164106,0.277671,1,0.000050
0.203650,1.000000,1.000000,0.500000,6.000889,6.000889,0.270870,1,0.000050
0.203700,1.000000,1.000000,0.500000,5.831749,5.831749,0.263823,1,0.000050
0.203750,1.000000,1.000000,0.500000,5.656854,5.656854,0.256536,1,0.000050
0.203800,1.000000,1.000000,0.500000,5.476377,5.476377,0.249016,1,0.000050
0.203850,1.000000,1.000000,0.500000,5.290495,5.290495,0.241271,1,0.000050
0.203900,1.000000,1.000000,0.500000,5.099392,5.099392,0.233308,1,0.000050
0.203950,1.000000,1.000000,0.500000,4.903256,4.903256,0.225136,1,0.000050
0.204000,1.000000,1.000000,0.500000,4.702282,4.702282,0.216762,1,0.000050
0.204050,1.000000,1.000000,0.500000,4.496667,4.496667,0.208194,1,0.000050
0.204100,1.000000,1.000000,0.500000,4.286614,4.286614,0.199442,1,0.000050
0.204150,1.000000,1.000000,0.500000,4.072331,4.072331,0.190514,1,0.000050
0.204200,1.000000,1.000000,0.500000,3.854029,3.854029,0.181418,1,0.000050
0.204250,1.000000,1.000000,0.500000,3.631924,3.631924,0.172163,1,0.000050
0.204300,1.000000,1.000000,0.500000,3.406234,3.406234,0.162760,1,0.000050
0.204350,1.000000,1.000000,0.500000,3.177183,3.177183,0.153216,1,0.000050
0.204400,1.000000,1.000000,0.500000,2.944996,2.944996,0.143542,1,0.000050
0.204450,1.000000,1.000000,0.500000,2.709903,2.709903,0.133746,1,0.000050
0.204500,1.000000,1.000000,0.500000,2.472136,2.472136,0.123839,1,0.000050
0.204550,1.000000,1.000000,0.500000,2.231929,2.231929,0.113830,1,0.000050
0.204600,1.000000,1.000000,0.500000,1.989519,1.989519,0.103730,1,0.000050
0.204650,1.000000,1.000000,0.500000,1.745146,1.745146,0.093548,1,0.000050
0.204700,1.000000,1.000000,0.500000,1.499051,1.499051,0.083294,1,0.000050
0.204750,1.000000,1.000000,0.500000,1.251476,1.251476,0.072978,1,0.000050
0.204800,1.000000,1.000000,0.500000,1.002666,1.002666,0.062611,1,0.000050
0.204850,1.000000,1.000000,0.500000,0.752867,0.752867,0.052203,1,0.000050
0.204900,1.000000,1.000000,0.500000,0.502324,0.502324,0.041764,1,0.000050
0.204950,1.000000,1.000000,0.500000,0.251286,0.251286,0.031304,1,0.000050
0.205000,1.000000,1.000000,0.500000,-0.000000,-0.000000,0.020833,1,0.000050
0.205050,1.000000,1.000000,0.500000,-0.251286,-0.251286,0.010363,1,0.000050
0.205100,1.000000,1.000000,0.500000,-0.502324,-0.502324,-0.000097,1,0.000050
0.205150,1.000000,1.000000,0.500000,-0.752867,-0.752867,-0.010536,1,0.000050
0.205200,1.000000,1.000000,0.500000,-1.002666,-1.002666,-0.020944,1,0.000050
0.205250,1.000000,1.000000,0.500000,-1.251476,-1.251476,-0.031311,1,0.000050
0.205300,1.000000,1.000000,0.500000,-1.499051,-1.499051,-0.041627,1,0.000050
0.205350,1.000000,1.000000,0.500000,-1.745146,-1.745146,-0.051881,1,0.000050
0.205400,1.000000,1.000000,0.500000,-1.989519,-1.989519,-0.062063,1,0.000050
0.205450,1.000000,1.000000,0.500000,-2.231929,-2.231929,-0.072164,1,0.000050
0.205500,1.000000,1.000000,0.500000,-2.472136,-2.472136,-0.082172,1,0.000050
0.205550,1.000000,1.000000,0.500000,-2.709903,-2.709903,-0.092079,1,0.000050
0.205600,1.000000,1.000000,0.500000,-2.944996,-2.944996,-0.101875,1,0.000050
0.205650,1.000000,1.000000,0.500000,-3.177183,-3.177183,-0.111549,1,0.000050
0.205700,1.000000,1.000000,0.500000,-3.406234,-3.406234,-0.121093,1,0.000050
0.205750,1.000000,1.000000,0.500000,-3.631924,-3.631924,-0.130497,1,0.000050
0.205800,1.000000,1.000000,0.500000,-3.854029,-3.854029,-0.139751,1,0.000050
0.205850,1.000000,1.000000,0.500000,-4.072331,-4.072331,-0.148847,1,0.000050
0.205900,1.000000,1.000000,0.500000,-4.286614,-4.286614,-0.157776,1,0.000050
0.205950,1.000000,1.000000,0.500000,-4.496667,-4.496667,-0.166528,1,0.000050
0.206000,1.000000,1.000000,0.500000,-4.702282,-4.702282,-0.175095,1,0.000050
0.206050,1.000000,1.000000,0.500000,-4.903256,-4.903256,-0.183469,1,0.000050
0.206100,1.000000,1.000000,0.500000,-5.099392,-5.099392,-0.191641,1,0.000050
0.206150,1.000000,1.000000,0.500000,-5.290495,-5.290495,-0.199604,1,0.000050
0.206200,1.000000,1.000000,0.500000,-5.476377,-5.476377,-0.207349,1,0.000050
0.206250,1.000000,1.000000,0.500000,-5.656854,-5.656854,-0.214869,1,0.000050
0.206300,1.000000,1.000000,0.500000,-5.831749,-5.831749,-0.222156,1,0.000050
0.206350,1.000000,1.000000,0.500000,-6.000889,-6.000889,-0.229204,1,0.000050
0.206400,1.000000,1.000000,0.500000,-6.164106,-6.164106,-0.236004,1,0.000050
0.206450,1.000000,1.000000,0.500000,-6.321240,-6.321240,-0.242552,1,0.000050
0.206500,1.000000,1.000000,0.500000,-6.472136,-6.472136,-0.248839,1,0.000050
0.206550,1.000000,1.000000,0.500000,-6.616645,-6.616645,-0.254860,1,0.000050
0.206600,1.000000,1.000000,0.500000,-6.754623,-6.754623,-0.260609,1,0.000050
0.206650,1.000000,1.000000,0.500000,-6.885936,-6.885936,-0.266081,1,0.000050
0.206700,1.000000,1.000000,0.500000,-7.010453,-7.010453,-0.271269,1,0.000050
0.206750,1.000000,1.000000,0.500000,-7.128052,-7.128052,-0.276169,1,0.000050
0.206800,1.000000,1.000000,0.500000,-7.238616,-7.238616,-0.280776,1,0.000050
0.206850,1.000000,1.000000,0.500000,-7.342037,-7.342037,-0.285085,1,0.000050
0.206900,1.000000,1.000000,0.500000,-7.438212,-7.438212,-0.289092,1,0.000050
0.206950,1.000000,1.000000,0.500000,-7.527046,-7.527046,-0.292794,1,0.000050
0.207000,1.000000,1.000000,0.500000,-7.608452,-7.608452,-0.296186,1,0.000050
0.207050,1.000000,1.000000,0.500000,-7.682349,-7.682349,-0.299265,1,0.000050
0.207100,1.000000,1.000000,0.500000,-7.748665,-7.748665,-0.302028,1,0.000050
0.207150,1.000000,1.000000,0.500000,-7.807334,-7.807334,-0.304472,1,0.000050
0.207200,1.000000,1.000000,0.500000,-7.858298,-7.858298,-0.306596,1,0.000050
0.207250,1.000000,1.000000,0.500000,-7.901507,-7.901507,-0.308396,1,0.000050
0.207300,1.000000,1.000000,0.500000,-7.936918,-7.936918,-0.309872,1,0.000050
0.207350,1.000000,1.000000,0.500000,-7.964496,-7.964496,-0.311021,1,0.000050
0.207400,1.000000,1.000000,0.500000,-7.984214,-7.984214,-0.311842,1,0.000050
0.207450,1.000000,1.000000,0.500000,-7.996052,-7.996052,-0.312336,1,0.000050
0.207500,1.000000,1.000000,0.500000,-8.000000,-8.000000,-0.312500,1,0.000050
0.207550,1.000000,1.000000,0.500000,-7.996052,-7.996052,-0.312336,1,0.000050
0.207600,1.000000,1.000000,0.500000,-7.984214,-7.984214,-0.311842,1,0.000050
0.207650,1.000000,1.000000,0.500000,-7.964496,-7.964496,-0.311021,1,0.000050
0.207700,1.000000,1.000000,0.500000,-7.936918,-7.936918,-0.309872,1,0.000050
0.207750,1.000000,1.000000,0.500000,-7.901507,-7.901507,-0.308396,1,0.000050
0.207800,1.000000,1.000000,0.500000,-7.858298,-7.858298,-0.306596,1,0.000050
0.207850,1.000000,1.000000,0.500000,-7.807334,-7.807334,-0.304472,1,0.000050
0.207900,1.000000,1.000000,0.500000,-7.748665,-7.748665,-0.302028,1,0.000050
0.207950,1.000000,1.000000,0.500000,-7.682349,-7.682349,-0.299265,1,0.000050
0.208000,1.000000,1.000000,0.500000,-7.608452,-7.608452,-0.296186,1,0.000050
0.208050,1.000000,1.000000,0.500000,-7.527046,-7.527046,-0.292794,1,0.000050
0.208100,1.000000,1.000000,0.500000,-7.438212,-7.438212,-0.289092,1,0.000050
0.208150,1.000000,1.000000,0.500000,-7.342037,-7.342037,-0.285085,1,0.000050
0.208200,1.000000,1.000000,0.500000,-7.238616,-7.238616,-0.280776,1,0.000050
0.208250,1.000000,1.000000,0.500000,-7.128052,-7.128052,-0.276169,1,0.000050
0.208300,1.000000,1.000000,0.500000,-7.010453,-7.010453,-0.271269,1,0.000050
0.208350,1.000000,1.000000,0.500000,-6.885936,-6.885936,-0.266081,1,0.000050
0.208400,1.000000,1.000000,0.500000,-6.754623,-6.754623,-0.260609,1,0.000050
0.208450,1.000000,1.000000,0.500000,-6.616645,-6.616645,-0.254860,1,0.000050
0.208500,1.000000,1.000000,0.500000,-6.472136,-6.472136,-0.248839,1,0.000050
0.208550,1.000000,1.000000,0.500000,-6.321240,-6.321240,-0.242552,1,0.000050
0.208600,1.000000,1.000000,0.500000,-6.164106,-6.164106,-0.236004,1,0.000050
0.208650,1.000000,1.000000,0.500000,-6.000889,-6.000889,-0.229204,1,0.000050
0.208700,1.000000,1.000000,0.500000,-5.831749,-5.831749,-0.222156,1,0.000050
0.208750,1.000000,1.000000,0.500000,-5.656854,-5.656854,-0.214869,1,0.000050
0.208800,1.000000,1.000000,0.500000,-5.476377,-5.476377,-0.207349,1,0.000050
0.208850,1.000000,1.000000,0.500000,-5.290495,-5.290495,-0.199604,1,0.000050
0.208900,1.000000,1.000000,0.500000,-5.099392,-5.099392,-0.191641,1,0.000050
0.208950,1.000000,1.000000,0.500000,-4.903256,-4.903256,-0.183469,1,0.000050
0.209000,1.000000,1.000000,0.500000,-4.702282,-4.702282,-0.175095,1,0.000050
0.209050,1.000000,1.000000,0.500000,-4.496667,-4.496667,-0.166528,1,0.000050
0.209100,1.000000,1.000000,0.500000,-4.286614,-4.286614,-0.157776,1,0.000050
0.209150,1.000000,1.000000,0.500000,-4.072331,-4.072331,-0.148847,1,0.000050
0.209200,1.000000,1.000000,0.500000,-3.854029,-3.854029,-0.139751,1,0.000050
0.209250,1.000000,1.000000,0.500000,-3.631924,-3.631924,-0.130497,1,0.000050
0.209300,1.000000,1.000000,0.500000,-3.406234,-3.406234,-0.121093,1,0.000050
0.209350,1.000000,1.000000,0.500000,-3.177183,-3.177183,-0.111549,1,0.000050
0.209400,1.000000,1.000000,0.500000,-2.944996,-2.944996,-0.101875,1,0.000050
0.209450,1.000000,1.000000,0.500000,-2.709903,-2.709903,-0.092079,1,0.000050
0.209500,1.000000,1.000000,0.500000,-2.472136,-2.472136,-0.082172,1,0.000050
0.209550,1.000000,1.000000,0.500000,-2.231929,-2.231929,-0.072164,1,0.000050
0.209600,1.000000,1.000000,0.500000,-1.989519,-1.989519,-0.062063,1,0.000050
0.209650,1.000000,1.000000,0.500000,-1.745146,-1.745146,-0.051881,1,0.000050
0.209700,1.000000,1.000000,0.500000,-1.499051,-1.499051,-0.041627,1,0.000050
0.209750,1.000000,1.000000,0.500000,-1.251476,-1.251476,-0.031311,1,0.000050
0.209800,1.000000,1.000000,0.500000,-1.002666,-1.002666,-0.020944,1,0.000050
0.209850,1.000000,1.000000,0.500000,-0.752867,-0.752867,-0.010536,1,0.000050
0.209900,1.000000,1.000000,0.500000,-0.502324,-0.502324,-0.000097,1,0.000050
0.209950,1.000000,1.000000,0.500000,-0.251286,-0.251286,0.010363,1,0.000050
0.210000,1.000000,1.000000,0.500000,0.000000,0.000000,0.020833,1,0.000050
0.210050,1.000000,1.000000,0.500000,0.251286,0.251286,0.031304,1,0.000050
0.210100,1.000000,1.000000,0.500000,0.502324,0.502324,0.041764,1,0.000050
0.210150,1.000000,1.000000,0.500000,0.752867,0.752867,0.052203,1,0.000050
0.210200,1.000000,1.000000,0.500000,1.002666,1.002666,0.062611,1,0.000050
0.210250,1.000000,1.000000,0.500000,1.251476,1.251476,0.072978,1,0.000050
0.210300,1.000000,1.000000,0.500000,1.499051,1.499051,0.083294,1,0.000050
0.210350,1.000000,1.000000,0.500000,1.745146,1.745146,0.093548,1,0.000050
0.210400,1.000000,1.000000,0.500000,1.989519,1.989519,0.103730,1,0.000050
0.210450,1.000000,1.000000,0.500000,2.231929,2.231929,0.113830,1,0.000050
0.210500,1.000000,1.000000,0.500000,2.472136,2.472136,0.123839,1,0.000050
0.210550,1.000000,1.000000,0.500000,2.709903,2.709903,0.133746,1,0.000050
0.210600,1.000000,1.000000,0.500000,2.944996,2.944996,0.143542,1,0.000050
0.210650,1.000000,1.000000,0.500000,3.177183,3.177183,0.153216,1,0.000050
0.210700,1.000000,1.000000,0.500000,3.406234,3.406234,0.162760,1,0.000050
0.210750,1.000000,1.000000,0.500000,3.631924,3.631924,0.172163,1,0.000050
0.210800,1.000000,1.000000,0.500000,3.854029,3.854029,0.181418,1,0.000050
0.210850,1.000000,1.000000,0.500000,4.072331,4.072331,0.190514,1,0.000050
0.210900,1.000000,1.000000,0.500000,4.286614,4.286614,0.199442,1,0.000050
0.210950,1.000000,1.000000,0.500000,4.496667,4.496667,0.208194,1,0.000050
0.211000,1.000000,1.000000,0.500000,4.702282,4.702282,0.216762,1,0.000050
0.211050,1.000000,1.000000,0.500000,4.903256,4.903256,0.225136,1,0.000050
0.211100,1.000000,1.000000,0.500000,5.099392,5.099392,0.233308,1,0.000050
0.211150,1.000000,1.000000,0.500000,5.290495,5.290495,0.241271,1,0.000050
0.211200,1.000000,1.000000,0.500000,5.476377,5.476377,0.249016,1,0.000050
0.211250,1.000000,1.000000,0.500000,5.656854,5.656854,0.256536,1,0.000050
0.211300,1.000000,1.000000,0.500000,5.831749,5.831749,0.263823,1,0.000050
0.211350,1.000000,1.000000,0.500000,6.000889,6.000889,0.270870,1,0.000050
0.211400,1.000000,1.000000,0.500000,6.164106,6.164106,0.277671,1,0.000050
0.211450,1.000000,1.000000,0.500000,6.321240,6.321240,0.284218,1,0.000050
0.211500,1.000000,1.000000,0.500000,6.472136,6.472136,0.290506,1,0.000050
0.211550,1.000000,1.000000,0.500000,6.616645,6.616645,0.296527,1,0.000050
0.211600,1.000000,1.000000,0.500000,6.754623,6.754623,0.302276,1,0.000050
0.211650,1.000000,1.000000,0.500000,6.885936,6.885936,0.307747,1,0.000050
0.211700,1.000000,1.000000,0.500000,7.010453,7.010453,0.312936,1,0.000050
0.211750,1.000000,1.000000,0.500000,7.128052,7.128052,0.317836,1,0.000050
0.211800,1.000000,1.000000,0.500000,7.238616,7.238616,0.322442,1,0.000050
0.211850,1.000000,1.000000,0.500000,7.342037,7.342037,0.326752,1,0.000050
0.211900,1.000000,1.000000,0.500000,7.438212,7.438212,0.330759,1,0.000050
0.211950,1.000000,1.000000,0.500000,7.527046,7.527046,0.334460,1,0.000050
0.212000,1.000000,1.000000,0.500000,7.608452,7.608452,0.337852,1,0.000050
0.212050,1.000000,1.000000,0.500000,7.682349,7.682349,0.340931,1,0.000050
0.212100,1.000000,1.000000,0.500000,7.748665,7.748665,0.343694,1,0.000050
0.212150,1.000000,1.000000,0.500000,7.807334,7.807334,0.346139,1,0.000050
0.212200,1.000000,1.000000,0.500000,7.858298,7.858298,0.348262,1,0.000050
0.212250,1.000000,1.000000,0.500000,7.901507,7.901507,0.350063,1,0.000050
0.212300,1.000000,1.000000,0.500000,7.936918,7.936918,0.351538,1,0.000050
0.212350,1.000000,1.000000,0.500000,7.964496,7.964496,0.352687,1,0.000050
0.212400,1.000000,1.000000,0.500000,7.984214,7.984214,0.353509,1,0.000050
0.212450,1.000000,1.000000,0.500000,7.996052,7.996052,0.354002,1,0.000050
0.212500,1.000000,1.000000,0.500000,8.000000,8.000000,0.354167,1,0.000050
0.212550,1.000000,1.000000,0.500000,7.996052,7.996052,0.354002,1,0.000050
0.212600,1.000000,1.000000,0.500000,7.984214,7.984214,0.353509,1,0.000050
0.212650,1.000000,1.000000,0.500000,7.964496,7.964496,0.352687,1,0.000050
0.212700,1.000000,1.000000,0.500000,7.936918,7.936918,0.351538,1,0.000050
0.212750,1.000000,1.000000,0.500000,7.901507,7.901507,0.350063,1,0.000050
0.212800,1.000000,1.000000,0.500000,7.858298,7.858298,0.348262,1,0.000050
0.212850,1.000000,1.000000,0.500000,7.807334,7.807334,0.346139,1,0.000050
0.212900,1.000000,1.000000,0.500000,7.748665,7.748665,0.343694,1,0.000050
0.212950,1.000000,1.000000,0.500000,7.682349,7.682349,0.340931,1,0.000050
0.213000,1.000000,1.000000,0.500000,7.608452,7.608452,0.337852,1,0.000050
0.213050,1.000000,1.000000,0.500000,7.527046,7.527046,0.334460,1,0.000050
0.213100,1.000000,1.000000,0.500000,7.438212,7.438212,0.330759,1,0.000050
0.213150,1.000000,1.000000,0.500000,7.342037,7.342037,0.326752,1,0.000050
0.213200,1.000000,1.000000,0.500000,7.238616,7.238616,0.322442,1,0.000050
0.213250,1.000000,1.000000,0.500000,7.128052,7.128052,0.317836,1,0.000050
0.213300,1.000000,1.000000,0.500000,7.010453,7.010453,0.312936,1,0.000050
0.213350,1.000000,1.000000,0.500000,6.885936,6.885936,0.307747,1,0.000050
0.213400,1.000000,1.000000,0.500000,6.754623,6.754623,0.302276,1,0.000050
0.213450,1.000000,1.000000,0.500000,6.616645,6.616645,0.296527,1,0.000050
0.213500,1.000000,1.000000,0.500000,6.472136,6.472136,0.290506,1,0.000050
0.213550,1.000000,1.000000,0.500000,6.321240,6.321240,0.284218,1,0.000050
0.213600,1.000000,1.000000,0.500000,6.164106,6.164106,0.277671,1,0.000050
0.213650,1.000000,1.000000,0.500000,6.000889,6.000889,0.270870,1,0.000050
0.213700,1.000000,1.000000,0.500000,5.831749,5.831749,0.263823,1,0.000050
0.213750,1.000000,1.000000,0.500000,5.656854,5.656854,0.256536,1,0.000050
0.213800,1.000000,1.000000,0.500000,5.476377,5.476377,0.249016,1,0.000050
0.213850,1.000000,1.000000,0.500000,5.290495,5.290495,0.241271,1,0.000050
0.213900,1.000000,1.000000,0.500000,5.099392,5.099392,0.233308,1,0.000050
0.213950,1.000000,1.000000,0.500000,4.903256,4.903256,0.225136,1,0.000050
0.214000,1.000000,1.000000,0.500000,4.702282,4.702282,0.216762,1,0.000050
0.214050,1.000000,1.000000,0.500000,4.496667,4.496667,0.208194,1,0.000050
0.214100,1.000000,1.000000,0.500000,4.286614,4.286614,0.199442,1,0.000050
0.214150,1.000000,1.000000,0.500000,4.072331,4.072331,0.190514,1,0.000050
0.214200,1.000000,1.000000,0.500000,3.854029,3.854029,0.181418,1,0.000050
0.214250,1.000000,1.000000,0.500000,3.631924,3.631924,0.172163,1,0.000050
0.214300,1.000000,1.000000,0.500000,3.406234,3.406234,0.162760,1,0.000050
0.214350,1.000000,1.000000,0.500000,3.177183,3.177183,0.153216,1,0.000050
0.214400,1.000000,1.000000,0.500000,2.944996,2.944996,0.143542,1,0.000050
0.214450,1.000000,1.000000,0.500000,2.709903,2.709903,0.133746,1,0.000050
0.214500,1.000000,1.000000,0.500000,2.472136,2.472136,0.123839,1,0.000050
0.214550,1.000000,1.000000,0.500000,2.231929,2.231929,0.113830,1,0.000050
0.214600,1.000000,1.000000,0.500000,1.989519,1.989519,0.103730,1,0.000050
0.214650,1.000000,1.000000,0.500000,1.745146,1.745146,0.093548,1,0.000050
0.214700,1.000000,1.000000,0.500000,1.499051,1.499051,0.083294,1,0.000050
0.214750,1.000000,1.000000,0.500000,1.251476,1.251476,0.072978,1,0.000050
0.214800,1.000000,1.000000,0.500000,1.002666,1.002666,0.062611,1,0.000050
0.214850,1.000000,1.000000,0.500000,0.752867,0.752867,0.052203,1,0.000050
0.214900,1.000000,1.000000,0.500000,0.502324,0.502324,0.041764,1,0.000050
0.214950,1.000000,1.000000,0.500000,0.251286,0.251286,0.031304,1,0.000050
0.215000,1.000000,1.000000,0.500000,0.000000,0.000000,0.020833,1,0.000050
0.215050,1.000000,1.000000,0.500000,-0.251286,-0.251286,0.010363,1,0.000050
0.215100,1.000000,1.000000,0.500000,-0.502324,-0.502324,-0.000097,1,0.000050
0.215150,1.000000,1.000000,0.500000,-0.752867,-0.752867,-0.010536,1,0.000050
0.215200,1.000000,1.000000,0.500000,-1.002666,-1.002666,-0.020944,1,0.000050
0.215250,1.000000,1.000000,0.500000,-1.251476,-1.251476,-0.031311,1,0.000050
0.215300,1.000000,1.000000,0.500000,-1.499051,-1.499051,-0.041627,1,0.000050
0.215350,1.000000,1.000000,0.500000,-1.745146,-1.745146,-0.051881,1,0.000050
0.215400,1.000000,1.000000,0.500000,-1.989519,-1.989519,-0.062063,1,0.000050
0.215450,1.000000,1.000000,0.500000,-2.231929,-2.231929,-0.072164,1,0.000050
0.215500,1.000000,1.000000,0.500000,-2.472136,-2.472136,-0.082172,1,0.000050
0.215550,1.000000,1.000000,0.500000,-2.709903,-2.709903,-0.092079,1,0.000050
0.215600,1.000000,1.000000,0.500000,-2.944996,-2.944996,-0.101875,1,0.000050
0.215650,1.000000,1.000000,0.500000,-3.177183,-3.177183,-0.111549,1,0.000050
0.215700,1.000000,1.000000,0.500000,-3.406234,-3.406234,-0.121093,1,0.000050
0.215750,1.000000,1.000000,0.500000,-3.631924,-3.631924,-0.130497,1,0.000050
0.215800,1.000000,1.000000,0.500000,-3.854029,-3.854029,-0.139751,1,0.000050
0.215850,1.000000,1.000000,0.500000,-4.072331,-4.072331,-0.148847,1,0.000050
0.215900,1.000000,1.000000,0.500000,-4.286614,-4.286614,-0.157776,1,0.000050
0.215950,1.000000,1.000000,0.500000,-4.496667,-4.496667,-0.166528,1,0.000050
0.216000,1.000000,1.000000,0.500000,-4.702282,-4.702282,-0.175095,1,0.000050
0.216050,1.000000,1.000000,0.500000,-4.903256,-4.903256,-0.183469,1,0.000050
0.216100,1.000000,1.000000,0.500000,-5.099392,-5.099392,-0.191641,1,0.000050
0.216150,1.000000,1.000000,0.500000,-5.290495,-5.290495,-0.199604,1,0.000050
0.216200,1.000000,1.000000,0.500000,-5.476377,-5.476377,-0.207349,1,0.000050
0.216250,1.000000,1.000000,0.500000,-5.656854,-5.656854,-0.214869,1,0.000050
0.216300,1.000000,1.000000,0.500000,-5.831749,-5.831749,-0.222156,1,0.000050
0.216350,1.000000,1.000000,0.500000,-6.000889,-6.000889,-0.229204,1,0.000050
0.216400,1.000000,1.000000,0.500000,-6.164106,-6.164106,-0.236004,1,0.000050
0.216450,1.000000,1.000000,0.500000,-6.321240,-6.321240,-0.242552,1,0.000050
0.216500,1.000000,1.000000,0.500000,-6.472136,-6.472136,-0.248839,1,0.000050
0.216550,1.000000,1.000000,0.500000,-6.616645,-6.616645,-0.254860,1,0.000050
0.216600,1.000000,1.000000,0.500000,-6.754623,-6.754623,-0.260609,1,0.000050
0.216650,1.000000,1.000000,0.500000,-6.885936,-6.885936,-0.266081,1,0.000050
0.216700,1.000000,1.000000,0.500000,-7.010453,-7.010453,-0.271269,1,0.000050
0.216750,1.000000,1.000000,0.500000,-7.128052,-7.128052,-0.276169,1,0.000050
0.216800,1.000000,1.000000,0.500000,-7.238616,-7.238616,-0.280776,1,0.000050
0.216850,1.000000,1.000000,0.500000,-7.342037,-7.342037,-0.285085,1,0.000050
0.216900,1.000000,1.000000,0.500000,-7.438212,-7.438212,-0.289092,1,0.000050
0.216950,1.000000,1.000000,0.500000,-7.527046,-7.527046,-0.292794,1,0.000050
0.217000,1.000000,1.000000,0.500000,-7.608452,-7.608452,-0.296186,1,0.000050
0.217050,1.000000,1.000000,0.500000,-7.682349,-7.682349,-0.299265,1,0.000050
0.217100,1.000000,1.000000,0.500000,-7.748665,-7.748665,-0.302028,1,0.000050
0.217150,1.000000,1.000000,0.500000,-7.807334,-7.807334,-0.304472,1,0.000050
0.217200,1.000000,1.000000,0.500000,-7.858298,-7.858298,-0.306596,1,0.000050
0.217250,1.000000,1.000000,0.500000,-7.901507,-7.901507,-0.308396,1,0.000050
0.217300,1.000000,1.000000,0.500000,-7.936918,-7.936918,-0.309872,1,0.000050
0.217350,1.000000,1.000000,0.500000,-7.964496,-7.964496,-0.311021,1,0.000050
0.217400,1.000000,1.000000,0.500000,-7.984214,-7.984214,-0.311842,1,0.000050
0.217450,1.000000,1.000000,0.500000,-7.996052,-7.996052,-0.312336,1,0.000050
0.217500,1.000000,1.000000,0.500000,-8.000000,-8.000000,-0.312500,1,0.000050
0.217550,1.000000,1.000000,0.500000,-7.996052,-7.996052,-0.312336,1,0.000050
0.217600,1.000000,1.000000,0.500000,-7.984214,-7.984214,-0.311842,1,0.000050
0.217650,1.000000,1.000000,0.500000,-7.964496,-7.964496,-0.311021,1,0.000050
0.217700,1.000000,1.000000,0.500000,-7.936918,-7.936918,-0.309872,1,0.000050
0.217750,1.000000,1.000000,0.500000,-7.901507,-7.901507,-0.308396,1,0.000050
0.217800,1.000000,1.000000,0.500000,-7.858298,-7.858298,-0.306596,1,0.000050
0.217850,1.000000,1.000000,0.500000,-7.807334,-7.807334,-0.304472,1,0.000050
0.217900,1.000000,1.000000,0.500000,-7.748665,-7.748665,-0.302028,1,0.000050
0.217950,1.000000,1.000000,0.500000,-7.682349,-7.682349,-0.299265,1,0.000050
0.218000,1.000000,1.000000,0.500000,-7.608452,-7.608452,-0.296186,1,0.000050
0.218050,1.000000,1.000000,0.500000,-7.527046,-7.527046,-0.292794,1,0.000050
0.218100,1.000000,1.000000,0.500000,-7.438212,-7.438212,-0.289092,1,0.000050
0.218150,1.000000,1.000000,0.500000,-7.342037,-7.342037,-0.285085,1,0.000050
0.218200,1.000000,1.000000,0.500000,-7.238616,-7.238616,-0.280776,1,0.000050
0.218250,1.000000,1.000000,0.500000,-7.128052,-7.128052,-0.276169,1,0.000050
0.218300,1.000000,1.000000,0.500000,-7.010453,-7.010453,-0.271269,1,0.000050
0.218350,1.000000,1.000000,0.500000,-6.885936,-6.885936,-0.266081,1,0.000050
0.218400,1.000000,1.000000,0.500000,-6.754623,-6.754623,-0.260609,1,0.000050
0.218450,1.000000,1.000000,0.500000,-6.616645,-6.616645,-0.254860,1,0.000050
0.218500,1.000000,1.000000,0.500000,-6.472136,-6.472136,-0.248839,1,0.000050
0.218550,1.000000,1.000000,0.500000,-6.321240,-6.321240,-0.242552,1,0.000050
0.218600,1.000000,1.000000,0.500000,-6.164106,-6.164106,-0.236004,1,0.000050
0.218650,1.000000,1.000000,0.500000,-6.000889,-6.000889,-0.229204,1,0.000050
0.218700,1.000000,1.000000,0.500000,-5.831749,-5.831749,-0.222156,1,0.000050
0.218750,1.000000,1.000000,0.500000,-5.656854,-5.656854,-0.214869,1,0.000050
0.218800,1.000000,1.000000,0.500000,-5.476377,-5.476377,-0.207349,1,0.000050
0.218850,1.000000,1.000000,0.500000,-5.290495,-5.290495,-0.199604,1,0.000050
0.218900,1.000000,1.000000,0.500000,-5.099392,-5.099392,-0.191641,1,0.000050
0.218950,1.000000,1.000000,0.500000,-4.903256,-4.903256,-0.183469,1,0.000050
0.219000,1.000000,1.000000,0.500000,-4.702282,-4.702282,-0.175095,1,0.000050
0.219050,1.000000,1.000000,0.500000,-4.496667,-4.496667,-0.166528,1,0.000050
0.219100,1.000000,1.000000,0.500000,-4.286614,-4.286614,-0.157776,1,0.000050
0.219150,1.000000,1.000000,0.500000,-4.072331,-4.072331,-0.148847,1,0.000050
0.219200,1.000000,1.000000,0.500000,-3.854029,-3.854029,-0.139751,1,0.000050
0.219250,1.000000,1.000000,0.500000,-3.631924,-3.631924,-0.130497,1,0.000050
0.219300,1.000000,1.000000,0.500000,-3.406234,-3.406234,-0.121093,1,0.000050
0.219350,1.000000,1.000000,0.500000,-3.177183,-3.177183,-0.111549,1,0.000050
0.219400,1.000000,1.000000,0.500000,-2.944996,-2.944996,-0.101875,1,0.000050
0.219450,1.000000,1.000000,0.500000,-2.709903,-2.709903,-0.092079,1,0.000050
0.219500,1.000000,1.000000,0.500000,-2.472136,-2.472136,-0.082172,1,0.000050
0.219550,1.000000,1.000000,0.500000,-2.231929,-2.231929,-0.072164,1,0.000050
0.219600,1.000000,1.000000,0.500000,-1.989519,-1.989519,-0.062063,1,0.000050
0.219650,1.000000,1.000000,0.500000,-1.745146,-1.745146,-0.051881,1,0.000050
0.219700,1.000000,1.000000,0.500000,-1.499051,-1.499051,-0.041627,1,0.000050
0.219750,1.000000,1.000000,0.500000,-1.251476,-1.251476,-0.031311,1,0.000050
0.219800,1.000000,1.000000,0.500000,-1.002666,-1.002666,-0.020944,1,0.000050
0.219850,1.000000,1.000000,0.500000,-0.752867,-0.752867,-0.010536,1,0.000050
0.219900,1.000000,1.000000,0.500000,-0.502324,-0.502324,-0.000097,1,0.000050
0.219950,1.000000,1.000000,0.500000,-0.251286,-0.251286,0.010363,1,0.000050
0.220000,1.000000,1.000000,0.500000,0.000000,0.000000,0.020833,1,0.000050
0.220050,1.000000,1.000000,0.500000,0.251286,0.251286,0.031304,1,0.000050
0.220100,1.000000,1.000000,0.500000,0.502324,0.502324,0.041764,1,0.000050
0.220150,1.000000,1.000000,0.500000,0.752867,0.752867,0.052203,1,0.000050
0.220200,1.000000,1.000000,0.500000,1.002666,1.002666,0.062611,1,0.000050
0.220250,1.000000,1.000000,0.500000,1.251476,1.251476,0.072978,1,0.000050
0.220300,1.000000,1.000000,0.500000,1.499051,1.499051,0.083294,1,0.000050
0.220350,1.000000,1.000000,0.500000,1.745146,1.745146,0.093548,1,0.000050
0.220400,1.000000,1.000000,0.500000,1.989519,1.989519,0.103730,1,0.000050
0.220450,1.000000,1.000000,0.500000,2.231929,2.231929,0.113830,1,0.000050
0.220500,1.000000,1.000000,0.500000,2.472136,2.472136,0.123839,1,0.000050
0.220550,1.000000,1.000000,0.500000,2.709903,2.709903,0.133746,1,0.000050
0.220600,1.000000,1.000000,0.500000,2.944996,2.944996,0.143542,1,0.000050
0.220650,1.000000,1.000000,0.500000,3.177183,3.177183,0.153216,1,0.000050
0.220700,1.000000,1.000000,0.500000,3.406234,3.406234,0.162760,1,0.000050
0.220750,1.000000,1.000000,0.500000,3.631924,3.631924,0.172163,1,0.000050
0.220800,1.000000,1.000000,0.500000,3.854029,3.854029,0.181418,1,0.000050
0.220850,1.000000,1.000000,0.500000,4.072331,4.072331,0.190514,1,0.000050
0.220900,1.000000,1.000000,0.500000,4.286614,4.286614,0.199442,1,0.000050
0.220950,1.000000,1.000000,0.500000,4.496667,4.496667,0.208194,1,0.000050
0.221000,1.000000,1.000000,0.500000,4.702282,4.702282,0.216762,1,0.000050
0.221050,1.000000,1.000000,0.500000,4.903256,4.903256,0.225136,1,0.000050
0.221100,1.000000,1.000000,0.500000,5.099392,5.099392,0.233308,1,0.000050
0.221150,1.000000,1.000000,0.500000,5.290495,5.290495,0.241271,1,0.000050
0.221200,1.000000,1.000000,0.500000,5.476377,5.476377,0.249016,1,0.000050
0.221250,1.000000,1.000000,0.500000,5.656854,5.656854,0.256536,1,0.000050
0.221300,1.000000,1.000000,0.500000,5.831749,5.831749,0.263823,1,0.000050
0.221350,1.000000,1.000000,0.500000,6.000889,6.000889,0.270870,1,0.000050
0.221400,1.000000,1.000000,0.500000,6.164106,6.164106,0.277671,1,0.000050
0.221450,1.000000,1.000000,0.500000,6.321240,6.321240,0.284218,1,0.000050
0.221500,1.000000,1.000000,0.500000,6.472136,6.472136,0.290506,1,0.000050
0.221550,1.000000,1.000000,0.500000,6.616645,6.616645,0.296527,1,0.000050
0.221600,1.000000,1.000000,0.500000,6.754623,6.754623,0.302276,1,0.000050
0.221650,1.000000,1.000000,0.500000,6.885936,6.885936,0.307747,1,0.000050
0.221700,1.000000,1.000000,0.500000,7.010453,7.010453,0.312936,1,0.000050
0.221750,1.000000,1.000000,0.500000,7.128052,7.128052,0.317836,1,0.000050
0.221800,1.000000,1.000000,0.500000,7.238616,7.238616,0.322442,1,0.000050
0.221850,1.000000,1.000000,0.500000,7.342037,7.342037,0.326752,1,0.000050
0.221900,1.000000,1.000000,0.500000,7.438212,7.438212,0.330759,1,0.000050
0.221950,1.000000,1.000000,0.500000,7.527046,7.527046,0.334460,1,0.000050
0.222000,1.000000,1.000000,0.500000,7.608452,7.608452,0.337852,1,0.000050
0.222050,1.000000,1.000000,0.500000,7.682349,7.682349,0.340931,1,0.000050
0.222100,1.000000,1.000000,0.500000,7.748665,7.748665,0.343694,1,0.000050
0.222150,1.000000,1.000000,0.500000,7.807334,7.807334,0.346139,1,0.000050
0.222200,1.000000,1.000000,0.500000,7.858298,7.858298,0.348262,1,0.000050
0.222250,1.000000,1.000000,0.500000,7.901507,7.901507,0.350063,1,0.000050
0.222300,1.000000,1.000000,0.500000,7.936918,7.936918,0.351538,1,0.000050
0.222350,1.000000,1.000000,0.500000,7.964496,7.964496,0.352687,1,0.000050
0.222400,1.000000,1.000000,0.500000,7.984214,7.984214,0.353509,1,0.000050
0.222450,1.000000,1.000000,0.500000,7.996052,7.996052,0.354002,1,0.000050
0.222500,1.000000,1.000000,0.500000,8.000000,8.000000,0.354167,1,0.000050
0.222550,1.000000,1.000000,0.500000,7.996052,7.996052,0.354002,1,0.000050
0.222600,1.000000,1.000000,0.500000,7.984214,7.984214,0.353509,1,0.000050
0.222650,1.000000,1.000000,0.500000,7.964496,7.964496,0.352687,1,0.000050
0.222700,1.000000,1.000000,0.500000,7.936918,7.936918,0.351538,1,0.000050
0.222750,1.000000,1.000000,0.500000,7.901507,7.901507,0.350063,1,0.000050
0.222800,1.000000,1.000000,0.500000,7.858298,7.858298,0.348262,1,0.000050
0.222850,1.000000,1.000000,0.500000,7.807334,7.807334,0.346139,1,0.000050
0.222900,1.000000,1.000000,0.500000,7.748665,7.748665,0.343694,1,0.000050
0.222950,1.000000,1.000000,0.500000,7.682349,7.682349,0.340931,1,0.000050
0.223000,1.000000,1.000000,0.500000,7.608452,7.608452,0.337852,1,0.000050
0.223050,1.000000,1.000000,0.500000,7.527046,7.527046,0.334460,1,0.000050
0.223100,1.000000,1.000000,0.500000,7.438212,7.438212,0.330759,1,0.000050
0.223150,1.000000,1.000000,0.500000,7.342037,7.342037,0.326752,1,0.000050
0.223200,1.000000,1.000000,0.500000,7.238616,7.238616,0.322442,1,0.000050
0.223250,1.000000,1.000000,0.500000,7.128052,7.128052,0.317836,1,0.000050
0.223300,1.000000,1.000000,0.500000,7.010453,7.010453,0.312936,1,0.000050
0.223350,1.000000,1.000000,0.500000,6.885936,6.885936,0.307747,1,0.000050
0.223400,1.000000,1.000000,0.500000,6.754623,6.754623,0.302276,1,0.000050
0.223450,1.000000,1.000000,0.500000,6.616645,6.616645,0.296527,1,0.000050
0.223500,1.000000,1.000000,0.500000,6.472136,6.472136,0.290506,1,0.000050
0.223550,1.000000,1.000000,0.500000,6.321240,6.321240,0.284218,1,0.000050
0.223600,1.000000,1.000000,0.500000,6.164106,6.164106,0.277671,1,0.000050
0.223650,1.000000,1.000000,0.500000,6.000889,6.000889,0.270870,1,0.000050
0.223700,1.000000,1.000000,0.500000,5.831749,5.831749,0.263823,1,0.000050
0.223750,1.000000,1.000000,0.500000,5.656854,5.656854,0.256536,1,0.000050
0.223800,1.000000,1.000000,0.500000,5.476377,5.476377,0.249016,1,0.000050
0.223850,1.000000,1.000000,0.500000,5.290495,5.290495,0.241271,1,0.000050
0.223900,1.000000,1.000000,0.500000,5.099392,5.099392,0.233308,1,0.000050
0.223950,1.000000,1.000000,0.500000,4.903256,4.903256,0.225136,1,0.000050
0.224000,1.000000,1.000000,0.500000,4.702282,4.702282,0.216762,1,0.000050
0.224050,1.000000,1.000000,0.500000,4.496667,4.496667,0.208194,1,0.000050
0.224100,1.000000,1.000000,0.500000,4.286614,4.286614,0.199442,1,0.000050
0.224150,1.000000,1.000000,0.500000,4.072331,4.072331,0.190514,1,0.000050
0.224200,1.000000,1.000000,0.500000,3.854029,3.854029,0.181418,1,0.000050
0.224250,1.000000,1.000000,0.500000,3.631924,3.631924,0.172163,1,0.000050
0.224300,1.000000,1.000000,0.500000,3.406234,3.406234,0.162760,1,0.000050
0.224350,1.000000,1.000000,0.500000,3.177183,3.177183,0.153216,1,0.000050
0.224400,1.000000,1.000000,0.500000,2.944996,2.944996,0.143542,1,0.000050
0.224450,1.000000,1.000000,0.500000,2.709903,2.709903,0.133746,1,0.000050
0.224500,1.000000,1.000000,0.500000,2.472136,2.472136,0.123839,1,0.000050
0.224550,1.000000,1.000000,0.500000,2.231929,2.231929,0.113830,1,0.000050
0.224600,1.000000,1.000000,0.500000,1.989519,1.989519,0.103730,1,0.000050
0.224650,1.000000,1.000000,0.500000,1.745146,1.745146,0.093548,1,0.000050
0.224700,1.000000,1.000000,0.500000,1.499051,1.499051,0.083294,1,0.000050
0.224750,1.000000,1.000000,0.500000,1.251476,1.251476,0.072978,1,0.000050
0.224800,1.000000,1.000000,0.500000,1.002666,1.002666,0.062611,1,0.000050
0.224850,1.000000,1.000000,0.500000,0.752867,0.752867,0.052203,1,0.000050
0.224900,1.000000,1.000000,0.500000,0.502324,0.502324,0.041764,1,0.000050
0.224950,1.000000,1.000000,0.500000,0.251286,0.251286,0.031304,1,0.000050
0.225000,1.000000,1.000000,0.500000,0.000000,0.000000,0.020833,1,0.000050
0.225050,1.000000,1.000000,0.500000,-0.251286,-0.251286,0.010363,1,0.000050
0.225100,1.000000,1.000000,0.500000,-0.502324,-0.502324,-0.000097,1,0.000050
0.225150,1.000000,1.000000,0.500000,-0.752867,-0.752867,-0.010536,1,0.000050
0.225200,1.000000,1.000000,0.500000,-1.002666,-1.002666,-0.020944,1,0.000050
0.225250,1.000000,1.000000,0.500000,-1.251476,-1.251476,-0.031311,1,0.000050
0.225300,1.000000,1.000000,0.500000,-1.499051,-1.499051,-0.041627,1,0.000050
0.225350,1.000000,1.000000,0.500000,-1.745146,-1.745146,-0.051881,1,0.000050
0.225400,1.000000,1.000000,0.500000,-1.989519,-1.989519,-0.062063,1,0.000050
0.225450,1.000000,1.000000,0.500000,-2.231929,-2.231929,-0.072164,1,0.000050
0.225500,1.000000,1.000000,0.500000,-2.472136,-2.472136,-0.082172,1,0.000050
0.225550,1.000000,1.000000,0.500000,-2.709903,-2.709903,-0.092079,1,0.000050
0.225600,1.000000,1.000000,0.500000,-2.944996,-2.944996,-0.101875,1,0.000050
0.225650,1.000000,1.000000,0.500000,-3.177183,-3.177183,-0.111549,1,0.000050
0.225700,1.000000,1.000000,0.500000,-3.406234,-3.406234,-0.121093,1,0.000050
0.225750,1.000000,1.000000,0.500000,-3.631924,-3.631924,-0.130497,1,0.000050
0.225800,1.000000,1.000000,0.500000,-3.854029,-3.854029,-0.139751,1,0.000050
0.225850,1.000000,1.000000,0.500000,-4.072331,-4.072331,-0.148847,1,0.000050
0.225900,1.000000,1.000000,0.500000,-4.286614,-4.286614,-0.157776,1,0.000050
0.225950,1.000000,1.000000,0.500000,-4.496667,-4.496667,-0.166528,1,0.000050
0.226000,1.000000,1.000000,0.500000,-4.702282,-4.702282,-0.175095,1,0.000050
0.226050,1.000000,1.000000,0.500000,-4.903256,-4.903256,-0.183469,1,0.000050
0.226100,1.000000,1.000000,0.500000,-5.099392,-5.099392,-0.191641,1,0.000050
0.226150,1.000000,1.000000,0.500000,-5.290495,-5.290495,-0.199604,1,0.000050
0.226200,1.000000,1.000000,0.500000,-5.476377,-5.476377,-0.207349,1,0.000050
0.226250,1.000000,1.000000,0.500000,-5.656854,-5.656854,-0.214869,1,0.000050
0.226300,1.000000,1.000000,0.500000,-5.831749,-5.831749,-0.222156,1,0.000050
0.226350,1.000000,1.000000,0.500000,-6.000889,-6.000889,-0.229204,1,0.000050
0.226400,1.000000,1.000000,0.500000,-6.164106,-6.164106,-0.236004,1,0.000050
0.226450,1.000000,1.000000,0.500000,-6.321240,-6.321240,-0.242552,1,0.000050
0.226500,1.000000,1.000000,0.500000,-6.472136,-6.472136,-0.248839,1,0.000050
0.226550,1.000000,1.000000,0.500000,-6.616645,-6.616645,-0.254860,1,0.000050
0.226600,1.000000,1.000000,0.500000,-6.754623,-6.754623,-0.260609,1,0.000050
0.226650,1.000000,1.000000,0.500000,-6.885936,-6.885936,-0.266081,1,0.000050
0.226700,1.000000,1.000000,0.500000,-7.010453,-7.010453,-0.271269,1,0.000050
0.226750,1.000000,1.000000,0.500000,-7.128052,-7.128052,-0.276169,1,0.000050
0.226800,1.000000,1.000000,0.500000,-7.238616,-7.238616,-0.280776,1,0.000050
0.226850,1.000000,1.000000,0.500000,-7.342037,-7.342037,-0.285085,1,0.000050
0.226900,1.000000,1.000000,0.500000,-7.438212,-7.438212,-0.289092,1,0.000050
0.226950,1.000000,1.000000,0.500000,-7.527046,-7.527046,-0.292794,1,0.000050
0.227000,1.000000,1.000000,0.500000,-7.608452,-7.608452,-0.296186,1,0.000050
0.227050,1.000000,1.000000,0.500000,-7.682349,-7.682349,-0.299265,1,0.000050
0.227100,1.000000,1.000000,0.500000,-7.748665,-7.748665,-0.302028,1,0.000050
0.227150,1.000000,1.000000,0.500000,-7.807334,-7.807334,-0.304472,1,0.000050
0.227200,1.000000,1.000000,0.500000,-7.858298,-7.858298,-0.306596,1,0.000050
0.227250,1.000000,1.000000,0.500000,-7.901507,-7.901507,-0.308396,1,0.000050
0.227300,1.000000,1.000000,0.500000,-7.936918,-7.936918,-0.309872,1,0.000050
0.227350,1.000000,1.000000,0.500000,-7.964496,-7.964496,-0.311021,1,0.000050
0.227400,1.000000,1.000000,0.500000,-7.984214,-7.984214,-0.311842,1,0.000050
0.227450,1.000000,1.000000,0.500000,-7.996052,-7.996052,-0.312336,1,0.000050
0.227500,1.000000,1.000000,0.500000,-8.000000,-8.000000,-0.312500,1,0.000050
0.227550,1.000000,1.000000,0.500000,-7.996052,-7.996052,-0.312336,1,0.000050
0.227600,1.000000,1.000000,0.500000,-7.984214,-7.984214,-0.311842,1,0.000050
0.227650,1.000000,1.000000,0.500000,-7.964496,-7.964496,-0.311021,1,0.000050
0.227700,1.000000,1.000000,0.500000,-7.936918,-7.936918,-0.309872,1,0.000050
0.227750,1.000000,1.000000,0.500000,-7.901507,-7.901507,-0.308396,1,0.000050
0.227800,1.000000,1.000000,0.500000,-7.858298,-7.858298,-0.306596,1,0.000050
0.227850,1.000000,1.000000,0.500000,-7.807334,-7.807334,-0.304472,1,0.000050
0.227900,1.000000,1.000000,0.500000,-7.748665,-7.748665,-0.302028,1,0.000050
0.227950,1.000000,1.000000,0.500000,-7.682349,-7.682349,-0.299265,1,0.000050
0.228000,1.000000,1.000000,0.500000,-7.608452,-7.608452,-0.296186,1,0.000050
0.228050,1.000000,1.000000,0.500000,-7.527046,-7.527046,-0.292794,1,0.000050
0.228100,1.000000,1.000000,0.500000,-7.438212,-7.438212,-0.289092,1,0.000050
0.228150,1.000000,1.000000,0.500000,-7.342037,-7.342037,-0.285085,1,0.000050
0.228200,1.000000,1.000000,0.500000,-7.238616,-7.238616,-0.280776,1,0.000050
0.228250,1.000000,1.000000,0.500000,-7.128052,-7.128052,-0.276169,1,0.000050
0.228300,1.000000,1.000000,0.500000,-7.010453,-7.010453,-0.271269,1,0.000050
0.228350,1.000000,1.000000,0.500000,-6.885936,-6.885936,-0.266081,1,0.000050
0.228400,1.000000,1.000000,0.500000,-6.754623,-6.754623,-0.260609,1,0.000050
0.228450,1.000000,1.000000,0.500000,-6.616645,-6.616645,-0.254860,1,0.000050
0.228500,1.000000,1.000000,0.500000,-6.472136,-6.472136,-0.248839,1,0.000050
0.228550,1.000000,1.000000,0.500000,-6.321240,-6.321240,-0.242552,1,0.000050
0.228600,1.000000,1.000000,0.500000,-6.164106,-6.164106,-0.236004,1,0.000050
0.228650,1.000000,1.000000,0.500000,-6.000889,-6.000889,-0.229204,1,0.000050
0.228700,1.000000,1.000000,0.500000,-5.831749,-5.831749,-0.222156,1,0.000050
0.228750,1.000000,1.000000,0.500000,-5.656854,-5.656854,-0.214869,1,0.000050
0.228800,1.000000,1.000000,0.500000,-5.476377,-5.476377,-0.207349,1,0.000050
0.228850,1.000000,1.000000,0.500000,-5.290495,-5.290495,-0.199604,1,0.000050
0.228900,1.000000,1.000000,0.500000,-5.099392,-5.099392,-0.191641,1,0.000050
0.228950,1.000000,1.000000,0.500000,-4.903256,-4.903256,-0.183469,1,0.000050
0.229000,1.000000,1.000000,0.500000,-4.702282,-4.702282,-0.175095,1,0.000050
0.229050,1.000000,1.000000,0.500000,-4.496667,-4.496667,-0.166528,1,0.000050
0.229100,1.000000,1.000000,0.500000,-4.286614,-4.286614,-0.157776,1,0.000050
0.229150,1.000000,1.000000,0.500000,-4.072331,-4.072331,-0.148847,1,0.000050
0.229200,1.000000,1.000000,0.500000,-3.854029,-3.854029,-0.139751,1,0.000050
0.229250,1.000000,1.000000,0.500000,-3.631924,-3.631924,-0.130497,1,0.000050
0.229300,1.000000,1.000000,0.500000,-3.406234,-3.406234,-0.121093,1,0.000050
0.229350,1.000000,1.000000,0.500000,-3.177183,-3.177183,-0.111549,1,0.000050
0.229400,1.000000,1.000000,0.500000,-2.944996,-2.944996,-0.101875,1,0.000050
0.229450,1.000000,1.000000,0.500000,-2.709903,-2.709903,-0.092079,1,0.000050
0.229500,1.000000,1.000000,0.500000,-2.472136,-2.472136,-0.082172,1,0.000050
0.229550,1.000000,1.000000,0.500000,-2.231929,-2.231929,-0.072164,1,0.000050
0.229600,1.000000,1.000000,0.500000,-1.989519,-1.989519,-0.062063,1,0.000050
0.229650,1.000000,1.000000,0.500000,-1.745146,-1.745146,-0.051881,1,0.000050
0.229700,1.000000,1.000000,0.500000,-1.499051,-1.499051,-0.041627,1,0.000050
0.229750,1.000000,1.000000,0.500000,-1.251476,-1.251476,-0.031311,1,0.000050
0.229800,1.000000,1.000000,0.500000,-1.002666,-1.002666,-0.020944,1,0.000050
0.229850,1.000000,1.000000,0.500000,-0.752867,-0.752867,-0.010536,1,0.000050
0.229900,1.000000,1.000000,0.500000,-0.502324,-0.502324,-0.000097,1,0.000050
0.229950,1.000000,1.000000,0.500000,-0.251286,-0.251286,0.010363,1,0.000050
0.230000,1.000000,1.000000,0.500000,0.000000,0.000000,0.020833,1,0.000050
0.230050,1.000000,1.000000,0.500000,0.251286,0.251286,0.031304,1,0.000050
0.230100,1.000000,1.000000,0.500000,0.502324,0.502324,0.041764,1,0.000050
0.230150,1.000000,1.000000,0.500000,0.752867,0.752867,0.052203,1,0.000050
0.230200,1.000000,1.000000,0.500000,1.002666,1.002666,0.062611,1,0.000050
0.230250,1.000000,1.000000,0.500000,1.251476,1.251476,0.072978,1,0.000050
0.230300,1.000000,1.000000,0.500000,1.499051,1.499051,0.083294,1,0.000050
0.230350,1.000000,1.000000,0.500000,1.745146,1.745146,0.093548,1,0.000050
0.230400,1.000000,1.000000,0.500000,1.989519,1.989519,0.103730,1,0.000050
0.230450,1.000000,1.000000,0.500000,2.231929,2.231929,0.113830,1,0.000050
0.230500,1.000000,1.000000,0.500000,2.472136,2.472136,0.123839,1,0.000050
0.230550,1.000000,1.000000,0.500000,2.709903,2.709903,0.133746,1,0.000050
0.230600,1.000000,1.000000,0.500000,2.944996,2.944996,0.143542,1,0.000050
0.230650,1.000000,1.000000,0.500000,3.177183,3.177183,0.153216,1,0.000050
0.230700,1.000000,1.000000,0.500000,3.406234,3.406234,0.162760,1,0.000050
0.230750,1.000000,1.000000,0.500000,3.631924,3.631924,0.172163,1,0.000050
0.230800,1.000000,1.000000,0.500000,3.854029,3.854029,0.181418,1,0.000050
0.230850,1.000000,1.000000,0.500000,4.072331,4.072331,0.190514,1,0.000050
0.230900,1.000000,1.000000,0.500000,4.286614,4.286614,0.199442,1,0.000050
0.230950,1.000000,1.000000,0.500000,4.496667,4.496667,0.208194,1,0.000050
0.231000,1.000000,1.000000,0.500000,4.702282,4.702282,0.216762,1,0.000050
0.231050,1.000000,1.000000,0.500000,4.903256,4.903256,0.225136,1,0.000050
0.231100,1.000000,1.000000,0.500000,5.099392,5.099392,0.233308,1,0.000050
0.231150,1.000000,1.000000,0.500000,5.290495,5.290495,0.241271,1,0.000050
0.231200,1.000000,1.000000,0.500000,5.476377,5.476377,0.249016,1,0.000050
0.231250,1.000000,1.000000,0.500000,5.656854,5.656854,0.256536,1,0.000050
0.231300,1.000000,1.000000,0.500000,5.831749,5.831749,0.263823,1,0.000050
0.231350,1.000000,1.000000,0.500000,6.000889,6.000889,0.270870,1,0.000050
0.231400,1.000000,1.000000,0.500000,6.164106,6.164106,0.277671,1,0.000050
0.231450,1.000000,1.000000,0.500000,6.321240,6.321240,0.284218,1,0.000050
0.231500,1.000000,1.000000,0.500000,6.472136,6.472136,0.290506,1,0.000050
0.231550,1.000000,1.000000,0.500000,6.616645,6.616645,0.296527,1,0.000050
0.231600,1.000000,1.000000,0.500000,6.754623,6.754623,0.302276,1,0.000050
0.231650,1.000000,1.000000,0.500000,6.885936,6.885936,0.307747,1,0.000050
0.231700,1.000000,1.000000,0.500000,7.010453,7.010453,0.312936,1,0.000050
0.231750,1.000000,1.000000,0.500000,7.128052,7.128052,0.317836,1,0.000050
0.231800,1.000000,1.000000,0.500000,7.238616,7.238616,0.322442,1,0.000050
0.231850,1.000000,1.000000,0.500000,7.342037,7.342037,0.326752,1,0.000050
0.231900,1.000000,1.000000,0.500000,7.438212,7.438212,0.330759,1,0.000050
0.231950,1.000000,1.000000,0.500000,7.527046,7.527046,0.334460,1,0.000050
0.232000,1.000000,1.000000,0.500000,7.608452,7.608452,0.337852,1,0.000050
0.232050,1.000000,1.000000,0.500000,7.682349,7.682349,0.340931,1,0.000050
0.232100,1.000000,1.000000,0.500000,7.748665,7.748665,0.343694,1,0.000050
0.232150,1.000000,1.000000,0.500000,7.807334,7.807334,0.346139,1,0.000050
0.232200,1.000000,1.000000,0.500000,7.858298,7.858298,0.348262,1,0.000050
0.232250,1.000000,1.000000,0.500000,7.901507,7.901507,0.350063,1,0.000050
0.232300,1.000000,1.000000,0.500000,7.936918,7.936918,0.351538,1,0.000050
0.232350,1.000000,1.000000,0.500000,7.964496,7.964496,0.352687,1,0.000050
0.232400,1.000000,1.000000,0.500000,7.984214,7.984214,0.353509,1,0.000050
0.232450,1.000000,1.000000,0.500000,7.996052,7.996052,0.354002,1,0.000050
0.232500,1.000000,1.000000,0.500000,8.000000,8.000000,0.354167,1,0.000050
0.232550,1.000000,1.000000,0.500000,7.996052,7.996052,0.354002,1,0.000050
0.232600,1.000000,1.000000,0.500000,7.984214,7.984214,0.353509,1,0.000050
0.232650,1.000000,1.000000,0.500000,7.964496,7.964496,0.352687,1,0.000050
0.232700,1.000000,1.000000,0.500000,7.936918,7.936918,0.351538,1,0.000050
0.232750,1.000000,1.000000,0.500000,7.901507,7.901507,0.350063,1,0.000050
0.232800,1.000000,1.000000,0.500000,7.858298,7.858298,0.348262,1,0.000050
0.232850,1.000000,1.000000,0.500000,7.807334,7.807334,0.346139,1,0.000050
0.232900,1.000000,1.000000,0.500000,7.748665,7.748665,0.343694,1,0.000050
0.232950,1.000000,1.000000,0.500000,7.682349,7.682349,0.340931,1,0.000050
0.233000,1.000000,1.000000,0.500000,7.608452,7.608452,0.337852,1,0.000050
0.233050,1.000000,1.000000,0.500000,7.527046,7.527046,0.334460,1,0.000050
0.233100,1.000000,1.000000,0.500000,7.438212,7.438212,0.330759,1,0.000050
0.233150,1.000000,1.000000,0.500000,7.342037,7.342037,0.326752,1,0.000050
0.233200,1.000000,1.000000,0.500000,7.238616,7.238616,0.322442,1,0.000050
0.233250,1.000000,1.000000,0.500000,7.128052,7.128052,0.317836,1,0.000050
0.233300,1.000000,1.000000,0.500000,7.010453,7.010453,0.312936,1,0.000050
0.233350,1.000000,1.000000,0.500000,6.885936,6.885936,0.307747,1,0.000050
0.233400,1.000000,1.000000,0.500000,6.754623,6.754623,0.302276,1,0.000050
0.233450,1.000000,1.000000,0.500000,6.616645,6.616645,0.296527,1,0.000050
0.233500,1.000000,1.000000,0.500000,6.472136,6.472136,0.290506,1,0.000050
0.233550,1.000000,1.000000,0.500000,6.321240,6.321240,0.284218,1,0.000050
0.233600,1.000000,1.000000,0.500000,6.164106,6.164106,0.277671,1,0.000050
0.233650,1.000000,1.000000,0.500000,6.000889,6.000889,0.270870,1,0.000050
0.233700,1.000000,1.000000,0.500000,5.831749,5.831749,0.263823,1,0.000050
0.233750,1.000000,1.000000,0.500000,5.656854,5.656854,0.256536,1,0.000050
0.233800,1.000000,1.000000,0.500000,5.476377,5.476377,0.249016,1,0.000050
0.233850,1.000000,1.000000,0.500000,5.290495,5.290495,0.241271,1,0.000050
0.233900,1.000000,1.000000,0.500000,5.099392,5.099392,0.233308,1,0.000050
0.233950,1.000000,1.000000,0.500000,4.903256,4.903256,0.225136,1,0.000050
0.234000,1.000000,1.000000,0.500000,4.702282,4.702282,0.216762,1,0.000050
0.234050,1.000000,1.000000,0.500000,4.496667,4.496667,0.208194,1,0.000050
0.234100,1.000000,1.000000,0.500000,4.286614,4.286614,0.199442,1,0.000050
0.234150,1.000000,1.000000,0.500000,4.072331,4.072331,0.190514,1,0.000050
0.234200,1.000000,1.000000,0.500000,3.854029,3.854029,0.181418,1,0.000050
0.234250,1.000000,1.000000,0.500000,3.631924,3.631924,0.172163,1,0.000050
0.234300,1.000000,1.000000,0.500000,3.406234,3.406234,0.162760,1,0.000050
0.234350,1.000000,1.000000,0.500000,3.177183,3.177183,0.153216,1,0.000050
0.234400,1.000000,1.000000,0.500000,2.944996,2.944996,0.143542,1,0.000050
0.234450,1.000000,1.000000,0.500000,2.709903,2.709903,0.133746,1,0.000050
0.234500,1.000000,1.000000,0.500000,2.472136,2.472136,0.123839,1,0.000050
0.234550,1.000000,1.000000,0.500000,2.231929,2.231929,0.113830,1,0.000050
0.234600,1.000000,1.000000,0.500000,1.989519,1.989519,0.103730,1,0.000050
0.234650,1.000000,1.000000,0.500000,1.745146,1.745146,0.093548,1,0.000050
0.234700,1.000000,1.000000,0.500000,1.499051,1.499051,0.083294,1,0.000050
0.234750,1.000000,1.000000,0.500000,1.251476,1.251476,0.072978,1,0.000050
0.234800,1.000000,1.000000,0.500000,1.002666,1.002666,0.062611,1,0.000050
0.234850,1.000000,1.000000,0.500000,0.752867,0.752867,0.052203,1,0.000050
0.234900,1.000000,1.000000,0.500000,0.502324,0.502324,0.041764,1,0.000050
0.234950,1.000000,1.000000,0.500000,0.251286,0.251286,0.031304,1,0.000050
0.235000,1.000000,1.000000,0.500000,-0.000000,-0.000000,0.020833,1,0.000050
0.235050,1.000000,1.000000,0.500000,-0.251286,-0.251286,0.010363,1,0.000050
0.235100,1.000000,1.000000,0.500000,-0.502324,-0.502324,-0.000097,1,0.000050
0.235150,1.000000,1.000000,0.500000,-0.752867,-0.752867,-0.010536,1,0.000050
0.235200,1.000000,1.000000,0.500000,-1.002666,-1.002666,-0.020944,1,0.000050
0.235250,1.000000,1.000000,0.500000,-1.251476,-1.251476,-0.031311,1,0.000050
0.235300,1.000000,1.000000,0.500000,-1.499051,-1.499051,-0.041627,1,0.000050
0.235350,1.000000,1.000000,0.500000,-1.745146,-1.745146,-0.051881,1,0.000050
0.235400,1.000000,1.000000,0.500000,-1.989519,-1.989519,-0.062063,1,0.000050
0.235450,1.000000,1.000000,0.500000,-2.231929,-2.231929,-0.072164,1,0.000050
0.235500,1.000000,1.000000,0.500000,-2.472136,-2.472136,-0.082172,1,0.000050
0.235550,1.000000,1.000000,0.500000,-2.709903,-2.709903,-0.092079,1,0.000050
0.235600,1.000000,1.000000,0.500000,-2.944996,-2.944996,-0.101875,1,0.000050
0.235650,1.000000,1.000000,0.500000,-3.177183,-3.177183,-0.111549,1,0.000050
0.235700,1.000000,1.000000,0.500000,-3.406234,-3.406234,-0.121093,1,0.000050
0.235750,1.000000,1.000000,0.500000,-3.631924,-3.631924,-0.130497,1,0.000050
0.235800,1.000000,1.000000,0.500000,-3.854029,-3.854029,-0.139751,1,0.000050
0.235850,1.000000,1.000000,0.500000,-4.072331,-4.072331,-0.148847,1,0.000050
0.235900,1.000000,1.000000,0.500000,-4.286614,-4.286614,-0.157776,1,0.000050
0.235950,1.000000,1.000000,0.500000,-4.496667,-4.496667,-0.166528,1,0.000050
0.236000,1.000000,1.000000,0.500000,-4.702282,-4.702282,-0.175095,1,0.000050
0.236050,1.000000,1.000000,0.500000,-4.903256,-4.903256,-0.183469,1,0.000050
0.236100,1.000000,1.000000,0.500000,-5.099392,-5.099392,-0.191641,1,0.000050
0.236150,1.000000,1.000000,0.500000,-5.290495,-5.290495,-0.199604,1,0.000050
0.236200,1.000000,1.000000,0.500000,-5.476377,-5.476377,-0.207349,1,0.000050
0.236250,1.000000,1.000000,0.500000,-5.656854,-5.656854,-0.214869,1,0.000050
0.236300,1.000000,1.000000,0.500000,-5.831749,-5.831749,-0.222156,1,0.000050
0.236350,1.000000,1.000000,0.500000,-6.000889,-6.000889,-0.229204,1,0.000050
0.236400,1.000000,1.000000,0.500000,-6.164106,-6.164106,-0.236004,1,0.000050
0.236450,1.000000,1.000000,0.500000,-6.321240,-6.321240,-0.242552,1,0.000050
0.236500,1.000000,1.000000,0.500000,-6.472136,-6.472136,-0.248839,1,0.000050
0.236550,1.000000,1.000000,0.500000,-6.616645,-6.616645,-0.254860,1,0.000050
0.236600,1.000000,1.000000,0.500000,-6.754623,-6.754623,-0.260609,1,0.000050
0.236650,1.000000,1.000000,0.500000,-6.885936,-6.885936,-0.266081,1,0.000050
0.236700,1.000000,1.000000,0.500000,-7.010453,-7.010453,-0.271269,1,0.000050
0.236750,1.000000,1.000000,0.500000,-7.128052,-7.128052,-0.276169,1,0.000050
0.236800,1.000000,1.000000,0.500000,-7.238616,-7.238616,-0.280776,1,0.000050
0.236850,1.000000,1.000000,0.500000,-7.342037,-7.342037,-0.285085,1,0.000050
0.236900,1.000000,1.000000,0.500000,-7.438212,-7.438212,-0.289092,1,0.000050
0.236950,1.000000,1.000000,0.500000,-7.527046,-7.527046,-0.292794,1,0.000050
0.237000,1.000000,1.000000,0.500000,-7.608452,-7.608452,-0.296186,1,0.000050
0.237050,1.000000,1.000000,0.500000,-7.682349,-7.682349,-0.299265,1,0.000050
0.237100,1.000000,1.000000,0.500000,-7.748665,-7.748665,-0.302028,1,0.000050
0.237150,1.000000,1.000000,0.500000,-7.807334,-7.807334,-0.304472,1,0.000050
0.237200,1.000000,1.000000,0.500000,-7.858298,-7.858298,-0.306596,1,0.000050
0.237250,1.000000,1.000000,0.500000,-7.901507,-7.901507,-0.308396,1,0.000050
0.237300,1.000000,1.000000,0.500000,-7.936918,-7.936918,-0.309872,1,0.000050
0.237350,1.000000,1.000000,0.500000,-7.964496,-7.964496,-0.311021,1,0.000050
0.237400,1.000000,1.000000,0.500000,-7.984214,-7.984214,-0.311842,1,0.000050
0.237450,1.000000,1.000000,0.500000,-7.996052,-7.996052,-0.312336,1,0.000050
0.237500,1.000000,1.000000,0.500000,-8.000000,-8.000000,-0.312500,1,0.000050
0.237550,1.000000,1.000000,0.500000,-7.996052,-7.996052,-0.312336,1,0.000050
0.237600,1.000000,1.000000,0.500000,-7.984214,-7.984214,-0.311842,1,0.000050
0.237650,1.000000,1.000000,0.500000,-7.964496,-7.964496,-0.311021,1,0.000050
0.237700,1.000000,1.000000,0.500000,-7.936918,-7.936918,-0.309872,1,0.000050
0.237750,1.000000,1.000000,0.500000,-7.901507,-7.901507,-0.308396,1,0.000050
0.237800,1.000000,1.000000,0.500000,-7.858298,-7.858298,-0.306596,1,0.000050
0.237850,1.000000,1.000000,0.500000,-7.807334,-7.807334,-0.304472,1,0.000050
0.237900,1.000000,1.000000,0.500000,-7.748665,-7.748665,-0.302028,1,0.000050
0.237950,1.000000,1.000000,0.500000,-7.682349,-7.682349,-0.299265,1,0.000050
0.238000,1.000000,1.000000,0.500000,-7.608452,-7.608452,-0.296186,1,0.000050
0.238050,1.000000,1.000000,0.500000,-7.527046,-7.527046,-0.292794,1,0.000050
0.238100,1.000000,1.000000,0.500000,-7.438212,-7.438212,-0.289092,1,0.000050
0.238150,1.000000,1.000000,0.500000,-7.342037,-7.342037,-0.285085,1,0.000050
0.238200,1.000000,1.000000,0.500000,-7.238616,-7.238616,-0.280776,1,0.000050
0.238250,1.000000,1.000000,0.500000,-7.128052,-7.128052,-0.276169,1,0.000050
0.238300,1.000000,1.000000,0.500000,-7.010453,-7.010453,-0.271269,1,0.000050
0.238350,1.000000,1.000000,0.500000,-6.885936,-6.885936,-0.266081,1,0.000050
0.238400,1.000000,1.000000,0.500000,-6.754623,-6.754623,-0.260609,1,0.000050
0.238450,1.000000,1.000000,0.500000,-6.616645,-6.616645,-0.254860,1,0.000050
0.238500,1.000000,1.000000,0.500000,-6.472136,-6.472136,-0.248839,1,0.000050
0.238550,1.000000,1.000000,0.500000,-6.321240,-6.321240,-0.242552,1,0.000050
0.238600,1.000000,1.000000,0.500000,-6.164106,-6.164106,-0.236004,1,0.000050
0.238650,1.000000,1.000000,0.500000,-6.000889,-6.000889,-0.229204,1,0.000050
0.238700,1.000000,1.000000,0.500000,-5.831749,-5.831749,-0.222156,1,0.000050
0.238750,1.000000,1.000000,0.500000,-5.656854,-5.656854,-0.214869,1,0.000050
0.238800,1.000000,1.000000,0.500000,-5.476377,-5.476377,-0.207349,1,0.000050
0.238850,1.000000,1.000000,0.500000,-5.290495,-5.290495,-0.199604,1,0.000050
0.238900,1.000000,1.000000,0.500000,-5.099392,-5.099392,-0.191641,1,0.000050
0.238950,1.000000,1.000000,0.500000,-4.903256,-4.903256,-0.183469,1,0.000050
0.239000,1.000000,1.000000,0.500000,-4.702282,-4.702282,-0.175095,1,0.000050
0.239050,1.000000,1.000000,0.500000,-4.496667,-4.496667,-0.166528,1,0.000050
0.239100,1.000000,1.000000,0.500000,-4.286614,-4.286614,-0.157776,1,0.000050
0.239150,1.000000,1.000000,0.500000,-4.072331,-4.072331,-0.148847,1,0.000050
0.239200,1.000000,1.000000,0.500000,-3.854029,-3.854029,-0.139751,1,0.000050
0.239250,1.000000,1.000000,0.500000,-3.631924,-3.631924,-0.130497,1,0.000050
0.239300,1.000000,1.000000,0.500000,-3.406234,-3.406234,-0.121093,1,0.000050
0.239350,1.000000,1.000000,0.500000,-3.177183,-3.177183,-0.111549,1,0.000050
0.239400,1.000000,1.000000,0.500000,-2.944996,-2.944996,-0.101875,1,0.000050
0.239450,1.000000,1.000000,0.500000,-2.709903,-2.709903,-0.092079,1,0.000050
0.239500,1.000000,1.000000,0.500000,-2.472136,-2.472136,-0.082172,1,0.000050
0.239550,1.000000,1.000000,0.500000,-2.231929,-2.231929,-0.072164,1,0.000050
0.239600,1.000000,1.000000,0.500000,-1.989519,-1.989519,-0.062063,1,0.000050
0.239650,1.000000,1.000000,0.500000,-1.745146,-1.745146,-0.051881,1,0.000050
0.239700,1.000000,1.000000,0.500000,-1.499051,-1.499051,-0.041627,1,0.000050
0.239750,1.000000,1.000000,0.500000,-1.251476,-1.251476,-0.031311,1,0.000050
0.239800,1.000000,1.000000,0.500000,-1.002666,-1.002666,-0.020944,1,0.000050
0.239850,1.000000,1.000000,0.500000,-0.752867,-0.752867,-0.010536,1,0.000050
0.239900,1.000000,1.000000,0.500000,-0.502324,-0.502324,-0.000097,1,0.000050
0.239950,1.000000,1.000000,0.500000,-0.251286,-0.251286,0.010363,1,0.000050
0.240000,1.000000,1.000000,0.500000,0.000000,0.000000,0.020833,1,0.000050
0.240050,1.000000,1.000000,0.500000,0.251286,0.251286,0.031304,1,0.000050
0.240100,1.000000,1.000000,0.500000,0.502324,0.502324,0.041764,1,0.000050
0.240150,1.000000,1.000000,0.500000,0.752867,0.752867,0.052203,1,0.000050
0.240200,1.000000,1.000000,0.500000,1.002666,1.002666,0.062611,1,0.000050
0.240250,1.000000,1.000000,0.500000,1.251476,1.251476,0.072978,1,0.000050
0.240300,1.000000,1.000000,0.500000,1.499051,1.499051,0.083294,1,0.000050
0.240350,1.000000,1.000000,0.500000,1.745146,1.745146,0.093548,1,0.000050
0.240400,1.000000,1.000000,0.500000,1.989519,1.989519,0.103730,1,0.000050
0.240450,1.000000,1.000000,0.500000,2.231929,2.231929,0.113830,1,0.000050
0.240500,1.000000,1.000000,0.500000,2.472136,2.472136,0.123839,1,0.000050
0.240550,1.000000,1.000000,0.500000,2.709903,2.709903,0.133746,1,0.000050
0.240600,1.000000,1.000000,0.500000,2.944996,2.944996,0.143542,1,0.000050
0.240650,1.000000,1.000000,0.500000,3.177183,3.177183,0.153216,1,0.000050
0.240700,1.000000,1.000000,0.500000,3.406234,3.406234,0.162760,1,0.000050
0.240750,1.000000,1.000000,0.500000,3.631924,3.631924,0.172163,1,0.000050
0.240800,1.000000,1.000000,0.500000,3.854029,3.854029,0.181418,1,0.000050
0.240850,1.000000,1.000000,0.500000,4.072331,4.072331,0.190514,1,0.000050
0.240900,1.000000,1.000000,0.500000,4.286614,4.286614,0.199442,1,0.000050
0.240950,1.000000,1.000000,0.500000,4.496667,4.496667,0.208194,1,0.000050
0.241000,1.000000,1.000000,0.500000,4.702282,4.702282,0.216762,1,0.000050
0.241050,1.000000,1.000000,0.500000,4.903256,4.903256,0.225136,1,0.000050
0.241100,1.000000,1.000000,0.500000,5.099392,5.099392,0.233308,1,0.000050
0.241150,1.000000,1.000000,0.500000,5.290495,5.290495,0.241271,1,0.000050
0.241200,1.000000,1.000000,0.500000,5.476377,5.476377,0.249016,1,0.000050
0.241250,1.000000,1.000000,0.500000,5.656854,5.656854,0.256536,1,0.000050
0.241300,1.000000,1.000000,0.500000,5.831749,5.831749,0.263823,1,0.000050
0.241350,1.000000,1.000000,0.500000,6.000889,6.000889,0.270870,1,0.000050
0.241400,1.000000,1.000000,0.500000,6.164106,6.164106,0.277671,1,0.000050
0.241450,1.000000,1.000000,0.500000,6.321240,6.321240,0.284218,1,0.000050
0.241500,1.000000,1.000000,0.500000,6.472136,6.472136,0.290506,1,0.000050
0.241550,1.000000,1.000000,0.500000,6.616645,6.616645,0.296527,1,0.000050
0.241600,1.000000,1.000000,0.500000,6.754623,6.754623,0.302276,1,0.000050
0.241650,1.000000,1.000000,0.500000,6.885936,6.885936,0.307747,1,0.000050
0.241700,1.000000,1.000000,0.500000,7.010453,7.010453,0.312936,1,0.000050
0.241750,1.000000,1.000000,0.500000,7.128052,7.128052,0.317836,1,0.000050
0.241800,1.000000,1.000000,0.500000,7.238616,7.238616,0.322442,1,0.000050
0.241850,1.000000,1.000000,0.500000,7.342037,7.342037,0.326752,1,0.000050
0.241900,1.000000,1.000000,0.500000,7.438212,7.438212,0.330759,1,0.000050
0.241950,1.000000,1.000000,0.500000,7.527046,7.527046,0.334460,1,0.000050
0.242000,1.000000,1.000000,0.500000,7.608452,7.608452,0.337852,1,0.000050
0.242050,1.000000,1.000000,0.500000,7.682349,7.682349,0.340931,1,0.000050
0.242100,1.000000,1.000000,0.500000,7.748665,7.748665,0.343694,1,0.000050
0.242150,1.000000,1.000000,0.500000,7.807334,7.807334,0.346139,1,0.000050
0.242200,1.000000,1.000000,0.500000,7.858298,7.858298,0.348262,1,0.000050
0.242250,1.000000,1.000000,0.500000,7.901507,7.901507,0.350063,1,0.000050
0.242300,1.000000,1.000000,0.500000,7.936918,7.936918,0.351538,1,0.000050
0.242350,1.000000,1.000000,0.500000,7.964496,7.964496,0.352687,1,0.000050
0.242400,1.000000,1.000000,0.500000,7.984214,7.984214,0.353509,1,0.000050
0.242450,1.000000,1.000000,0.500000,7.996052,7.996052,0.354002,1,0.000050
0.242500,1.000000,1.000000,0.500000,8.000000,8.000000,0.354167,1,0.000050
0.242550,1.000000,1.000000,0.500000,7.996052,7.996052,0.354002,1,0.000050
0.242600,1.000000,1.000000,0.500000,7.984214,7.984214,0.353509,1,0.000050
0.242650,1.000000,1.000000,0.500000,7.964496,7.964496,0.352687,1,0.000050
0.242700,1.000000,1.000000,0.500000,7.936918,7.936918,0.351538,1,0.000050
0.242750,1.000000,1.000000,0.500000,7.901507,7.901507,0.350063,1,0.000050
0.242800,1.000000,1.000000,0.500000,7.858298,7.858298,0.348262,1,0.000050
0.242850,1.000000,1.000000,0.500000,7.807334,7.807334,0.346139,1,0.000050
0.242900,1.000000,1.000000,0.500000,7.748665,7.748665,0.343694,1,0.000050
0.242950,1.000000,1.000000,0.500000,7.682349,7.682349,0.340931,1,0.000050
0.243000,1.000000,1.000000,0.500000,7.608452,7.608452,0.337852,1,0.000050
0.243050,1.000000,1.000000,0.500000,7.527046,7.527046,0.334460,1,0.000050
0.243100,1.000000,1.000000,0.500000,7.438212,7.438212,0.330759,1,0.000050
0.243150,1.000000,1.000000,0.500000,7.342037,7.342037,0.326752,1,0.000050
0.243200,1.000000,1.000000,0.500000,7.238616,7.238616,0.322442,1,0.000050
0.243250,1.000000,1.000000,0.500000,7.128052,7.128052,0.317836,1,0.000050
0.243300,1.000000,1.000000,0.500000,7.010453,7.010453,0.312936,1,0.000050
0.243350,1.000000,1.000000,0.500000,6.885936,6.885936,0.307747,1,0.000050
0.243400,1.000000,1.000000,0.500000,6.754623,6.754623,0.302276,1,0.000050
0.243450,1.000000,1.000000,0.500000,6.616645,6.616645,0.296527,1,0.000050
0.243500,1.000000,1.000000,0.500000,6.472136,6.472136,0.290506,1,0.000050
0.243550,1.000000,1.000000,0.500000,6.321240,6.321240,0.284218,1,0.000050
0.243600,1.000000,1.000000,0.500000,6.164106,6.164106,0.277671,1,0.000050
0.243650,1.000000,1.000000,0.500000,6.000889,6.000889,0.270870,1,0.000050
0.243700,1.000000,1.000000,0.500000,5.831749,5.831749,0.263823,1,0.000050
0.243750,1.000000,1.000000,0.500000,5.656854,5.656854,0.256536,1,0.000050
0.243800,1.000000,1.000000,0.500000,5.476377,5.476377,0.249016,1,0.000050
0.243850,1.000000,1.000000,0.500000,5.290495,5.290495,0.241271,1,0.000050
0.243900,1.000000,1.000000,0.500000,5.099392,5.099392,0.233308,1,0.000050
0.243950,1.000000,1.000000,0.500000,4.903256,4.903256,0.225136,1,0.000050
0.244000,1.000000,1.000000,0.500000,4.702282,4.702282,0.216762,1,0.000050
0.244050,1.000000,1.000000,0.500000,4.496667,4.496667,0.208194,1,0.000050
0.244100,1.000000,1.000000,0.500000,4.286614,4.286614,0.199442,1,0.000050
0.244150,1.000000,1.000000,0.500000,4.072331,4.072331,0.190514,1,0.000050
0.244200,1.000000,1.000000,0.500000,3.854029,3.854029,0.181418,1,0.000050
0.244250,1.000000,1.000000,0.500000,3.631924,3.631924,0.172163,1,0.000050
0.244300,1.000000,1.000000,0.500000,3.406234,3.406234,0.162760,1,0.000050
0.244350,1.000000,1.000000,0.500000,3.177183,3.177183,0.153216,1,0.000050
0.244400,1.000000,1.000000,0.500000,2.944996,2.944996,0.143542,1,0.000050
0.244450,1.000000,1.000000,0.500000,2.709903,2.709903,0.133746,1,0.000050
0.244500,1.000000,1.000000,0.500000,2.472136,2.472136,0.123839,1,0.000050
0.244550,1.000000,1.000000,0.500000,2.231929,2.231929,0.113830,1,0.000050
0.244600,1.000000,1.000000,0.500000,1.989519,1.989519,0.103730,1,0.000050
0.244650,1.000000,1.000000,0.500000,1.745146,1.745146,0.093548,1,0.000050
0.244700,1.000000,1.000000,0.500000,1.499051,1.499051,0.083294,1,0.000050
0.244750,1.000000,1.000000,0.500000,1.251476,1.251476,0.072978,1,0.000050
0.244800,1.000000,1.000000,0.500000,1.002666,1.002666,0.062611,1,0.000050
0.244850,1.000000,1.000000,0.500000,0.752867,0.752867,0.052203,1,0.000050
0.244900,1.000000,1.000000,0.500000,0.502324,0.502324,0.041764,1,0.000050
0.244950,1.000000,1.000000,0.500000,0.251286,0.251286,0.031304,1,0.000050
0.245000,1.000000,1.000000,0.500000,-0.000000,-0.000000,0.020833,1,0.000050
0.245050,1.000000,1.000000,0.500000,-0.251286,-0.251286,0.010363,1,0.000050
0.245100,1.000000,1.000000,0.500000,-0.502324,-0.502324,-0.000097,1,0.000050
0.245150,1.000000,1.000000,0.500000,-0.752867,-0.752867,-0.010536,1,0.000050
0.245200,1.000000,1.000000,0.500000,-1.002666,-1.002666,-0.020944,1,0.000050
0.245250,1.000000,1.000000,0.500000,-1.251476,-1.251476,-0.031311,1,0.000050
0.245300,1.000000,1.000000,0.500000,-1.499051,-1.499051,-0.041627,1,0.000050
0.245350,1.000000,1.000000,0.500000,-1.745146,-1.745146,-0.051881,1,0.000050
0.245400,1.000000,1.000000,0.500000,-1.989519,-1.989519,-0.062063,1,0.000050
0.245450,1.000000,1.000000,0.500000,-2.231929,-2.231929,-0.072164,1,0.000050
0.245500,1.000000,1.000000,0.500000,-2.472136,-2.472136,-0.082172,1,0.000050
0.245550,1.000000,1.000000,0.500000,-2.709903,-2.709903,-0.092079,1,0.000050
0.245600,1.000000,1.000000,0.500000,-2.944996,-2.944996,-0.101875,1,0.000050
0.245650,1.000000,1.000000,0.500000,-3.177183,-3.177183,-0.111549,1,0.000050
0.245700,1.000000,1.000000,0.500000,-3.406234,-3.406234,-0.121093,1,0.000050
0.245750,1.000000,1.000000,0.500000,-3.631924,-3.631924,-0.130497,1,0.000050
0.245800,1.000000,1.000000,0.500000,-3.854029,-3.854029,-0.139751,1,0.000050
0.245850,1.000000,1.000000,0.500000,-4.072331,-4.072331,-0.148847,1,0.000050
0.245900,1.000000,1.000000,0.500000,-4.286614,-4.286614,-0.157776,1,0.000050
0.245950,1.000000,1.000000,0.500000,-4.496667,-4.496667,-0.166528,1,0.000050
0.246000,1.000000,1.000000,0.500000,-4.702282,-4.702282,-0.175095,1,0.000050
0.246050,1.000000,1.000000,0.500000,-4.903256,-4.903256,-0.183469,1,0.000050
0.246100,1.000000,1.000000,0.500000,-5.099392,-5.099392,-0.191641,1,0.000050
0.246150,1.000000,1.000000,0.500000,-5.290495,-5.290495,-0.199604,1,0.000050
0.246200,1.000000,1.000000,0.500000,-5.476377,-5.476377,-0.207349,1,0.000050
0.246250,1.000000,1.000000,0.500000,-5.656854,-5.656854,-0.214869,1,0.000050
0.246300,1.000000,1.000000,0.500000,-5.831749,-5.831749,-0.222156,1,0.000050
0.246350,1.000000,1.000000,0.500000,-6.000889,-6.000889,-0.229204,1,0.000050
0.246400,1.000000,1.000000,0.500000,-6.164106,-6.164106,-0.236004,1,0.000050
0.246450,1.000000,1.000000,0.500000,-6.321240,-6.321240,-0.242552,1,0.000050
0.246500,1.000000,1.000000,0.500000,-6.472136,-6.472136,-0.248839,1,0.000050
0.246550,1.000000,1.000000,0.500000,-6.616645,-6.616645,-0.254860,1,0.000050
0.246600,1.000000,1.000000,0.500000,-6.754623,-6.754623,-0.260609,1,0.000050
0.246650,1.000000,1.000000,0.500000,-6.885936,-6.885936,-0.266081,1,0.000050
0.246700,1.000000,1.000000,0.500000,-7.010453,-7.010453,-0.271269,1,0.000050
0.246750,1.000000,1.000000,0.500000,-7.128052,-7.128052,-0.276169,1,0.000050
0.246800,1.000000,1.000000,0.500000,-7.238616,-7.238616,-0.280776,1,0.000050
0.246850,1.000000,1.000000,0.500000,-7.342037,-7.342037,-0.285085,1,0.000050
0.246900,1.000000,1.000000,0.500000,-7.438212,-7.438212,-0.289092,1,0.000050
0.246950,1.000000,1.000000,0.500000,-7.527046,-7.527046,-0.292794,1,0.000050
0.247000,1.000000,1.000000,0.500000,-7.608452,-7.608452,-0.296186,1,0.000050
0.247050,1.000000,1.000000,0.500000,-7.682349,-7.682349,-0.299265,1,0.000050
0.247100,1.000000,1.000000,0.500000,-7.748665,-7.748665,-0.302028,1,0.000050
0.247150,1.000000,1.000000,0.500000,-7.807334,-7.807334,-0.304472,1,0.000050
0.247200,1.000000,1.000000,0.500000,-7.858298,-7.858298,-0.306596,1,0.000050
0.247250,1.000000,1.000000,0.500000,-7.901507,-7.901507,-0.308396,1,0.000050
0.247300,1.000000,1.000000,0.500000,-7.936918,-7.936918,-0.309872,1,0.000050
0.247350,1.000000,1.000000,0.500000,-7.964496,-7.964496,-0.311021,1,0.000050
0.247400,1.000000,1.000000,0.500000,-7.984214,-7.984214,-0.311842,1,0.000050
0.247450,1.000000,1.000000,0.500000,-7.996052,-7.996052,-0.312336,1,0.000050
0.247500,1.000000,1.000000,0.500000,-8.000000,-8.000000,-0.312500,1,0.000050
0.247550,1.000000,1.000000,0.500000,-7.996052,-7.996052,-0.312336,1,0.000050
0.247600,1.000000,1.000000,0.500000,-7.984214,-7.984214,-0.311842,1,0.000050
0.247650,1.000000,1.000000,0.500000,-7.964496,-7.964496,-0.311021,1,0.000050
0.247700,1.000000,1.000000,0.500000,-7.936918,-7.936918,-0.309872,1,0.000050
0.247750,1.000000,1.000000,0.500000,-7.901507,-7.901507,-0.308396,1,0.000050
0.247800,1.000000,1.000000,0.500000,-7.858298,-7.858298,-0.306596,1,0.000050
0.247850,1.000000,1.000000,0.500000,-7.807334,-7.807334,-0.304472,1,0.000050
0.247900,1.000000,1.000000,0.500000,-7.748665,-7.748665,-0.302028,1,0.000050
0.247950,1.000000,1.000000,0.500000,-7.682349,-7.682349,-0.299265,1,0.000050
0.248000,1.000000,1.000000,0.500000,-7.608452,-7.608452,-0.296186,1,0.000050
0.248050,1.000000,1.000000,0.500000,-7.527046,-7.527046,-0.292794,1,0.000050
0.248100,1.000000,1.000000,0.500000,-7.438212,-7.438212,-0.289092,1,0.000050
0.248150,1.000000,1.000000,0.500000,-7.342037,-7.342037,-0.285085,1,0.000050
0.248200,1.000000,1.000000,0.500000,-7.238616,-7.238616,-0.280776,1,0.000050
0.248250,1.000000,1.000000,0.500000,-7.128052,-7.128052,-0.276169,1,0.000050
0.248300,1.000000,1.000000,0.500000,-7.010453,-7.010453,-0.271269,1,0.000050
0.248350,1.000000,1.000000,0.500000,-6.885936,-6.885936,-0.266081,1,0.000050
0.248400,1.000000,1.000000,0.500000,-6.754623,-6.754623,-0.260609,1,0.000050
0.248450,1.000000,1.000000,0.500000,-6.616645,-6.616645,-0.254860,1,0.000050
0.248500,1.000000,1.000000,0.500000,-6.472136,-6.472136,-0.248839,1,0.000050
0.248550,1.000000,1.000000,0.500000,-6.321240,-6.321240,-0.242552,1,0.000050
0.248600,1.000000,1.000000,0.500000,-6.164106,-6.164106,-0.236004,1,0.000050
0.248650,1.000000,1.000000,0.500000,-6.000889,-6.000889,-0.229204,1,0.000050
0.248700,1.000000,1.000000,0.500000,-5.831749,-5.831749,-0.222156,1,0.000050
0.248750,1.000000,1.000000,0.500000,-5.656854,-5.656854,-0.214869,1,0.000050
0.248800,1.000000,1.000000,0.500000,-5.476377,-5.476377,-0.207349,1,0.000050
0.248850,1.000000,1.000000,0.500000,-5.290495,-5.290495,-0.199604,1,0.000050
0.248900,1.000000,1.000000,0.500000,-5.099392,-5.099392,-0.191641,1,0.000050
0.248950,1.000000,1.000000,0.500000,-4.903256,-4.903256,-0.183469,1,0.000050
0.249000,1.000000,1.000000,0.500000,-4.702282,-4.702282,-0.175095,1,0.000050
0.249050,1.000000,1.000000,0.500000,-4.496667,-4.496667,-0.166528,1,0.000050
0.249100,1.000000,1.000000,0.500000,-4.286614,-4.286614,-0.157776,1,0.000050
0.249150,1.000000,1.000000,0.500000,-4.072331,-4.072331,-0.148847,1,0.000050
0.249200,1.000000,1.000000,0.500000,-3.854029,-3.854029,-0.139751,1,0.000050
0.249250,1.000000,1.000000,0.500000,-3.631924,-3.631924,-0.130497,1,0.000050
0.249300,1.000000,1.000000,0.500000,-3.406234,-3.406234,-0.121093,1,0.000050
0.249350,1.000000,1.000000,0.500000,-3.177183,-3.177183,-0.111549,1,0.000050
0.249400,1.000000,1.000000,0.500000,-2.944996,-2.944996,-0.101875,1,0.000050
0.249450,1.000000,1.000000,0.500000,-2.709903,-2.709903,-0.092079,1,0.000050
0.249500,1.000000,1.000000,0.500000,-2.472136,-2.472136,-0.082172,1,0.000050
0.249550,1.000000,1.000000,0.500000,-2.231929,-2.231929,-0.072164,1,0.000050
0.249600,1.000000,1.000000,0.500000,-1.989519,-1.989519,-0.062063,1,0.000050
0.249650,1.000000,1.000000,0.500000,-1.745146,-1.745146,-0.051881,1,0.000050
0.249700,1.000000,1.000000,0.500000,-1.499051,-1.499051,-0.041627,1,0.000050
0.249750,1.000000,1.000000,0.500000,-1.251476,-1.251476,-0.031311,1,0.000050
0.249800,1.000000,1.000000,0.500000,-1.002666,-1.002666,-0.020944,1,0.000050
0.249850,1.000000,1.000000,0.500000,-0.752867,-0.752867,-0.010536,1,0.000050
0.249900,1.000000,1.000000,0.500000,-0.502324,-0.502324,-0.000097,1,0.000050
0.249950,1.000000,1.000000,0.500000,-0.251286,-0.251286,0.010363,1,0.000050
0.250000,1.000000,1.000000,0.500000,0.000000,0.000000,0.020833,1,0.000050
0.250050,1.000000,1.000000,0.500000,0.251286,0.251286,0.031304,1,0.000050
0.250100,1.000000,1.000000,0.500000,0.502324,0.502324,0.041764,1,0.000050
0.250150,1.000000,1.000000,0.500000,0.752867,0.752867,0.052203,1,0.000050
0.250200,1.000000,1.000000,0.500000,1.002666,1.002666,0.062611,1,0.000050
0.250250,1.000000,1.000000,0.500000,1.251476,1.251476,0.072978,1,0.000050
0.250300,1.000000,1.000000,0.500000,1.499051,1.499051,0.083294,1,0.000050
0.250350,1.000000,1.000000,0.500000,1.745146,1.745146,0.093548,1,0.000050
0.250400,1.000000,1.000000,0.500000,1.989519,1.989519,0.103730,1,0.000050
0.250450,1.000000,1.000000,0.500000,2.231929,2.231929,0.113830,1,0.000050
0.250500,1.000000,1.000000,0.500000,2.472136,2.472136,0.123839,1,0.000050
0.250550,1.000000,1.000000,0.500000,2.709903,2.709903,0.133746,1,0.000050
0.250600,1.000000,1.000000,0.500000,2.944996,2.944996,0.143542,1,0.000050
0.250650,1.000000,1.000000,0.500000,3.177183,3.177183,0.153216,1,0.000050
0.250700,1.000000,1.000000,0.500000,3.406234,3.406234,0.162760,1,0.000050
0.250750,1.000000,1.000000,0.500000,3.631924,3.631924,0.172163,1,0.000050
0.250800,1.000000,1.000000,0.500000,3.854029,3.854029,0.181418,1,0.000050
0.250850,1.000000,1.000000,0.500000,4.072331,4.072331,0.190514,1,0.000050
0.250900,1.000000,1.000000,0.500000,4.286614,4.286614,0.199442,1,0.000050
0.250950,1.000000,1.000000,0.500000,4.496667,4.496667,0.208194,1,0.000050
0.251000,1.000000,1.000000,0.500000,4.702282,4.702282,0.216762,1,0.000050
0.251050,1.000000,1.000000,0.500000,4.903256,4.903256,0.225136,1,0.000050
0.251100,1.000000,1.000000,0.500000,5.099392,5.099392,0.233308,1,0.000050
0.251150,1.000000,1.000000,0.500000,5.290495,5.290495,0.241271,1,0.000050
0.251200,1.000000,1.000000,0.500000,5.476377,5.476377,0.249016,1,0.000050
0.251250,1.000000,1.000000,0.500000,5.656854,5.656854,0.256536,1,0.000050
0.251300,1.000000,1.000000,0.500000,5.831749,5.831749,0.263823,1,0.000050
0.251350,1.000000,1.000000,0.500000,6.000889,6.000889,0.270870,1,0.000050
0.251400,1.000000,1.000000,0.500000,6.164106,6.164106,0.277671,1,0.000050
0.251450,1.000000,1.000000,0.500000,6.321240,6.321240,0.284218,1,0.000050
0.251500,1.000000,1.000000,0.500000,6.472136,6.472136,0.290506,1,0.000050
0.251550,1.000000,1.000000,0.500000,6.616645,6.616645,0.296527,1,0.000050
0.251600,1.000000,1.000000,0.500000,6.754623,6.754623,0.302276,1,0.000050
0.251650,1.000000,1.000000,0.500000,6.885936,6.885936,0.307747,1,0.000050
0.251700,1.000000,1.000000,0.500000,7.010453,7.010453,0.312936,1,0.000050
0.251750,1.000000,1.000000,0.500000,7.128052,7.128052,0.317836,1,0.000050
0.251800,1.000000,1.000000,0.500000,7.238616,7.238616,0.322442,1,0.000050
0.251850,1.000000,1.000000,0.500000,7.342037,7.342037,0.326752,1,0.000050
0.251900,1.000000,1.000000,0.500000,7.438212,7.438212,0.330759,1,0.000050
0.251950,1.000000,1.000000,0.500000,7.527046,7.527046,0.334460,1,0.000050
0.252000,1.000000,1.000000,0.500000,7.608452,7.608452,0.337852,1,0.000050
0.252050,1.000000,1.000000,0.500000,7.682349,7.682349,0.340931,1,0.000050
0.252100,1.000000,1.000000,0.500000,7.748665,7.748665,0.343694,1,0.000050
0.252150,1.000000,1.000000,0.500000,7.807334,7.807334,0.346139,1,0.000050
0.252200,1.000000,1.000000,0.500000,7.858298,7.858298,0.348262,1,0.000050
0.252250,1.000000,1.000000,0.500000,7.901507,7.901507,0.350063,1,0.000050
0.252300,1.000000,1.000000,0.500000,7.936918,7.936918,0.351538,1,0.000050
0.252350,1.000000,1.000000,0.500000,7.964496,7.964496,0.352687,1,0.000050
0.252400,1.000000,1.000000,0.500000,7.984214,7.984214,0.353509,1,0.000050
0.252450,1.000000,1.000000,0.500000,7.996052,7.996052,0.354002,1,0.000050
0.252500,1.000000,1.000000,0.500000,8.000000,8.000000,0.354167,1,0.000050
0.252550,1.000000,1.000000,0.500000,7.996052,7.996052,0.354002,1,0.000050
0.252600,1.000000,1.000000,0.500000,7.984214,7.984214,0.353509,1,0.000050
0.252650,1.000000,1.000000,0.500000,7.964496,7.964496,0.352687,1,0.000050
0.252700,1.000000,1.000000,0.500000,7.936918,7.936918,0.351538,1,0.000050
0.252750,1.000000,1.000000,0.500000,7.901507,7.901507,0.350063,1,0.000050
0.252800,1.000000,1.000000,0.500000,7.858298,7.858298,0.348262,1,0.000050
0.252850,1.000000,1.000000,0.500000,7.807334,7.807334,0.346139,1,0.000050
0.252900,1.000000,1.000000,0.500000,7.748665,7.748665,0.343694,1,0.000050
0.252950,1.000000,1.000000,0.500000,7.682349,7.682349,0.340931,1,0.000050
0.253000,1.000000,1.000000,0.500000,7.608452,7.608452,0.337852,1,0.000050
0.253050,1.000000,1.000000,0.500000,7.527046,7.527046,0.334460,1,0.000050
0.253100,1.000000,1.000000,0.500000,7.438212,7.438212,0.330759,1,0.000050
0.253150,1.000000,1.000000,0.500000,7.342037,7.342037,0.326752,1,0.000050
0.253200,1.000000,1.000000,0.500000,7.238616,7.238616,0.322442,1,0.000050
0.253250,1.000000,1.000000,0.500000,7.128052,7.128052,0.317836,1,0.000050
0.253300,1.000000,1.000000,0.500000,7.010453,7.010453,0.312936,1,0.000050
0.253350,1.000000,1.000000,0.500000,6.885936,6.885936,0.307747,1,0.000050
0.253400,1.000000,1.000000,0.500000,6.754623,6.754623,0.302276,1,0.000050
0.253450,1.000000,1.000000,0.500000,6.616645,6.616645,0.296527,1,0.000050
0.253500,1.000000,1.000000,0.500000,6.472136,6.472136,0.290506,1,0.000050
0.253550,1.000000,1.000000,0.500000,6.321240,6.321240,0.284218,1,0.000050
0.253600,1.000000,1.000000,0.500000,6.164106,6.164106,0.277671,1,0.000050
0.253650,1.000000,1.000000,0.500000,6.000889,6.000889,0.270870,1,0.000050
0.253700,1.000000,1.000000,0.500000,5.831749,5.831749,0.263823,1,0.000050
0.253750,1.000000,1.000000,0.500000,5.656854,5.656854,0.256536,1,0.000050
0.253800,1.000000,1.000000,0.500000,5.476377,5.476377,0.249016,1,0.000050
0.253850,1.000000,1.000000,0.500000,5.290495,5.290495,0.241271,1,0.000050
0.253900,1.000000,1.000000,0.500000,5.099392,5.099392,0.233308,1,0.000050
0.253950,1.000000,1.000000,0.500000,4.903256,4.903256,0.225136,1,0.000050
0.254000,1.000000,1.000000,0.500000,4.702282,4.702282,0.216762,1,0.000050
0.254050,1.000000,1.000000,0.500000,4.496667,4.496667,0.208194,1,0.000050
0.254100,1.000000,1.000000,0.500000,4.286614,4.286614,0.199442,1,0.000050
0.254150,1.000000,1.000000,0.500000,4.072331,4.072331,0.190514,1,0.000050
0.254200,1.000000,1.000000,0.500000,3.854029,3.854029,0.181418,1,0.000050
0.254250,1.000000,1.000000,0.500000,3.631924,3.631924,0.172163,1,0.000050
0.254300,1.000000,1.000000,0.500000,3.406234,3.406234,0.162760,1,0.000050
0.254350,1.000000,1.000000,0.500000,3.177183,3.177183,0.153216,1,0.000050
0.254400,1.000000,1.000000,0.500000,2.944996,2.944996,0.143542,1,0.000050
0.254450,1.000000,1.000000,0.500000,2.709903,2.709903,0.133746,1,0.000050
0.254500,1.000000,1.000000,0.500000,2.472136,2.472136,0.123839,1,0.000050
0.254550,1.000000,1.000000,0.500000,2.231929,2.231929,0.113830,1,0.000050
0.254600,1.000000,1.000000,0.500000,1.989519,1.989519,0.103730,1,0.000050
0.254650,1.000000,1.000000,0.500000,1.745146,1.745146,0.093548,1,0.000050
0.254700,1.000000,1.000000,0.500000,1.499051,1.499051,0.083294,1,0.000050
0.254750,1.000000,1.000000,0.500000,1.251476,1.251476,0.072978,1,0.000050
0.254800,1.000000,1.000000,0.500000,1.002666,1.002666,0.062611,1,0.000050
0.254850,1.000000,1.000000,0.500000,0.752867,0.752867,0.052203,1,0.000050
0.254900,1.000000,1.000000,0.500000,0.502324,0.502324,0.041764,1,0.000050
0.254950,1.000000,1.000000,0.500000,0.251286,0.251286,0.031304,1,0.000050
0.255000,1.000000,1.000000,0.500000,0.000000,0.000000,0.020833,1,0.000050
0.255050,1.000000,1.000000,0.500000,-0.251286,-0.251286,0.010363,1,0.000050
0.255100,1.000000,1.000000,0.500000,-0.502324,-0.502324,-0.000097,1,0.000050
0.255150,1.000000,1.000000,0.500000,-0.752867,-0.752867,-0.010536,1,0.000050
0.255200,1.000000,1.000000,0.500000,-1.002666,-1.002666,-0.020944,1,0.000050
0.255250,1.000000,1.000000,0.500000,-1.251476,-1.251476,-0.031311,1,0.000050
0.255300,1.000000,1.000000,0.500000,-1.499051,-1.499051,-0.041627,1,0.000050
0.255350,1.000000,1.000000,0.500000,-1.745146,-1.745146,-0.051881,1,0.000050
0.255400,1.000000,1.000000,0.500000,-1.989519,-1.989519,-0.062063,1,0.000050
0.255450,1.000000,1.000000,0.500000,-2.231929,-2.231929,-0.072164,1,0.000050
0.255500,1.000000,1.000000,0.500000,-2.472136,-2.472136,-0.082172,1,0.000050
0.255550,1.000000,1.000000,0.500000,-2.709903,-2.709903,-0.092079,1,0.000050
0.255600,1.000000,1.000000,0.500000,-2.944996,-2.944996,-0.101875,1,0.000050
0.255650,1.000000,1.000000,0.500000,-3.177183,-3.177183,-0.111549,1,0.000050
0.255700,1.000000,1.000000,0.500000,-3.406234,-3.406234,-0.121093,1,0.000050
0.255750,1.000000,1.000000,0.500000,-3.631924,-3.631924,-0.130497,1,0.000050
0.255800,1.000000,1.000000,0.500000,-3.854029,-3.854029,-0.139751,1,0.000050
0.255850,1.000000,1.000000,0.500000,-4.072331,-4.072331,-0.148847,1,0.000050
0.255900,1.000000,1.000000,0.500000,-4.286614,-4.286614,-0.157776,1,0.000050
0.255950,1.000000,1.000000,0.500000,-4.496667,-4.496667,-0.166528,1,0.000050
0.256000,1.000000,1.000000,0.500000,-4.702282,-4.702282,-0.175095,1,0.000050
0.256050,1.000000,1.000000,0.500000,-4.903256,-4.903256,-0.183469,1,0.000050
0.256100,1.000000,1.000000,0.500000,-5.099392,-5.099392,-0.191641,1,0.000050
0.256150,1.000000,1.000000,0.500000,-5.290495,-5.290495,-0.199604,1,0.000050
0.256200,1.000000,1.000000,0.500000,-5.476377,-5.476377,-0.207349,1,0.000050
0.256250,1.000000,1.000000,0.500000,-5.656854,-5.656854,-0.214869,1,0.000050
0.256300,1.000000,1.000000,0.500000,-5.831749,-5.831749,-0.222156,1,0.000050
0.256350,1.000000,1.000000,0.500000,-6.000889,-6.000889,-0.229204,1,0.000050
0.256400,1.000000,1.000000,0.500000,-6.164106,-6.164106,-0.236004,1,0.000050
0.256450,1.000000,1.000000,0.500000,-6.321240,-6.321240,-0.242552,1,0.000050
0.256500,1.000000,1.000000,0.500000,-6.472136,-6.472136,-0.248839,1,0.000050
0.256550,1.000000,1.000000,0.500000,-6.616645,-6.616645,-0.254860,1,0.000050
0.256600,1.000000,1.000000,0.500000,-6.754623,-6.754623,-0.260609,1,0.000050
0.256650,1.000000,1.000000,0.500000,-6.885936,-6.885936,-0.266081,1,0.000050
0.256700,1.000000,1.000000,0.500000,-7.010453,-7.010453,-0.271269,1,0.000050
0.256750,1.000000,1.000000,0.500000,-7.128052,-7.128052,-0.276169,1,0.000050
0.256800,1.000000,1.000000,0.500000,-7.238616,-7.238616,-0.280776,1,0.000050
0.256850,1.000000,1.000000,0.500000,-7.342037,-7.342037,-0.285085,1,0.000050
0.256900,1.000000,1.000000,0.500000,-7.438212,-7.438212,-0.289092,1,0.000050
0.256950,1.000000,1.000000,0.500000,-7.527046,-7.527046,-0.292794,1,0.000050
0.257000,1.000000,1.000000,0.500000,-7.608452,-7.608452,-0.296186,1,0.000050
0.257050,1.000000,1.000000,0.500000,-7.682349,-7.682349,-0.299265,1,0.000050
0.257100,1.000000,1.000000,0.500000,-7.748665,-7.748665,-0.302028,1,0.000050
0.257150,1.000000,1.000000,0.500000,-7.807334,-7.807334,-0.304472,1,0.000050
0.257200,1.000000,1.000000,0.500000,-7.858298,-7.858298,-0.306596,1,0.000050
0.257250,1.000000,1.000000,0.500000,-7.901507,-7.901507,-0.308396,1,0.000050
0.257300,1.000000,1.000000,0.500000,-7.936918,-7.936918,-0.309872,1,0.000050
0.257350,1.000000,1.000000,0.500000,-7.964496,-7.964496,-0.311021,1,0.000050
0.257400,1.000000,1.000000,0.500000,-7.984214,-7.984214,-0.311842,1,0.000050
0.257450,1.000000,1.000000,0.500000,-7.996052,-7.996052,-0.312336,1,0.000050
0.257500,1.000000,1.000000,0.500000,-8.000000,-8.000000,-0.312500,1,0.000050
0.257550,1.000000,1.000000,0.500000,-7.996052,-7.996052,-0.312336,1,0.000050
0.257600,1.000000,1.000000,0.500000,-7.984214,-7.984214,-0.311842,1,0.000050
0.257650,1.000000,1.000000,0.500000,-7.964496,-7.964496,-0.311021,1,0.000050
0.257700,1.000000,1.000000,0.500000,-7.936918,-7.936918,-0.309872,1,0.000050
0.257750,1.000000,1.000000,0.500000,-7.901507,-7.901507,-0.308396,1,0.000050
0.257800,1.000000,1.000000,0.500000,-7.858298,-7.858298,-0.306596,1,0.000050
0.257850,1.000000,1.000000,0.500000,-7.807334,-7.807334,-0.304472,1,0.000050
0.257900,1.000000,1.000000,0.500000,-7.748665,-7.748665,-0.302028,1,0.000050
0.257950,1.000000,1.000000,0.500000,-7.682349,-7.682349,-0.299265,1,0.000050
0.258000,1.000000,1.000000,0.500000,-7.608452,-7.608452,-0.296186,1,0.000050
0.258050,1.000000,1.000000,0.500000,-7.527046,-7.527046,-0.292794,1,0.000050
0.258100,1.000000,1.000000,0.500000,-7.438212,-7.438212,-0.289092,1,0.000050
0.258150,1.000000,1.000000,0.500000,-7.342037,-7.342037,-0.285085,1,0.000050
0.258200,1.000000,1.000000,0.500000,-7.238616,-7.238616,-0.280776,1,0.000050
0.258250,1.000000,1.000000,0.500000,-7.128052,-7.128052,-0.276169,1,0.000050
0.258300,1.000000,1.000000,0.500000,-7.010453,-7.010453,-0.271269,1,0.000050
0.258350,1.000000,1.000000,0.500000,-6.885936,-6.885936,-0.266081,1,0.000050
0.258400,1.000000,1.000000,0.500000,-6.754623,-6.754623,-0.260609,1,0.000050
0.258450,1.000000,1.000000,0.500000,-6.616645,-6.616645,-0.254860,1,0.000050
0.258500,1.000000,1.000000,0.500000,-6.472136,-6.472136,-0.248839,1,0.000050
0.258550,1.000000,1.000000,0.500000,-6.321240,-6.321240,-0.242552,1,0.000050
0.258600,1.000000,1.000000,0.500000,-6.164106,-6.164106,-0.236004,1,0.000050
0.258650,1.000000,1.000000,0.500000,-6.000889,-6.000889,-0.229204,1,0.000050
0.258700,1.000000,1.000000,0.500000,-5.831749,-5.831749,-0.222156,1,0.000050
0.258750,1.000000,1.000000,0.500000,-5.656854,-5.656854,-0.214869,1,0.000050
0.258800,1.000000,1.000000,0.500000,-5.476377,-5.476377,-0.207349,1,0.000050
0.258850,1.000000,1.000000,0.500000,-5.290495,-5.290495,-0.199604,1,0.000050
0.258900,1.000000,1.000000,0.500000,-5.099392,-5.099392,-0.191641,1,0.000050
0.258950,1.000000,1.000000,0.500000,-4.903256,-4.903256,-0.183469,1,0.000050
0.259000,1.000000,1.000000,0.500000,-4.702282,-4.702282,-0.175095,1,0.000050
0.259050,1.000000,1.000000,0.500000,-4.496667,-4.496667,-0.166528,1,0.000050
0.259100,1.000000,1.000000,0.500000,-4.286614,-4.286614,-0.157776,1,0.000050
0.259150,1.000000,1.000000,0.500000,-4.072331,-4.072331,-0.148847,1,0.000050
0.259200,1.000000,1.000000,0.500000,-3.854029,-3.854029,-0.139751,1,0.000050
0.259250,1.000000,1.000000,0.500000,-3.631924,-3.631924,-0.130497,1,0.000050
0.259300,1.000000,1.000000,0.500000,-3.406234,-3.406234,-0.121093,1,0.000050
0.259350,1.000000,1.000000,0.500000,-3.177183,-3.177183,-0.111549,1,0.000050
0.259400,1.000000,1.000000,0.500000,-2.944996,-2.944996,-0.101875,1,0.000050
0.259450,1.000000,1.000000,0.500000,-2.709903,-2.709903,-0.092079,1,0.000050
0.259500,1.000000,1.000000,0.500000,-2.472136,-2.472136,-0.082172,1,0.000050
0.259550,1.000000,1.000000,0.500000,-2.231929,-2.231929,-0.072164,1,0.000050
0.259600,1.000000,1.000000,0.500000,-1.989519,-1.989519,-0.062063,1,0.000050
0.259650,1.000000,1.000000,0.500000,-1.745146,-1.745146,-0.051881,1,0.000050
0.259700,1.000000,1.000000,0.500000,-1.499051,-1.499051,-0.041627,1,0.000050
0.259750,1.000000,1.000000,0.500000,-1.251476,-1.251476,-0.031311,1,0.000050
0.259800,1.000000,1.000000,0.500000,-1.002666,-1.002666,-0.020944,1,0.000050
0.259850,1.000000,1.000000,0.500000,-0.752867,-0.752867,-0.010536,1,0.000050
0.259900,1.000000,1.000000,0.500000,-0.502324,-0.502324,-0.000097,1,0.000050
0.259950,1.000000,1.000000,0.500000,-0.251286,-0.251286,0.010363,1,0.000050
0.260000,1.000000,1.000000,0.500000,0.000000,0.000000,0.020833,1,0.000050
0.260050,1.000000,1.000000,0.500000,0.251286,0.251286,0.031304,1,0.000050
0.260100,1.000000,1.000000,0.500000,0.502324,0.502324,0.041764,1,0.000050
0.260150,1.000000,1.000000,0.500000,0.752867,0.752867,0.052203,1,0.000050
0.260200,1.000000,1.000000,0.500000,1.002666,1.002666,0.062611,1,0.000050
0.260250,1.000000,1.000000,0.500000,1.251476,1.251476,0.072978,1,0.000050
0.260300,1.000000,1.000000,0.500000,1.499051,1.499051,0.083294,1,0.000050
0.260350,1.000000,1.000000,0.500000,1.745146,1.745146,0.093548,1,0.000050
0.260400,1.000000,1.000000,0.500000,1.989519,1.989519,0.103730,1,0.000050
0.260450,1.000000,1.000000,0.500000,2.231929,2.231929,0.113830,1,0.000050
0.260500,1.000000,1.000000,0.500000,2.472136,2.472136,0.123839,1,0.000050
0.260550,1.000000,1.000000,0.500000,2.709903,2.709903,0.133746,1,0.000050
0.260600,1.000000,1.000000,0.500000,2.944996,2.944996,0.143542,1,0.000050
0.260650,1.000000,1.000000,0.500000,3.177183,3.177183,0.153216,1,0.000050
0.260700,1.000000,1.000000,0.500000,3.406234,3.406234,0.162760,1,0.000050
0.260750,1.000000,1.000000,0.500000,3.631924,3.631924,0.172163,1,0.000050
0.260800,1.000000,1.000000,0.500000,3.854029,3.854029,0.181418,1,0.000050
0.260850,1.000000,1.000000,0.500000,4.072331,4.072331,0.190514,1,0.000050
0.260900,1.000000,1.000000,0.500000,4.286614,4.286614,0.199442,1,0.000050
0.260950,1.000000,1.000000,0.500000,4.496667,4.496667,0.208194,1,0.000050
0.261000,1.000000,1.000000,0.500000,4.702282,4.702282,0.216762,1,0.000050
0.261050,1.000000,1.000000,0.500000,4.903256,4.903256,0.225136,1,0.000050
0.261100,1.000000,1.000000,0.500000,5.099392,5.099392,0.233308,1,0.000050
0.261150,1.000000,1.000000,0.500000,5.290495,5.290495,0.241271,1,0.000050
0.261200,1.000000,1.000000,0.500000,5.476377,5.476377,0.249016,1,0.000050
0.261250,1.000000,1.000000,0.500000,5.656854,5.656854,0.256536,1,0.000050
0.261300,1.000000,1.000000,0.500000,5.831749,5.831749,0.263823,1,0.000050
0.261350,1.000000,1.000000,0.500000,6.000889,6.000889,0.270870,1,0.000050
0.261400,1.000000,1.000000,0.500000,6.164106,6.164106,0.277671,1,0.000050
0.261450,1.000000,1.000000,0.500000,6.321240,6.321240,0.284218,1,0.000050
0.261500,1.000000,1.000000,0.500000,6.472136,6.472136,0.290506,1,0.000050
0.261550,1.000000,1.000000,0.500000,6.616645,6.616645,0.296527,1,0.000050
0.261600,1.000000,1.000000,0.500000,6.754623,6.754623,0.302276,1,0.000050
0.261650,1.000000,1.000000,0.500000,6.885936,6.885936,0.307747,1,0.000050
0.261700,1.000000,1.000000,0.500000,7.010453,7.010453,0.312936,1,0.000050
0.261750,1.000000,1.000000,0.500000,7.128052,7.128052,0.317836,1,0.000050
0.261800,1.000000,1.000000,0.500000,7.238616,7.238616,0.322442,1,0.000050
0.261850,1.000000,1.000000,0.500000,7.342037,7.342037,0.326752,1,0.000050
0.261900,1.000000,1.000000,0.500000,7.438212,7.438212,0.330759,1,0.000050
0.261950,1.000000,1.000000,0.500000,7.527046,7.527046,0.334460,1,0.000050
0.262000,1.000000,1.000000,0.500000,7.608452,7.608452,0.337852,1,0.000050
0.262050,1.000000,1.000000,0.500000,7.682349,7.682349,0.340931,1,0.000050
0.262100,1.000000,1.000000,0.500000,7.748665,7.748665,0.343694,1,0.000050
0.262150,1.000000,1.000000,0.500000,7.807334,7.807334,0.346139,1,0.000050
0.262200,1.000000,1.000000,0.500000,7.858298,7.858298,0.348262,1,0.000050
0.262250,1.000000,1.000000,0.500000,7.901507,7.901507,0.350063,1,0.000050
0.262300,1.000000,1.000000,0.500000,7.936918,7.936918,0.351538,1,0.000050
0.262350,1.000000,1.000000,0.500000,7.964496,7.964496,0.352687,1,0.000050
0.262400,1.000000,1.000000,0.500000,7.984214,7.984214,0.353509,1,0.000050
0.262450,1.000000,1.000000,0.500000,7.996052,7.996052,0.354002,1,0.000050
0.262500,1.000000,1.000000,0.500000,8.000000,8.000000,0.354167,1,0.000050
0.262550,1.000000,1.000000,0.500000,7.996052,7.996052,0.354002,1,0.000050
0.262600,1.000000,1.000000,0.500000,7.984214,7.984214,0.353509,1,0.000050
0.262650,1.000000,1.000000,0.500000,7.964496,7.964496,0.352687,1,0.000050
0.262700,1.000000,1.000000,0.500000,7.936918,7.936918,0.351538,1,0.000050
0.262750,1.000000,1.000000,0.500000,7.901507,7.901507,0.350063,1,0.000050
0.262800,1.000000,1.000000,0.500000,7.858298,7.858298,0.348262,1,0.000050
0.262850,1.000000,1.000000,0.500000,7.807334,7.807334,0.346139,1,0.000050
0.262900,1.000000,1.000000,0.500000,7.748665,7.748665,0.343694,1,0.000050
0.262950,1.000000,1.000000,0.500000,7.682349,7.682349,0.340931,1,0.000050
0.263000,1.000000,1.000000,0.500000,7.608452,7.608452,0.337852,1,0.000050
0.263050,1.000000,1.000000,0.500000,7.527046,7.527046,0.334460,1,0.000050
0.263100,1.000000,1.000000,0.500000,7.438212,7.438212,0.330759,1,0.000050
0.263150,1.000000,1.000000,0.500000,7.342037,7.342037,0.326752,1,0.000050
0.263200,1.000000,1.000000,0.500000,7.238616,7.238616,0.322442,1,0.000050
0.263250,1.000000,1.000000,0.500000,7.128052,7.128052,0.317836,1,0.000050
0.263300,1.000000,1.000000,0.500000,7.010453,7.010453,0.312936,1,0.000050
0.263350,1.000000,1.000000,0.500000,6.885936,6.885936,0.307747,1,0.000050
0.263400,1.000000,1.000000,0.500000,6.754623,6.754623,0.302276,1,0.000050
0.263450,1.000000,1.000000,0.500000,6.616645,6.616645,0.296527,1,0.000050
0.263500,1.000000,1.000000,0.500000,6.472136,6.472136,0.290506,1,0.000050
0.263550,1.000000,1.000000,0.500000,6.321240,6.321240,0.284218,1,0.000050
0.263600,1.000000,1.000000,0.500000,6.164106,6.164106,0.277671,1,0.000050
0.263650,1.000000,1.000000,0.500000,6.000889,6.000889,0.270870,1,0.000050
0.263700,1.000000,1.000000,0.500000,5.831749,5.831749,0.263823,1,0.000050
0.263750,1.000000,1.000000,0.500000,5.656854,5.656854,0.256536,1,0.000050
0.263800,1.000000,1.000000,0.500000,5.476377,5.476377,0.249016,1,0.000050
0.263850,1.000000,1.000000,0.500000,5.290495,5.290495,0.241271,1,0.000050
0.263900,1.000000,1.000000,0.500000,5.099392,5.099392,0.233308,1,0.000050
0.263950,1.000000,1.000000,0.500000,4.903256,4.903256,0.225136,1,0.000050
0.264000,1.000000,1.000000,0.500000,4.702282,4.702282,0.216762,1,0.000050
0.264050,1.000000,1.000000,0.500000,4.496667,4.496667,0.208194,1,0.000050
0.264100,1.000000,1.000000,0.500000,4.286614,4.286614,0.199442,1,0.000050
0.264150,1.000000,1.000000,0.500000,4.072331,4.072331,0.190514,1,0.000050
0.264200,1.000000,1.000000,0.500000,3.854029,3.854029,0.181418,1,0.000050
0.264250,1.000000,1.000000,0.500000,3.631924,3.631924,0.172163,1,0.000050
0.264300,1.000000,1.000000,0.500000,3.406234,3.406234,0.162760,1,0.000050
0.264350,1.000000,1.000000,0.500000,3.177183,3.177183,0.153216,1,0.000050
0.264400,1.000000,1.000000,0.500000,2.944996,2.944996,0.143542,1,0.000050
0.264450,1.000000,1.000000,0.500000,2.709903,2.709903,0.133746,1,0.000050
0.264500,1.000000,1.000000,0.500000,2.472136,2.472136,0.123839,1,0.000050
0.264550,1.000000,1.000000,0.500000,2.231929,2.231929,0.113830,1,0.000050
0.264600,1.000000,1.000000,0.500000,1.989519,1.989519,0.103730,1,0.000050
0.264650,1.000000,1.000000,0.500000,1.745146,1.745146,0.093548,1,0.000050
0.264700,1.000000,1.000000,0.500000,1.499051,1.499051,0.083294,1,0.000050
0.264750,1.000000,1.000000,0.500000,1.251476,1.251476,0.072978,1,0.000050
0.264800,1.000000,1.000000,0.500000,1.002666,1.002666,0.062611,1,0.000050
0.264850,1.000000,1.000000,0.500000,0.752867,0.752867,0.052203,1,0.000050
0.264900,1.000000,1.000000,0.500000,0.502324,0.502324,0.041764,1,0.000050
0.264950,1.000000,1.000000,0.500000,0.251286,0.251286,0.031304,1,0.000050
0.265000,1.000000,1.000000,0.500000,0.000000,0.000000,0.020833,1,0.000050
0.265050,1.000000,1.000000,0.500000,-0.251286,-0.251286,0.010363,1,0.000050
0.265100,1.000000,1.000000,0.500000,-0.502324,-0.502324,-0.000097,1,0.000050
0.265150,1.000000,1.000000,0.500000,-0.752867,-0.752867,-0.010536,1,0.000050
0.265200,1.000000,1.000000,0.500000,-1.002666,-1.002666,-0.020944,1,0.000050
0.265250,1.000000,1.000000,0.500000,-1.251476,-1.251476,-0.031311,1,0.000050
0.265300,1.000000,1.000000,0.500000,-1.499051,-1.499051,-0.041627,1,0.000050
0.265350,1.000000,1.000000,0.500000,-1.745146,-1.745146,-0.051881,1,0.000050
0.265400,1.000000,1.000000,0.500000,-1.989519,-1.989519,-0.062063,1,0.000050
0.265450,1.000000,1.000000,0.500000,-2.231929,-2.231929,-0.072164,1,0.000050
0.265500,1.000000,1.000000,0.500000,-2.472136,-2.472136,-0.082172,1,0.000050
0.265550,1.000000,1.000000,0.500000,-2.709903,-2.709903,-0.092079,1,0.000050
0.265600,1.000000,1.000000,0.500000,-2.944996,-2.944996,-0.101875,1,0.000050
0.265650,1.000000,1.000000,0.500000,-3.177183,-3.177183,-0.111549,1,0.000050
0.265700,1.000000,1.000000,0.500000,-3.406234,-3.406234,-0.121093,1,0.000050
0.265750,1.000000,1.000000,0.500000,-3.631924,-3.631924,-0.130497,1,0.000050
0.265800,1.000000,1.000000,0.500000,-3.854029,-3.854029,-0.139751,1,0.000050
0.265850,1.000000,1.000000,0.500000,-4.072331,-4.072331,-0.148847,1,0.000050
0.265900,1.000000,1.000000,0.500000,-4.286614,-4.286614,-0.157776,1,0.000050
0.265950,1.000000,1.000000,0.500000,-4.496667,-4.496667,-0.166528,1,0.000050
0.266000,1.000000,1.000000,0.500000,-4.702282,-4.702282,-0.175095,1,0.000050
0.266050,1.000000,1.000000,0.500000,-4.903256,-4.903256,-0.183469,1,0.000050
0.266100,1.000000,1.000000,0.500000,-5.099392,-5.099392,-0.191641,1,0.000050
0.266150,1.000000,1.000000,0.500000,-5.290495,-5.290495,-0.199604,1,0.000050
0.266200,1.000000,1.000000,0.500000,-5.476377,-5.476377,-0.207349,1,0.000050
0.266250,1.000000,1.000000,0.500000,-5.656854,-5.656854,-0.214869,1,0.000050
0.266300,1.000000,1.000000,0.500000,-5.831749,-5.831749,-0.222156,1,0.000050
0.266350,1.000000,1.000000,0.500000,-6.000889,-6.000889,-0.229204,1,0.000050
0.266400,1.000000,1.000000,0.500000,-6.164106,-6.164106,-0.236004,1,0.000050
0.266450,1.000000,1.000000,0.500000,-6.321240,-6.321240,-0.242552,1,0.000050
0.266500,1.000000,1.000000,0.500000,-6.472136,-6.472136,-0.248839,1,0.000050
0.266550,1.000000,1.000000,0.500000,-6.616645,-6.616645,-0.254860,1,0.000050
0.266600,1.000000,1.000000,0.500000,-6.754623,-6.754623,-0.260609,1,0.000050
0.266650,1.000000,1.000000,0.500000,-6.885936,-6.885936,-0.266081,1,0.000050
0.266700,1.000000,1.000000,0.500000,-7.010453,-7.010453,-0.271269,1,0.000050
0.266750,1.000000,1.000000,0.500000,-7.128052,-7.128052,-0.276169,1,0.000050
0.266800,1.000000,1.000000,0.500000,-7.238616,-7.238616,-0.280776,1,0.000050
0.266850,1.000000,1.000000,0.500000,-7.342037,-7.342037,-0.285085,1,0.000050
0.266900,1.000000,1.000000,0.500000,-7.438212,-7.438212,-0.289092,1,0.000050
0.266950,1.000000,1.000000,0.500000,-7.527046,-7.527046,-0.292794,1,0.000050
0.267000,1.000000,1.000000,0.500000,-7.608452,-7.608452,-0.296186,1,0.000050
0.267050,1.000000,1.000000,0.500000,-7.682349,-7.682349,-0.299265,1,0.000050
0.267100,1.000000,1.000000,0.500000,-7.748665,-7.748665,-0.302028,1,0.000050
0.267150,1.000000,1.000000,0.500000,-7.807334,-7.807334,-0.304472,1,0.000050
0.267200,1.000000,1.000000,0.500000,-7.858298,-7.858298,-0.306596,1,0.000050
0.267250,1.000000,1.000000,0.500000,-7.901507,-7.901507,-0.308396,1,0.000050
0.267300,1.000000,1.000000,0.500000,-7.936918,-7.936918,-0.309872,1,0.000050
0.267350,1.000000,1.000000,0.500000,-7.964496,-7.964496,-0.311021,1,0.000050
0.267400,1.000000,1.000000,0.500000,-7.984214,-7.984214,-0.311842,1,0.000050
0.267450,1.000000,1.000000,0.500000,-7.996052,-7.996052,-0.312336,1,0.000050
0.267500,1.000000,1.000000,0.500000,-8.000000,-8.000000,-0.312500,1,0.000050
0.267550,1.000000,1.000000,0.500000,-7.996052,-7.996052,-0.312336,1,0.000050
0.267600,1.000000,1.000000,0.500000,-7.984214,-7.984214,-0.311842,1,0.000050
0.267650,1.000000,1.000000,0.500000,-7.964496,-7.964496,-0.311021,1,0.000050
0.267700,1.000000,1.000000,0.500000,-7.936918,-7.936918,-0.309872,1,0.000050
0.267750,1.000000,1.000000,0.500000,-7.901507,-7.901507,-0.308396,1,0.000050
0.267800,1.000000,1.000000,0.500000,-7.858298,-7.858298,-0.306596,1,0.000050
0.267850,1.000000,1.000000,0.500000,-7.807334,-7.807334,-0.304472,1,0.000050
0.267900,1.000000,1.000000,0.500000,-7.748665,-7.748665,-0.302028,1,0.000050
0.267950,1.000000,1.000000,0.500000,-7.682349,-7.682349,-0.299265,1,0.000050
0.268000,1.000000,1.000000,0.500000,-7.608452,-7.608452,-0.296186,1,0.000050
0.268050,1.000000,1.000000,0.500000,-7.527046,-7.527046,-0.292794,1,0.000050
0.268100,1.000000,1.000000,0.500000,-7.438212,-7.438212,-0.289092,1,0.000050
0.268150,1.000000,1.000000,0.500000,-7.342037,-7.342037,-0.285085,1,0.000050
0.268200,1.000000,1.000000,0.500000,-7.238616,-7.238616,-0.280776,1,0.000050
0.268250,1.000000,1.000000,0.500000,-7.128052,-7.128052,-0.276169,1,0.000050
0.268300,1.000000,1.000000,0.500000,-7.010453,-7.010453,-0.271269,1,0.000050
0.268350,1.000000,1.000000,0.500000,-6.885936,-6.885936,-0.266081,1,0.000050
0.268400,1.000000,1.000000,0.500000,-6.754623,-6.754623,-0.260609,1,0.000050
0.268450,1.000000,1.000000,0.500000,-6.616645,-6.616645,-0.254860,1,0.000050
0.268500,1.000000,1.000000,0.500000,-6.472136,-6.472136,-0.248839,1,0.000050
0.268550,1.000000,1.000000,0.500000,-6.321240,-6.321240,-0.242552,1,0.000050
0.268600,1.000000,1.000000,0.500000,-6.164106,-6.164106,-0.236004,1,0.000050
0.268650,1.000000,1.000000,0.500000,-6.000889,-6.000889,-0.229204,1,0.000050
0.268700,1.000000,1.000000,0.500000,-5.831749,-5.831749,-0.222156,1,0.000050
0.268750,1.000000,1.000000,0.500000,-5.656854,-5.656854,-0.214869,1,0.000050
0.268800,1.000000,1.000000,0.500000,-5.476377,-5.476377,-0.207349,1,0.000050
0.268850,1.000000,1.000000,0.500000,-5.290495,-5.290495,-0.199604,1,0.000050
0.268900,1.000000,1.000000,0.500000,-5.099392,-5.099392,-0.191641,1,0.000050
0.268950,1.000000,1.000000,0.500000,-4.903256,-4.903256,-0.183469,1,0.000050
0.269000,1.000000,1.000000,0.500000,-4.702282,-4.702282,-0.175095,1,0.000050
0.269050,1.000000,1.000000,0.500000,-4.496667,-4.496667,-0.166528,1,0.000050
0.269100,1.000000,1.000000,0.500000,-4.286614,-4.286614,-0.157776,1,0.000050
0.269150,1.000000,1.000000,0.500000,-4.072331,-4.072331,-0.148847,1,0.000050
0.269200,1.000000,1.000000,0.500000,-3.854029,-3.854029,-0.139751,1,0.000050
0.269250,1.000000,1.000000,0.500000,-3.631924,-3.631924,-0.130497,1,0.000050
0.269300,1.000000,1.000000,0.500000,-3.406234,-3.406234,-0.121093,1,0.000050
0.269350,1.000000,1.000000,0.500000,-3.177183,-3.177183,-0.111549,1,0.000050
0.269400,1.000000,1.000000,0.500000,-2.944996,-2.944996,-0.101875,1,0.000050
0.269450,1.000000,1.000000,0.500000,-2.709903,-2.709903,-0.092079,1,0.000050
0.269500,1.000000,1.000000,0.500000,-2.472136,-2.472136,-0.082172,1,0.000050
0.269550,1.000000,1.000000,0.500000,-2.231929,-2.231929,-0.072164,1,0.000050
0.269600,1.000000,1.000000,0.500000,-1.989519,-1.989519,-0.062063,1,0.000050
0.269650,1.000000,1.000000,0.500000,-1.745146,-1.745146,-0.051881,1,0.000050
0.269700,1.000000,1.000000,0.500000,-1.499051,-1.499051,-0.041627,1,0.000050
0.269750,1.000000,1.000000,0.500000,-1.251476,-1.251476,-0.031311,1,0.000050
0.269800,1.000000,1.000000,0.500000,-1.002666,-1.002666,-0.020944,1,0.000050
0.269850,1.000000,1.000000,0.500000,-0.752867,-0.752867,-0.010536,1,0.000050
0.269900,1.000000,1.000000,0.500000,-0.502324,-0.502324,-0.000097,1,0.000050
0.269950,1.000000,1.000000,0.500000,-0.251286,-0.251286,0.010363,1,0.000050
0.270000,1.000000,1.000000,0.500000,0.000000,0.000000,0.020833,1,0.000050
0.270050,1.000000,1.000000,0.500000,0.251286,0.251286,0.031304,1,0.000050
0.270100,1.000000,1.000000,0.500000,0.502324,0.502324,0.041764,1,0.000050
0.270150,1.000000,1.000000,0.500000,0.752867,0.752867,0.052203,1,0.000050
0.270200,1.000000,1.000000,0.500000,1.002666,1.002666,0.062611,1,0.000050
0.270250,1.000000,1.000000,0.500000,1.251476,1.251476,0.072978,1,0.000050
0.270300,1.000000,1.000000,0.500000,1.499051,1.499051,0.083294,1,0.000050
0.270350,1.000000,1.000000,0.500000,1.745146,1.745146,0.093548,1,0.000050
0.270400,1.000000,1.000000,0.500000,1.989519,1.989519,0.103730,1,0.000050
0.270450,1.000000,1.000000,0.500000,2.231929,2.231929,0.113830,1,0.000050
0.270500,1.000000,1.000000,0.500000,2.472136,2.472136,0.123839,1,0.000050
0.270550,1.000000,1.000000,0.500000,2.709903,2.709903,0.133746,1,0.000050
0.270600,1.000000,1.000000,0.500000,2.944996,2.944996,0.143542,1,0.000050
0.270650,1.000000,1.000000,0.500000,3.177183,3.177183,0.153216,1,0.000050
0.270700,1.000000,1.000000,0.500000,3.406234,3.406234,0.162760,1,0.000050
0.270750,1.000000,1.000000,0.500000,3.631924,3.631924,0.172163,1,0.000050
0.270800,1.000000,1.000000,0.500000,3.854029,3.854029,0.181418,1,0.000050
0.270850,1.000000,1.000000,0.500000,4.072331,4.072331,0.190514,1,0.000050
0.270900,1.000000,1.000000,0.500000,4.286614,4.286614,0.199442,1,0.000050
0.270950,1.000000,1.000000,0.500000,4.496667,4.496667,0.208194,1,0.000050
0.271000,1.000000,1.000000,0.500000,4.702282,4.702282,0.216762,1,0.000050
0.271050,1.000000,1.000000,0.500000,4.903256,4.903256,0.225136,1,0.000050
0.271100,1.000000,1.000000,0.500000,5.099392,5.099392,0.233308,1,0.000050
0.271150,1.000000,1.000000,0.500000,5.290495,5.290495,0.241271,1,0.000050
0.271200,1.000000,1.000000,0.500000,5.476377,5.476377,0.249016,1,0.000050
0.271250,1.000000,1.000000,0.500000,5.656854,5.656854,0.256536,1,0.000050
0.271300,1.000000,1.000000,0.500000,5.831749,5.831749,0.263823,1,0.000050
0.271350,1.000000,1.000000,0.500000,6.000889,6.000889,0.270870,1,0.000050
0.271400,1.000000,1.000000,0.500000,6.164106,6.164106,0.277671,1,0.000050
0.271450,1.000000,1.000000,0.500000,6.321240,6.321240,0.284218,1,0.000050
0.271500,1.000000,1.000000,0.500000,6.472136,6.472136,0.290506,1,0.000050
0.271550,1.000000,1.000000,0.500000,6.616645,6.616645,0.296527,1,0.000050
0.271600,1.000000,1.000000,0.500000,6.754623,6.754623,0.302276,1,0.000050
0.271650,1.000000,1.000000,0.500000,6.885936,6.885936,0.307747,1,0.000050
0.271700,1.000000,1.000000,0.500000,7.010453,7.010453,0.312936,1,0.000050
0.271750,1.000000,1.000000,0.500000,7.128052,7.128052,0.317836,1,0.000050
0.271800,1.000000,1.000000,0.500000,7.238616,7.238616,0.322442,1,0.000050
0.271850,1.000000,1.000000,0.500000,7.342037,7.342037,0.326752,1,0.000050
0.271900,1.000000,1.000000,0.500000,7.438212,7.438212,0.330759,1,0.000050
0.271950,1.000000,1.000000,0.500000,7.527046,7.527046,0.334460,1,0.000050
0.272000,1.000000,1.000000,0.500000,7.608452,7.608452,0.337852,1,0.000050
0.272050,1.000000,1.000000,0.500000,7.682349,7.682349,0.340931,1,0.000050
0.272100,1.000000,1.000000,0.500000,7.748665,7.748665,0.343694,1,0.000050
0.272150,1.000000,1.000000,0.500000,7.807334,7.807334,0.346139,1,0.000050
0.272200,1.000000,1.000000,0.500000,7.858298,7.858298,0.348262,1,0.000050
0.272250,1.000000,1.000000,0.500000,7.901507,7.901507,0.350063,1,0.000050
0.272300,1.000000,1.000000,0.500000,7.936918,7.936918,0.351538,1,0.000050
0.272350,1.000000,1.000000,0.500000,7.964496,7.964496,0.352687,1,0.000050
0.272400,1.000000,1.000000,0.500000,7.984214,7.984214,0.353509,1,0.000050
0.272450,1.000000,1.000000,0.500000,7.996052,7.996052,0.354002,1,0.000050
0.272500,1.000000,1.000000,0.500000,8.000000,8.000000,0.354167,1,0.000050
0.272550,1.000000,1.000000,0.500000,7.996052,7.996052,0.354002,1,0.000050
0.272600,1.000000,1.000000,0.500000,7.984214,7.984214,0.353509,1,0.000050
0.272650,1.000000,1.000000,0.500000,7.964496,7.964496,0.352687,1,0.000050
0.272700,1.000000,1.000000,0.500000,7.936918,7.936918,0.351538,1,0.000050
0.272750,1.000000,1.000000,0.500000,7.901507,7.901507,0.350063,1,0.000050
0.272800,1.000000,1.000000,0.500000,7.858298,7.858298,0.348262,1,0.000050
0.272850,1.000000,1.000000,0.500000,7.807334,7.807334,0.346139,1,0.000050
0.272900,1.000000,1.000000,0.500000,7.748665,7.748665,0.343694,1,0.000050
0.272950,1.000000,1.000000,0.500000,7.682349,7.682349,0.340931,1,0.000050
0.273000,1.000000,1.000000,0.500000,7.608452,7.608452,0.337852,1,0.000050
0.273050,1.000000,1.000000,0.500000,7.527046,7.527046,0.334460,1,0.000050
0.273100,1.000000,1.000000,0.500000,7.438212,7.438212,0.330759,1,0.000050
0.273150,1.000000,1.000000,0.500000,7.342037,7.342037,0.326752,1,0.000050
0.273200,1.000000,1.000000,0.500000,7.238616,7.238616,0.322442,1,0.000050
0.273250,1.000000,1.000000,0.500000,7.128052,7.128052,0.317836,1,0.000050
0.273300,1.000000,1.000000,0.500000,7.010453,7.010453,0.312936,1,0.000050
0.273350,1.000000,1.000000,0.500000,6.885936,6.885936,0.307747,1,0.000050
0.273400,1.000000,1.000000,0.500000,6.754623,6.754623,0.302276,1,0.000050
0.273450,1.000000,1.000000,0.500000,6.616645,6.616645,0.296527,1,0.000050
0.273500,1.000000,1.000000,0.500000,6.472136,6.472136,0.290506,1,0.000050
0.273550,1.000000,1.000000,0.500000,6.321240,6.321240,0.284218,1,0.000050
0.273600,1.000000,1.000000,0.500000,6.164106,6.164106,0.277671,1,0.000050
0.273650,1.000000,1.000000,0.500000,6.000889,6.000889,0.270870,1,0.000050
0.273700,1.000000,1.000000,0.500000,5.831749,5.831749,0.263823,1,0.000050
0.273750,1.000000,1.000000,0.500000,5.656854,5.656854,0.256536,1,0.000050
0.273800,1.000000,1.000000,0.500000,5.476377,5.476377,0.249016,1,0.000050
0.273850,1.000000,1.000000,0.500000,5.290495,5.290495,0.241271,1,0.000050
0.273900,1.000000,1.000000,0.500000,5.099392,5.099392,0.233308,1,0.000050
0.273950,1.000000,1.000000,0.500000,4.903256,4.903256,0.225136,1,0.000050
0.274000,1.000000,1.000000,0.500000,4.702282,4.702282,0.216762,1,0.000050
0.274050,1.000000,1.000000,0.500000,4.496667,4.496667,0.208194,1,0.000050
0.274100,1.000000,1.000000,0.500000,4.286614,4.286614,0.199442,1,0.000050
0.274150,1.000000,1.000000,0.500000,4.072331,4.072331,0.190514,1,0.000050
0.274200,1.000000,1.000000,0.500000,3.854029,3.854029,0.181418,1,0.000050
0.274250,1.000000,1.000000,0.500000,3.631924,3.631924,0.172163,1,0.000050
0.274300,1.000000,1.000000,0.500000,3.406234,3.406234,0.162760,1,0.000050
0.274350,1.000000,1.000000,0.500000,3.177183,3.177183,0.153216,1,0.000050
0.274400,1.000000,1.000000,0.500000,2.944996,2.944996,0.143542,1,0.000050
0.274450,1.000000,1.000000,0.500000,2.709903,2.709903,0.133746,1,0.000050
0.274500,1.000000,1.000000,0.500000,2.472136,2.472136,0.123839,1,0.000050
0.274550,1.000000,1.000000,0.500000,2.231929,2.231929,0.113830,1,0.000050
0.274600,1.000000,1.000000,0.500000,1.989519,1.989519,0.103730,1,0.000050
0.274650,1.000000,1.000000,0.500000,1.745146,1.745146,0.093548,1,0.000050
0.274700,1.000000,1.000000,0.500000,1.499051,1.499051,0.083294,1,0.000050
0.274750,1.000000,1.000000,0.500000,1.251476,1.251476,0.072978,1,0.000050
0.274800,1.000000,1.000000,0.500000,1.002666,1.002666,0.062611,1,0.000050
0.274850,1.000000,1.000000,0.500000,0.752867,0.752867,0.052203,1,0.000050
0.274900,1.000000,1.000000,0.500000,0.502324,0.502324,0.041764,1,0.000050
0.274950,1.000000,1.000000,0.500000,0.251286,0.251286,0.031304,1,0.000050
0.275000,1.000000,1.000000,0.500000,-0.000000,-0.000000,0.020833,1,0.000050
0.275050,1.000000,1.000000,0.500000,-0.251286,-0.251286,0.010363,1,0.000050
0.275100,1.000000,1.000000,0.500000,-0.502324,-0.502324,-0.000097,1,0.000050
0.275150,1.000000,1.000000,0.500000,-0.752867,-0.752867,-0.010536,1,0.000050
0.275200,1.000000,1.000000,0.500000,-1.002666,-1.002666,-0.020944,1,0.000050
0.275250,1.000000,1.000000,0.500000,-1.251476,-1.251476,-0.031311,1,0.000050
0.275300,1.000000,1.000000,0.500000,-1.499051,-1.499051,-0.041627,1,0.000050
0.275350,1.000000,1.000000,0.500000,-1.745146,-1.745146,-0.051881,1,0.000050
0.275400,1.000000,1.000000,0.500000,-1.989519,-1.989519,-0.062063,1,0.000050
0.275450,1.000000,1.000000,0.500000,-2.231929,-2.231929,-0.072164,1,0.000050
0.275500,1.000000,1.000000,0.500000,-2.472136,-2.472136,-0.082172,1,0.000050
0.275550,1.000000,1.000000,0.500000,-2.709903,-2.709903,-0.092079,1,0.000050
0.275600,1.000000,1.000000,0.500000,-2.944996,-2.944996,-0.101875,1,0.000050
0.275650,1.000000,1.000000,0.500000,-3.177183,-3.177183,-0.111549,1,0.000050
0.275700,1.000000,1.000000,0.500000,-3.406234,-3.406234,-0.121093,1,0.000050
0.275750,1.000000,1.000000,0.500000,-3.631924,-3.631924,-0.130497,1,0.000050
0.275800,1.000000,1.000000,0.500000,-3.854029,-3.854029,-0.139751,1,0.000050
0.275850,1.000000,1.000000,0.500000,-4.072331,-4.072331,-0.148847,1,0.000050
0.275900,1.000000,1.000000,0.500000,-4.286614,-4.286614,-0.157776,1,0.000050
0.275950,1.000000,1.000000,0.500000,-4.496667,-4.496667,-0.166528,1,0.000050
0.276000,1.000000,1.000000,0.500000,-4.702282,-4.702282,-0.175095,1,0.000050
0.276050,1.000000,1.000000,0.500000,-4.903256,-4.903256,-0.183469,1,0.000050
0.276100,1.000000,1.000000,0.500000,-5.099392,-5.099392,-0.191641,1,0.000050
0.276150,1.000000,1.000000,0.500000,-5.290495,-5.290495,-0.199604,1,0.000050
0.276200,1.000000,1.000000,0.500000,-5.476377,-5.476377,-0.207349,1,0.000050
0.276250,1.000000,1.000000,0.500000,-5.656854,-5.656854,-0.214869,1,0.000050
0.276300,1.000000,1.000000,0.500000,-5.831749,-5.831749,-0.222156,1,0.000050
0.276350,1.000000,1.000000,0.500000,-6.000889,-6.000889,-0.229204,1,0.000050
0.276400,1.000000,1.000000,0.500000,-6.164106,-6.164106,-0.236004,1,0.000050
0.276450,1.000000,1.000000,0.500000,-6.321240,-6.321240,-0.242552,1,0.000050
0.276500,1.000000,1.000000,0.500000,-6.472136,-6.472136,-0.248839,1,0.000050
0.276550,1.000000,1.000000,0.500000,-6.616645,-6.616645,-0.254860,1,0.000050
0.276600,1.000000,1.000000,0.500000,-6.754623,-6.754623,-0.260609,1,0.000050
0.276650,1.000000,1.000000,0.500000,-6.885936,-6.885936,-0.266081,1,0.000050
0.276700,1.000000,1.000000,0.500000,-7.010453,-7.010453,-0.271269,1,0.000050
0.276750,1.000000,1.000000,0.500000,-7.128052,-7.128052,-0.276169,1,0.000050
0.276800,1.000000,1.000000,0.500000,-7.238616,-7.238616,-0.280776,1,0.000050
0.276850,1.000000,1.000000,0.500000,-7.342037,-7.342037,-0.285085,1,0.000050
0.276900,1.000000,1.000000,0.500000,-7.438212,-7.438212,-0.289092,1,0.000050
0.276950,1.000000,1.000000,0.500000,-7.527046,-7.527046,-0.292794,1,0.000050
0.277000,1.000000,1.000000,0.500000,-7.608452,-7.608452,-0.296186,1,0.000050
0.277050,1.000000,1.000000,0.500000,-7.682349,-7.682349,-0.299265,1,0.000050
0.277100,1.000000,1.000000,0.500000,-7.748665,-7.748665,-0.302028,1,0.000050
0.277150,1.000000,1.000000,0.500000,-7.807334,-7.807334,-0.304472,1,0.000050
0.277200,1.000000,1.000000,0.500000,-7.858298,-7.858298,-0.306596,1,0.000050
0.277250,1.000000,1.000000,0.500000,-7.901507,-7.901507,-0.308396,1,0.000050
0.277300,1.000000,1.000000,0.500000,-7.936918,-7.936918,-0.309872,1,0.000050
0.277350,1.000000,1.000000,0.500000,-7.964496,-7.964496,-0.311021,1,0.000050
0.277400,1.000000,1.000000,0.500000,-7.984214,-7.984214,-0.311842,1,0.000050
0.277450,1.000000,1.000000,0.500000,-7.996052,-7.996052,-0.312336,1,0.000050
0.277500,1.000000,1.000000,0.500000,-8.000000,-8.000000,-0.312500,1,0.000050
0.277550,1.000000,1.000000,0.500000,-7.996052,-7.996052,-0.312336,1,0.000050
0.277600,1.000000,1.000000,0.500000,-7.984214,-7.984214,-0.311842,1,0.000050
0.277650,1.000000,1.000000,0.500000,-7.964496,-7.964496,-0.311021,1,0.000050
0.277700,1.000000,1.000000,0.500000,-7.936918,-7.936918,-0.309872,1,0.000050
0.277750,1.000000,1.000000,0.500000,-7.901507,-7.901507,-0.308396,1,0.000050
0.277800,1.000000,1.000000,0.500000,-7.858298,-7.858298,-0.306596,1,0.000050
0.277850,1.000000,1.000000,0.500000,-7.807334,-7.807334,-0.304472,1,0.000050
0.277900,1.000000,1.000000,0.500000,-7.748665,-7.748665,-0.302028,1,0.000050
0.277950,1.000000,1.000000,0.500000,-7.682349,-7.682349,-0.299265,1,0.000050
0.278000,1.000000,1.000000,0.500000,-7.608452,-7.608452,-0.296186,1,0.000050
0.278050,1.000000,1.000000,0.500000,-7.527046,-7.527046,-0.292794,1,0.000050
0.278100,1.000000,1.000000,0.500000,-7.438212,-7.438212,-0.289092,1,0.000050
0.278150,1.000000,1.000000,0.500000,-7.342037,-7.342037,-0.285085,1,0.000050
0.278200,1.000000,1.000000,0.500000,-7.238616,-7.238616,-0.280776,1,0.000050
0.278250,1.000000,1.000000,0.500000,-7.128052,-7.128052,-0.276169,1,0.000050
0.278300,1.000000,1.000000,0.500000,-7.010453,-7.010453,-0.271269,1,0.000050
0.278350,1.000000,1.000000,0.500000,-6.885936,-6.885936,-0.266081,1,0.000050
0.278400,1.000000,1.000000,0.500000,-6.754623,-6.754623,-0.260609,1,0.000050
0.278450,1.000000,1.000000,0.500000,-6.616645,-6.616645,-0.254860,1,0.000050
0.278500,1.000000,1.000000,0.500000,-6.472136,-6.472136,-0.248839,1,0.000050
0.278550,1.000000,1.000000,0.500000,-6.321240,-6.321240,-0.242552,1,0.000050
0.278600,1.000000,1.000000,0.500000,-6.164106,-6.164106,-0.236004,1,0.000050
0.278650,1.000000,1.000000,0.500000,-6.000889,-6.000889,-0.229204,1,0.000050
0.278700,1.000000,1.000000,0.500000,-5.831749,-5.831749,-0.222156,1,0.000050
0.278750,1.000000,1.000000,0.500000,-5.656854,-5.656854,-0.214869,1,0.000050
0.278800,1.000000,1.000000,0.500000,-5.476377,-5.476377,-0.207349,1,0.000050
0.278850,1.000000,1.000000,0.500000,-5.290495,-5.290495,-0.199604,1,0.000050
0.278900,1.000000,1.000000,0.500000,-5.099392,-5.099392,-0.191641,1,0.000050
0.278950,1.000000,1.000000,0.500000,-4.903256,-4.903256,-0.183469,1,0.000050
0.279000,1.000000,1.000000,0.500000,-4.702282,-4.702282,-0.175095,1,0.000050
0.279050,1.000000,1.000000,0.500000,-4.496667,-4.496667,-0.166528,1,0.000050
0.279100,1.000000,1.000000,0.500000,-4.286614,-4.286614,-0.157776,1,0.000050
0.279150,1.000000,1.000000,0.500000,-4.072331,-4.072331,-0.148847,1,0.000050
0.279200,1.000000,1.000000,0.500000,-3.854029,-3.854029,-0.139751,1,0.000050
0.279250,1.000000,1.000000,0.500000,-3.631924,-3.631924,-0.130497,1,0.000050
0.279300,1.000000,1.000000,0.500000,-3.406234,-3.406234,-0.121093,1,0.000050
0.279350,1.000000,1.000000,0.500000,-3.177183,-3.177183,-0.111549,1,0.000050
0.279400,1.000000,1.000000,0.500000,-2.944996,-2.944996,-0.101875,1,0.000050
0.279450,1.000000,1.000000,0.500000,-2.709903,-2.709903,-0.092079,1,0.000050
0.279500,1.000000,1.000000,0.500000,-2.472136,-2.472136,-0.082172,1,0.000050
0.279550,1.000000,1.000000,0.500000,-2.231929,-2.231929,-0.072164,1,0.000050
0.279600,1.000000,1.000000,0.500000,-1.989519,-1.989519,-0.062063,1,0.000050
0.279650,1.000000,1.000000,0.500000,-1.745146,-1.745146,-0.051881,1,0.000050
0.279700,1.000000,1.000000,0.500000,-1.499051,-1.499051,-0.041627,1,0.000050
0.279750,1.000000,1.000000,0.500000,-1.251476,-1.251476,-0.031311,1,0.000050
0.279800,1.000000,1.000000,0.500000,-1.002666,-1.002666,-0.020944,1,0.000050
0.279850,1.000000,1.000000,0.500000,-0.752867,-0.752867,-0.010536,1,0.000050
0.279900,1.000000,1.000000,0.500000,-0.502324,-0.502324,-0.000097,1,0.000050
0.279950,1.000000,1.000000,0.500000,-0.251286,-0.251286,0.010363,1,0.000050
0.280000,1.000000,1.000000,0.500000,0.000000,0.000000,0.020833,1,0.000050
0.280050,1.000000,1.000000,0.500000,0.251286,0.251286,0.031304,1,0.000050
0.280100,1.000000,1.000000,0.500000,0.502324,0.502324,0.041764,1,0.000050
0.280150,1.000000,1.000000,0.500000,0.752867,0.752867,0.052203,1,0.000050
0.280200,1.000000,1.000000,0.500000,1.002666,1.002666,0.062611,1,0.000050
0.280250,1.000000,1.000000,0.500000,1.251476,1.251476,0.072978,1,0.000050
0.280300,1.000000,1.000000,0.500000,1.499051,1.499051,0.083294,1,0.000050
0.280350,1.000000,1.000000,0.500000,1.745146,1.745146,0.093548,1,0.000050
0.280400,1.000000,1.000000,0.500000,1.989519,1.989519,0.103730,1,0.000050
0.280450,1.000000,1.000000,0.500000,2.231929,2.231929,0.113830,1,0.000050
0.280500,1.000000,1.000000,0.500000,2.472136,2.472136,0.123839,1,0.000050
0.280550,1.000000,1.000000,0.500000,2.709903,2.709903,0.133746,1,0.000050
0.280600,1.000000,1.000000,0.500000,2.944996,2.944996,0.143542,1,0.000050
0.280650,1.000000,1.000000,0.500000,3.177183,3.177183,0.153216,1,0.000050
0.280700,1.000000,1.000000,0.500000,3.406234,3.406234,0.162760,1,0.000050
0.280750,1.000000,1.000000,0.500000,3.631924,3.631924,0.172163,1,0.000050
0.280800,1.000000,1.000000,0.500000,3.854029,3.854029,0.181418,1,0.000050
0.280850,1.000000,1.000000,0.500000,4.072331,4.072331,0.190514,1,0.000050
0.280900,1.000000,1.000000,0.500000,4.286614,4.286614,0.199442,1,0.000050
0.280950,1.000000,1.000000,0.500000,4.496667,4.496667,0.208194,1,0.000050
0.281000,1.000000,1.000000,0.500000,4.702282,4.702282,0.216762,1,0.000050
0.281050,1.000000,1.000000,0.500000,4.903256,4.903256,0.225136,1,0.000050
0.281100,1.000000,1.000000,0.500000,5.099392,5.099392,0.233308,1,0.000050
0.281150,1.000000,1.000000,0.500000,5.290495,5.290495,0.241271,1,0.000050
0.281200,1.000000,1.000000,0.500000,5.476377,5.476377,0.249016,1,0.000050
0.281250,1.000000,1.000000,0.500000,5.656854,5.656854,0.256536,1,0.000050
0.281300,1.000000,1.000000,0.500000,5.831749,5.831749,0.263823,1,0.000050
0.281350,1.000000,1.000000,0.500000,6.000889,6.000889,0.270870,1,0.000050
0.281400,1.000000,1.000000,0.500000,6.164106,6.164106,0.277671,1,0.000050
0.281450,1.000000,1.000000,0.500000,6.321240,6.321240,0.284218,1,0.000050
0.281500,1.000000,1.000000,0.500000,6.472136,6.472136,0.290506,1,0.000050
0.281550,1.000000,1.000000,0.500000,6.616645,6.616645,0.296527,1,0.000050
0.281600,1.000000,1.000000,0.500000,6.754623,6.754623,0.302276,1,0.000050
0.281650,1.000000,1.000000,0.500000,6.885936,6.885936,0.307747,1,0.000050
0.281700,1.000000,1.000000,0.500000,7.010453,7.010453,0.312936,1,0.000050
0.281750,1.000000,1.000000,0.500000,7.128052,7.128052,0.317836,1,0.000050
0.281800,1.000000,1.000000,0.500000,7.238616,7.238616,0.322442,1,0.000050
0.281850,1.000000,1.000000,0.500000,7.342037,7.342037,0.326752,1,0.000050
0.281900,1.000000,1.000000,0.500000,7.438212,7.438212,0.330759,1,0.000050
0.281950,1.000000,1.000000,0.500000,7.527046,7.527046,0.334460,1,0.000050
0.282000,1.000000,1.000000,0.500000,7.608452,7.608452,0.337852,1,0.000050
0.282050,1.000000,1.000000,0.500000,7.682349,7.682349,0.340931,1,0.000050
0.282100,1.000000,1.000000,0.500000,7.748665,7.748665,0.343694,1,0.000050
0.282150,1.000000,1.000000,0.500000,7.807334,7.807334,0.346139,1,0.000050
0.282200,1.000000,1.000000,0.500000,7.858298,7.858298,0.348262,1,0.000050
0.282250,1.000000,1.000000,0.500000,7.901507,7.901507,0.350063,1,0.000050
0.282300,1.000000,1.000000,0.500000,7.936918,7.936918,0.351538,1,0.000050
0.282350,1.000000,1.000000,0.500000,7.964496,7.964496,0.352687,1,0.000050
0.282400,1.000000,1.000000,0.500000,7.984214,7.984214,0.353509,1,0.000050
0.282450,1.000000,1.000000,0.500000,7.996052,7.996052,0.354002,1,0.000050
0.282500,1.000000,1.000000,0.500000,8.000000,8.000000,0.354167,1,0.000050
0.282550,1.000000,1.000000,0.500000,7.996052,7.996052,0.354002,1,0.000050
0.282600,1.000000,1.000000,0.500000,7.984214,7.984214,0.353509,1,0.000050
0.282650,1.000000,1.000000,0.500000,7.964496,7.964496,0.352687,1,0.000050
0.282700,1.000000,1.000000,0.500000,7.936918,7.936918,0.351538,1,0.000050
0.282750,1.000000,1.000000,0.500000,7.901507,7.901507,0.350063,1,0.000050
0.282800,1.000000,1.000000,0.500000,7.858298,7.858298,0.348262,1,0.000050
0.282850,1.000000,1.000000,0.500000,7.807334,7.807334,0.346139,1,0.000050
0.282900,1.000000,1.000000,0.500000,7.748665,7.748665,0.343694,1,0.000050
0.282950,1.000000,1.000000,0.500000,7.682349,7.682349,0.340931,1,0.000050
0.283000,1.000000,1.000000,0.500000,7.608452,7.608452,0.337852,1,0.000050
0.283050,1.000000,1.000000,0.500000,7.527046,7.527046,0.334460,1,0.000050
0.283100,1.000000,1.000000,0.500000,7.438212,7.438212,0.330759,1,0.000050
0.283150,1.000000,1.000000,0.500000,7.342037,7.342037,0.326752,1,0.000050
0.283200,1.000000,1.000000,0.500000,7.238616,7.238616,0.322442,1,0.000050
0.283250,1.000000,1.000000,0.500000,7.128052,7.128052,0.317836,1,0.000050
0.283300,1.000000,1.000000,0.500000,7.010453,7.010453,0.312936,1,0.000050
0.283350,1.000000,1.000000,0.500000,6.885936,6.885936,0.307747,1,0.000050
0.283400,1.000000,1.000000,0.500000,6.754623,6.754623,0.302276,1,0.000050
0.283450,1.000000,1.000000,0.500000,6.616645,6.616645,0.296527,1,0.000050
0.283500,1.000000,1.000000,0.500000,6.472136,6.472136,0.290506,1,0.000050
0.283550,1.000000,1.000000,0.500000,6.321240,6.321240,0.284218,1,0.000050
0.283600,1.000000,1.000000,0.500000,6.164106,6.164106,0.277671,1,0.000050
0.283650,1.000000,1.000000,0.500000,6.000889,6.000889,0.270870,1,0.000050
0.283700,1.000000,1.000000,0.500000,5.831749,5.831749,0.263823,1,0.000050
0.283750,1.000000,1.000000,0.500000,5.656854,5.656854,0.256536,1,0.000050
0.283800,1.000000,1.000000,0.500000,5.476377,5.476377,0.249016,1,0.000050
0.283850,1.000000,1.000000,0.500000,5.290495,5.290495,0.241271,1,0.000050
0.283900,1.000000,1.000000,0.500000,5.099392,5.099392,0.233308,1,0.000050
0.283950,1.000000,1.000000,0.500000,4.903256,4.903256,0.225136,1,0.000050
0.284000,1.000000,1.000000,0.500000,4.702282,4.702282,0.216762,1,0.000050
0.284050,1.000000,1.000000,0.500000,4.496667,4.496667,0.208194,1,0.000050
0.284100,1.000000,1.000000,0.500000,4.286614,4.286614,0.199442,1,0.000050
0.284150,1.000000,1.000000,0.500000,4.072331,4.072331,0.190514,1,0.000050
0.284200,1.000000,1.000000,0.500000,3.854029,3.854029,0.181418,1,0.000050
0.284250,1.000000,1.000000,0.500000,3.631924,3.631924,0.172163,1,0.000050
0.284300,1.000000,1.000000,0.500000,3.406234,3.406234,0.162760,1,0.000050
0.284350,1.000000,1.000000,0.500000,3.177183,3.177183,0.153216,1,0.000050
0.284400,1.000000,1.000000,0.500000,2.944996,2.944996,0.143542,1,0.000050
0.284450,1.000000,1.000000,0.500000,2.709903,2.709903,0.133746,1,0.000050
0.284500,1.000000,1.000000,0.500000,2.472136,2.472136,0.123839,1,0.000050
0.284550,1.000000,1.000000,0.500000,2.231929,2.231929,0.113830,1,0.000050
0.284600,1.000000,1.000000,0.500000,1.989519,1.989519,0.103730,1,0.000050
0.284650,1.000000,1.000000,0.500000,1.745146,1.745146,0.093548,1,0.000050
0.284700,1.000000,1.000000,0.500000,1.499051,1.499051,0.083294,1,0.000050
0.284750,1.000000,1.000000,0.500000,1.251476,1.251476,0.072978,1,0.000050
0.284800,1.000000,1.000000,0.500000,1.002666,1.002666,0.062611,1,0.000050
0.284850,1.000000,1.000000,0.500000,0.752867,0.752867,0.052203,1,0.000050
0.284900,1.000000,1.000000,0.500000,0.502324,0.502324,0.041764,1,0.000050
0.284950,1.000000,1.000000,0.500000,0.251286,0.251286,0.031304,1,0.000050
0.285000,1.000000,1.000000,0.500000,-0.000000,-0.000000,0.020833,1,0.000050
0.285050,1.000000,1.000000,0.500000,-0.251286,-0.251286,0.010363,1,0.000050
0.285100,1.000000,1.000000,0.500000,-0.502324,-0.502324,-0.000097,1,0.000050
0.285150,1.000000,1.000000,0.500000,-0.752867,-0.752867,-0.010536,1,0.000050
0.285200,1.000000,1.000000,0.500000,-1.002666,-1.002666,-0.020944,1,0.000050
0.285250,1.000000,1.000000,0.500000,-1.251476,-1.251476,-0.031311,1,0.000050
0.285300,1.000000,1.000000,0.500000,-1.499051,-1.499051,-0.041627,1,0.000050
0.285350,1.000000,1.000000,0.500000,-1.745146,-1.745146,-0.051881,1,0.000050
0.285400,1.000000,1.000000,0.500000,-1.989519,-1.989519,-0.062063,1,0.000050
0.285450,1.000000,1.000000,0.500000,-2.231929,-2.231929,-0.072164,1,0.000050
0.285500,1.000000,1.000000,0.500000,-2.472136,-2.472136,-0.082172,1,0.000050
0.285550,1.000000,1.000000,0.500000,-2.709903,-2.709903,-0.092079,1,0.000050
0.285600,1.000000,1.000000,0.500000,-2.944996,-2.944996,-0.101875,1,0.000050
0.285650,1.000000,1.000000,0.500000,-3.177183,-3.177183,-0.111549,1,0.000050
0.285700,1.000000,1.000000,0.500000,-3.406234,-3.406234,-0.121093,1,0.000050
0.285750,1.000000,1.000000,0.500000,-3.631924,-3.631924,-0.130497,1,0.000050
0.285800,1.000000,1.000000,0.500000,-3.854029,-3.854029,-0.139751,1,0.000050
0.285850,1.000000,1.000000,0.500000,-4.072331,-4.072331,-0.148847,1,0.000050
0.285900,1.000000,1.000000,0.500000,-4.286614,-4.286614,-0.157776,1,0.000050
0.285950,1.000000,1.000000,0.500000,-4.496667,-4.496667,-0.166528,1,0.000050
0.286000,1.000000,1.000000,0.500000,-4.702282,-4.702282,-0.175095,1,0.000050
0.286050,1.000000,1.000000,0.500000,-4.903256,-4.903256,-0.183469,1,0.000050
0.286100,1.000000,1.000000,0.500000,-5.099392,-5.099392,-0.191641,1,0.000050
0.286150,1.000000,1.000000,0.500000,-5.290495,-5.290495,-0.199604,1,0.000050
0.286200,1.000000,1.000000,0.500000,-5.476377,-5.476377,-0.207349,1,0.000050
0.286250,1.000000,1.000000,0.500000,-5.656854,-5.656854,-0.214869,1,0.000050
0.286300,1.000000,1.000000,0.500000,-5.831749,-5.831749,-0.222156,1,0.000050
0.286350,1.000000,1.000000,0.500000,-6.000889,-6.000889,-0.229204,1,0.000050
0.286400,1.000000,1.000000,0.500000,-6.164106,-6.164106,-0.236004,1,0.000050
0.286450,1.000000,1.000000,0.500000,-6.321240,-6.321240,-0.242552,1,0.000050
0.286500,1.000000,1.000000,0.500000,-6.472136,-6.472136,-0.248839,1,0.000050
0.286550,1.000000,1.000000,0.500000,-6.616645,-6.616645,-0.254860,1,0.000050
0.286600,1.000000,1.000000,0.500000,-6.754623,-6.754623,-0.260609,1,0.000050
0.286650,1.000000,1.000000,0.500000,-6.885936,-6.885936,-0.266081,1,0.000050
0.286700,1.000000,1.000000,0.500000,-7.010453,-7.010453,-0.271269,1,0.000050
0.286750,1.000000,1.000000,0.500000,-7.128052,-7.128052,-0.276169,1,0.000050
0.286800,1.000000,1.000000,0.500000,-7.238616,-7.238616,-0.280776,1,0.000050
0.286850,1.000000,1.000000,0.500000,-7.342037,-7.342037,-0.285085,1,0.000050
0.286900,1.000000,1.000000,0.500000,-7.438212,-7.438212,-0.289092,1,0.000050
0.286950,1.000000,1.000000,0.500000,-7.527046,-7.527046,-0.292794,1,0.000050
0.287000,1.000000,1.000000,0.500000,-7.608452,-7.608452,-0.296186,1,0.000050
0.287050,1.000000,1.000000,0.500000,-7.682349,-7.682349,-0.299265,1,0.000050
0.287100,1.000000,1.000000,0.500000,-7.748665,-7.748665,-0.302028,1,0.000050
0.287150,1.000000,1.000000,0.500000,-7.807334,-7.807334,-0.304472,1,0.000050
0.287200,1.000000,1.000000,0.500000,-7.858298,-7.858298,-0.306596,1,0.000050
0.287250,1.000000,1.000000,0.500000,-7.901507,-7.901507,-0.308396,1,0.000050
0.287300,1.000000,1.000000,0.500000,-7.936918,-7.936918,-0.309872,1,0.000050
0.287350,1.000000,1.000000,0.500000,-7.964496,-7.964496,-0.311021,1,0.000050
0.287400,1.000000,1.000000,0.500000,-7.984214,-7.984214,-0.311842,1,0.000050
0.287450,1.000000,1.000000,0.500000,-7.996052,-7.996052,-0.312336,1,0.000050
0.287500,1.000000,1.000000,0.500000,-8.000000,-8.000000,-0.312500,1,0.000050
0.287550,1.000000,1.000000,0.500000,-7.996052,-7.996052,-0.312336,1,0.000050
0.287600,1.000000,1.000000,0.500000,-7.984214,-7.984214,-0.311842,1,0.000050
0.287650,1.000000,1.000000,0.500000,-7.964496,-7.964496,-0.311021,1,0.000050
0.287700,1.000000,1.000000,0.500000,-7.936918,-7.936918,-0.309872,1,0.000050
0.287750,1.000000,1.000000,0.500000,-7.901507,-7.901507,-0.308396,1,0.000050
0.287800,1.000000,1.000000,0.500000,-7.858298,-7.858298,-0.306596,1,0.000050
0.287850,1.000000,1.000000,0.500000,-7.807334,-7.807334,-0.304472,1,0.000050
0.287900,1.000000,1.000000,0.500000,-7.748665,-7.748665,-0.302028,1,0.000050
0.287950,1.000000,1.000000,0.500000,-7.682349,-7.682349,-0.299265,1,0.000050
0.288000,1.000000,1.000000,0.500000,-7.608452,-7.608452,-0.296186,1,0.000050
0.288050,1.000000,1.000000,0.500000,-7.527046,-7.527046,-0.292794,1,0.000050
0.288100,1.000000,1.000000,0.500000,-7.438212,-7.438212,-0.289092,1,0.000050
0.288150,1.000000,1.000000,0.500000,-7.342037,-7.342037,-0.285085,1,0.000050
0.288200,1.000000,1.000000,0.500000,-7.238616,-7.238616,-0.280776,1,0.000050
0.288250,1.000000,1.000000,0.500000,-7.128052,-7.128052,-0.276169,1,0.000050
0.288300,1.000000,1.000000,0.500000,-7.010453,-7.010453,-0.271269,1,0.000050
0.288350,1.000000,1.000000,0.500000,-6.885936,-6.885936,-0.266081,1,0.000050
0.288400,1.000000,1.000000,0.500000,-6.754623,-6.754623,-0.260609,1,0.000050
0.288450,1.000000,1.000000,0.500000,-6.616645,-6.616645,-0.254860,1,0.000050
0.288500,1.000000,1.000000,0.500000,-6.472136,-6.472136,-0.248839,1,0.000050
0.288550,1.000000,1.000000,0.500000,-6.321240,-6.321240,-0.242552,1,0.000050
0.288600,1.000000,1.000000,0.500000,-6.164106,-6.164106,-0.236004,1,0.000050
0.288650,1.000000,1.000000,0.500000,-6.000889,-6.000889,-0.229204,1,0.000050
0.288700,1.000000,1.000000,0.500000,-5.831749,-5.831749,-0.222156,1,0.000050
0.288750,1.000000,1.000000,0.500000,-5.656854,-5.656854,-0.214869,1,0.000050
0.288800,1.000000,1.000000,0.500000,-5.476377,-5.476377,-0.207349,1,0.000050
0.288850,1.000000,1.000000,0.500000,-5.290495,-5.290495,-0.199604,1,0.000050
0.288900,1.000000,1.000000,0.500000,-5.099392,-5.099392,-0.191641,1,0.000050
0.288950,1.000000,1.000000,0.500000,-4.903256,-4.903256,-0.183469,1,0.000050
0.289000,1.000000,1.000000,0.500000,-4.702282,-4.702282,-0.175095,1,0.000050
0.289050,1.000000,1.000000,0.500000,-4.496667,-4.496667,-0.166528,1,0.000050
0.289100,1.000000,1.000000,0.500000,-4.286614,-4.286614,-0.157776,1,0.000050
0.289150,1.000000,1.000000,0.500000,-4.072331,-4.072331,-0.148847,1,0.000050
0.289200,1.000000,1.000000,0.500000,-3.854029,-3.854029,-0.139751,1,0.000050
0.289250,1.000000,1.000000,0.500000,-3.631924,-3.631924,-0.130497,1,0.000050
0.289300,1.000000,1.000000,0.500000,-3.406234,-3.406234,-0.121093,1,0.000050
0.289350,1.000000,1.000000,0.500000,-3.177183,-3.177183,-0.111549,1,0.000050
0.289400,1.000000,1.000000,0.500000,-2.944996,-2.944996,-0.101875,1,0.000050
0.289450,1.000000,1.000000,0.500000,-2.709903,-2.709903,-0.092079,1,0.000050
0.289500,1.000000,1.000000,0.500000,-2.472136,-2.472136,-0.082172,1,0.000050
0.289550,1.000000,1.000000,0.500000,-2.231929,-2.231929,-0.072164,1,0.000050
0.289600,1.000000,1.000000,0.500000,-1.989519,-1.989519,-0.062063,1,0.000050
0.289650,1.000000,1.000000,0.500000,-1.745146,-1.745146,-0.051881,1,0.000050
0.289700,1.000000,1.000000,0.500000,-1.499051,-1.499051,-0.041627,1,0.000050
0.289750,1.000000,1.000000,0.500000,-1.251476,-1.251476,-0.031311,1,0.000050
0.289800,1.000000,1.000000,0.500000,-1.002666,-1.002666,-0.020944,1,0.000050
0.289850,1.000000,1.000000,0.500000,-0.752867,-0.752867,-0.010536,1,0.000050
0.289900,1.000000,1.000000,0.500000,-0.502324,-0.502324,-0.000097,1,0.000050
0.289950,1.000000,1.000000,0.500000,-0.251286,-0.251286,0.010363,1,0.000050
0.290000,1.000000,1.000000,0.500000,0.000000,0.000000,0.020833,1,0.000050
0.290050,1.000000,1.000000,0.500000,0.251286,0.251286,0.031304,1,0.000050
0.290100,1.000000,1.000000,0.500000,0.502324,0.502324,0.041764,1,0.000050
0.290150,1.000000,1.000000,0.500000,0.752867,0.752867,0.052203,1,0.000050
0.290200,1.000000,1.000000,0.500000,1.002666,1.002666,0.062611,1,0.000050
0.290250,1.000000,1.000000,0.500000,1.251476,1.251476,0.072978,1,0.000050
0.290300,1.000000,1.000000,0.500000,1.499051,1.499051,0.083294,1,0.000050
0.290350,1.000000,1.000000,0.500000,1.745146,1.745146,0.093548,1,0.000050
0.290400,1.000000,1.000000,0.500000,1.989519,1.989519,0.103730,1,0.000050
0.290450,1.000000,1.000000,0.500000,2.231929,2.231929,0.113830,1,0.000050
0.290500,1.000000,1.000000,0.500000,2.472136,2.472136,0.123839,1,0.000050
0.290550,1.000000,1.000000,0.500000,2.709903,2.709903,0.133746,1,0.000050
0.290600,1.000000,1.000000,0.500000,2.944996,2.944996,0.143542,1,0.000050
0.290650,1.000000,1.000000,0.500000,3.177183,3.177183,0.153216,1,0.000050
0.290700,1.000000,1.000000,0.500000,3.406234,3.406234,0.162760,1,0.000050
0.290750,1.000000,1.000000,0.500000,3.631924,3.631924,0.172163,1,0.000050
0.290800,1.000000,1.000000,0.500000,3.854029,3.854029,0.181418,1,0.000050
0.290850,1.000000,1.000000,0.500000,4.072331,4.072331,0.190514,1,0.000050
0.290900,1.000000,1.000000,0.500000,4.286614,4.286614,0.199442,1,0.000050
0.290950,1.000000,1.000000,0.500000,4.496667,4.496667,0.208194,1,0.000050
0.291000,1.000000,1.000000,0.500000,4.702282,4.702282,0.216762,1,0.000050
0.291050,1.000000,1.000000,0.500000,4.903256,4.903256,0.225136,1,0.000050
0.291100,1.000000,1.000000,0.500000,5.099392,5.099392,0.233308,1,0.000050
0.291150,1.000000,1.000000,0.500000,5.290495,5.290495,0.241271,1,0.000050
0.291200,1.000000,1.000000,0.500000,5.476377,5.476377,0.249016,1,0.000050
0.291250,1.000000,1.000000,0.500000,5.656854,5.656854,0.256536,1,0.000050
0.291300,1.000000,1.000000,0.500000,5.831749,5.831749,0.263823,1,0.000050
0.291350,1.000000,1.000000,0.500000,6.000889,6.000889,0.270870,1,0.000050
0.291400,1.000000,1.000000,0.500000,6.164106,6.164106,0.277671,1,0.000050
0.291450,1.000000,1.000000,0.500000,6.321240,6.321240,0.284218,1,0.000050
0.291500,1.000000,1.000000,0.500000,6.472136,6.472136,0.290506,1,0.000050
0.291550,1.000000,1.000000,0.500000,6.616645,6.616645,0.296527,1,0.000050
0.291600,1.000000,1.000000,0.500000,6.754623,6.754623,0.302276,1,0.000050
0.291650,1.000000,1.000000,0.500000,6.885936,6.885936,0.307747,1,0.000050
0.291700,1.000000,1.000000,0.500000,7.010453,7.010453,0.312936,1,0.000050
0.291750,1.000000,1.000000,0.500000,7.128052,7.128052,0.317836,1,0.000050
0.291800,1.000000,1.000000,0.500000,7.238616,7.238616,0.322442,1,0.000050
0.291850,1.000000,1.000000,0.500000,7.342037,7.342037,0.326752,1,0.000050
0.291900,1.000000,1.000000,0.500000,7.438212,7.438212,0.330759,1,0.000050
0.291950,1.000000,1.000000,0.500000,7.527046,7.527046,0.334460,1,0.000050
0.292000,1.000000,1.000000,0.500000,7.608452,7.608452,0.337852,1,0.000050
0.292050,1.000000,1.000000,0.500000,7.682349,7.682349,0.340931,1,0.000050
0.292100,1.000000,1.000000,0.500000,7.748665,7.748665,0.343694,1,0.000050
0.292150,1.000000,1.000000,0.500000,7.807334,7.807334,0.346139,1,0.000050
0.292200,1.000000,1.000000,0.500000,7.858298,7.858298,0.348262,1,0.000050
0.292250,1.000000,1.000000,0.500000,7.901507,7.901507,0.350063,1,0.000050
0.292300,1.000000,1.000000,0.500000,7.936918,7.936918,0.351538,1,0.000050
0.292350,1.000000,1.000000,0.500000,7.964496,7.964496,0.352687,1,0.000050
0.292400,1.000000,1.000000,0.500000,7.984214,7.984214,0.353509,1,0.000050
0.292450,1.000000,1.000000,0.500000,7.996052,7.996052,0.354002,1,0.000050
0.292500,1.000000,1.000000,0.500000,8.000000,8.000000,0.354167,1,0.000050
0.292550,1.000000,1.000000,0.500000,7.996052,7.996052,0.354002,1,0.000050
0.292600,1.000000,1.000000,0.500000,7.984214,7.984214,0.353509,1,0.000050
0.292650,1.000000,1.000000,0.500000,7.964496,7.964496,0.352687,1,0.000050
0.292700,1.000000,1.000000,0.500000,7.936918,7.936918,0.351538,1,0.000050
0.292750,1.000000,1.000000,0.500000,7.901507,7.901507,0.350063,1,0.000050
0.292800,1.000000,1.000000,0.500000,7.858298,7.858298,0.348262,1,0.000050
0.292850,1.000000,1.000000,0.500000,7.807334,7.807334,0.346139,1,0.000050
0.292900,1.000000,1.000000,0.500000,7.748665,7.748665,0.343694,1,0.000050
0.292950,1.000000,1.000000,0.500000,7.682349,7.682349,0.340931,1,0.000050
0.293000,1.000000,1.000000,0.500000,7.608452,7.608452,0.337852,1,0.000050
0.293050,1.000000,1.000000,0.500000,7.527046,7.527046,0.334460,1,0.000050
0.293100,1.000000,1.000000,0.500000,7.438212,7.438212,0.330759,1,0.000050
0.293150,1.000000,1.000000,0.500000,7.342037,7.342037,0.326752,1,0.000050
0.293200,1.000000,1.000000,0.500000,7.238616,7.238616,0.322442,1,0.000050
0.293250,1.000000,1.000000,0.500000,7.128052,7.128052,0.317836,1,0.000050
0.293300,1.000000,1.000000,0.500000,7.010453,7.010453,0.312936,1,0.000050
0.293350,1.000000,1.000000,0.500000,6.885936,6.885936,0.307747,1,0.000050
0.293400,1.000000,1.000000,0.500000,6.754623,6.754623,0.302276,1,0.000050
0.293450,1.000000,1.000000,0.500000,6.616645,6.616645,0.296527,1,0.000050
0.293500,1.000000,1.000000,0.500000,6.472136,6.472136,0.290506,1,0.000050
0.293550,1.000000,1.000000,0.500000,6.321240,6.321240,0.284218,1,0.000050
0.293600,1.000000,1.000000,0.500000,6.164106,6.164106,0.277671,1,0.000050
0.293650,1.000000,1.000000,0.500000,6.000889,6.000889,0.270870,1,0.000050
0.293700,1.000000,1.000000,0.500000,5.831749,5.831749,0.263823,1,0.000050
0.293750,1.000000,1.000000,0.500000,5.656854,5.656854,0.256536,1,0.000050
0.293800,1.000000,1.000000,0.500000,5.476377,5.476377,0.249016,1,0.000050
0.293850,1.000000,1.000000,0.500000,5.290495,5.290495,0.241271,1,0.000050
0.293900,1.000000,1.000000,0.500000,5.099392,5.099392,0.233308,1,0.000050
0.293950,1.000000,1.000000,0.500000,4.903256,4.903256,0.225136,1,0.000050
0.294000,1.000000,1.000000,0.500000,4.702282,4.702282,0.216762,1,0.000050
0.294050,1.000000,1.000000,0.500000,4.496667,4.496667,0.208194,1,0.000050
0.294100,1.000000,1.000000,0.500000,4.286614,4.286614,0.199442,1,0.000050
0.294150,1.000000,1.000000,0.500000,4.072331,4.072331,0.190514,1,0.000050
0.294200,1.000000,1.000000,0.500000,3.854029,3.854029,0.181418,1,0.000050
0.294250,1.000000,1.000000,0.500000,3.631924,3.631924,0.172163,1,0.000050
0.294300,1.000000,1.000000,0.500000,3.406234,3.406234,0.162760,1,0.000050
0.294350,1.000000,1.000000,0.500000,3.177183,3.177183,0.153216,1,0.000050
0.294400,1.000000,1.000000,0.500000,2.944996,2.944996,0.143542,1,0.000050
0.294450,1.000000,1.000000,0.500000,2.709903,2.709903,0.133746,1,0.000050
0.294500,1.000000,1.000000,0.500000,2.472136,2.472136,0.123839,1,0.000050
0.294550,1.000000,1.000000,0.500000,2.231929,2.231929,0.113830,1,0.000050
0.294600,1.000000,1.000000,0.500000,1.989519,1.989519,0.103730,1,0.000050
0.294650,1.000000,1.000000,0.500000,1.745146,1.745146,0.093548,1,0.000050
0.294700,1.000000,1.000000,0.500000,1.499051,1.499051,0.083294,1,0.000050
0.294750,1.000000,1.000000,0.500000,1.251476,1.251476,0.072978,1,0.000050
0.294800,1.000000,1.000000,0.500000,1.002666,1.002666,0.062611,1,0.000050
0.294850,1.000000,1.000000,0.500000,0.752867,0.752867,0.052203,1,0.000050
0.294900,1.000000,1.000000,0.500000,0.502324,0.502324,0.041764,1,0.000050
0.294950,1.000000,1.000000,0.500000,0.251286,0.251286,0.031304,1,0.000050
0.295000,1.000000,1.000000,0.500000,-0.000000,-0.000000,0.020833,1,0.000050
0.295050,1.000000,1.000000,0.500000,-0.251286,-0.251286,0.010363,1,0.000050
0.295100,1.000000,1.000000,0.500000,-0.502324,-0.502324,-0.000097,1,0.000050
0.295150,1.000000,1.000000,0.500000,-0.752867,-0.752867,-0.010536,1,0.000050
0.295200,1.000000,1.000000,0.500000,-1.002666,-1.002666,-0.020944,1,0.000050
0.295250,1.000000,1.000000,0.500000,-1.251476,-1.251476,-0.031311,1,0.000050
0.295300,1.000000,1.000000,0.500000,-1.499051,-1.499051,-0.041627,1,0.000050
0.295350,1.000000,1.000000,0.500000,-1.745146,-1.745146,-0.051881,1,0.000050
0.295400,1.000000,1.000000,0.500000,-1.989519,-1.989519,-0.062063,1,0.000050
0.295450,1.000000,1.000000,0.500000,-2.231929,-2.231929,-0.072164,1,0.000050
0.295500,1.000000,1.000000,0.500000,-2.472136,-2.472136,-0.082172,1,0.000050
0.295550,1.000000,1.000000,0.500000,-2.709903,-2.709903,-0.092079,1,0.000050
0.295600,1.000000,1.000000,0.500000,-2.944996,-2.944996,-0.101875,1,0.000050
0.295650,1.000000,1.000000,0.500000,-3.177183,-3.177183,-0.111549,1,0.000050
0.295700,1.000000,1.000000,0.500000,-3.406234,-3.406234,-0.121093,1,0.000050
0.295750,1.000000,1.000000,0.500000,-3.631924,-3.631924,-0.130497,1,0.000050
0.295800,1.000000,1.000000,0.500000,-3.854029,-3.854029,-0.139751,1,0.000050
0.295850,1.000000,1.000000,0.500000,-4.072331,-4.072331,-0.148847,1,0.000050
0.295900,1.000000,1.000000,0.500000,-4.286614,-4.286614,-0.157776,1,0.000050
0.295950,1.000000,1.000000,0.500000,-4.496667,-4.496667,-0.166528,1,0.000050
0.296000,1.000000,1.000000,0.500000,-4.702282,-4.702282,-0.175095,1,0.000050
0.296050,1.000000,1.000000,0.500000,-4.903256,-4.903256,-0.183469,1,0.000050
0.296100,1.000000,1.000000,0.500000,-5.099392,-5.099392,-0.191641,1,0.000050
0.296150,1.000000,1.000000,0.500000,-5.290495,-5.290495,-0.199604,1,0.000050
0.296200,1.000000,1.000000,0.500000,-5.476377,-5.476377,-0.207349,1,0.000050
0.296250,1.000000,1.000000,0.500000,-5.656854,-5.656854,-0.214869,1,0.000050
0.296300,1.000000,1.000000,0.500000,-5.831749,-5.831749,-0.222156,1,0.000050
0.296350,1.000000,1.000000,0.500000,-6.000889,-6.000889,-0.229204,1,0.000050
0.296400,1.000000,1.000000,0.500000,-6.164106,-6.164106,-0.236004,1,0.000050
0.296450,1.000000,1.000000,0.500000,-6.321240,-6.321240,-0.242552,1,0.000050
0.296500,1.000000,1.000000,0.500000,-6.472136,-6.472136,-0.248839,1,0.000050
0.296550,1.000000,1.000000,0.500000,-6.616645,-6.616645,-0.254860,1,0.000050
0.296600,1.000000,1.000000,0.500000,-6.754623,-6.754623,-0.260609,1,0.000050
0.296650,1.000000,1.000000,0.500000,-6.885936,-6.885936,-0.266081,1,0.000050
0.296700,1.000000,1.000000,0.500000,-7.010453,-7.010453,-0.271269,1,0.000050
0.296750,1.000000,1.000000,0.500000,-7.128052,-7.128052,-0.276169,1,0.000050
0.296800,1.000000,1.000000,0.500000,-7.238616,-7.238616,-0.280776,1,0.000050
0.296850,1.000000,1.000000,0.500000,-7.342037,-7.342037,-0.285085,1,0.000050
0.296900,1.000000,1.000000,0.500000,-7.438212,-7.438212,-0.289092,1,0.000050
0.296950,1.000000,1.000000,0.500000,-7.527046,-7.527046,-0.292794,1,0.000050
0.297000,1.000000,1.000000,0.500000,-7.608452,-7.608452,-0.296186,1,0.000050
0.297050,1.000000,1.000000,0.500000,-7.682349,-7.682349,-0.299265,1,0.000050
0.297100,1.000000,1.000000,0.500000,-7.748665,-7.748665,-0.302028,1,0.000050
0.297150,1.000000,1.000000,0.500000,-7.807334,-7.807334,-0.304472,1,0.000050
0.297200,1.000000,1.000000,0.500000,-7.858298,-7.858298,-0.306596,1,0.000050
0.297250,1.000000,1.000000,0.500000,-7.901507,-7.901507,-0.308396,1,0.000050
0.297300,1.000000,1.000000,0.500000,-7.936918,-7.936918,-0.309872,1,0.000050
0.297350,1.000000,1.000000,0.500000,-7.964496,-7.964496,-0.311021,1,0.000050
0.297400,1.000000,1.000000,0.500000,-7.984214,-7.984214,-0.311842,1,0.000050
0.297450,1.000000,1.000000,0.500000,-7.996052,-7.996052,-0.312336,1,0.000050
0.297500,1.000000,1.000000,0.500000,-8.000000,-8.000000,-0.312500,1,0.000050
0.297550,1.000000,1.000000,0.500000,-7.996052,-7.996052,-0.312336,1,0.000050
0.297600,1.000000,1.000000,0.500000,-7.984214,-7.984214,-0.311842,1,0.000050
0.297650,1.000000,1.000000,0.500000,-7.964496,-7.964496,-0.311021,1,0.000050
0.297700,1.000000,1.000000,0.500000,-7.936918,-7.936918,-0.309872,1,0.000050
0.297750,1.000000,1.000000,0.500000,-7.901507,-7.901507,-0.308396,1,0.000050
0.297800,1.000000,1.000000,0.500000,-7.858298,-7.858298,-0.306596,1,0.000050
0.297850,1.000000,1.000000,0.500000,-7.807334,-7.807334,-0.304472,1,0.000050
0.297900,1.000000,1.000000,0.500000,-7.748665,-7.748665,-0.302028,1,0.000050
0.297950,1.000000,1.000000,0.500000,-7.682349,-7.682349,-0.299265,1,0.000050
0.298000,1.000000,1.000000,0.500000,-7.608452,-7.608452,-0.296186,1,0.000050
0.298050,1.000000,1.000000,0.500000,-7.527046,-7.527046,-0.292794,1,0.000050
0.298100,1.000000,1.000000,0.500000,-7.438212,-7.438212,-0.289092,1,0.000050
0.298150,1.000000,1.000000,0.500000,-7.342037,-7.342037,-0.285085,1,0.000050
0.298200,1.000000,1.000000,0.500000,-7.238616,-7.238616,-0.280776,1,0.000050
0.298250,1.000000,1.000000,0.500000,-7.128052,-7.128052,-0.276169,1,0.000050
0.298300,1.000000,1.000000,0.500000,-7.010453,-7.010453,-0.271269,1,0.000050
0.298350,1.000000,1.000000,0.500000,-6.885936,-6.885936,-0.266081,1,0.000050
0.298400,1.000000,1.000000,0.500000,-6.754623,-6.754623,-0.260609,1,0.000050
0.298450,1.000000,1.000000,0.500000,-6.616645,-6.616645,-0.254860,1,0.000050
0.298500,1.000000,1.000000,0.500000,-6.472136,-6.472136,-0.248839,1,0.000050
0.298550,1.000000,1.000000,0.500000,-6.321240,-6.321240,-0.242552,1,0.000050
0.298600,1.000000,1.000000,0.500000,-6.164106,-6.164106,-0.236004,1,0.000050
0.298650,1.000000,1.000000,0.500000,-6.000889,-6.000889,-0.229204,1,0.000050
0.298700,1.000000,1.000000,0.500000,-5.831749,-5.831749,-0.222156,1,0.000050
0.298750,1.000000,1.000000,0.500000,-5.656854,-5.656854,-0.214869,1,0.000050
0.298800,1.000000,1.000000,0.500000,-5.476377,-5.476377,-0.207349,1,0.000050
0.298850,1.000000,1.000000,0.500000,-5.290495,-5.290495,-0.199604,1,0.000050
0.298900,1.000000,1.000000,0.500000,-5.099392,-5.099392,-0.191641,1,0.000050
0.298950,1.000000,1.000000,0.500000,-4.903256,-4.903256,-0.183469,1,0.000050
0.299000,1.000000,1.000000,0.500000,-4.702282,-4.702282,-0.175095,1,0.000050
0.299050,1.000000,1.000000,0.500000,-4.496667,-4.496667,-0.166528,1,0.000050
0.299100,1.000000,1.000000,0.500000,-4.286614,-4.286614,-0.157776,1,0.000050
0.299150,1.000000,1.000000,0.500000,-4.072331,-4.072331,-0.148847,1,0.000050
0.299200,1.000000,1.000000,0.500000,-3.854029,-3.854029,-0.139751,1,0.000050
0.299250,1.000000,1.000000,0.500000,-3.631924,-3.631924,-0.130497,1,0.000050
0.299300,1.000000,1.000000,0.500000,-3.406234,-3.406234,-0.121093,1,0.000050
0.299350,1.000000,1.000000,0.500000,-3.177183,-3.177183,-0.111549,1,0.000050
0.299400,1.000000,1.000000,0.500000,-2.944996,-2.944996,-0.101875,1,0.000050
0.299450,1.000000,1.000000,0.500000,-2.709903,-2.709903,-0.092079,1,0.000050
0.299500,1.000000,1.000000,0.500000,-2.472136,-2.472136,-0.082172,1,0.000050
0.299550,1.000000,1.000000,0.500000,-2.231929,-2.231929,-0.072164,1,0.000050
0.299600,1.000000,1.000000,0.500000,-1.989519,-1.989519,-0.062063,1,0.000050
0.299650,1.000000,1.000000,0.500000,-1.745146,-1.745146,-0.051881,1,0.000050
0.299700,1.000000,1.000000,0.500000,-1.499051,-1.499051,-0.041627,1,0.000050
0.299750,1.000000,1.000000,0.500000,-1.251476,-1.251476,-0.031311,1,0.000050
0.299800,1.000000,1.000000,0.500000,-1.002666,-1.002666,-0.020944,1,0.000050
0.299850,1.000000,1.000000,0.500000,-0.752867,-0.752867,-0.010536,1,0.000050
0.299900,1.000000,1.000000,0.500000,-0.502324,-0.502324,-0.000097,1,0.000050
0.299950,1.000000,1.000000,0.500000,-0.251286,-0.251286,0.010363,1,0.000050
0.300000,1.000000,1.000000,0.500000,0.000000,0.000000,0.020833,1,0.000050
0.300050,1.000000,1.000000,0.500000,0.251286,0.251286,0.031304,1,0.000050
0.300100,1.000000,1.000000,0.500000,0.502324,0.502324,0.041764,1,0.000050
0.300150,1.000000,1.000000,0.500000,0.752867,0.752867,0.052203,1,0.000050
0.300200,1.000000,1.000000,0.500000,1.002666,1.002666,0.062611,1,0.000050
0.300250,1.000000,1.000000,0.500000,1.251476,1.251476,0.072978,1,0.000050
0.300300,1.000000,1.000000,0.500000,1.499051,1.499051,0.083294,1,0.000050
0.300350,1.000000,1.000000,0.500000,1.745146,1.745146,0.093548,1,0.000050
0.300400,1.000000,1.000000,0.500000,1.989519,1.989519,0.103730,1,0.000050
0.300450,1.000000,1.000000,0.500000,2.231929,2.231929,0.113830,1,0.000050
0.300500,1.000000,1.000000,0.500000,2.472136,2.472136,0.123839,1,0.000050
0.300550,1.000000,1.000000,0.500000,2.709903,2.709903,0.133746,1,0.000050
0.300600,1.000000,1.000000,0.500000,2.944996,2.944996,0.143542,1,0.000050
0.300650,1.000000,1.000000,0.500000,3.177183,3.177183,0.153216,1,0.000050
0.300700,1.000000,1.000000,0.500000,3.406234,3.406234,0.162760,1,0.000050
0.300750,1.000000,1.000000,0.500000,3.631924,3.631924,0.172163,1,0.000050
0.300800,1.000000,1.000000,0.500000,3.854029,3.854029,0.181418,1,0.000050
0.300850,1.000000,1.000000,0.500000,4.072331,4.072331,0.190514,1,0.000050
0.300900,1.000000,1.000000,0.500000,4.286614,4.286614,0.199442,1,0.000050
0.300950,1.000000,1.000000,0.500000,4.496667,4.496667,0.208194,1,0.000050
0.301000,1.000000,1.000000,0.500000,4.702282,4.702282,0.216762,1,0.000050
0.301050,1.000000,1.000000,0.500000,4.903256,4.903256,0.225136,1,0.000050
0.301100,1.000000,1.000000,0.500000,5.099392,5.099392,0.233308,1,0.000050
0.301150,1.000000,1.000000,0.500000,5.290495,5.290495,0.241271,1,0.000050
0.301200,1.000000,1.000000,0.500000,5.476377,5.476377,0.249016,1,0.000050
0.301250,1.000000,1.000000,0.500000,5.656854,5.656854,0.256536,1,0.000050
0.301300,1.000000,1.000000,0.500000,5.831749,5.831749,0.263823,1,0.000050
0.301350,1.000000,1.000000,0.500000,6.000889,6.000889,0.270870,1,0.000050
0.301400,1.000000,1.000000,0.500000,6.164106,6.164106,0.277671,1,0.000050
0.301450,1.000000,1.000000,0.500000,6.321240,6.321240,0.284218,1,0.000050
0.301500,1.000000,1.000000,0.500000,6.472136,6.472136,0.290506,1,0.000050
0.301550,1.000000,1.000000,0.500000,6.616645,6.616645,0.296527,1,0.000050
0.301600,1.000000,1.000000,0.500000,6.754623,6.754623,0.302276,1,0.000050
0.301650,1.000000,1.000000,0.500000,6.885936,6.885936,0.307747,1,0.000050
0.301700,1.000000,1.000000,0.500000,7.010453,7.010453,0.312936,1,0.000050
0.301750,1.000000,1.000000,0.500000,7.128052,7.128052,0.317836,1,0.000050
0.301800,1.000000,1.000000,0.500000,7.238616,7.238616,0.322442,1,0.000050
0.301850,1.000000,1.000000,0.500000,7.342037,7.342037,0.326752,1,0.000050
0.301900,1.000000,1.000000,0.500000,7.438212,7.438212,0.330759,1,0.000050
0.301950,1.000000,1.000000,0.500000,7.527046,7.527046,0.334460,1,0.000050
0.302000,1.000000,1.000000,0.500000,7.608452,7.608452,0.337852,1,0.000050
0.302050,1.000000,1.000000,0.500000,7.682349,7.682349,0.340931,1,0.000050
0.302100,1.000000,1.000000,0.500000,7.748665,7.748665,0.343694,1,0.000050
0.302150,1.000000,1.000000,0.500000,7.807334,7.807334,0.346139,1,0.000050
0.302200,1.000000,1.000000,0.500000,7.858298,7.858298,0.348262,1,0.000050
0.302250,1.000000,1.000000,0.500000,7.901507,7.901507,0.350063,1,0.000050
0.302300,1.000000,1.000000,0.500000,7.936918,7.936918,0.351538,1,0.000050
0.302350,1.000000,1.000000,0.500000,7.964496,7.964496,0.352687,1,0.000050
0.302400,1.000000,1.000000,0.500000,7.984214,7.984214,0.353509,1,0.000050
0.302450,1.000000,1.000000,0.500000,7.996052,7.996052,0.354002,1,0.000050
0.302500,1.000000,1.000000,0.500000,8.000000,8.000000,0.354167,1,0.000050
0.302550,1.000000,1.000000,0.500000,7.996052,7.996052,0.354002,1,0.000050
0.302600,1.000000,1.000000,0.500000,7.984214,7.984214,0.353509,1,0.000050
0.302650,1.000000,1.000000,0.500000,7.964496,7.964496,0.352687,1,0.000050
0.302700,1.000000,1.000000,0.500000,7.936918,7.936918,0.351538,1,0.000050
0.302750,1.000000,1.000000,0.500000,7.901507,7.901507,0.350063,1,0.000050
0.302800,1.000000,1.000000,0.500000,7.858298,7.858298,0.348262,1,0.000050
0.302850,1.000000,1.000000,0.500000,7.807334,7.807334,0.346139,1,0.000050
0.302900,1.000000,1.000000,0.500000,7.748665,7.748665,0.343694,1,0.000050
0.302950,1.000000,1.000000,0.500000,7.682349,7.682349,0.340931,1,0.000050
0.303000,1.000000,1.000000,0.500000,7.608452,7.608452,0.337852,1,0.000050
0.303050,1.000000,1.000000,0.500000,7.527046,7.527046,0.334460,1,0.000050
0.303100,1.000000,1.000000,0.500000,7.438212,7.438212,0.330759,1,0.000050
0.303150,1.000000,1.000000,0.500000,7.342037,7.342037,0.326752,1,0.000050
0.303200,1.000000,1.000000,0.500000,7.238616,7.238616,0.322442,1,0.000050
0.303250,1.000000,1.000000,0.500000,7.128052,7.128052,0.317836,1,0.000050
0.303300,1.000000,1.000000,0.500000,7.010453,7.010453,0.312936,1,0.000050
0.303350,1.000000,1.000000,0.500000,6.885936,6.885936,0.307747,1,0.000050
0.303400,1.000000,1.000000,0.500000,6.754623,6.754623,0.302276,1,0.000050
0.303450,1.000000,1.000000,0.500000,6.616645,6.616645,0.296527,1,0.000050
0.303500,1.000000,1.000000,0.500000,6.472136,6.472136,0.290506,1,0.000050
0.303550,1.000000,1.000000,0.500000,6.321240,6.321240,0.284218,1,0.000050
0.303600,1.000000,1.000000,0.500000,6.164106,6.164106,0.277671,1,0.000050
0.303650,1.000000,1.000000,0.500000,6.000889,6.000889,0.270870,1,0.000050
0.303700,1.000000,1.000000,0.500000,5.831749,5.831749,0.263823,1,0.000050
0.303750,1.000000,1.000000,0.500000,5.656854,5.656854,0.256536,1,0.000050
0.303800,1.000000,1.000000,0.500000,5.476377,5.476377,0.249016,1,0.000050
0.303850,1.000000,1.000000,0.500000,5.290495,5.290495,0.241271,1,0.000050
0.303900,1.000000,1.000000,0.500000,5.099392,5.099392,0.233308,1,0.000050
0.303950,1.000000,1.000000,0.500000,4.903256,4.903256,0.225136,1,0.000050
0.304000,1.000000,1.000000,0.500000,4.702282,4.702282,0.216762,1,0.000050
0.304050,1.000000,1.000000,0.500000,4.496667,4.496667,0.208194,1,0.000050
0.304100,1.000000,1.000000,0.500000,4.286614,4.286614,0.199442,1,0.000050
0.304150,1.000000,1.000000,0.500000,4.072331,4.072331,0.190514,1,0.000050
0.304200,1.000000,1.000000,0.500000,3.854029,3.854029,0.181418,1,0.000050
0.304250,1.000000,1.000000,0.500000,3.631924,3.631924,0.172163,1,0.000050
0.304300,1.000000,1.000000,0.500000,3.406234,3.406234,0.162760,1,0.000050
0.304350,1.000000,1.000000,0.500000,3.177183,3.177183,0.153216,1,0.000050
0.304400,1.000000,1.000000,0.500000,2.944996,2.944996,0.143542,1,0.000050
0.304450,1.000000,1.000000,0.500000,2.709903,2.709903,0.133746,1,0.000050
0.304500,1.000000,1.000000,0.500000,2.472136,2.472136,0.123839,1,0.000050
0.304550,1.000000,1.000000,0.500000,2.231929,2.231929,0.113830,1,0.000050
0.304600,1.000000,1.000000,0.500000,1.989519,1.989519,0.103730,1,0.000050
0.304650,1.000000,1.000000,0.500000,1.745146,1.745146,0.093548,1,0.000050
0.304700,1.000000,1.000000,0.500000,1.499051,1.499051,0.083294,1,0.000050
0.304750,1.000000,1.000000,0.500000,1.251476,1.251476,0.072978,1,0.000050
0.304800,1.000000,1.000000,0.500000,1.002666,1.002666,0.062611,1,0.000050
0.304850,1.000000,1.000000,0.500000,0.752867,0.752867,0.052203,1,0.000050
0.304900,1.000000,1.000000,0.500000,0.502324,0.502324,0.041764,1,0.000050
0.304950,1.000000,1.000000,0.500000,0.251286,0.251286,0.031304,1,0.000050
0.305000,1.000000,1.000000,0.500000,0.000000,0.000000,0.020833,1,0.000050
0.305050,1.000000,1.000000,0.500000,-0.251286,-0.251286,0.010363,1,0.000050
0.305100,1.000000,1.000000,0.500000,-0.502324,-0.502324,-0.000097,1,0.000050
0.305150,1.000000,1.000000,0.500000,-0.752867,-0.752867,-0.010536,1,0.000050
0.305200,1.000000,1.000000,0.500000,-1.002666,-1.002666,-0.020944,1,0.000050
0.305250,1.000000,1.000000,0.500000,-1.251476,-1.251476,-0.031311,1,0.000050
0.305300,1.000000,1.000000,0.500000,-1.499051,-1.499051,-0.041627,1,0.000050
0.305350,1.000000,1.000000,0.500000,-1.745146,-1.745146,-0.051881,1,0.000050
0.305400,1.000000,1.000000,0.500000,-1.989519,-1.989519,-0.062063,1,0.000050
0.305450,1.000000,1.000000,0.500000,-2.231929,-2.231929,-0.072164,1,0.000050
0.305500,1.000000,1.000000,0.500000,-2.472136,-2.472136,-0.082172,1,0.000050
0.305550,1.000000,1.000000,0.500000,-2.709903,-2.709903,-0.092079,1,0.000050
0.305600,1.000000,1.000000,0.500000,-2.944996,-2.944996,-0.101875,1,0.000050
0.305650,1.000000,1.000000,0.500000,-3.177183,-3.177183,-0.111549,1,0.000050
0.305700,1.000000,1.000000,0.500000,-3.406234,-3.406234,-0.121093,1,0.000050
0.305750,1.000000,1.000000,0.500000,-3.631924,-3.631924,-0.130497,1,0.000050
0.305800,1.000000,1.000000,0.500000,-3.854029,-3.854029,-0.139751,1,0.000050
0.305850,1.000000,1.000000,0.500000,-4.072331,-4.072331,-0.148847,1,0.000050
0.305900,1.000000,1.000000,0.500000,-4.286614,-4.286614,-0.157776,1,0.000050
0.305950,1.000000,1.000000,0.500000,-4.496667,-4.496667,-0.166528,1,0.000050
0.306000,1.000000,1.000000,0.500000,-4.702282,-4.702282,-0.175095,1,0.000050
0.306050,1.000000,1.000000,0.500000,-4.903256,-4.903256,-0.183469,1,0.000050
0.306100,1.000000,1.000000,0.500000,-5.099392,-5.099392,-0.191641,1,0.000050
0.306150,1.000000,1.000000,0.500000,-5.290495,-5.290495,-0.199604,1,0.000050
0.306200,1.000000,1.000000,0.500000,-5.476377,-5.476377,-0.207349,1,0.000050
0.306250,1.000000,1.000000,0.500000,-5.656854,-5.656854,-0.214869,1,0.000050
0.306300,1.000000,1.000000,0.500000,-5.831749,-5.831749,-0.222156,1,0.000050
0.306350,1.000000,1.000000,0.500000,-6.000889,-6.000889,-0.229204,1,0.000050
0.306400,1.000000,1.000000,0.500000,-6.164106,-6.164106,-0.236004,1,0.000050
0.306450,1.000000,1.000000,0.500000,-6.321240,-6.321240,-0.242552,1,0.000050
0.306500,1.000000,1.000000,0.500000,-6.472136,-6.472136,-0.248839,1,0.000050
0.306550,1.000000,1.000000,0.500000,-6.616645,-6.616645,-0.254860,1,0.000050
0.306600,1.000000,1.000000,0.500000,-6.754623,-6.754623,-0.260609,1,0.000050
0.306650,1.000000,1.000000,0.500000,-6.885936,-6.885936,-0.266081,1,0.000050
0.306700,1.000000,1.000000,0.500000,-7.010453,-7.010453,-0.271269,1,0.000050
0.306750,1.000000,1.000000,0.500000,-7.128052,-7.128052,-0.276169,1,0.000050
0.306800,1.000000,1.000000,0.500000,-7.238616,-7.238616,-0.280776,1,0.000050
0.306850,1.000000,1.000000,0.500000,-7.342037,-7.342037,-0.285085,1,0.000050
0.306900,1.000000,1.000000,0.500000,-7.438212,-7.438212,-0.289092,1,0.000050
0.306950,1.000000,1.000000,0.500000,-7.527046,-7.527046,-0.292794,1,0.000050
0.307000,1.000000,1.000000,0.500000,-7.608452,-7.608452,-0.296186,1,0.000050
0.307050,1.000000,1.000000,0.500000,-7.682349,-7.682349,-0.299265,1,0.000050
0.307100,1.000000,1.000000,0.500000,-7.748665,-7.748665,-0.302028,1,0.000050
0.307150,1.000000,1.000000,0.500000,-7.807334,-7.807334,-0.304472,1,0.000050
0.307200,1.000000,1.000000,0.500000,-7.858298,-7.858298,-0.306596,1,0.000050
0.307250,1.000000,1.000000,0.500000,-7.901507,-7.901507,-0.308396,1,0.000050
0.307300,1.000000,1.000000,0.500000,-7.936918,-7.936918,-0.309872,1,0.000050
0.307350,1.000000,1.000000,0.500000,-7.964496,-7.964496,-0.311021,1,0.000050
0.307400,1.000000,1.000000,0.500000,-7.984214,-7.984214,-0.311842,1,0.000050
0.307450,1.000000,1.000000,0.500000,-7.996052,-7.996052,-0.312336,1,0.000050
0.307500,1.000000,1.000000,0.500000,-8.000000,-8.000000,-0.312500,1,0.000050
0.307550,1.000000,1.000000,0.500000,-7.996052,-7.996052,-0.312336,1,0.000050
0.307600,1.000000,1.000000,0.500000,-7.984214,-7.984214,-0.311842,1,0.000050
0.307650,1.000000,1.000000,0.500000,-7.964496,-7.964496,-0.311021,1,0.000050
0.307700,1.000000,1.000000,0.500000,-7.936918,-7.936918,-0.309872,1,0.000050
0.307750,1.000000,1.000000,0.500000,-7.901507,-7.901507,-0.308396,1,0.000050
0.307800,1.000000,1.000000,0.500000,-7.858298,-7.858298,-0.306596,1,0.000050
0.307850,1.000000,1.000000,0.500000,-7.807334,-7.807334,-0.304472,1,0.000050
0.307900,1.000000,1.000000,0.500000,-7.748665,-7.748665,-0.302028,1,0.000050
0.307950,1.000000,1.000000,0.500000,-7.682349,-7.682349,-0.299265,1,0.000050
0.308000,1.000000,1.000000,0.500000,-7.608452,-7.608452,-0.296186,1,0.000050
0.308050,1.000000,1.000000,0.500000,-7.527046,-7.527046,-0.292794,1,0.000050
0.308100,1.000000,1.000000,0.500000,-7.438212,-7.438212,-0.289092,1,0.000050
0.308150,1.000000,1.000000,0.500000,-7.342037,-7.342037,-0.285085,1,0.000050
0.308200,1.000000,1.000000,0.500000,-7.238616,-7.238616,-0.280776,1,0.000050
0.308250,1.000000,1.000000,0.500000,-7.128052,-7.128052,-0.276169,1,0.000050
0.308300,1.000000,1.000000,0.500000,-7.010453,-7.010453,-0.271269,1,0.000050
0.308350,1.000000,1.000000,0.500000,-6.885936,-6.885936,-0.266081,1,0.000050
0.308400,1.000000,1.000000,0.500000,-6.754623,-6.754623,-0.260609,1,0.000050
0.308450,1.000000,1.000000,0.500000,-6.616645,-6.616645,-0.254860,1,0.000050
0.308500,1.000000,1.000000,0.500000,-6.472136,-6.472136,-0.248839,1,0.000050
0.308550,1.000000,1.000000,0.500000,-6.321240,-6.321240,-0.242552,1,0.000050
0.308600,1.000000,1.000000,0.500000,-6.164106,-6.164106,-0.236004,1,0.000050
0.308650,1.000000,1.000000,0.500000,-6.000889,-6.000889,-0.229204,1,0.000050
0.308700,1.000000,1.000000,0.500000,-5.831749,-5.831749,-0.222156,1,0.000050
0.308750,1.000000,1.000000,0.500000,-5.656854,-5.656854,-0.214869,1,0.000050
0.308800,1.000000,1.000000,0.500000,-5.476377,-5.476377,-0.207349,1,0.000050
0.308850,1.000000,1.000000,0.500000,-5.290495,-5.290495,-0.199604,1,0.000050
0.308900,1.000000,1.000000,0.500000,-5.099392,-5.099392,-0.191641,1,0.000050
0.308950,1.000000,1.000000,0.500000,-4.903256,-4.903256,-0.183469,1,0.000050
0.309000,1.000000,1.000000,0.500000,-4.702282,-4.702282,-0.175095,1,0.000050
0.309050,1.000000,1.000000,0.500000,-4.496667,-4.496667,-0.166528,1,0.000050
0.309100,1.000000,1.000000,0.500000,-4.286614,-4.286614,-0.157776,1,0.000050
0.309150,1.000000,1.000000,0.500000,-4.072331,-4.072331,-0.148847,1,0.000050
0.309200,1.000000,1.000000,0.500000,-3.854029,-3.854029,-0.139751,1,0.000050
0.309250,1.000000,1.000000,0.500000,-3.631924,-3.631924,-0.130497,1,0.000050
0.309300,1.000000,1.000000,0.500000,-3.406234,-3.406234,-0.121093,1,0.000050
0.309350,1.000000,1.000000,0.500000,-3.177183,-3.177183,-0.111549,1,0.000050
0.309400,1.000000,1.000000,0.500000,-2.944996,-2.944996,-0.101875,1,0.000050
0.309450,1.000000,1.000000,0.500000,-2.709903,-2.709903,-0.092079,1,0.000050
0.309500,1.000000,1.000000,0.500000,-2.472136,-2.472136,-0.082172,1,0.000050
0.309550,1.000000,1.000000,0.500000,-2.231929,-2.231929,-0.072164,1,0.000050
0.309600,1.000000,1.000000,0.500000,-1.989519,-1.989519,-0.062063,1,0.000050
0.309650,1.000000,1.000000,0.500000,-1.745146,-1.745146,-0.051881,1,0.000050
0.309700,1.000000,1.000000,0.500000,-1.499051,-1.499051,-0.041627,1,0.000050
0.309750,1.000000,1.000000,0.500000,-1.251476,-1.251476,-0.031311,1,0.000050
0.309800,1.000000,1.000000,0.500000,-1.002666,-1.002666,-0.020944,1,0.000050
0.309850,1.000000,1.000000,0.500000,-0.752867,-0.752867,-0.010536,1,0.000050
0.309900,1.000000,1.000000,0.500000,-0.502324,-0.502324,-0.000097,1,0.000050
0.309950,1.000000,1.000000,0.500000,-0.251286,-0.251286,0.010363,1,0.000050
0.310000,1.000000,1.000000,0.500000,0.000000,0.000000,0.020833,1,0.000050
0.310050,1.000000,1.000000,0.500000,0.251286,0.251286,0.031304,1,0.000050
0.310100,1.000000,1.000000,0.500000,0.502324,0.502324,0.041764,1,0.000050
0.310150,1.000000,1.000000,0.500000,0.752867,0.752867,0.052203,1,0.000050
0.310200,1.000000,1.000000,0.500000,1.002666,1.002666,0.062611,1,0.000050
0.310250,1.000000,1.000000,0.500000,1.251476,1.251476,0.072978,1,0.000050
0.310300,1.000000,1.000000,0.500000,1.499051,1.499051,0.083294,1,0.000050
0.310350,1.000000,1.000000,0.500000,1.745146,1.745146,0.093548,1,0.000050
0.310400,1.000000,1.000000,0.500000,1.989519,1.989519,0.103730,1,0.000050
0.310450,1.000000,1.000000,0.500000,2.231929,2.231929,0.113830,1,0.000050
0.310500,1.000000,1.000000,0.500000,2.472136,2.472136,0.123839,1,0.000050
0.310550,1.000000,1.000000,0.500000,2.709903,2.709903,0.133746,1,0.000050
0.310600,1.000000,1.000000,0.500000,2.944996,2.944996,0.143542,1,0.000050
0.310650,1.000000,1.000000,0.500000,3.177183,3.177183,0.153216,1,0.000050
0.310700,1.000000,1.000000,0.500000,3.406234,3.406234,0.162760,1,0.000050
0.310750,1.000000,1.000000,0.500000,3.631924,3.631924,0.172163,1,0.000050
0.310800,1.000000,1.000000,0.500000,3.854029,3.854029,0.181418,1,0.000050
0.310850,1.000000,1.000000,0.500000,4.072331,4.072331,0.190514,1,0.000050
0.310900,1.000000,1.000000,0.500000,4.286614,4.286614,0.199442,1,0.000050
0.310950,1.000000,1.000000,0.500000,4.496667,4.496667,0.208194,1,0.000050
0.311000,1.000000,1.000000,0.500000,4.702282,4.702282,0.216762,1,0.000050
0.311050,1.000000,1.000000,0.500000,4.903256,4.903256,0.225136,1,0.000050
0.311100,1.000000,1.000000,0.500000,5.099392,5.099392,0.233308,1,0.000050
0.311150,1.000000,1.000000,0.500000,5.290495,5.290495,0.241271,1,0.000050
0.311200,1.000000,1.000000,0.500000,5.476377,5.476377,0.249016,1,0.000050
0.311250,1.000000,1.000000,0.500000,5.656854,5.656854,0.256536,1,0.000050
0.311300,1.000000,1.000000,0.500000,5.831749,5.831749,0.263823,1,0.000050
0.311350,1.000000,1.000000,0.500000,6.000889,6.000889,0.270870,1,0.000050
0.311400,1.000000,1.000000,0.500000,6.164106,6.164106,0.277671,1,0.000050
0.311450,1.000000,1.000000,0.500000,6.321240,6.321240,0.284218,1,0.000050
0.311500,1.000000,1.000000,0.500000,6.472136,6.472136,0.290506,1,0.000050
0.311550,1.000000,1.000000,0.500000,6.616645,6.616645,0.296527,1,0.000050
0.311600,1.000000,1.000000,0.500000,6.754623,6.754623,0.302276,1,0.000050
0.311650,1.000000,1.000000,0.500000,6.885936,6.885936,0.307747,1,0.000050
0.311700,1.000000,1.000000,0.500000,7.010453,7.010453,0.312936,1,0.000050
0.311750,1.000000,1.000000,0.500000,7.128052,7.128052,0.317836,1,0.000050
0.311800,1.000000,1.000000,0.500000,7.238616,7.238616,0.322442,1,0.000050
0.311850,1.000000,1.000000,0.500000,7.342037,7.342037,0.326752,1,0.000050
0.311900,1.000000,1.000000,0.500000,7.438212,7.438212,0.330759,1,0.000050
0.311950,1.000000,1.000000,0.500000,7.527046,7.527046,0.334460,1,0.000050
0.312000,1.000000,1.000000,0.500000,7.608452,7.608452,0.337852,1,0.000050
0.312050,1.000000,1.000000,0.500000,7.682349,7.682349,0.340931,1,0.000050
0.312100,1.000000,1.000000,0.500000,7.748665,7.748665,0.343694,1,0.000050
0.312150,1.000000,1.000000,0.500000,7.807334,7.807334,0.346139,1,0.000050
0.312200,1.000000,1.000000,0.500000,7.858298,7.858298,0.348262,1,0.000050
0.312250,1.000000,1.000000,0.500000,7.901507,7.901507,0.350063,1,0.000050
0.312300,1.000000,1.000000,0.500000,7.936918,7.936918,0.351538,1,0.000050
0.312350,1.000000,1.000000,0.500000,7.964496,7.964496,0.352687,1,0.000050
0.312400,1.000000,1.000000,0.500000,7.984214,7.984214,0.353509,1,0.000050
0.312450,1.000000,1.000000,0.500000,7.996052,7.996052,0.354002,1,0.000050
0.312500,1.000000,1.000000,0.500000,8.000000,8.000000,0.354167,1,0.000050
0.312550,1.000000,1.000000,0.500000,7.996052,7.996052,0.354002,1,0.000050
0.312600,1.000000,1.000000,0.500000,7.984214,7.984214,0.353509,1,0.000050
0.312650,1.000000,1.000000,0.500000,7.964496,7.964496,0.352687,1,0.000050
0.312700,1.000000,1.000000,0.500000,7.936918,7.936918,0.351538,1,0.000050
0.312750,1.000000,1.000000,0.500000,7.901507,7.901507,0.350063,1,0.000050
0.312800,1.000000,1.000000,0.500000,7.858298,7.858298,0.348262,1,0.000050
0.312850,1.000000,1.000000,0.500000,7.807334,7.807334,0.346139,1,0.000050
0.312900,1.000000,1.000000,0.500000,7.748665,7.748665,0.343694,1,0.000050
0.312950,1.000000,1.000000,0.500000,7.682349,7.682349,0.340931,1,0.000050
0.313000,1.000000,1.000000,0.500000,7.608452,7.608452,0.337852,1,0.000050
0.313050,1.000000,1.000000,0.500000,7.527046,7.527046,0.334460,1,0.000050
0.313100,1.000000,1.000000,0.500000,7.438212,7.438212,0.330759,1,0.000050
0.313150,1.000000,1.000000,0.500000,7.342037,7.342037,0.326752,1,0.000050
0.313200,1.000000,1.000000,0.500000,7.238616,7.238616,0.322442,1,0.000050
0.313250,1.000000,1.000000,0.500000,7.128052,7.128052,0.317836,1,0.000050
0.313300,1.000000,1.000000,0.500000,7.010453,7.010453,0.312936,1,0.000050
0.313350,1.000000,1.000000,0.500000,6.885936,6.885936,0.307747,1,0.000050
0.313400,1.000000,1.000000,0.500000,6.754623,6.754623,0.302276,1,0.000050
0.313450,1.000000,1.000000,0.500000,6.616645,6.616645,0.296527,1,0.000050
0.313500,1.000000,1.000000,0.500000,6.472136,6.472136,0.290506,1,0.000050
0.313550,1.000000,1.000000,0.500000,6.321240,6.321240,0.284218,1,0.000050
0.313600,1.000000,1.000000,0.500000,6.164106,6.164106,0.277671,1,0.000050
0.313650,1.000000,1.000000,0.500000,6.000889,6.000889,0.270870,1,0.000050
0.313700,1.000000,1.000000,0.500000,5.831749,5.831749,0.263823,1,0.000050
0.313750,1.000000,1.000000,0.500000,5.656854,5.656854,0.256536,1,0.000050
0.313800,1.000000,1.000000,0.500000,5.476377,5.476377,0.249016,1,0.000050
0.313850,1.000000,1.000000,0.500000,5.290495,5.290495,0.241271,1,0.000050
0.313900,1.000000,1.000000,0.500000,5.099392,5.099392,0.233308,1,0.000050
0.313950,1.000000,1.000000,0.500000,4.903256,4.903256,0.225136,1,0.000050
0.314000,1.000000,1.000000,0.500000,4.702282,4.702282,0.216762,1,0.000050
0.314050,1.000000,1.000000,0.500000,4.496667,4.496667,0.208194,1,0.000050
0.314100,1.000000,1.000000,0.500000,4.286614,4.286614,0.199442,1,0.000050
0.314150,1.000000,1.000000,0.500000,4.072331,4.072331,0.190514,1,0.000050
0.314200,1.000000,1.000000,0.500000,3.854029,3.854029,0.181418,1,0.000050
0.314250,1.000000,1.000000,0.500000,3.631924,3.631924,0.172163,1,0.000050
0.314300,1.000000,1.000000,0.500000,3.406234,3.406234,0.162760,1,0.000050
0.314350,1.000000,1.000000,0.500000,3.177183,3.177183,0.153216,1,0.000050
0.314400,1.000000,1.000000,0.500000,2.944996,2.944996,0.143542,1,0.000050
0.314450,1.000000,1.000000,0.500000,2.709903,2.709903,0.133746,1,0.000050
0.314500,1.000000,1.000000,0.500000,2.472136,2.472136,0.123839,1,0.000050
0.314550,1.000000,1.000000,0.500000,2.231929,2.231929,0.113830,1,0.000050
0.314600,1.000000,1.000000,0.500000,1.989519,1.989519,0.103730,1,0.000050
0.314650,1.000000,1.000000,0.500000,1.745146,1.745146,0.093548,1,0.000050
0.314700,1.000000,1.000000,0.500000,1.499051,1.499051,0.083294,1,0.000050
0.314750,1.000000,1.000000,0.500000,1.251476,1.251476,0.072978,1,0.000050
0.314800,1.000000,1.000000,0.500000,1.002666,1.002666,0.062611,1,0.000050
0.314850,1.000000,1.000000,0.500000,0.752867,0.752867,0.052203,1,0.000050
0.314900,1.000000,1.000000,0.500000,0.502324,0.502324,0.041764,1,0.000050
0.314950,1.000000,1.000000,0.500000,0.251286,0.251286,0.031304,1,0.000050
0.315000,1.000000,1.000000,0.500000,-0.000000,-0.000000,0.020833,1,0.000050
0.315050,1.000000,1.000000,0.500000,-0.251286,-0.251286,0.010363,1,0.000050
0.315100,1.000000,1.000000,0.500000,-0.502324,-0.502324,-0.000097,1,0.000050
0.315150,1.000000,1.000000,0.500000,-0.752867,-0.752867,-0.010536,1,0.000050
0.315200,1.000000,1.000000,0.500000,-1.002666,-1.002666,-0.020944,1,0.000050
0.315250,1.000000,1.000000,0.500000,-1.251476,-1.251476,-0.031311,1,0.000050
0.315300,1.000000,1.000000,0.500000,-1.499051,-1.499051,-0.041627,1,0.000050
0.315350,1.000000,1.000000,0.500000,-1.745146,-1.745146,-0.051881,1,0.000050
0.315400,1.000000,1.000000,0.500000,-1.989519,-1.989519,-0.062063,1,0.000050
0.315450,1.000000,1.000000,0.500000,-2.231929,-2.231929,-0.072164,1,0.000050
0.315500,1.000000,1.000000,0.500000,-2.472136,-2.472136,-0.082172,1,0.000050
0.315550,1.000000,1.000000,0.500000,-2.709903,-2.709903,-0.092079,1,0.000050
0.315600,1.000000,1.000000,0.500000,-2.944996,-2.944996,-0.101875,1,0.000050
0.315650,1.000000,1.000000,0.500000,-3.177183,-3.177183,-0.111549,1,0.000050
0.315700,1.000000,1.000000,0.500000,-3.406234,-3.406234,-0.121093,1,0.000050
0.315750,1.000000,1.000000,0.500000,-3.631924,-3.631924,-0.130497,1,0.000050
0.315800,1.000000,1.000000,0.500000,-3.854029,-3.854029,-0.139751,1,0.000050
0.315850,1.000000,1.000000,0.500000,-4.072331,-4.072331,-0.148847,1,0.000050
0.315900,1.000000,1.000000,0.500000,-4.286614,-4.286614,-0.157776,1,0.000050
0.315950,1.000000,1.000000,0.500000,-4.496667,-4.496667,-0.166528,1,0.000050
0.316000,1.000000,1.000000,0.500000,-4.702282,-4.702282,-0.175095,1,0.000050
0.316050,1.000000,1.000000,0.500000,-4.903256,-4.903256,-0.183469,1,0.000050
0.316100,1.000000,1.000000,0.500000,-5.099392,-5.099392,-0.191641,1,0.000050
0.316150,1.000000,1.000000,0.500000,-5.290495,-5.290495,-0.199604,1,0.000050
0.316200,1.000000,1.000000,0.500000,-5.476377,-5.476377,-0.207349,1,0.000050
0.316250,1.000000,1.000000,0.500000,-5.656854,-5.656854,-0.214869,1,0.000050
0.316300,1.000000,1.000000,0.500000,-5.831749,-5.831749,-0.222156,1,0.000050
0.316350,1.000000,1.000000,0.500000,-6.000889,-6.000889,-0.229204,1,0.000050
0.316400,1.000000,1.000000,0.500000,-6.164106,-6.164106,-0.236004,1,0.000050
0.316450,1.000000,1.000000,0.500000,-6.321240,-6.321240,-0.242552,1,0.000050
0.316500,1.000000,1.000000,0.500000,-6.472136,-6.472136,-0.248839,1,0.000050
0.316550,1.000000,1.000000,0.500000,-6.616645,-6.616645,-0.254860,1,0.000050
0.316600,1.000000,1.000000,0.500000,-6.754623,-6.754623,-0.260609,1,0.000050
0.316650,1.000000,1.000000,0.500000,-6.885936,-6.885936,-0.266081,1,0.000050
0.316700,1.000000,1.000000,0.500000,-7.010453,-7.010453,-0.271269,1,0.000050
0.316750,1.000000,1.000000,0.500000,-7.128052,-7.128052,-0.276169,1,0.000050
0.316800,1.000000,1.000000,0.500000,-7.238616,-7.238616,-0.280776,1,0.000050
0.316850,1.000000,1.000000,0.500000,-7.342037,-7.342037,-0.285085,1,0.000050
0.316900,1.000000,1.000000,0.500000,-7.438212,-7.438212,-0.289092,1,0.000050
0.316950,1.000000,1.000000,0.500000,-7.527046,-7.527046,-0.292794,1,0.000050
0.317000,1.000000,1.000000,0.500000,-7.608452,-7.608452,-0.296186,1,0.000050
0.317050,1.000000,1.000000,0.500000,-7.682349,-7.682349,-0.299265,1,0.000050
0.317100,1.000000,1.000000,0.500000,-7.748665,-7.748665,-0.302028,1,0.000050
0.317150,1.000000,1.000000,0.500000,-7.807334,-7.807334,-0.304472,1,0.000050
0.317200,1.000000,1.000000,0.500000,-7.858298,-7.858298,-0.306596,1,0.000050
0.317250,1.000000,1.000000,0.500000,-7.901507,-7.901507,-0.308396,1,0.000050
0.317300,1.000000,1.000000,0.500000,-7.936918,-7.936918,-0.309872,1,0.000050
0.317350,1.000000,1.000000,0.500000,-7.964496,-7.964496,-0.311021,1,0.000050
0.317400,1.000000,1.000000,0.500000,-7.984214,-7.984214,-0.311842,1,0.000050
0.317450,1.000000,1.000000,0.500000,-7.996052,-7.996052,-0.312336,1,0.000050
0.317500,1.000000,1.000000,0.500000,-8.000000,-8.000000,-0.312500,1,0.000050
0.317550,1.000000,1.000000,0.500000,-7.996052,-7.996052,-0.312336,1,0.000050
0.317600,1.000000,1.000000,0.500000,-7.984214,-7.984214,-0.311842,1,0.000050
0.317650,1.000000,1.000000,0.500000,-7.964496,-7.964496,-0.311021,1,0.000050
0.317700,1.000000,1.000000,0.500000,-7.936918,-7.936918,-0.309872,1,0.000050
0.317750,1.000000,1.000000,0.500000,-7.901507,-7.901507,-0.308396,1,0.000050
0.317800,1.000000,1.000000,0.500000,-7.858298,-7.858298,-0.306596,1,0.000050
0.317850,1.000000,1.000000,0.500000,-7.807334,-7.807334,-0.304472,1,0.000050
0.317900,1.000000,1.000000,0.500000,-7.748665,-7.748665,-0.302028,1,0.000050
0.317950,1.000000,1.000000,0.500000,-7.682349,-7.682349,-0.299265,1,0.000050
0.318000,1.000000,1.000000,0.500000,-7.608452,-7.608452,-0.296186,1,0.000050
0.318050,1.000000,1.000000,0.500000,-7.527046,-7.527046,-0.292794,1,0.000050
0.318100,1.000000,1.000000,0.500000,-7.438212,-7.438212,-0.289092,1,0.000050
0.318150,1.000000,1.000000,0.500000,-7.342037,-7.342037,-0.285085,1,0.000050
0.318200,1.000000,1.000000,0.500000,-7.238616,-7.238616,-0.280776,1,0.000050
0.318250,1.000000,1.000000,0.500000,-7.128052,-7.128052,-0.276169,1,0.000050
0.318300,1.000000,1.000000,0.500000,-7.010453,-7.010453,-0.271269,1,0.000050
0.318350,1.000000,1.000000,0.500000,-6.885936,-6.885936,-0.266081,1,0.000050
0.318400,1.000000,1.000000,0.500000,-6.754623,-6.754623,-0.260609,1,0.000050
0.318450,1.000000,1.000000,0.500000,-6.616645,-6.616645,-0.254860,1,0.000050
0.318500,1.000000,1.000000,0.500000,-6.472136,-6.472136,-0.248839,1,0.000050
0.318550,1.000000,1.000000,0.500000,-6.321240,-6.321240,-0.242552,1,0.000050
0.318600,1.000000,1.000000,0.500000,-6.164106,-6.164106,-0.236004,1,0.000050
0.318650,1.000000,1.000000,0.500000,-6.000889,-6.000889,-0.229204,1,0.000050
0.318700,1.000000,1.000000,0.500000,-5.831749,-5.831749,-0.222156,1,0.000050
0.318750,1.000000,1.000000,0.500000,-5.656854,-5.656854,-0.214869,1,0.000050
0.318800,1.000000,1.000000,0.500000,-5.476377,-5.476377,-0.207349,1,0.000050
0.318850,1.000000,1.000000,0.500000,-5.290495,-5.290495,-0.199604,1,0.000050
0.318900,1.000000,1.000000,0.500000,-5.099392,-5.099392,-0.191641,1,0.000050
0.318950,1.000000,1.000000,0.500000,-4.903256,-4.903256,-0.183469,1,0.000050
0.319000,1.000000,1.000000,0.500000,-4.702282,-4.702282,-0.175095,1,0.000050
0.319050,1.000000,1.000000,0.500000,-4.496667,-4.496667,-0.166528,1,0.000050
0.319100,1.000000,1.000000,0.500000,-4.286614,-4.286614,-0.157776,1,0.000050
0.319150,1.000000,1.000000,0.500000,-4.072331,-4.072331,-0.148847,1,0.000050
0.319200,1.000000,1.000000,0.500000,-3.854029,-3.854029,-0.139751,1,0.000050
0.319250,1.000000,1.000000,0.500000,-3.631924,-3.631924,-0.130497,1,0.000050
0.319300,1.000000,1.000000,0.500000,-3.406234,-3.406234,-0.121093,1,0.000050
0.319350,1.000000,1.000000,0.500000,-3.177183,-3.177183,-0.111549,1,0.000050
0.319400,1.000000,1.000000,0.500000,-2.944996,-2.944996,-0.101875,1,0.000050
0.319450,1.000000,1.000000,0.500000,-2.709903,-2.709903,-0.092079,1,0.000050
0.319500,1.000000,1.000000,0.500000,-2.472136,-2.472136,-0.082172,1,0.000050
0.319550,1.000000,1.000000,0.500000,-2.231929,-2.231929,-0.072164,1,0.000050
0.319600,1.000000,1.000000,0.500000,-1.989519,-1.989519,-0.062063,1,0.000050
0.319650,1.000000,1.000000,0.500000,-1.745146,-1.745146,-0.051881,1,0.000050
0.319700,1.000000,1.000000,0.500000,-1.499051,-1.499051,-0.041627,1,0.000050
0.319750,1.000000,1.000000,0.500000,-1.251476,-1.251476,-0.031311,1,0.000050
0.319800,1.000000,1.000000,0.500000,-1.002666,-1.002666,-0.020944,1,0.000050
0.319850,1.000000,1.000000,0.500000,-0.752867,-0.752867,-0.010536,1,0.000050
0.319900,1.000000,1.000000,0.500000,-0.502324,-0.502324,-0.000097,1,0.000050
0.319950,1.000000,1.000000,0.500000,-0.251286,-0.251286,0.010363,1,0.000050
0.320000,1.000000,1.000000,0.500000,-0.000000,-0.000000,0.020833,1,0.000050
0.320050,1.000000,1.000000,0.500000,0.251286,0.251286,0.031304,1,0.000050
0.320100,1.000000,1.000000,0.500000,0.502324,0.502324,0.041764,1,0.000050
0.320150,1.000000,1.000000,0.500000,0.752867,0.752867,0.052203,1,0.000050
0.320200,1.000000,1.000000,0.500000,1.002666,1.002666,0.062611,1,0.000050
0.320250,1.000000,1.000000,0.500000,1.251476,1.251476,0.072978,1,0.000050
0.320300,1.000000,1.000000,0.500000,1.499051,1.499051,0.083294,1,0.000050
0.320350,1.000000,1.000000,0.500000,1.745146,1.745146,0.093548,1,0.000050
0.320400,1.000000,1.000000,0.500000,1.989519,1.989519,0.103730,1,0.000050
0.320450,1.000000,1.000000,0.500000,2.231929,2.231929,0.113830,1,0.000050
0.320500,1.000000,1.000000,0.500000,2.472136,2.472136,0.123839,1,0.000050
0.320550,1.000000,1.000000,0.500000,2.709903,2.709903,0.133746,1,0.000050
0.320600,1.000000,1.000000,0.500000,2.944996,2.944996,0.143542,1,0.000050
0.320650,1.000000,1.000000,0.500000,3.177183,3.177183,0.153216,1,0.000050
0.320700,1.000000,1.000000,0.500000,3.406234,3.406234,0.162760,1,0.000050
0.320750,1.000000,1.000000,0.500000,3.631924,3.631924,0.172163,1,0.000050
0.320800,1.000000,1.000000,0.500000,3.854029,3.854029,0.181418,1,0.000050
0.320850,1.000000,1.000000,0.500000,4.072331,4.072331,0.190514,1,0.000050
0.320900,1.000000,1.000000,0.500000,4.286614,4.286614,0.199442,1,0.000050
0.320950,1.000000,1.000000,0.500000,4.496667,4.496667,0.208194,1,0.000050
0.321000,1.000000,1.000000,0.500000,4.702282,4.702282,0.216762,1,0.000050
0.321050,1.000000,1.000000,0.500000,4.903256,4.903256,0.225136,1,0.000050
0.321100,1.000000,1.000000,0.500000,5.099392,5.099392,0.233308,1,0.000050
0.321150,1.000000,1.000000,0.500000,5.290495,5.290495,0.241271,1,0.000050
0.321200,1.000000,1.000000,0.500000,5.476377,5.476377,0.249016,1,0.000050
0.321250,1.000000,1.000000,0.500000,5.656854,5.656854,0.256536,1,0.000050
0.321300,1.000000,1.000000,0.500000,5.831749,5.831749,0.263823,1,0.000050
0.321350,1.000000,1.000000,0.500000,6.000889,6.000889,0.270870,1,0.000050
0.321400,1.000000,1.000000,0.500000,6.164106,6.164106,0.277671,1,0.000050
0.321450,1.000000,1.000000,0.500000,6.321240,6.321240,0.284218,1,0.000050
0.321500,1.000000,1.000000,0.500000,6.472136,6.472136,0.290506,1,0.000050
0.321550,1.000000,1.000000,0.500000,6.616645,6.616645,0.296527,1,0.000050
0.321600,1.000000,1.000000,0.500000,6.754623,6.754623,0.302276,1,0.000050
0.321650,1.000000,1.000000,0.500000,6.885936,6.885936,0.307747,1,0.000050
0.321700,1.000000,1.000000,0.500000,7.010453,7.010453,0.312936,1,0.000050
0.321750,1.000000,1.000000,0.500000,7.128052,7.128052,0.317836,1,0.000050
0.321800,1.000000,1.000000,0.500000,7.238616,7.238616,0.322442,1,0.000050
0.321850,1.000000,1.000000,0.500000,7.342037,7.342037,0.326752,1,0.000050
0.321900,1.000000,1.000000,0.500000,7.438212,7.438212,0.330759,1,0.000050
0.321950,1.000000,1.000000,0.500000,7.527046,7.527046,0.334460,1,0.000050
0.322000,1.000000,1.000000,0.500000,7.608452,7.608452,0.337852,1,0.000050
0.322050,1.000000,1.000000,0.500000,7.682349,7.682349,0.340931,1,0.000050
0.322100,1.000000,1.000000,0.500000,7.748665,7.748665,0.343694,1,0.000050
0.322150,1.000000,1.000000,0.500000,7.807334,7.807334,0.346139,1,0.000050
0.322200,1.000000,1.000000,0.500000,7.858298,7.858298,0.348262,1,0.000050
0.322250,1.000000,1.000000,0.500000,7.901507,7.901507,0.350063,1,0.000050
0.322300,1.000000,1.000000,0.500000,7.936918,7.936918,0.351538,1,0.000050
0.322350,1.000000,1.000000,0.500000,7.964496,7.964496,0.352687,1,0.000050
0.322400,1.000000,1.000000,0.500000,7.984214,7.984214,0.353509,1,0.000050
0.322450,1.000000,1.000000,0.500000,7.996052,7.996052,0.354002,1,0.000050
0.322500,1.000000,1.000000,0.500000,8.000000,8.000000,0.354167,1,0.000050
0.322550,1.000000,1.000000,0.500000,7.996052,7.996052,0.354002,1,0.000050
0.322600,1.000000,1.000000,0.500000,7.984214,7.984214,0.353509,1,0.000050
0.322650,1.000000,1.000000,0.500000,7.964496,7.964496,0.352687,1,0.000050
0.322700,1.000000,1.000000,0.500000,7.936918,7.936918,0.351538,1,0.000050
0.322750,1.000000,1.000000,0.500000,7.901507,7.901507,0.350063,1,0.000050
0.322800,1.000000,1.000000,0.500000,7.858298,7.858298,0.348262,1,0.000050
0.322850,1.000000,1.000000,0.500000,7.807334,7.807334,0.346139,1,0.000050
0.322900,1.000000,1.000000,0.500000,7.748665,7.748665,0.343694,1,0.000050
0.322950,1.000000,1.000000,0.500000,7.682349,7.682349,0.340931,1,0.000050
0.323000,1.000000,1.000000,0.500000,7.608452,7.608452,0.337852,1,0.000050
0.323050,1.000000,1.000000,0.500000,7.527046,7.527046,0.334460,1,0.000050
0.323100,1.000000,1.000000,0.500000,7.438212,7.438212,0.330759,1,0.000050
0.323150,1.000000,1.000000,0.500000,7.342037,7.342037,0.326752,1,0.000050
0.323200,1.000000,1.000000,0.500000,7.238616,7.238616,0.322442,1,0.000050
0.323250,1.000000,1.000000,0.500000,7.128052,7.128052,0.317836,1,0.000050
0.323300,1.000000,1.000000,0.500000,7.010453,7.010453,0.312936,1,0.000050
0.323350,1.000000,1.000000,0.500000,6.885936,6.885936,0.307747,1,0.000050
0.323400,1.000000,1.000000,0.500000,6.754623,6.754623,0.302276,1,0.000050
0.323450,1.000000,1.000000,0.500000,6.616645,6.616645,0.296527,1,0.000050
0.323500,1.000000,1.000000,0.500000,6.472136,6.472136,0.290506,1,0.000050
0.323550,1.000000,1.000000,0.500000,6.321240,6.321240,0.284218,1,0.000050
0.323600,1.000000,1.000000,0.500000,6.164106,6.164106,0.277671,1,0.000050
0.323650,1.000000,1.000000,0.500000,6.000889,6.000889,0.270870,1,0.000050
0.323700,1.000000,1.000000,0.500000,5.831749,5.831749,0.263823,1,0.000050
0.323750,1.000000,1.000000,0.500000,5.656854,5.656854,0.256536,1,0.000050
0.323800,1.000000,1.000000,0.500000,5.476377,5.476377,0.249016,1,0.000050
0.323850,1.000000,1.000000,0.500000,5.290495,5.290495,0.241271,1,0.000050
0.323900,1.000000,1.000000,0.500000,5.099392,5.099392,0.233308,1,0.000050
0.323950,1.000000,1.000000,0.500000,4.903256,4.903256,0.225136,1,0.000050
0.324000,1.000000,1.000000,0.500000,4.702282,4.702282,0.216762,1,0.000050
0.324050,1.000000,1.000000,0.500000,4.496667,4.496667,0.208194,1,0.000050
0.324100,1.000000,1.000000,0.500000,4.286614,4.286614,0.199442,1,0.000050
0.324150,1.000000,1.000000,0.500000,4.072331,4.072331,0.190514,1,0.000050
0.324200,1.000000,1.000000,0.500000,3.854029,3.854029,0.181418,1,0.000050
0.324250,1.000000,1.000000,0.500000,3.631924,3.631924,0.172163,1,0.000050
0.324300,1.000000,1.000000,0.500000,3.406234,3.406234,0.162760,1,0.000050
0.324350,1.000000,1.000000,0.500000,3.177183,3.177183,0.153216,1,0.000050
0.324400,1.000000,1.000000,0.500000,2.944996,2.944996,0.143542,1,0.000050
0.324450,1.000000,1.000000,0.500000,2.709903,2.709903,0.133746,1,0.000050
0.324500,1.000000,1.000000,0.500000,2.472136,2.472136,0.123839,1,0.000050
0.324550,1.000000,1.000000,0.500000,2.231929,2.231929,0.113830,1,0.000050
0.324600,1.000000,1.000000,0.500000,1.989519,1.989519,0.103730,1,0.000050
0.324650,1.000000,1.000000,0.500000,1.745146,1.745146,0.093548,1,0.000050
0.324700,1.000000,1.000000,0.500000,1.499051,1.499051,0.083294,1,0.000050
0.324750,1.000000,1.000000,0.500000,1.251476,1.251476,0.072978,1,0.000050
0.324800,1.000000,1.000000,0.500000,1.002666,1.002666,0.062611,1,0.000050
0.324850,1.000000,1.000000,0.500000,0.752867,0.752867,0.052203,1,0.000050
0.324900,1.000000,1.000000,0.500000,0.502324,0.502324,0.041764,1,0.000050
0.324950,1.000000,1.000000,0.500000,0.251286,0.251286,0.031304,1,0.000050
0.325000,1.000000,1.000000,0.500000,-0.000000,-0.000000,0.020833,1,0.000050
0.325050,1.000000,1.000000,0.500000,-0.251286,-0.251286,0.010363,1,0.000050
0.325100,1.000000,1.000000,0.500000,-0.502324,-0.502324,-0.000097,1,0.000050
0.325150,1.000000,1.000000,0.500000,-0.752867,-0.752867,-0.010536,1,0.000050
0.325200,1.000000,1.000000,0.500000,-1.002666,-1.002666,-0.020944,1,0.000050
0.325250,1.000000,1.000000,0.500000,-1.251476,-1.251476,-0.031311,1,0.000050
0.325300,1.000000,1.000000,0.500000,-1.499051,-1.499051,-0.041627,1,0.000050
0.325350,1.000000,1.000000,0.500000,-1.745146,-1.745146,-0.051881,1,0.000050
0.325400,1.000000,1.000000,0.500000,-1.989519,-1.989519,-0.062063,1,0.000050
0.325450,1.000000,1.000000,0.500000,-2.231929,-2.231929,-0.072164,1,0.000050
0.325500,1.000000,1.000000,0.500000,-2.472136,-2.472136,-0.082172,1,0.000050
0.325550,1.000000,1.000000,0.500000,-2.709903,-2.709903,-0.092079,1,0.000050
0.325600,1.000000,1.000000,0.500000,-2.944996,-2.944996,-0.101875,1,0.000050
0.325650,1.000000,1.000000,0.500000,-3.177183,-3.177183,-0.111549,1,0.000050
0.325700,1.000000,1.000000,0.500000,-3.406234,-3.406234,-0.121093,1,0.000050
0.325750,1.000000,1.000000,0.500000,-3.631924,-3.631924,-0.130497,1,0.000050
0.325800,1.000000,1.000000,0.500000,-3.854029,-3.854029,-0.139751,1,0.000050
0.325850,1.000000,1.000000,0.500000,-4.072331,-4.072331,-0.148847,1,0.000050
0.325900,1.000000,1.000000,0.500000,-4.286614,-4.286614,-0.157776,1,0.000050
0.325950,1.000000,1.000000,0.500000,-4.496667,-4.496667,-0.166528,1,0.000050
0.326000,1.000000,1.000000,0.500000,-4.702282,-4.702282,-0.175095,1,0.000050
0.326050,1.000000,1.000000,0.500000,-4.903256,-4.903256,-0.183469,1,0.000050
0.326100,1.000000,1.000000,0.500000,-5.099392,-5.099392,-0.191641,1,0.000050
0.326150,1.000000,1.000000,0.500000,-5.290495,-5.290495,-0.199604,1,0.000050
0.326200,1.000000,1.000000,0.500000,-5.476377,-5.476377,-0.207349,1,0.000050
0.326250,1.000000,1.000000,0.500000,-5.656854,-5.656854,-0.214869,1,0.000050
0.326300,1.000000,1.000000,0.500000,-5.831749,-5.831749,-0.222156,1,0.000050
0.326350,1.000000,1.000000,0.500000,-6.000889,-6.000889,-0.229204,1,0.000050
0.326400,1.000000,1.000000,0.500000,-6.164106,-6.164106,-0.236004,1,0.000050
0.326450,1.000000,1.000000,0.500000,-6.321240,-6.321240,-0.242552,1,0.000050
0.326500,1.000000,1.000000,0.500000,-6.472136,-6.472136,-0.248839,1,0.000050
0.326550,1.000000,1.000000,0.500000,-6.616645,-6.616645,-0.254860,1,0.000050
0.326600,1.000000,1.000000,0.500000,-6.754623,-6.754623,-0.260609,1,0.000050
0.326650,1.000000,1.000000,0.500000,-6.885936,-6.885936,-0.266081,1,0.000050
0.326700,1.000000,1.000000,0.500000,-7.010453,-7.010453,-0.271269,1,0.000050
0.326750,1.000000,1.000000,0.500000,-7.128052,-7.128052,-0.276169,1,0.000050
0.326800,1.000000,1.000000,0.500000,-7.238616,-7.238616,-0.280776,1,0.000050
0.326850,1.000000,1.000000,0.500000,-7.342037,-7.342037,-0.285085,1,0.000050
0.326900,1.000000,1.000000,0.500000,-7.438212,-7.438212,-0.289092,1,0.000050
0.326950,1.000000,1.000000,0.500000,-7.527046,-7.527046,-0.292794,1,0.000050
0.327000,1.000000,1.000000,0.500000,-7.608452,-7.608452,-0.296186,1,0.000050
0.327050,1.000000,1.000000,0.500000,-7.682349,-7.682349,-0.299265,1,0.000050
0.327100,1.000000,1.000000,0.500000,-7.748665,-7.748665,-0.302028,1,0.000050
0.327150,1.000000,1.000000,0.500000,-7.807334,-7.807334,-0.304472,1,0.000050
0.327200,1.000000,1.000000,0.500000,-7.858298,-7.858298,-0.306596,1,0.000050
0.327250,1.000000,1.000000,0.500000,-7.901507,-7.901507,-0.308396,1,0.000050
0.327300,1.000000,1.000000,0.500000,-7.936918,-7.936918,-0.309872,1,0.000050
0.327350,1.000000,1.000000,0.500000,-7.964496,-7.964496,-0.311021,1,0.000050
0.327400,1.000000,1.000000,0.500000,-7.984214,-7.984214,-0.311842,1,0.000050
0.327450,1.000000,1.000000,0.500000,-7.996052,-7.996052,-0.312336,1,0.000050
0.327500,1.000000,1.000000,0.500000,-8.000000,-8.000000,-0.312500,1,0.000050
0.327550,1.000000,1.000000,0.500000,-7.996052,-7.996052,-0.312336,1,0.000050
0.327600,1.000000,1.000000,0.500000,-7.984214,-7.984214,-0.311842,1,0.000050
0.327650,1.000000,1.000000,0.500000,-7.964496,-7.964496,-0.311021,1,0.000050
0.327700,1.000000,1.000000,0.500000,-7.936918,-7.936918,-0.309872,1,0.000050
0.327750,1.000000,1.000000,0.500000,-7.901507,-7.901507,-0.308396,1,0.000050
0.327800,1.000000,1.000000,0.500000,-7.858298,-7.858298,-0.306596,1,0.000050
0.327850,1.000000,1.000000,0.500000,-7.807334,-7.807334,-0.304472,1,0.000050
0.327900,1.000000,1.000000,0.500000,-7.748665,-7.748665,-0.302028,1,0.000050
0.327950,1.000000,1.000000,0.500000,-7.682349,-7.682349,-0.299265,1,0.000050
0.328000,1.000000,1.000000,0.500000,-7.608452,-7.608452,-0.296186,1,0.000050
0.328050,1.000000,1.000000,0.500000,-7.527046,-7.527046,-0.292794,1,0.000050
0.328100,1.000000,1.000000,0.500000,-7.438212,-7.438212,-0.289092,1,0.000050
0.328150,1.000000,1.000000,0.500000,-7.342037,-7.342037,-0.285085,1,0.000050
0.328200,1.000000,1.000000,0.500000,-7.238616,-7.238616,-0.280776,1,0.000050
0.328250,1.000000,1.000000,0.500000,-7.128052,-7.128052,-0.276169,1,0.000050
0.328300,1.000000,1.000000,0.500000,-7.010453,-7.010453,-0.271269,1,0.000050
0.328350,1.000000,1.000000,0.500000,-6.885936,-6.885936,-0.266081,1,0.000050
0.328400,1.000000,1.000000,0.500000,-6.754623,-6.754623,-0.260609,1,0.000050
0.328450,1.000000,1.000000,0.500000,-6.616645,-6.616645,-0.254860,1,0.000050
0.328500,1.000000,1.000000,0.500000,-6.472136,-6.472136,-0.248839,1,0.000050
0.328550,1.000000,1.000000,0.500000,-6.321240,-6.321240,-0.242552,1,0.000050
0.328600,1.000000,1.000000,0.500000,-6.164106,-6.164106,-0.236004,1,0.000050
0.328650,1.000000,1.000000,0.500000,-6.000889,-6.000889,-0.229204,1,0.000050
0.328700,1.000000,1.000000,0.500000,-5.831749,-5.831749,-0.222156,1,0.000050
0.328750,1.000000,1.000000,0.500000,-5.656854,-5.656854,-0.214869,1,0.000050
0.328800,1.000000,1.000000,0.500000,-5.476377,-5.476377,-0.207349,1,0.000050
0.328850,1.000000,1.000000,0.500000,-5.290495,-5.290495,-0.199604,1,0.000050
0.328900,1.000000,1.000000,0.500000,-5.099392,-5.099392,-0.191641,1,0.000050
0.328950,1.000000,1.000000,0.500000,-4.903256,-4.903256,-0.183469,1,0.000050
0.329000,1.000000,1.000000,0.500000,-4.702282,-4.702282,-0.175095,1,0.000050
0.329050,1.000000,1.000000,0.500000,-4.496667,-4.496667,-0.166528,1,0.000050
0.329100,1.000000,1.000000,0.500000,-4.286614,-4.286614,-0.157776,1,0.000050
0.329150,1.000000,1.000000,0.500000,-4.072331,-4.072331,-0.148847,1,0.000050
0.329200,1.000000,1.000000,0.500000,-3.854029,-3.854029,-0.139751,1,0.000050
0.329250,1.000000,1.000000,0.500000,-3.631924,-3.631924,-0.130497,1,0.000050
0.329300,1.000000,1.000000,0.500000,-3.406234,-3.406234,-0.121093,1,0.000050
0.329350,1.000000,1.000000,0.500000,-3.177183,-3.177183,-0.111549,1,0.000050
0.329400,1.000000,1.000000,0.500000,-2.944996,-2.944996,-0.101875,1,0.000050
0.329450,1.000000,1.000000,0.500000,-2.709903,-2.709903,-0.092079,1,0.000050
0.329500,1.000000,1.000000,0.500000,-2.472136,-2.472136,-0.082172,1,0.000050
0.329550,1.000000,1.000000,0.500000,-2.231929,-2.231929,-0.072164,1,0.000050
0.329600,1.000000,1.000000,0.500000,-1.989519,-1.989519,-0.062063,1,0.000050
0.329650,1.000000,1.000000,0.500000,-1.745146,-1.745146,-0.051881,1,0.000050
0.329700,1.000000,1.000000,0.500000,-1.499051,-1.499051,-0.041627,1,0.000050
0.329750,1.000000,1.000000,0.500000,-1.251476,-1.251476,-0.031311,1,0.000050
0.329800,1.000000,1.000000,0.500000,-1.002666,-1.002666,-0.020944,1,0.000050
0.329850,1.000000,1.000000,0.500000,-0.752867,-0.752867,-0.010536,1,0.000050
0.329900,1.000000,1.000000,0.500000,-0.502324,-0.502324,-0.000097,1,0.000050
0.329950,1.000000,1.000000,0.500000,-0.251286,-0.251286,0.010363,1,0.000050
0.330000,1.000000,1.000000,0.500000,-0.000000,-0.000000,0.020833,1,0.000050
0.330050,1.000000,1.000000,0.500000,0.251286,0.251286,0.031304,1,0.000050
0.330100,1.000000,1.000000,0.500000,0.502324,0.502324,0.041764,1,0.000050
0.330150,1.000000,1.000000,0.500000,0.752867,0.752867,0.052203,1,0.000050
0.330200,1.000000,1.000000,0.500000,1.002666,1.002666,0.062611,1,0.000050
0.330250,1.000000,1.000000,0.500000,1.251476,1.251476,0.072978,1,0.000050
0.330300,1.000000,1.000000,0.500000,1.499051,1.499051,0.083294,1,0.000050
0.330350,1.000000,1.000000,0.500000,1.745146,1.745146,0.093548,1,0.000050
0.330400,1.000000,1.000000,0.500000,1.989519,1.989519,0.103730,1,0.000050
0.330450,1.000000,1.000000,0.500000,2.231929,2.231929,0.113830,1,0.000050
0.330500,1.000000,1.000000,0.500000,2.472136,2.472136,0.123839,1,0.000050
0.330550,1.000000,1.000000,0.500000,2.709903,2.709903,0.133746,1,0.000050
0.330600,1.000000,1.000000,0.500000,2.944996,2.944996,0.143542,1,0.000050
0.330650,1.000000,1.000000,0.500000,3.177183,3.177183,0.153216,1,0.000050
0.330700,1.000000,1.000000,0.500000,3.406234,3.406234,0.162760,1,0.000050
0.330750,1.000000,1.000000,0.500000,3.631924,3.631924,0.172163,1,0.000050
0.330800,1.000000,1.000000,0.500000,3.854029,3.854029,0.181418,1,0.000050
0.330850,1.000000,1.000000,0.500000,4.072331,4.072331,0.190514,1,0.000050
0.330900,1.000000,1.000000,0.500000,4.286614,4.286614,0.199442,1,0.000050
0.330950,1.000000,1.000000,0.500000,4.496667,4.496667,0.208194,1,0.000050
0.331000,1.000000,1.000000,0.500000,4.702282,4.702282,0.216762,1,0.000050
0.331050,1.000000,1.000000,0.500000,4.903256,4.903256,0.225136,1,0.000050
0.331100,1.000000,1.000000,0.500000,5.099392,5.099392,0.233308,1,0.000050
0.331150,1.000000,1.000000,0.500000,5.290495,5.290495,0.241271,1,0.000050
0.331200,1.000000,1.000000,0.500000,5.476377,5.476377,0.249016,1,0.000050
0.331250,1.000000,1.000000,0.500000,5.656854,5.656854,0.256536,1,0.000050
0.331300,1.000000,1.000000,0.500000,5.831749,5.831749,0.263823,1,0.000050
0.331350,1.000000,1.000000,0.500000,6.000889,6.000889,0.270870,1,0.000050
0.331400,1.000000,1.000000,0.500000,6.164106,6.164106,0.277671,1,0.000050
0.331450,1.000000,1.000000,0.500000,6.321240,6.321240,0.284218,1,0.000050
0.331500,1.000000,1.000000,0.500000,6.472136,6.472136,0.290506,1,0.000050
0.331550,1.000000,1.000000,0.500000,6.616645,6.616645,0.296527,1,0.000050
0.331600,1.000000,1.000000,0.500000,6.754623,6.754623,0.302276,1,0.000050
0.331650,1.000000,1.000000,0.500000,6.885936,6.885936,0.307747,1,0.000050
0.331700,1.000000,1.000000,0.500000,7.010453,7.010453,0.312936,1,0.000050
0.331750,1.000000,1.000000,0.500000,7.128052,7.128052,0.317836,1,0.000050
0.331800,1.000000,1.000000,0.500000,7.238616,7.238616,0.322442,1,0.000050
0.331850,1.000000,1.000000,0.500000,7.342037,7.342037,0.326752,1,0.000050
0.331900,1.000000,1.000000,0.500000,7.438212,7.438212,0.330759,1,0.000050
0.331950,1.000000,1.000000,0.500000,7.527046,7.527046,0.334460,1,0.000050
0.332000,1.000000,1.000000,0.500000,7.608452,7.608452,0.337852,1,0.000050
0.332050,1.000000,1.000000,0.500000,7.682349,7.682349,0.340931,1,0.000050
0.332100,1.000000,1.000000,0.500000,7.748665,7.748665,0.343694,1,0.000050
0.332150,1.000000,1.000000,0.500000,7.807334,7.807334,0.346139,1,0.000050
0.332200,1.000000,1.000000,0.500000,7.858298,7.858298,0.348262,1,0.000050
0.332250,1.000000,1.000000,0.500000,7.901507,7.901507,0.350063,1,0.000050
0.332300,1.000000,1.000000,0.500000,7.936918,7.936918,0.351538,1,0.000050
0.332350,1.000000,1.000000,0.500000,7.964496,7.964496,0.352687,1,0.000050
0.332400,1.000000,1.000000,0.500000,7.984214,7.984214,0.353509,1,0.000050
0.332450,1.000000,1.000000,0.500000,7.996052,7.996052,0.354002,1,0.000050
0.332500,1.000000,1.000000,0.500000,8.000000,8.000000,0.354167,1,0.000050
0.332550,1.000000,1.000000,0.500000,7.996052,7.996052,0.354002,1,0.000050
0.332600,1.000000,1.000000,0.500000,7.984214,7.984214,0.353509,1,0.000050
0.332650,1.000000,1.000000,0.500000,7.964496,7.964496,0.352687,1,0.000050
0.332700,1.000000,1.000000,0.500000,7.936918,7.936918,0.351538,1,0.000050
0.332750,1.000000,1.000000,0.500000,7.901507,7.901507,0.350063,1,0.000050
0.332800,1.000000,1.000000,0.500000,7.858298,7.858298,0.348262,1,0.000050
0.332850,1.000000,1.000000,0.500000,7.807334,7.807334,0.346139,1,0.000050
0.332900,1.000000,1.000000,0.500000,7.748665,7.748665,0.343694,1,0.000050
0.332950,1.000000,1.000000,0.500000,7.682349,7.682349,0.340931,1,0.000050
0.333000,1.000000,1.000000,0.500000,7.608452,7.608452,0.337852,1,0.000050
0.333050,1.000000,1.000000,0.500000,7.527046,7.527046,0.334460,1,0.000050
0.333100,1.000000,1.000000,0.500000,7.438212,7.438212,0.330759,1,0.000050
0.333150,1.000000,1.000000,0.500000,7.342037,7.342037,0.326752,1,0.000050
0.333200,1.000000,1.000000,0.500000,7.238616,7.238616,0.322442,1,0.000050
0.333250,1.000000,1.000000,0.500000,7.128052,7.128052,0.317836,1,0.000050
0.333300,1.000000,1.000000,0.500000,7.010453,7.010453,0.312936,1,0.000050
0.333350,1.000000,1.000000,0.500000,6.885936,6.885936,0.307747,1,0.000050
0.333400,1.000000,1.000000,0.500000,6.754623,6.754623,0.302276,1,0.000050
0.333450,1.000000,1.000000,0.500000,6.616645,6.616645,0.296527,1,0.000050
0.333500,1.000000,1.000000,0.500000,6.472136,6.472136,0.290506,1,0.000050
0.333550,1.000000,1.000000,0.500000,6.321240,6.321240,0.284218,1,0.000050
0.333600,1.000000,1.000000,0.500000,6.164106,6.164106,0.277671,1,0.000050
0.333650,1.000000,1.000000,0.500000,6.000889,6.000889,0.270870,1,0.000050
0.333700,1.000000,1.000000,0.500000,5.831749,5.831749,0.263823,1,0.000050
0.333750,1.000000,1.000000,0.500000,5.656854,5.656854,0.256536,1,0.000050
0.333800,1.000000,1.000000,0.500000,5.476377,5.476377,0.249016,1,0.000050
0.333850,1.000000,1.000000,0.500000,5.290495,5.290495,0.241271,1,0.000050
0.333900,1.000000,1.000000,0.500000,5.099392,5.099392,0.233308,1,0.000050
0.333950,1.000000,1.000000,0.500000,4.903256,4.903256,0.225136,1,0.000050
0.334000,1.000000,1.000000,0.500000,4.702282,4.702282,0.216762,1,0.000050
0.334050,1.000000,1.000000,0.500000,4.496667,4.496667,0.208194,1,0.000050
0.334100,1.000000,1.000000,0.500000,4.286614,4.286614,0.199442,1,0.000050
0.334150,1.000000,1.000000,0.500000,4.072331,4.072331,0.190514,1,0.000050
0.334200,1.000000,1.000000,0.500000,3.854029,3.854029,0.181418,1,0.000050
0.334250,1.000000,1.000000,0.500000,3.631924,3.631924,0.172163,1,0.000050
0.334300,1.000000,1.000000,0.500000,3.406234,3.406234,0.162760,1,0.000050
0.334350,1.000000,1.000000,0.500000,3.177183,3.177183,0.153216,1,0.000050
0.334400,1.000000,1.000000,0.500000,2.944996,2.944996,0.143542,1,0.000050
0.334450,1.000000,1.000000,0.500000,2.709903,2.709903,0.133746,1,0.000050
0.334500,1.000000,1.000000,0.500000,2.472136,2.472136,0.123839,1,0.000050
0.334550,1.000000,1.000000,0.500000,2.231929,2.231929,0.113830,1,0.000050
0.334600,1.000000,1.000000,0.500000,1.989519,1.989519,0.103730,1,0.000050
0.334650,1.000000,1.000000,0.500000,1.745146,1.745146,0.093548,1,0.000050
0.334700,1.000000,1.000000,0.500000,1.499051,1.499051,0.083294,1,0.000050
0.334750,1.000000,1.000000,0.500000,1.251476,1.251476,0.072978,1,0.000050
0.334800,1.000000,1.000000,0.500000,1.002666,1.002666,0.062611,1,0.000050
0.334850,1.000000,1.000000,0.500000,0.752867,0.752867,0.052203,1,0.000050
0.334900,1.000000,1.000000,0.500000,0.502324,0.502324,0.041764,1,0.000050
0.334950,1.000000,1.000000,0.500000,0.251286,0.251286,0.031304,1,0.000050
0.335000,1.000000,1.000000,0.500000,-0.000000,-0.000000,0.020833,1,0.000050
0.335050,1.000000,1.000000,0.500000,-0.251286,-0.251286,0.010363,1,0.000050
0.335100,1.000000,1.000000,0.500000,-0.502324,-0.502324,-0.000097,1,0.000050
0.335150,1.000000,1.000000,0.500000,-0.752867,-0.752867,-0.010536,1,0.000050
0.335200,1.000000,1.000000,0.500000,-1.002666,-1.002666,-0.020944,1,0.000050
0.335250,1.000000,1.000000,0.500000,-1.251476,-1.251476,-0.031311,1,0.000050
0.335300,1.000000,1.000000,0.500000,-1.499051,-1.499051,-0.041627,1,0.000050
0.335350,1.000000,1.000000,0.500000,-1.745146,-1.745146,-0.051881,1,0.000050
0.335400,1.000000,1.000000,0.500000,-1.989519,-1.989519,-0.062063,1,0.000050
0.335450,1.000000,1.000000,0.500000,-2.231929,-2.231929,-0.072164,1,0.000050
0.335500,1.000000,1.000000,0.500000,-2.472136,-2.472136,-0.082172,1,0.000050
0.335550,1.000000,1.000000,0.500000,-2.709903,-2.709903,-0.092079,1,0.000050
0.335600,1.000000,1.000000,0.500000,-2.944996,-2.944996,-0.101875,1,0.000050
0.335650,1.000000,1.000000,0.500000,-3.177183,-3.177183,-0.111549,1,0.000050
0.335700,1.000000,1.000000,0.500000,-3.406234,-3.406234,-0.121093,1,0.000050
0.335750,1.000000,1.000000,0.500000,-3.631924,-3.631924,-0.130497,1,0.000050
0.335800,1.000000,1.000000,0.500000,-3.854029,-3.854029,-0.139751,1,0.000050
0.335850,1.000000,1.000000,0.500000,-4.072331,-4.072331,-0.148847,1,0.000050
0.335900,1.000000,1.000000,0.500000,-4.286614,-4.286614,-0.157776,1,0.000050
0.335950,1.000000,1.000000,0.500000,-4.496667,-4.496667,-0.166528,1,0.000050
0.336000,1.000000,1.000000,0.500000,-4.702282,-4.702282,-0.175095,1,0.000050
0.336050,1.000000,1.000000,0.500000,-4.903256,-4.903256,-0.183469,1,0.000050
0.336100,1.000000,1.000000,0.500000,-5.099392,-5.099392,-0.191641,1,0.000050
0.336150,1.000000,1.000000,0.500000,-5.290495,-5.290495,-0.199604,1,0.000050
0.336200,1.000000,1.000000,0.500000,-5.476377,-5.476377,-0.207349,1,0.000050
0.336250,1.000000,1.000000,0.500000,-5.656854,-5.656854,-0.214869,1,0.000050
0.336300,1.000000,1.000000,0.500000,-5.831749,-5.831749,-0.222156,1,0.000050
0.336350,1.000000,1.000000,0.500000,-6.000889,-6.000889,-0.229204,1,0.000050
0.336400,1.000000,1.000000,0.500000,-6.164106,-6.164106,-0.236004,1,0.000050
0.336450,1.000000,1.000000,0.500000,-6.321240,-6.321240,-0.242552,1,0.000050
0.336500,1.000000,1.000000,0.500000,-6.472136,-6.472136,-0.248839,1,0.000050
0.336550,1.000000,1.000000,0.500000,-6.616645,-6.616645,-0.254860,1,0.000050
0.336600,1.000000,1.000000,0.500000,-6.754623,-6.754623,-0.260609,1,0.000050
0.336650,1.000000,1.000000,0.500000,-6.885936,-6.885936,-0.266081,1,0.000050
0.336700,1.000000,1.000000,0.500000,-7.010453,-7.010453,-0.271269,1,0.000050
0.336750,1.000000,1.000000,0.500000,-7.128052,-7.128052,-0.276169,1,0.000050
0.336800,1.000000,1.000000,0.500000,-7.238616,-7.238616,-0.280776,1,0.000050
0.336850,1.000000,1.000000,0.500000,-7.342037,-7.342037,-0.285085,1,0.000050
0.336900,1.000000,1.000000,0.500000,-7.438212,-7.438212,-0.289092,1,0.000050
0.336950,1.000000,1.000000,0.500000,-7.527046,-7.527046,-0.292794,1,0.000050
0.337000,1.000000,1.000000,0.500000,-7.608452,-7.608452,-0.296186,1,0.000050
0.337050,1.000000,1.000000,0.500000,-7.682349,-7.682349,-0.299265,1,0.000050
0.337100,1.000000,1.000000,0.500000,-7.748665,-7.748665,-0.302028,1,0.000050
0.337150,1.000000,1.000000,0.500000,-7.807334,-7.807334,-0.304472,1,0.000050
0.337200,1.000000,1.000000,0.500000,-7.858298,-7.858298,-0.306596,1,0.000050
0.337250,1.000000,1.000000,0.500000,-7.901507,-7.901507,-0.308396,1,0.000050
0.337300,1.000000,1.000000,0.500000,-7.936918,-7.936918,-0.309872,1,0.000050
0.337350,1.000000,1.000000,0.500000,-7.964496,-7.964496,-0.311021,1,0.000050
0.337400,1.000000,1.000000,0.500000,-7.984214,-7.984214,-0.311842,1,0.000050
0.337450,1.000000,1.000000,0.500000,-7.996052,-7.996052,-0.312336,1,0.000050
0.337500,1.000000,1.000000,0.500000,-8.000000,-8.000000,-0.312500,1,0.000050
0.337550,1.000000,1.000000,0.500000,-7.996052,-7.996052,-0.312336,1,0.000050
0.337600,1.000000,1.000000,0.500000,-7.984214,-7.984214,-0.311842,1,0.000050
0.337650,1.000000,1.000000,0.500000,-7.964496,-7.964496,-0.311021,1,0.000050
0.337700,1.000000,1.000000,0.500000,-7.936918,-7.936918,-0.309872,1,0.000050
0.337750,1.000000,1.000000,0.500000,-7.901507,-7.901507,-0.308396,1,0.000050
0.337800,1.000000,1.000000,0.500000,-7.858298,-7.858298,-0.306596,1,0.000050
0.337850,1.000000,1.000000,0.500000,-7.807334,-7.807334,-0.304472,1,0.000050
0.337900,1.000000,1.000000,0.500000,-7.748665,-7.748665,-0.302028,1,0.000050
0.337950,1.000000,1.000000,0.500000,-7.682349,-7.682349,-0.299265,1,0.000050
0.338000,1.000000,1.000000,0.500000,-7.608452,-7.608452,-0.296186,1,0.000050
0.338050,1.000000,1.000000,0.500000,-7.527046,-7.527046,-0.292794,1,0.000050
0.338100,1.000000,1.000000,0.500000,-7.438212,-7.438212,-0.289092,1,0.000050
0.338150,1.000000,1.000000,0.500000,-7.342037,-7.342037,-0.285085,1,0.000050
0.338200,1.000000,1.000000,0.500000,-7.238616,-7.238616,-0.280776,1,0.000050
0.338250,1.000000,1.000000,0.500000,-7.128052,-7.128052,-0.276169,1,0.000050
0.338300,1.000000,1.000000,0.500000,-7.010453,-7.010453,-0.271269,1,0.000050
0.338350,1.000000,1.000000,0.500000,-6.885936,-6.885936,-0.266081,1,0.000050
0.338400,1.000000,1.000000,0.500000,-6.754623,-6.754623,-0.260609,1,0.000050
0.338450,1.000000,1.000000,0.500000,-6.616645,-6.616645,-0.254860,1,0.000050
0.338500,1.000000,1.000000,0.500000,-6.472136,-6.472136,-0.248839,1,0.000050
0.338550,1.000000,1.000000,0.500000,-6.321240,-6.321240,-0.242552,1,0.000050
0.338600,1.000000,1.000000,0.500000,-6.164106,-6.164106,-0.236004,1,0.000050
0.338650,1.000000,1.000000,0.500000,-6.000889,-6.000889,-0.229204,1,0.000050
0.338700,1.000000,1.000000,0.500000,-5.831749,-5.831749,-0.222156,1,0.000050
0.338750,1.000000,1.000000,0.500000,-5.656854,-5.656854,-0.214869,1,0.000050
0.338800,1.000000,1.000000,0.500000,-5.476377,-5.476377,-0.207349,1,0.000050
0.338850,1.000000,1.000000,0.500000,-5.290495,-5.290495,-0.199604,1,0.000050
0.338900,1.000000,1.000000,0.500000,-5.099392,-5.099392,-0.191641,1,0.000050
0.338950,1.000000,1.000000,0.500000,-4.903256,-4.903256,-0.183469,1,0.000050
0.339000,1.000000,1.000000,0.500000,-4.702282,-4.702282,-0.175095,1,0.000050
0.339050,1.000000,1.000000,0.500000,-4.496667,-4.496667,-0.166528,1,0.000050
0.339100,1.000000,1.000000,0.500000,-4.286614,-4.286614,-0.157776,1,0.000050
0.339150,1.000000,1.000000,0.500000,-4.072331,-4.072331,-0.148847,1,0.000050
0.339200,1.000000,1.000000,0.500000,-3.854029,-3.854029,-0.139751,1,0.000050
0.339250,1.000000,1.000000,0.500000,-3.631924,-3.631924,-0.130497,1,0.000050
0.339300,1.000000,1.000000,0.500000,-3.406234,-3.406234,-0.121093,1,0.000050
0.339350,1.000000,1.000000,0.500000,-3.177183,-3.177183,-0.111549,1,0.000050
0.339400,1.000000,1.000000,0.500000,-2.944996,-2.944996,-0.101875,1,0.000050
0.339450,1.000000,1.000000,0.500000,-2.709903,-2.709903,-0.092079,1,0.000050
0.339500,1.000000,1.000000,0.500000,-2.472136,-2.472136,-0.082172,1,0.000050
0.339550,1.000000,1.000000,0.500000,-2.231929,-2.231929,-0.072164,1,0.000050
0.339600,1.000000,1.000000,0.500000,-1.989519,-1.989519,-0.062063,1,0.000050
0.339650,1.000000,1.000000,0.500000,-1.745146,-1.745146,-0.051881,1,0.000050
0.339700,1.000000,1.000000,0.500000,-1.499051,-1.499051,-0.041627,1,0.000050
0.339750,1.000000,1.000000,0.500000,-1.251476,-1.251476,-0.031311,1,0.000050
0.339800,1.000000,1.000000,0.500000,-1.002666,-1.002666,-0.020944,1,0.000050
0.339850,1.000000,1.000000,0.500000,-0.752867,-0.752867,-0.010536,1,0.000050
0.339900,1.000000,1.000000,0.500000,-0.502324,-0.502324,-0.000097,1,0.000050
0.339950,1.000000,1.000000,0.500000,-0.251286,-0.251286,0.010363,1,0.000050
0.340000,1.000000,1.000000,0.500000,0.000000,0.000000,0.020833,1,0.000050
0.340050,1.000000,1.000000,0.500000,0.251286,0.251286,0.031304,1,0.000050
0.340100,1.000000,1.000000,0.500000,0.502324,0.502324,0.041764,1,0.000050
0.340150,1.000000,1.000000,0.500000,0.752867,0.752867,0.052203,1,0.000050
0.340200,1.000000,1.000000,0.500000,1.002666,1.002666,0.062611,1,0.000050
0.340250,1.000000,1.000000,0.500000,1.251476,1.251476,0.072978,1,0.000050
0.340300,1.000000,1.000000,0.500000,1.499051,1.499051,0.083294,1,0.000050
0.340350,1.000000,1.000000,0.500000,1.745146,1.745146,0.093548,1,0.000050
0.340400,1.000000,1.000000,0.500000,1.989519,1.989519,0.103730,1,0.000050
0.340450,1.000000,1.000000,0.500000,2.231929,2.231929,0.113830,1,0.000050
0.340500,1.000000,1.000000,0.500000,2.472136,2.472136,0.123839,1,0.000050
0.340550,1.000000,1.000000,0.500000,2.709903,2.709903,0.133746,1,0.000050
0.340600,1.000000,1.000000,0.500000,2.944996,2.944996,0.143542,1,0.000050
0.340650,1.000000,1.000000,0.500000,3.177183,3.177183,0.153216,1,0.000050
0.340700,1.000000,1.000000,0.500000,3.406234,3.406234,0.162760,1,0.000050
0.340750,1.000000,1.000000,0.500000,3.631924,3.631924,0.172163,1,0.000050
0.340800,1.000000,1.000000,0.500000,3.854029,3.854029,0.181418,1,0.000050
0.340850,1.000000,1.000000,0.500000,4.072331,4.072331,0.190514,1,0.000050
0.340900,1.000000,1.000000,0.500000,4.286614,4.286614,0.199442,1,0.000050
0.340950,1.000000,1.000000,0.500000,4.496667,4.496667,0.208194,1,0.000050
0.341000,1.000000,1.000000,0.500000,4.702282,4.702282,0.216762,1,0.000050
0.341050,1.000000,1.000000,0.500000,4.903256,4.903256,0.225136,1,0.000050
0.341100,1.000000,1.000000,0.500000,5.099392,5.099392,0.233308,1,0.000050
0.341150,1.000000,1.000000,0.500000,5.290495,5.290495,0.241271,1,0.000050
0.341200,1.000000,1.000000,0.500000,5.476377,5.476377,0.249016,1,0.000050
0.341250,1.000000,1.000000,0.500000,5.656854,5.656854,0.256536,1,0.000050
0.341300,1.000000,1.000000,0.500000,5.831749,5.831749,0.263823,1,0.000050
0.341350,1.000000,1.000000,0.500000,6.000889,6.000889,0.270870,1,0.000050
0.341400,1.000000,1.000000,0.500000,6.164106,6.164106,0.277671,1,0.000050
0.341450,1.000000,1.000000,0.500000,6.321240,6.321240,0.284218,1,0.000050
0.341500,1.000000,1.000000,0.500000,6.472136,6.472136,0.290506,1,0.000050
0.341550,1.000000,1.000000,0.500000,6.616645,6.616645,0.296527,1,0.000050
0.341600,1.000000,1.000000,0.500000,6.754623,6.754623,0.302276,1,0.000050
0.341650,1.000000,1.000000,0.500000,6.885936,6.885936,0.307747,1,0.000050
0.341700,1.000000,1.000000,0.500000,7.010453,7.010453,0.312936,1,0.000050
0.341750,1.000000,1.000000,0.500000,7.128052,7.128052,0.317836,1,0.000050
0.341800,1.000000,1.000000,0.500000,7.238616,7.238616,0.322442,1,0.000050
0.341850,1.000000,1.000000,0.500000,7.342037,7.342037,0.326752,1,0.000050
0.341900,1.000000,1.000000,0.500000,7.438212,7.438212,0.330759,1,0.000050
0.341950,1.000000,1.000000,0.500000,7.527046,7.527046,0.334460,1,0.000050
0.342000,1.000000,1.000000,0.500000,7.608452,7.608452,0.337852,1,0.000050
0.342050,1.000000,1.000000,0.500000,7.682349,7.682349,0.340931,1,0.000050
0.342100,1.000000,1.000000,0.500000,7.748665,7.748665,0.343694,1,0.000050
0.342150,1.000000,1.000000,0.500000,7.807334,7.807334,0.346139,1,0.000050
0.342200,1.000000,1.000000,0.500000,7.858298,7.858298,0.348262,1,0.000050
0.342250,1.000000,1.000000,0.500000,7.901507,7.901507,0.350063,1,0.000050
0.342300,1.000000,1.000000,0.500000,7.936918,7.936918,0.351538,1,0.000050
0.342350,1.000000,1.000000,0.500000,7.964496,7.964496,0.352687,1,0.000050
0.342400,1.000000,1.000000,0.500000,7.984214,7.984214,0.353509,1,0.000050
0.342450,1.000000,1.000000,0.500000,7.996052,7.996052,0.354002,1,0.000050
0.342500,1.000000,1.000000,0.500000,8.000000,8.000000,0.354167,1,0.000050
0.342550,1.000000,1.000000,0.500000,7.996052,7.996052,0.354002,1,0.000050
0.342600,1.000000,1.000000,0.500000,7.984214,7.984214,0.353509,1,0.000050
0.342650,1.000000,1.000000,0.500000,7.964496,7.964496,0.352687,1,0.000050
0.342700,1.000000,1.000000,0.500000,7.936918,7.936918,0.351538,1,0.000050
0.342750,1.000000,1.000000,0.500000,7.901507,7.901507,0.350063,1,0.000050
0.342800,1.000000,1.000000,0.500000,7.858298,7.858298,0.348262,1,0.000050
0.342850,1.000000,1.000000,0.500000,7.807334,7.807334,0.346139,1,0.000050
0.342900,1.000000,1.000000,0.500000,7.748665,7.748665,0.343694,1,0.000050
0.342950,1.000000,1.000000,0.500000,7.682349,7.682349,0.340931,1,0.000050
0.343000,1.000000,1.000000,0.500000,7.608452,7.608452,0.337852,1,0.000050
0.343050,1.000000,1.000000,0.500000,7.527046,7.527046,0.334460,1,0.000050
0.343100,1.000000,1.000000,0.500000,7.438212,7.438212,0.330759,1,0.000050
0.343150,1.000000,1.000000,0.500000,7.342037,7.342037,0.326752,1,0.000050
0.343200,1.000000,1.000000,0.500000,7.238616,7.238616,0.322442,1,0.000050
0.343250,1.000000,1.000000,0.500000,7.128052,7.128052,0.317836,1,0.000050
0.343300,1.000000,1.000000,0.500000,7.010453,7.010453,0.312936,1,0.000050
0.343350,1.000000,1.000000,0.500000,6.885936,6.885936,0.307747,1,0.000050
0.343400,1.000000,1.000000,0.500000,6.754623,6.754623,0.302276,1,0.000050
0.343450,1.000000,1.000000,0.500000,6.616645,6.616645,0.296527,1,0.000050
0.343500,1.000000,1.000000,0.500000,6.472136,6.472136,0.290506,1,0.000050
0.343550,1.000000,1.000000,0.500000,6.321240,6.321240,0.284218,1,0.000050
0.343600,1.000000,1.000000,0.500000,6.164106,6.164106,0.277671,1,0.000050
0.343650,1.000000,1.000000,0.500000,6.000889,6.000889,0.270870,1,0.000050
0.343700,1.000000,1.000000,0.500000,5.831749,5.831749,0.263823,1,0.000050
0.343750,1.000000,1.000000,0.500000,5.656854,5.656854,0.256536,1,0.000050
0.343800,1.000000,1.000000,0.500000,5.476377,5.476377,0.249016,1,0.000050
0.343850,1.000000,1.000000,0.500000,5.290495,5.290495,0.241271,1,0.000050
0.343900,1.000000,1.000000,0.500000,5.099392,5.099392,0.233308,1,0.000050
0.343950,1.000000,1.000000,0.500000,4.903256,4.903256,0.225136,1,0.000050
0.344000,1.000000,1.000000,0.500000,4.702282,4.702282,0.216762,1,0.000050
0.344050,1.000000,1.000000,0.500000,4.496667,4.496667,0.208194,1,0.000050
0.344100,1.000000,1.000000,0.500000,4.286614,4.286614,0.199442,1,0.000050
0.344150,1.000000,1.000000,0.500000,4.072331,4.072331,0.190514,1,0.000050
0.344200,1.000000,1.000000,0.500000,3.854029,3.854029,0.181418,1,0.000050
0.344250,1.000000,1.000000,0.500000,3.631924,3.631924,0.172163,1,0.000050
0.344300,1.000000,1.000000,0.500000,3.406234,3.406234,0.162760,1,0.000050
0.344350,1.000000,1.000000,0.500000,3.177183,3.177183,0.153216,1,0.000050
0.344400,1.000000,1.000000,0.500000,2.944996,2.944996,0.143542,1,0.000050
0.344450,1.000000,1.000000,0.500000,2.709903,2.709903,0.133746,1,0.000050
0.344500,1.000000,1.000000,0.500000,2.472136,2.472136,0.123839,1,0.000050
0.344550,1.000000,1.000000,0.500000,2.231929,2.231929,0.113830,1,0.000050
0.344600,1.000000,1.000000,0.500000,1.989519,1.989519,0.103730,1,0.000050
0.344650,1.000000,1.000000,0.500000,1.745146,1.745146,0.093548,1,0.000050
0.344700,1.000000,1.000000,0.500000,1.499051,1.499051,0.083294,1,0.000050
0.344750,1.000000,1.000000,0.500000,1.251476,1.251476,0.072978,1,0.000050
0.344800,1.000000,1.000000,0.500000,1.002666,1.002666,0.062611,1,0.000050
0.344850,1.000000,1.000000,0.500000,0.752867,0.752867,0.052203,1,0.000050
0.344900,1.000000,1.000000,0.500000,0.502324,0.502324,0.041764,1,0.000050
0.344950,1.000000,1.000000,0.500000,0.251286,0.251286,0.031304,1,0.000050
0.345000,1.000000,1.000000,0.500000,-0.000000,-0.000000,0.020833,1,0.000050
0.345050,1.000000,1.000000,0.500000,-0.251286,-0.251286,0.010363,1,0.000050
0.345100,1.000000,1.000000,0.500000,-0.502324,-0.502324,-0.000097,1,0.000050
0.345150,1.000000,1.000000,0.500000,-0.752867,-0.752867,-0.010536,1,0.000050
0.345200,1.000000,1.000000,0.500000,-1.002666,-1.002666,-0.020944,1,0.000050
0.345250,1.000000,1.000000,0.500000,-1.251476,-1.251476,-0.031311,1,0.000050
0.345300,1.000000,1.000000,0.500000,-1.499051,-1.499051,-0.041627,1,0.000050
0.345350,1.000000,1.000000,0.500000,-1.745146,-1.745146,-0.051881,1,0.000050
0.345400,1.000000,1.000000,0.500000,-1.989519,-1.989519,-0.062063,1,0.000050
0.345450,1.000000,1.000000,0.500000,-2.231929,-2.231929,-0.072164,1,0.000050
0.345500,1.000000,1.000000,0.500000,-2.472136,-2.472136,-0.082172,1,0.000050
0.345550,1.000000,1.000000,0.500000,-2.709903,-2.709903,-0.092079,1,0.000050
0.345600,1.000000,1.000000,0.500000,-2.944996,-2.944996,-0.101875,1,0.000050
0.345650,1.000000,1.000000,0.500000,-3.177183,-3.177183,-0.111549,1,0.000050
0.345700,1.000000,1.000000,0.500000,-3.406234,-3.406234,-0.121093,1,0.000050
0.345750,1.000000,1.000000,0.500000,-3.631924,-3.631924,-0.130497,1,0.000050
0.345800,1.000000,1.000000,0.500000,-3.854029,-3.854029,-0.139751,1,0.000050
0.345850,1.000000,1.000000,0.500000,-4.072331,-4.072331,-0.148847,1,0.000050
0.345900,1.000000,1.000000,0.500000,-4.286614,-4.286614,-0.157776,1,0.000050
0.345950,1.000000,1.000000,0.500000,-4.496667,-4.496667,-0.166528,1,0.000050
0.346000,1.000000,1.000000,0.500000,-4.702282,-4.702282,-0.175095,1,0.000050
0.346050,1.000000,1.000000,0.500000,-4.903256,-4.903256,-0.183469,1,0.000050
0.346100,1.000000,1.000000,0.500000,-5.099392,-5.099392,-0.191641,1,0.000050
0.346150,1.000000,1.000000,0.500000,-5.290495,-5.290495,-0.199604,1,0.000050
0.346200,1.000000,1.000000,0.500000,-5.476377,-5.476377,-0.207349,1,0.000050
0.346250,1.000000,1.000000,0.500000,-5.656854,-5.656854,-0.214869,1,0.000050
0.346300,1.000000,1.000000,0.500000,-5.831749,-5.831749,-0.222156,1,0.000050
0.346350,1.000000,1.000000,0.500000,-6.000889,-6.000889,-0.229204,1,0.000050
0.346400,1.000000,1.000000,0.500000,-6.164106,-6.164106,-0.236004,1,0.000050
0.346450,1.000000,1.000000,0.500000,-6.321240,-6.321240,-0.242552,1,0.000050
0.346500,1.000000,1.000000,0.500000,-6.472136,-6.472136,-0.248839,1,0.000050
0.346550,1.000000,1.000000,0.500000,-6.616645,-6.616645,-0.254860,1,0.000050
0.346600,1.000000,1.000000,0.500000,-6.754623,-6.754623,-0.260609,1,0.000050
0.346650,1.000000,1.000000,0.500000,-6.885936,-6.885936,-0.266081,1,0.000050
0.346700,1.000000,1.000000,0.500000,-7.010453,-7.010453,-0.271269,1,0.000050
0.346750,1.000000,1.000000,0.500000,-7.128052,-7.128052,-0.276169,1,0.000050
0.346800,1.000000,1.000000,0.500000,-7.238616,-7.238616,-0.280776,1,0.000050
0.346850,1.000000,1.000000,0.500000,-7.342037,-7.342037,-0.285085,1,0.000050
0.346900,1.000000,1.000000,0.500000,-7.438212,-7.438212,-0.289092,1,0.000050
0.346950,1.000000,1.000000,0.500000,-7.527046,-7.527046,-0.292794,1,0.000050
0.347000,1.000000,1.000000,0.500000,-7.608452,-7.608452,-0.296186,1,0.000050
0.347050,1.000000,1.000000,0.500000,-7.682349,-7.682349,-0.299265,1,0.000050
0.347100,1.000000,1.000000,0.500000,-7.748665,-7.748665,-0.302028,1,0.000050
0.347150,1.000000,1.000000,0.500000,-7.807334,-7.807334,-0.304472,1,0.000050
0.347200,1.000000,1.000000,0.500000,-7.858298,-7.858298,-0.306596,1,0.000050
0.347250,1.000000,1.000000,0.500000,-7.901507,-7.901507,-0.308396,1,0.000050
0.347300,1.000000,1.000000,0.500000,-7.936918,-7.936918,-0.309872,1,0.000050
0.347350,1.000000,1.000000,0.500000,-7.964496,-7.964496,-0.311021,1,0.000050
0.347400,1.000000,1.000000,0.500000,-7.984214,-7.984214,-0.311842,1,0.000050
0.347450,1.000000,1.000000,0.500000,-7.996052,-7.996052,-0.312336,1,0.000050
0.347500,1.000000,1.000000,0.500000,-8.000000,-8.000000,-0.312500,1,0.000050
0.347550,1.000000,1.000000,0.500000,-7.996052,-7.996052,-0.312336,1,0.000050
0.347600,1.000000,1.000000,0.500000,-7.984214,-7.984214,-0.311842,1,0.000050
0.347650,1.000000,1.000000,0.500000,-7.964496,-7.964496,-0.311021,1,0.000050
0.347700,1.000000,1.000000,0.500000,-7.936918,-7.936918,-0.309872,1,0.000050
0.347750,1.000000,1.000000,0.500000,-7.901507,-7.901507,-0.308396,1,0.000050
0.347800,1.000000,1.000000,0.500000,-7.858298,-7.858298,-0.306596,1,0.000050
0.347850,1.000000,1.000000,0.500000,-7.807334,-7.807334,-0.304472,1,0.000050
0.347900,1.000000,1.000000,0.500000,-7.748665,-7.748665,-0.302028,1,0.000050
0.347950,1.000000,1.000000,0.500000,-7.682349,-7.682349,-0.299265,1,0.000050
0.348000,1.000000,1.000000,0.500000,-7.608452,-7.608452,-0.296186,1,0.000050
0.348050,1.000000,1.000000,0.500000,-7.527046,-7.527046,-0.292794,1,0.000050
0.348100,1.000000,1.000000,0.500000,-7.438212,-7.438212,-0.289092,1,0.000050
0.348150,1.000000,1.000000,0.500000,-7.342037,-7.342037,-0.285085,1,0.000050
0.348200,1.000000,1.000000,0.500000,-7.238616,-7.238616,-0.280776,1,0.000050
0.348250,1.000000,1.000000,0.500000,-7.128052,-7.128052,-0.276169,1,0.000050
0.348300,1.000000,1.000000,0.500000,-7.010453,-7.010453,-0.271269,1,0.000050
0.348350,1.000000,1.000000,0.500000,-6.885936,-6.885936,-0.266081,1,0.000050
0.348400,1.000000,1.000000,0.500000,-6.754623,-6.754623,-0.260609,1,0.000050
0.348450,1.000000,1.000000,0.500000,-6.616645,-6.616645,-0.254860,1,0.000050
0.348500,1.000000,1.000000,0.500000,-6.472136,-6.472136,-0.248839,1,0.000050
0.348550,1.000000,1.000000,0.500000,-6.321240,-6.321240,-0.242552,1,0.000050
0.348600,1.000000,1.000000,0.500000,-6.164106,-6.164106,-0.236004,1,0.000050
0.348650,1.000000,1.000000,0.500000,-6.000889,-6.000889,-0.229204,1,0.000050
0.348700,1.000000,1.000000,0.500000,-5.831749,-5.831749,-0.222156,1,0.000050
0.348750,1.000000,1.000000,0.500000,-5.656854,-5.656854,-0.214869,1,0.000050
0.348800,1.000000,1.000000,0.500000,-5.476377,-5.476377,-0.207349,1,0.000050
0.348850,1.000000,1.000000,0.500000,-5.290495,-5.290495,-0.199604,1,0.000050
0.348900,1.000000,1.000000,0.500000,-5.099392,-5.099392,-0.191641,1,0.000050
0.348950,1.000000,1.000000,0.500000,-4.903256,-4.903256,-0.183469,1,0.000050
0.349000,1.000000,1.000000,0.500000,-4.702282,-4.702282,-0.175095,1,0.000050
0.349050,1.000000,1.000000,0.500000,-4.496667,-4.496667,-0.166528,1,0.000050
0.349100,1.000000,1.000000,0.500000,-4.286614,-4.286614,-0.157776,1,0.000050
0.349150,1.000000,1.000000,0.500000,-4.072331,-4.072331,-0.148847,1,0.000050
0.349200,1.000000,1.000000,0.500000,-3.854029,-3.854029,-0.139751,1,0.000050
0.349250,1.000000,1.000000,0.500000,-3.631924,-3.631924,-0.130497,1,0.000050
0.349300,1.000000,1.000000,0.500000,-3.406234,-3.406234,-0.121093,1,0.000050
0.349350,1.000000,1.000000,0.500000,-3.177183,-3.177183,-0.111549,1,0.000050
0.349400,1.000000,1.000000,0.500000,-2.944996,-2.944996,-0.101875,1,0.000050
0.349450,1.000000,1.000000,0.500000,-2.709903,-2.709903,-0.092079,1,0.000050
0.349500,1.000000,1.000000,0.500000,-2.472136,-2.472136,-0.082172,1,0.000050
0.349550,1.000000,1.000000,0.500000,-2.231929,-2.231929,-0.072164,1,0.000050
0.349600,1.000000,1.000000,0.500000,-1.989519,-1.989519,-0.062063,1,0.000050
0.349650,1.000000,1.000000,0.500000,-1.745146,-1.745146,-0.051881,1,0.000050
0.349700,1.000000,1.000000,0.500000,-1.499051,-1.499051,-0.041627,1,0.000050
0.349750,1.000000,1.000000,0.500000,-1.251476,-1.251476,-0.031311,1,0.000050
0.349800,1.000000,1.000000,0.500000,-1.002666,-1.002666,-0.020944,1,0.000050
0.349850,1.000000,1.000000,0.500000,-0.752867,-0.752867,-0.010536,1,0.000050
0.349900,1.000000,1.000000,0.500000,-0.502324,-0.502324,-0.000097,1,0.000050
0.349950,1.000000,1.000000,0.500000,-0.251286,-0.251286,0.010363,1,0.000050
0.350000,1.000000,1.000000,0.500000,0.000000,0.000000,0.020833,1,0.000050
0.350050,1.000000,1.000000,0.500000,0.251286,0.251286,0.031304,1,0.000050
0.350100,1.000000,1.000000,0.500000,0.502324,0.502324,0.041764,1,0.000050
0.350150,1.000000,1.000000,0.500000,0.752867,0.752867,0.052203,1,0.000050
0.350200,1.000000,1.000000,0.500000,1.002666,1.002666,0.062611,1,0.000050
0.350250,1.000000,1.000000,0.500000,1.251476,1.251476,0.072978,1,0.000050
0.350300,1.000000,1.000000,0.500000,1.499051,1.499051,0.083294,1,0.000050
0.350350,1.000000,1.000000,0.500000,1.745146,1.745146,0.093548,1,0.000050
0.350400,1.000000,1.000000,0.500000,1.989519,1.989519,0.103730,1,0.000050
0.350450,1.000000,1.000000,0.500000,2.231929,2.231929,0.113830,1,0.000050
0.350500,1.000000,1.000000,0.500000,2.472136,2.472136,0.123839,1,0.000050
0.350550,1.000000,1.000000,0.500000,2.709903,2.709903,0.133746,1,0.000050
0.350600,1.000000,1.000000,0.500000,2.944996,2.944996,0.143542,1,0.000050
0.350650,1.000000,1.000000,0.500000,3.177183,3.177183,0.153216,1,0.000050
0.350700,1.000000,1.000000,0.500000,3.406234,3.406234,0.162760,1,0.000050
0.350750,1.000000,1.000000,0.500000,3.631924,3.631924,0.172163,1,0.000050
0.350800,1.000000,1.000000,0.500000,3.854029,3.854029,0.181418,1,0.000050
0.350850,1.000000,1.000000,0.500000,4.072331,4.072331,0.190514,1,0.000050
0.350900,1.000000,1.000000,0.500000,4.286614,4.286614,0.199442,1,0.000050
0.350950,1.000000,1.000000,0.500000,4.496667,4.496667,0.208194,1,0.000050
0.351000,1.000000,1.000000,0.500000,4.702282,4.702282,0.216762,1,0.000050
0.351050,1.000000,1.000000,0.500000,4.903256,4.903256,0.225136,1,0.000050
0.351100,1.000000,1.000000,0.500000,5.099392,5.099392,0.233308,1,0.000050
0.351150,1.000000,1.000000,0.500000,5.290495,5.290495,0.241271,1,0.000050
0.351200,1.000000,1.000000,0.500000,5.476377,5.476377,0.249016,1,0.000050
0.351250,1.000000,1.000000,0.500000,5.656854,5.656854,0.256536,1,0.000050
0.351300,1.000000,1.000000,0.500000,5.831749,5.831749,0.263823,1,0.000050
0.351350,1.000000,1.000000,0.500000,6.000889,6.000889,0.270870,1,0.000050
0.351400,1.000000,1.000000,0.500000,6.164106,6.164106,0.277671,1,0.000050
0.351450,1.000000,1.000000,0.500000,6.321240,6.321240,0.284218,1,0.000050
0.351500,1.000000,1.000000,0.500000,6.472136,6.472136,0.290506,1,0.000050
0.351550,1.000000,1.000000,0.500000,6.616645,6.616645,0.296527,1,0.000050
0.351600,1.000000,1.000000,0.500000,6.754623,6.754623,0.302276,1,0.000050
0.351650,1.000000,1.000000,0.500000,6.885936,6.885936,0.307747,1,0.000050
0.351700,1.000000,1.000000,0.500000,7.010453,7.010453,0.312936,1,0.000050
0.351750,1.000000,1.000000,0.500000,7.128052,7.128052,0.317836,1,0.000050
0.351800,1.000000,1.000000,0.500000,7.238616,7.238616,0.322442,1,0.000050
0.351850,1.000000,1.000000,0.500000,7.342037,7.342037,0.326752,1,0.000050
0.351900,1.000000,1.000000,0.500000,7.438212,7.438212,0.330759,1,0.000050
0.351950,1.000000,1.000000,0.500000,7.527046,7.527046,0.334460,1,0.000050
0.352000,1.000000,1.000000,0.500000,7.608452,7.608452,0.337852,1,0.000050
0.352050,1.000000,1.000000,0.500000,7.682349,7.682349,0.340931,1,0.000050
0.352100,1.000000,1.000000,0.500000,7.748665,7.748665,0.343694,1,0.000050
0.352150,1.000000,1.000000,0.500000,7.807334,7.807334,0.346139,1,0.000050
0.352200,1.000000,1.000000,0.500000,7.858298,7.858298,0.348262,1,0.000050
0.352250,1.000000,1.000000,0.500000,7.901507,7.901507,0.350063,1,0.000050
0.352300,1.000000,1.000000,0.500000,7.936918,7.936918,0.351538,1,0.000050
0.352350,1.000000,1.000000,0.500000,7.964496,7.964496,0.352687,1,0.000050
0.352400,1.000000,1.000000,0.500000,7.984214,7.984214,0.353509,1,0.000050
0.352450,1.000000,1.000000,0.500000,7.996052,7.996052,0.354002,1,0.000050
0.352500,1.000000,1.000000,0.500000,8.000000,8.000000,0.354167,1,0.000050
0.352550,1.000000,1.000000,0.500000,7.996052,7.996052,0.354002,1,0.000050
0.352600,1.000000,1.000000,0.500000,7.984214,7.984214,0.353509,1,0.000050
0.352650,1.000000,1.000000,0.500000,7.964496,7.964496,0.352687,1,0.000050
0.352700,1.000000,1.000000,0.500000,7.936918,7.936918,0.351538,1,0.000050
0.352750,1.000000,1.000000,0.500000,7.901507,7.901507,0.350063,1,0.000050
0.352800,1.000000,1.000000,0.500000,7.858298,7.858298,0.348262,1,0.000050
0.352850,1.000000,1.000000,0.500000,7.807334,7.807334,0.346139,1,0.000050
0.352900,1.000000,1.000000,0.500000,7.748665,7.748665,0.343694,1,0.000050
0.352950,1.000000,1.000000,0.500000,7.682349,7.682349,0.340931,1,0.000050
0.353000,1.000000,1.000000,0.500000,7.608452,7.608452,0.337852,1,0.000050
0.353050,1.000000,1.000000,0.500000,7.527046,7.527046,0.334460,1,0.000050
0.353100,1.000000,1.000000,0.500000,7.438212,7.438212,0.330759,1,0.000050
0.353150,1.000000,1.000000,0.500000,7.342037,7.342037,0.326752,1,0.000050
0.353200,1.000000,1.000000,0.500000,7.238616,7.238616,0.322442,1,0.000050
0.353250,1.000000,1.000000,0.500000,7.128052,7.128052,0.317836,1,0.000050
0.353300,1.000000,1.000000,0.500000,7.010453,7.010453,0.312936,1,0.000050
0.353350,1.000000,1.000000,0.500000,6.885936,6.885936,0.307747,1,0.000050
0.353400,1.000000,1.000000,0.500000,6.754623,6.754623,0.302276,1,0.000050
0.353450,1.000000,1.000000,0.500000,6.616645,6.616645,0.296527,1,0.000050
0.353500,1.000000,1.000000,0.500000,6.472136,6.472136,0.290506,1,0.000050
0.353550,1.000000,1.000000,0.500000,6.321240,6.321240,0.284218,1,0.000050
0.353600,1.000000,1.000000,0.500000,6.164106,6.164106,0.277671,1,0.000050
0.353650,1.000000,1.000000,0.500000,6.000889,6.000889,0.270870,1,0.000050
0.353700,1.000000,1.000000,0.500000,5.831749,5.831749,0.263823,1,0.000050
0.353750,1.000000,1.000000,0.500000,5.656854,5.656854,0.256536,1,0.000050
0.353800,1.000000,1.000000,0.500000,5.476377,5.476377,0.249016,1,0.000050
0.353850,1.000000,1.000000,0.500000,5.290495,5.290495,0.241271,1,0.000050
0.353900,1.000000,1.000000,0.500000,5.099392,5.099392,0.233308,1,0.000050
0.353950,1.000000,1.000000,0.500000,4.903256,4.903256,0.225136,1,0.000050
0.354000,1.000000,1.000000,0.500000,4.702282,4.702282,0.216762,1,0.000050
0.354050,1.000000,1.000000,0.500000,4.496667,4.496667,0.208194,1,0.000050
0.354100,1.000000,1.000000,0.500000,4.286614,4.286614,0.199442,1,0.000050
0.354150,1.000000,1.000000,0.500000,4.072331,4.072331,0.190514,1,0.000050
0.354200,1.000000,1.000000,0.500000,3.854029,3.854029,0.181418,1,0.000050
0.354250,1.000000,1.000000,0.500000,3.631924,3.631924,0.172163,1,0.000050
0.354300,1.000000,1.000000,0.500000,3.406234,3.406234,0.162760,1,0.000050
0.354350,1.000000,1.000000,0.500000,3.177183,3.177183,0.153216,1,0.000050
0.354400,1.000000,1.000000,0.500000,2.944996,2.944996,0.143542,1,0.000050
0.354450,1.000000,1.000000,0.500000,2.709903,2.709903,0.133746,1,0.000050
0.354500,1.000000,1.000000,0.500000,2.472136,2.472136,0.123839,1,0.000050
0.354550,1.000000,1.000000,0.500000,2.231929,2.231929,0.113830,1,0.000050
0.354600,1.000000,1.000000,0.500000,1.989519,1.989519,0.103730,1,0.000050
0.354650,1.000000,1.000000,0.500000,1.745146,1.745146,0.093548,1,0.000050
0.354700,1.000000,1.000000,0.500000,1.499051,1.499051,0.083294,1,0.000050
0.354750,1.000000,1.000000,0.500000,1.251476,1.251476,0.072978,1,0.000050
0.354800,1.000000,1.000000,0.500000,1.002666,1.002666,0.062611,1,0.000050
0.354850,1.000000,1.000000,0.500000,0.752867,0.752867,0.052203,1,0.000050
0.354900,1.000000,1.000000,0.500000,0.502324,0.502324,0.041764,1,0.000050
0.354950,1.000000,1.000000,0.500000,0.251286,0.251286,0.031304,1,0.000050
0.355000,1.000000,1.000000,0.500000,-0.000000,-0.000000,0.020833,1,0.000050
0.355050,1.000000,1.000000,0.500000,-0.251286,-0.251286,0.010363,1,0.000050
0.355100,1.000000,1.000000,0.500000,-0.502324,-0.502324,-0.000097,1,0.000050
0.355150,1.000000,1.000000,0.500000,-0.752867,-0.752867,-0.010536,1,0.000050
0.355200,1.000000,1.000000,0.500000,-1.002666,-1.002666,-0.020944,1,0.000050
0.355250,1.000000,1.000000,0.500000,-1.251476,-1.251476,-0.031311,1,0.000050
0.355300,1.000000,1.000000,0.500000,-1.499051,-1.499051,-0.041627,1,0.000050
0.355350,1.000000,1.000000,0.500000,-1.745146,-1.745146,-0.051881,1,0.000050
0.355400,1.000000,1.000000,0.500000,-1.989519,-1.989519,-0.062063,1,0.000050
0.355450,1.000000,1.000000,0.500000,-2.231929,-2.231929,-0.072164,1,0.000050
0.355500,1.000000,1.000000,0.500000,-2.472136,-2.472136,-0.082172,1,0.000050
0.355550,1.000000,1.000000,0.500000,-2.709903,-2.709903,-0.092079,1,0.000050
0.355600,1.000000,1.000000,0.500000,-2.944996,-2.944996,-0.101875,1,0.000050
0.355650,1.000000,1.000000,0.500000,-3.177183,-3.177183,-0.111549,1,0.000050
0.355700,1.000000,1.000000,0.500000,-3.406234,-3.406234,-0.121093,1,0.000050
0.355750,1.000000,1.000000,0.500000,-3.631924,-3.631924,-0.130497,1,0.000050
0.355800,1.000000,1.000000,0.500000,-3.854029,-3.854029,-0.139751,1,0.000050
0.355850,1.000000,1.000000,0.500000,-4.072331,-4.072331,-0.148847,1,0.000050
0.355900,1.000000,1.000000,0.500000,-4.286614,-4.286614,-0.157776,1,0.000050
0.355950,1.000000,1.000000,0.500000,-4.496667,-4.496667,-0.166528,1,0.000050
0.356000,1.000000,1.000000,0.500000,-4.702282,-4.702282,-0.175095,1,0.000050
0.356050,1.000000,1.000000,0.500000,-4.903256,-4.903256,-0.183469,1,0.000050
0.356100,1.000000,1.000000,0.500000,-5.099392,-5.099392,-0.191641,1,0.000050
0.356150,1.000000,1.000000,0.500000,-5.290495,-5.290495,-0.199604,1,0.000050
0.356200,1.000000,1.000000,0.500000,-5.476377,-5.476377,-0.207349,1,0.000050
0.356250,1.000000,1.000000,0.500000,-5.656854,-5.656854,-0.214869,1,0.000050
0.356300,1.000000,1.000000,0.500000,-5.831749,-5.831749,-0.222156,1,0.000050
0.356350,1.000000,1.000000,0.500000,-6.000889,-6.000889,-0.229204,1,0.000050
0.356400,1.000000,1.000000,0.500000,-6.164106,-6.164106,-0.236004,1,0.000050
0.356450,1.000000,1.000000,0.500000,-6.321240,-6.321240,-0.242552,1,0.000050
0.356500,1.000000,1.000000,0.500000,-6.472136,-6.472136,-0.248839,1,0.000050
0.356550,1.000000,1.000000,0.500000,-6.616645,-6.616645,-0.254860,1,0.000050
0.356600,1.000000,1.000000,0.500000,-6.754623,-6.754623,-0.260609,1,0.000050
0.356650,1.000000,1.000000,0.500000,-6.885936,-6.885936,-0.266081,1,0.000050
0.356700,1.000000,1.000000,0.500000,-7.010453,-7.010453,-0.271269,1,0.000050
0.356750,1.000000,1.000000,0.500000,-7.128052,-7.128052,-0.276169,1,0.000050
0.356800,1.000000,1.000000,0.500000,-7.238616,-7.238616,-0.280776,1,0.000050
0.356850,1.000000,1.000000,0.500000,-7.342037,-7.342037,-0.285085,1,0.000050
0.356900,1.000000,1.000000,0.500000,-7.438212,-7.438212,-0.289092,1,0.000050
0.356950,1.000000,1.000000,0.500000,-7.527046,-7.527046,-0.292794,1,0.000050
0.357000,1.000000,1.000000,0.500000,-7.608452,-7.608452,-0.296186,1,0.000050
0.357050,1.000000,1.000000,0.500000,-7.682349,-7.682349,-0.299265,1,0.000050
0.357100,1.000000,1.000000,0.500000,-7.748665,-7.748665,-0.302028,1,0.000050
0.357150,1.000000,1.000000,0.500000,-7.807334,-7.807334,-0.304472,1,0.000050
0.357200,1.000000,1.000000,0.500000,-7.858298,-7.858298,-0.306596,1,0.000050
0.357250,1.000000,1.000000,0.500000,-7.901507,-7.901507,-0.308396,1,0.000050
0.357300,1.000000,1.000000,0.500000,-7.936918,-7.936918,-0.309872,1,0.000050
0.357350,1.000000,1.000000,0.500000,-7.964496,-7.964496,-0.311021,1,0.000050
0.357400,1.000000,1.000000,0.500000,-7.984214,-7.984214,-0.311842,1,0.000050
0.357450,1.000000,1.000000,0.500000,-7.996052,-7.996052,-0.312336,1,0.000050
0.357500,1.000000,1.000000,0.500000,-8.000000,-8.000000,-0.312500,1,0.000050
0.357550,1.000000,1.000000,0.500000,-7.996052,-7.996052,-0.312336,1,0.000050
0.357600,1.000000,1.000000,0.500000,-7.984214,-7.984214,-0.311842,1,0.000050
0.357650,1.000000,1.000000,0.500000,-7.964496,-7.964496,-0.311021,1,0.000050
0.357700,1.000000,1.000000,0.500000,-7.936918,-7.936918,-0.309872,1,0.000050
0.357750,1.000000,1.000000,0.500000,-7.901507,-7.901507,-0.308396,1,0.000050
0.357800,1.000000,1.000000,0.500000,-7.858298,-7.858298,-0.306596,1,0.000050
0.357850,1.000000,1.000000,0.500000,-7.807334,-7.807334,-0.304472,1,0.000050
0.357900,1.000000,1.000000,0.500000,-7.748665,-7.748665,-0.302028,1,0.000050
0.357950,1.000000,1.000000,0.500000,-7.682349,-7.682349,-0.299265,1,0.000050
0.358000,1.000000,1.000000,0.500000,-7.608452,-7.608452,-0.296186,1,0.000050
0.358050,1.000000,1.000000,0.500000,-7.527046,-7.527046,-0.292794,1,0.000050
0.358100,1.000000,1.000000,0.500000,-7.438212,-7.438212,-0.289092,1,0.000050
0.358150,1.000000,1.000000,0.500000,-7.342037,-7.342037,-0.285085,1,0.000050
0.358200,1.000000,1.000000,0.500000,-7.238616,-7.238616,-0.280776,1,0.000050
0.358250,1.000000,1.000000,0.500000,-7.128052,-7.128052,-0.276169,1,0.000050
0.358300,1.000000,1.000000,0.500000,-7.010453,-7.010453,-0.271269,1,0.000050
0.358350,1.000000,1.000000,0.500000,-6.885936,-6.885936,-0.266081,1,0.000050
0.358400,1.000000,1.000000,0.500000,-6.754623,-6.754623,-0.260609,1,0.000050
0.358450,1.000000,1.000000,0.500000,-6.616645,-6.616645,-0.254860,1,0.000050
0.358500,1.000000,1.000000,0.500000,-6.472136,-6.472136,-0.248839,1,0.000050
0.358550,1.000000,1.000000,0.500000,-6.321240,-6.321240,-0.242552,1,0.000050
0.358600,1.000000,1.000000,0.500000,-6.164106,-6.164106,-0.236004,1,0.000050
0.358650,1.000000,1.000000,0.500000,-6.000889,-6.000889,-0.229204,1,0.000050
0.358700,1.000000,1.000000,0.500000,-5.831749,-5.831749,-0.222156,1,0.000050
0.358750,1.000000,1.000000,0.500000,-5.656854,-5.656854,-0.214869,1,0.000050
0.358800,1.000000,1.000000,0.500000,-5.476377,-5.476377,-0.207349,1,0.000050
0.358850,1.000000,1.000000,0.500000,-5.290495,-5.290495,-0.199604,1,0.000050
0.358900,1.000000,1.000000,0.500000,-5.099392,-5.099392,-0.191641,1,0.000050
0.358950,1.000000,1.000000,0.500000,-4.903256,-4.903256,-0.183469,1,0.000050
0.359000,1.000000,1.000000,0.500000,-4.702282,-4.702282,-0.175095,1,0.000050
0.359050,1.000000,1.000000,0.500000,-4.496667,-4.496667,-0.166528,1,0.000050
0.359100,1.000000,1.000000,0.500000,-4.286614,-4.286614,-0.157776,1,0.000050
0.359150,1.000000,1.000000,0.500000,-4.072331,-4.072331,-0.148847,1,0.000050
0.359200,1.000000,1.000000,0.500000,-3.854029,-3.854029,-0.139751,1,0.000050
0.359250,1.000000,1.000000,0.500000,-3.631924,-3.631924,-0.130497,1,0.000050
0.359300,1.000000,1.000000,0.500000,-3.406234,-3.406234,-0.121093,1,0.000050
0.359350,1.000000,1.000000,0.500000,-3.177183,-3.177183,-0.111549,1,0.000050
0.359400,1.000000,1.000000,0.500000,-2.944996,-2.944996,-0.101875,1,0.000050
0.359450,1.000000,1.000000,0.500000,-2.709903,-2.709903,-0.092079,1,0.000050
0.359500,1.000000,1.000000,0.500000,-2.472136,-2.472136,-0.082172,1,0.000050
0.359550,1.000000,1.000000,0.500000,-2.231929,-2.231929,-0.072164,1,0.000050
0.359600,1.000000,1.000000,0.500000,-1.989519,-1.989519,-0.062063,1,0.000050
0.359650,1.000000,1.000000,0.500000,-1.745146,-1.745146,-0.051881,1,0.000050
0.359700,1.000000,1.000000,0.500000,-1.499051,-1.499051,-0.041627,1,0.000050
0.359750,1.000000,1.000000,0.500000,-1.251476,-1.251476,-0.031311,1,0.000050
0.359800,1.000000,1.000000,0.500000,-1.002666,-1.002666,-0.020944,1,0.000050
0.359850,1.000000,1.000000,0.500000,-0.752867,-0.752867,-0.010536,1,0.000050
0.359900,1.000000,1.000000,0.500000,-0.502324,-0.502324,-0.000097,1,0.000050
0.359950,1.000000,1.000000,0.500000,-0.251286,-0.251286,0.010363,1,0.000050
0.360000,1.000000,1.000000,0.500000,0.000000,0.000000,0.020833,1,0.000050
0.360050,1.000000,1.000000,0.500000,0.251286,0.251286,0.031304,1,0.000050
0.360100,1.000000,1.000000,0.500000,0.502324,0.502324,0.041764,1,0.000050
0.360150,1.000000,1.000000,0.500000,0.752867,0.752867,0.052203,1,0.000050
0.360200,1.000000,1.000000,0.500000,1.002666,1.002666,0.062611,1,0.000050
0.360250,1.000000,1.000000,0.500000,1.251476,1.251476,0.072978,1,0.000050
0.360300,1.000000,1.000000,0.500000,1.499051,1.499051,0.083294,1,0.000050
0.360350,1.000000,1.000000,0.500000,1.745146,1.745146,0.093548,1,0.000050
0.360400,1.000000,1.000000,0.500000,1.989519,1.989519,0.103730,1,0.000050
0.360450,1.000000,1.000000,0.500000,2.231929,2.231929,0.113830,1,0.000050
0.360500,1.000000,1.000000,0.500000,2.472136,2.472136,0.123839,1,0.000050
0.360550,1.000000,1.000000,0.500000,2.709903,2.709903,0.133746,1,0.000050
0.360600,1.000000,1.000000,0.500000,2.944996,2.944996,0.143542,1,0.000050
0.360650,1.000000,1.000000,0.500000,3.177183,3.177183,0.153216,1,0.000050
0.360700,1.000000,1.000000,0.500000,3.406234,3.406234,0.162760,1,0.000050
0.360750,1.000000,1.000000,0.500000,3.631924,3.631924,0.172163,1,0.000050
0.360800,1.000000,1.000000,0.500000,3.854029,3.854029,0.181418,1,0.000050
0.360850,1.000000,1.000000,0.500000,4.072331,4.072331,0.190514,1,0.000050
0.360900,1.000000,1.000000,0.500000,4.286614,4.286614,0.199442,1,0.000050
0.360950,1.000000,1.000000,0.500000,4.496667,4.496667,0.208194,1,0.000050
0.361000,1.000000,1.000000,0.500000,4.702282,4.702282,0.216762,1,0.000050
0.361050,1.000000,1.000000,0.500000,4.903256,4.903256,0.225136,1,0.000050
0.361100,1.000000,1.000000,0.500000,5.099392,5.099392,0.233308,1,0.000050
0.361150,1.000000,1.000000,0.500000,5.290495,5.290495,0.241271,1,0.000050
0.361200,1.000000,1.000000,0.500000,5.476377,5.476377,0.249016,1,0.000050
0.361250,1.000000,1.000000,0.500000,5.656854,5.656854,0.256536,1,0.000050
0.361300,1.000000,1.000000,0.500000,5.831749,5.831749,0.263823,1,0.000050
0.361350,1.000000,1.000000,0.500000,6.000889,6.000889,0.270870,1,0.000050
0.361400,1.000000,1.000000,0.500000,6.164106,6.164106,0.277671,1,0.000050
0.361450,1.000000,1.000000,0.500000,6.321240,6.321240,0.284218,1,0.000050
0.361500,1.000000,1.000000,0.500000,6.472136,6.472136,0.290506,1,0.000050
0.361550,1.000000,1.000000,0.500000,6.616645,6.616645,0.296527,1,0.000050
0.361600,1.000000,1.000000,0.500000,6.754623,6.754623,0.302276,1,0.000050
0.361650,1.000000,1.000000,0.500000,6.885936,6.885936,0.307747,1,0.000050
0.361700,1.000000,1.000000,0.500000,7.010453,7.010453,0.312936,1,0.000050
0.361750,1.000000,1.000000,0.500000,7.128052,7.128052,0.317836,1,0.000050
0.361800,1.000000,1.000000,0.500000,7.238616,7.238616,0.322442,1,0.000050
0.361850,1.000000,1.000000,0.500000,7.342037,7.342037,0.326752,1,0.000050
0.361900,1.000000,1.000000,0.500000,7.438212,7.438212,0.330759,1,0.000050
0.361950,1.000000,1.000000,0.500000,7.527046,7.527046,0.334460,1,0.000050
0.362000,1.000000,1.000000,0.500000,7.608452,7.608452,0.337852,1,0.000050
0.362050,1.000000,1.000000,0.500000,7.682349,7.682349,0.340931,1,0.000050
0.362100,1.000000,1.000000,0.500000,7.748665,7.748665,0.343694,1,0.000050
0.362150,1.000000,1.000000,0.500000,7.807334,7.807334,0.346139,1,0.000050
0.362200,1.000000,1.000000,0.500000,7.858298,7.858298,0.348262,1,0.000050
0.362250,1.000000,1.000000,0.500000,7.901507,7.901507,0.350063,1,0.000050
0.362300,1.000000,1.000000,0.500000,7.936918,7.936918,0.351538,1,0.000050
0.362350,1.000000,1.000000,0.500000,7.964496,7.964496,0.352687,1,0.000050
0.362400,1.000000,1.000000,0.500000,7.984214,7.984214,0.353509,1,0.000050
0.362450,1.000000,1.000000,0.500000,7.996052,7.996052,0.354002,1,0.000050
0.362500,1.000000,1.000000,0.500000,8.000000,8.000000,0.354167,1,0.000050
0.362550,1.000000,1.000000,0.500000,7.996052,7.996052,0.354002,1,0.000050
0.362600,1.000000,1.000000,0.500000,7.984214,7.984214,0.353509,1,0.000050
0.362650,1.000000,1.000000,0.500000,7.964496,7.964496,0.352687,1,0.000050
0.362700,1.000000,1.000000,0.500000,7.936918,7.936918,0.351538,1,0.000050
0.362750,1.000000,1.000000,0.500000,7.901507,7.901507,0.350063,1,0.000050
0.362800,1.000000,1.000000,0.500000,7.858298,7.858298,0.348262,1,0.000050
0.362850,1.000000,1.000000,0.500000,7.807334,7.807334,0.346139,1,0.000050
0.362900,1.000000,1.000000,0.500000,7.748665,7.748665,0.343694,1,0.000050
0.362950,1.000000,1.000000,0.500000,7.682349,7.682349,0.340931,1,0.000050
0.363000,1.000000,1.000000,0.500000,7.608452,7.608452,0.337852,1,0.000050
0.363050,1.000000,1.000000,0.500000,7.527046,7.527046,0.334460,1,0.000050
0.363100,1.000000,1.000000,0.500000,7.438212,7.438212,0.330759,1,0.000050
0.363150,1.000000,1.000000,0.500000,7.342037,7.342037,0.326752,1,0.000050
0.363200,1.000000,1.000000,0.500000,7.238616,7.238616,0.322442,1,0.000050
0.363250,1.000000,1.000000,0.500000,7.128052,7.128052,0.317836,1,0.000050
0.363300,1.000000,1.000000,0.500000,7.010453,7.010453,0.312936,1,0.000050
0.363350,1.000000,1.000000,0.500000,6.885936,6.885936,0.307747,1,0.000050
0.363400,1.000000,1.000000,0.500000,6.754623,6.754623,0.302276,1,0.000050
0.363450,1.000000,1.000000,0.500000,6.616645,6.616645,0.296527,1,0.000050
0.363500,1.000000,1.000000,0.500000,6.472136,6.472136,0.290506,1,0.000050
0.363550,1.000000,1.000000,0.500000,6.321240,6.321240,0.284218,1,0.000050
0.363600,1.000000,1.000000,0.500000,6.164106,6.164106,0.277671,1,0.000050
0.363650,1.000000,1.000000,0.500000,6.000889,6.000889,0.270870,1,0.000050
0.363700,1.000000,1.000000,0.500000,5.831749,5.831749,0.263823,1,0.000050
0.363750,1.000000,1.000000,0.500000,5.656854,5.656854,0.256536,1,0.000050
0.363800,1.000000,1.000000,0.500000,5.476377,5.476377,0.249016,1,0.000050
0.363850,1.000000,1.000000,0.500000,5.290495,5.290495,0.241271,1,0.000050
0.363900,1.000000,1.000000,0.500000,5.099392,5.099392,0.233308,1,0.000050
0.363950,1.000000,1.000000,0.500000,4.903256,4.903256,0.225136,1,0.000050
0.364000,1.000000,1.000000,0.500000,4.702282,4.702282,0.216762,1,0.000050
0.364050,1.000000,1.000000,0.500000,4.496667,4.496667,0.208194,1,0.000050
0.364100,1.000000,1.000000,0.500000,4.286614,4.286614,0.199442,1,0.000050
0.364150,1.000000,1.000000,0.500000,4.072331,4.072331,0.190514,1,0.000050
0.364200,1.000000,1.000000,0.500000,3.854029,3.854029,0.181418,1,0.000050
0.364250,1.000000,1.000000,0.500000,3.631924,3.631924,0.172163,1,0.000050
0.364300,1.000000,1.000000,0.500000,3.406234,3.406234,0.162760,1,0.000050
0.364350,1.000000,1.000000,0.500000,3.177183,3.177183,0.153216,1,0.000050
0.364400,1.000000,1.000000,0.500000,2.944996,2.944996,0.143542,1,0.000050
0.364450,1.000000,1.000000,0.500000,2.709903,2.709903,0.133746,1,0.000050
0.364500,1.000000,1.000000,0.500000,2.472136,2.472136,0.123839,1,0.000050
0.364550,1.000000,1.000000,0.500000,2.231929,2.231929,0.113830,1,0.000050
0.364600,1.000000,1.000000,0.500000,1.989519,1.989519,0.103730,1,0.000050
0.364650,1.000000,1.000000,0.500000,1.745146,1.745146,0.093548,1,0.000050
0.364700,1.000000,1.000000,0.500000,1.499051,1.499051,0.083294,1,0.000050
0.364750,1.000000,1.000000,0.500000,1.251476,1.251476,0.072978,1,0.000050
0.364800,1.000000,1.000000,0.500000,1.002666,1.002666,0.062611,1,0.000050
0.364850,1.000000,1.000000,0.500000,0.752867,0.752867,0.052203,1,0.000050
0.364900,1.000000,1.000000,0.500000,0.502324,0.502324,0.041764,1,0.000050
0.364950,1.000000,1.000000,0.500000,0.251286,0.251286,0.031304,1,0.000050
0.365000,1.000000,1.000000,0.500000,-0.000000,-0.000000,0.020833,1,0.000050
0.365050,1.000000,1.000000,0.500000,-0.251286,-0.251286,0.010363,1,0.000050
0.365100,1.000000,1.000000,0.500000,-0.502324,-0.502324,-0.000097,1,0.000050
0.365150,1.000000,1.000000,0.500000,-0.752867,-0.752867,-0.010536,1,0.000050
0.365200,1.000000,1.000000,0.500000,-1.002666,-1.002666,-0.020944,1,0.000050
0.365250,1.000000,1.000000,0.500000,-1.251476,-1.251476,-0.031311,1,0.000050
0.365300,1.000000,1.000000,0.500000,-1.499051,-1.499051,-0.041627,1,0.000050
0.365350,1.000000,1.000000,0.500000,-1.745146,-1.745146,-0.051881,1,0.000050
0.365400,1.000000,1.000000,0.500000,-1.989519,-1.989519,-0.062063,1,0.000050
0.365450,1.000000,1.000000,0.500000,-2.231929,-2.231929,-0.072164,1,0.000050
0.365500,1.000000,1.000000,0.500000,-2.472136,-2.472136,-0.082172,1,0.000050
0.365550,1.000000,1.000000,0.500000,-2.709903,-2.709903,-0.092079,1,0.000050
0.365600,1.000000,1.000000,0.500000,-2.944996,-2.944996,-0.101875,1,0.000050
0.365650,1.000000,1.000000,0.500000,-3.177183,-3.177183,-0.111549,1,0.000050
0.365700,1.000000,1.000000,0.500000,-3.406234,-3.406234,-0.121093,1,0.000050
0.365750,1.000000,1.000000,0.500000,-3.631924,-3.631924,-0.130497,1,0.000050
0.365800,1.000000,1.000000,0.500000,-3.854029,-3.854029,-0.139751,1,0.000050
0.365850,1.000000,1.000000,0.500000,-4.072331,-4.072331,-0.148847,1,0.000050
0.365900,1.000000,1.000000,0.500000,-4.286614,-4.286614,-0.157776,1,0.000050
0.365950,1.000000,1.000000,0.500000,-4.496667,-4.496667,-0.166528,1,0.000050
0.366000,1.000000,1.000000,0.500000,-4.702282,-4.702282,-0.175095,1,0.000050
0.366050,1.000000,1.000000,0.500000,-4.903256,-4.903256,-0.183469,1,0.000050
0.366100,1.000000,1.000000,0.500000,-5.099392,-5.099392,-0.191641,1,0.000050
0.366150,1.000000,1.000000,0.500000,-5.290495,-5.290495,-0.199604,1,0.000050
0.366200,1.000000,1.000000,0.500000,-5.476377,-5.476377,-0.207349,1,0.000050
0.366250,1.000000,1.000000,0.500000,-5.656854,-5.656854,-0.214869,1,0.000050
0.366300,1.000000,1.000000,0.500000,-5.831749,-5.831749,-0.222156,1,0.000050
0.366350,1.000000,1.000000,0.500000,-6.000889,-6.000889,-0.229204,1,0.000050
0.366400,1.000000,1.000000,0.500000,-6.164106,-6.164106,-0.236004,1,0.000050
0.366450,1.000000,1.000000,0.500000,-6.321240,-6.321240,-0.242552,1,0.000050
0.366500,1.000000,1.000000,0.500000,-6.472136,-6.472136,-0.248839,1,0.000050
0.366550,1.000000,1.000000,0.500000,-6.616645,-6.616645,-0.254860,1,0.000050
0.366600,1.000000,1.000000,0.500000,-6.754623,-6.754623,-0.260609,1,0.000050
0.366650,1.000000,1.000000,0.500000,-6.885936,-6.885936,-0.266081,1,0.000050
0.366700,1.000000,1.000000,0.500000,-7.010453,-7.010453,-0.271269,1,0.000050
0.366750,1.000000,1.000000,0.500000,-7.128052,-7.128052,-0.276169,1,0.000050
0.366800,1.000000,1.000000,0.500000,-7.238616,-7.238616,-0.280776,1,0.000050
0.366850,1.000000,1.000000,0.500000,-7.342037,-7.342037,-0.285085,1,0.000050
0.366900,1.000000,1.000000,0.500000,-7.438212,-7.438212,-0.289092,1,0.000050
0.366950,1.000000,1.000000,0.500000,-7.527046,-7.527046,-0.292794,1,0.000050
0.367000,1.000000,1.000000,0.500000,-7.608452,-7.608452,-0.296186,1,0.000050
0.367050,1.000000,1.000000,0.500000,-7.682349,-7.682349,-0.299265,1,0.000050
0.367100,1.000000,1.000000,0.500000,-7.748665,-7.748665,-0.302028,1,0.000050
0.367150,1.000000,1.000000,0.500000,-7.807334,-7.807334,-0.304472,1,0.000050
0.367200,1.000000,1.000000,0.500000,-7.858298,-7.858298,-0.306596,1,0.000050
0.367250,1.000000,1.000000,0.500000,-7.901507,-7.901507,-0.308396,1,0.000050
0.367300,1.000000,1.000000,0.500000,-7.936918,-7.936918,-0.309872,1,0.000050
0.367350,1.000000,1.000000,0.500000,-7.964496,-7.964496,-0.311021,1,0.000050
0.367400,1.000000,1.000000,0.500000,-7.984214,-7.984214,-0.311842,1,0.000050
0.367450,1.000000,1.000000,0.500000,-7.996052,-7.996052,-0.312336,1,0.000050
0.367500,1.000000,1.000000,0.500000,-8.000000,-8.000000,-0.312500,1,0.000050
0.367550,1.000000,1.000000,0.500000,-7.996052,-7.996052,-0.312336,1,0.000050
0.367600,1.000000,1.000000,0.500000,-7.984214,-7.984214,-0.311842,1,0.000050
0.367650,1.000000,1.000000,0.500000,-7.964496,-7.964496,-0.311021,1,0.000050
0.367700,1.000000,1.000000,0.500000,-7.936918,-7.936918,-0.309872,1,0.000050
0.367750,1.000000,1.000000,0.500000,-7.901507,-7.901507,-0.308396,1,0.000050
0.367800,1.000000,1.000000,0.500000,-7.858298,-7.858298,-0.306596,1,0.000050
0.367850,1.000000,1.000000,0.500000,-7.807334,-7.807334,-0.304472,1,0.000050
0.367900,1.000000,1.000000,0.500000,-7.748665,-7.748665,-0.302028,1,0.000050
0.367950,1.000000,1.000000,0.500000,-7.682349,-7.682349,-0.299265,1,0.000050
0.368000,1.000000,1.000000,0.500000,-7.608452,-7.608452,-0.296186,1,0.000050
0.368050,1.000000,1.000000,0.500000,-7.527046,-7.527046,-0.292794,1,0.000050
0.368100,1.000000,1.000000,0.500000,-7.438212,-7.438212,-0.289092,1,0.000050
0.368150,1.000000,1.000000,0.500000,-7.342037,-7.342037,-0.285085,1,0.000050
0.368200,1.000000,1.000000,0.500000,-7.238616,-7.238616,-0.280776,1,0.000050
0.368250,1.000000,1.000000,0.500000,-7.128052,-7.128052,-0.276169,1,0.000050
0.368300,1.000000,1.000000,0.500000,-7.010453,-7.010453,-0.271269,1,0.000050
0.368350,1.000000,1.000000,0.500000,-6.885936,-6.885936,-0.266081,1,0.000050
0.368400,1.000000,1.000000,0.500000,-6.754623,-6.754623,-0.260609,1,0.000050
0.368450,1.000000,1.000000,0.500000,-6.616645,-6.616645,-0.254860,1,0.000050
0.368500,1.000000,1.000000,0.500000,-6.472136,-6.472136,-0.248839,1,0.000050
0.368550,1.000000,1.000000,0.500000,-6.321240,-6.321240,-0.242552,1,0.000050
0.368600,1.000000,1.000000,0.500000,-6.164106,-6.164106,-0.236004,1,0.000050
0.368650,1.000000,1.000000,0.500000,-6.000889,-6.000889,-0.229204,1,0.000050
0.368700,1.000000,1.000000,0.500000,-5.831749,-5.831749,-0.222156,1,0.000050
0.368750,1.000000,1.000000,0.500000,-5.656854,-5.656854,-0.214869,1,0.000050
0.368800,1.000000,1.000000,0.500000,-5.476377,-5.476377,-0.207349,1,0.000050
0.368850,1.000000,1.000000,0.500000,-5.290495,-5.290495,-0.199604,1,0.000050
0.368900,1.000000,1.000000,0.500000,-5.099392,-5.099392,-0.191641,1,0.000050
0.368950,1.000000,1.000000,0.500000,-4.903256,-4.903256,-0.183469,1,0.000050
0.369000,1.000000,1.000000,0.500000,-4.702282,-4.702282,-0.175095,1,0.000050
0.369050,1.000000,1.000000,0.500000,-4.496667,-4.496667,-0.166528,1,0.000050
0.369100,1.000000,1.000000,0.500000,-4.286614,-4.286614,-0.157776,1,0.000050
0.369150,1.000000,1.000000,0.500000,-4.072331,-4.072331,-0.148847,1,0.000050
0.369200,1.000000,1.000000,0.500000,-3.854029,-3.854029,-0.139751,1,0.000050
0.369250,1.000000,1.000000,0.500000,-3.631924,-3.631924,-0.130497,1,0.000050
0.369300,1.000000,1.000000,0.500000,-3.406234,-3.406234,-0.121093,1,0.000050
0.369350,1.000000,1.000000,0.500000,-3.177183,-3.177183,-0.111549,1,0.000050
0.369400,1.000000,1.000000,0.500000,-2.944996,-2.944996,-0.101875,1,0.000050
0.369450,1.000000,1.000000,0.500000,-2.709903,-2.709903,-0.092079,1,0.000050
0.369500,1.000000,1.000000,0.500000,-2.472136,-2.472136,-0.082172,1,0.000050
0.369550,1.000000,1.000000,0.500000,-2.231929,-2.231929,-0.072164,1,0.000050
0.369600,1.000000,1.000000,0.500000,-1.989519,-1.989519,-0.062063,1,0.000050
0.369650,1.000000,1.000000,0.500000,-1.745146,-1.745146,-0.051881,1,0.000050
0.369700,1.000000,1.000000,0.500000,-1.499051,-1.499051,-0.041627,1,0.000050
0.369750,1.000000,1.000000,0.500000,-1.251476,-1.251476,-0.031311,1,0.000050
0.369800,1.000000,1.000000,0.500000,-1.002666,-1.002666,-0.020944,1,0.000050
0.369850,1.000000,1.000000,0.500000,-0.752867,-0.752867,-0.010536,1,0.000050
0.369900,1.000000,1.000000,0.500000,-0.502324,-0.502324,-0.000097,1,0.000050
0.369950,1.000000,1.000000,0.500000,-0.251286,-0.251286,0.010363,1,0.000050
0.370000,1.000000,1.000000,0.500000,-0.000000,-0.000000,0.020833,1,0.000050
0.370050,1.000000,1.000000,0.500000,0.251286,0.251286,0.031304,1,0.000050
0.370100,1.000000,1.000000,0.500000,0.502324,0.502324,0.041764,1,0.000050
0.370150,1.000000,1.000000,0.500000,0.752867,0.752867,0.052203,1,0.000050
0.370200,1.000000,1.000000,0.500000,1.002666,1.002666,0.062611,1,0.000050
0.370250,1.000000,1.000000,0.500000,1.251476,1.251476,0.072978,1,0.000050
0.370300,1.000000,1.000000,0.500000,1.499051,1.499051,0.083294,1,0.000050
0.370350,1.000000,1.000000,0.500000,1.745146,1.745146,0.093548,1,0.000050
0.370400,1.000000,1.000000,0.500000,1.989519,1.989519,0.103730,1,0.000050
0.370450,1.000000,1.000000,0.500000,2.231929,2.231929,0.113830,1,0.000050
0.370500,1.000000,1.000000,0.500000,2.472136,2.472136,0.123839,1,0.000050
0.370550,1.000000,1.000000,0.500000,2.709903,2.709903,0.133746,1,0.000050
0.370600,1.000000,1.000000,0.500000,2.944996,2.944996,0.143542,1,0.000050
0.370650,1.000000,1.000000,0.500000,3.177183,3.177183,0.153216,1,0.000050
0.370700,1.000000,1.000000,0.500000,3.406234,3.406234,0.162760,1,0.000050
0.370750,1.000000,1.000000,0.500000,3.631924,3.631924,0.172163,1,0.000050
0.370800,1.000000,1.000000,0.500000,3.854029,3.854029,0.181418,1,0.000050
0.370850,1.000000,1.000000,0.500000,4.072331,4.072331,0.190514,1,0.000050
0.370900,1.000000,1.000000,0.500000,4.286614,4.286614,0.199442,1,0.000050
0.370950,1.000000,1.000000,0.500000,4.496667,4.496667,0.208194,1,0.000050
0.371000,1.000000,1.000000,0.500000,4.702282,4.702282,0.216762,1,0.000050
0.371050,1.000000,1.000000,0.500000,4.903256,4.903256,0.225136,1,0.000050
0.371100,1.000000,1.000000,0.500000,5.099392,5.099392,0.233308,1,0.000050
0.371150,1.000000,1.000000,0.500000,5.290495,5.290495,0.241271,1,0.000050
0.371200,1.000000,1.000000,0.500000,5.476377,5.476377,0.249016,1,0.000050
0.371250,1.000000,1.000000,0.500000,5.656854,5.656854,0.256536,1,0.000050
0.371300,1.000000,1.000000,0.500000,5.831749,5.831749,0.263823,1,0.000050
0.371350,1.000000,1.000000,0.500000,6.000889,6.000889,0.270870,1,0.000050
0.371400,1.000000,1.000000,0.500000,6.164106,6.164106,0.277671,1,0.000050
0.371450,1.000000,1.000000,0.500000,6.321240,6.321240,0.284218,1,0.000050
0.371500,1.000000,1.000000,0.500000,6.472136,6.472136,0.290506,1,0.000050
0.371550,1.000000,1.000000,0.500000,6.616645,6.616645,0.296527,1,0.000050
0.371600,1.000000,1.000000,0.500000,6.754623,6.754623,0.302276,1,0.000050
0.371650,1.000000,1.000000,0.500000,6.885936,6.885936,0.307747,1,0.000050
0.371700,1.000000,1.000000,0.500000,7.010453,7.010453,0.312936,1,0.000050
0.371750,1.000000,1.000000,0.500000,7.128052,7.128052,0.317836,1,0.000050
0.371800,1.000000,1.000000,0.500000,7.238616,7.238616,0.322442,1,0.000050
0.371850,1.000000,1.000000,0.500000,7.342037,7.342037,0.326752,1,0.000050
0.371900,1.000000,1.000000,0.500000,7.438212,7.438212,0.330759,1,0.000050
0.371950,1.000000,1.000000,0.500000,7.527046,7.527046,0.334460,1,0.000050
0.372000,1.000000,1.000000,0.500000,7.608452,7.608452,0.337852,1,0.000050
0.372050,1.000000,1.000000,0.500000,7.682349,7.682349,0.340931,1,0.000050
0.372100,1.000000,1.000000,0.500000,7.748665,7.748665,0.343694,1,0.000050
0.372150,1.000000,1.000000,0.500000,7.807334,7.807334,0.346139,1,0.000050
0.372200,1.000000,1.000000,0.500000,7.858298,7.858298,0.348262,1,0.000050
0.372250,1.000000,1.000000,0.500000,7.901507,7.901507,0.350063,1,0.000050
0.372300,1.000000,1.000000,0.500000,7.936918,7.936918,0.351538,1,0.000050
0.372350,1.000000,1.000000,0.500000,7.964496,7.964496,0.352687,1,0.000050
0.372400,1.000000,1.000000,0.500000,7.984214,7.984214,0.353509,1,0.000050
0.372450,1.000000,1.000000,0.500000,7.996052,7.996052,0.354002,1,0.000050
0.372500,1.000000,1.000000,0.500000,8.000000,8.000000,0.354167,1,0.000050
0.372550,1.000000,1.000000,0.500000,7.996052,7.996052,0.354002,1,0.000050
0.372600,1.000000,1.000000,0.500000,7.984214,7.984214,0.353509,1,0.000050
0.372650,1.000000,1.000000,0.500000,7.964496,7.964496,0.352687,1,0.000050
0.372700,1.000000,1.000000,0.500000,7.936918,7.936918,0.351538,1,0.000050
0.372750,1.000000,1.000000,0.500000,7.901507,7.901507,0.350063,1,0.000050
0.372800,1.000000,1.000000,0.500000,7.858298,7.858298,0.348262,1,0.000050
0.372850,1.000000,1.000000,0.500000,7.807334,7.807334,0.346139,1,0.000050
0.372900,1.000000,1.000000,0.500000,7.748665,7.748665,0.343694,1,0.000050
0.372950,1.000000,1.000000,0.500000,7.682349,7.682349,0.340931,1,0.000050
0.373000,1.000000,1.000000,0.500000,7.608452,7.608452,0.337852,1,0.000050
0.373050,1.000000,1.000000,0.500000,7.527046,7.527046,0.334460,1,0.000050
0.373100,1.000000,1.000000,0.500000,7.438212,7.438212,0.330759,1,0.000050
0.373150,1.000000,1.000000,0.500000,7.342037,7.342037,0.326752,1,0.000050
0.373200,1.000000,1.000000,0.500000,7.238616,7.238616,0.322442,1,0.000050
0.373250,1.000000,1.000000,0.500000,7.128052,7.128052,0.317836,1,0.000050
0.373300,1.000000,1.000000,0.500000,7.010453,7.010453,0.312936,1,0.000050
0.373350,1.000000,1.000000,0.500000,6.885936,6.885936,0.307747,1,0.000050
0.373400,1.000000,1.000000,0.500000,6.754623,6.754623,0.302276,1,0.000050
0.373450,1.000000,1.000000,0.500000,6.616645,6.616645,0.296527,1,0.000050
0.373500,1.000000,1.000000,0.500000,6.472136,6.472136,0.290506,1,0.000050
0.373550,1.000000,1.000000,0.500000,6.321240,6.321240,0.284218,1,0.000050
0.373600,1.000000,1.000000,0.500000,6.164106,6.164106,0.277671,1,0.000050
0.373650,1.000000,1.000000,0.500000,6.000889,6.000889,0.270870,1,0.000050
0.373700,1.000000,1.000000,0.500000,5.831749,5.831749,0.263823,1,0.000050
0.373750,1.000000,1.000000,0.500000,5.656854,5.656854,0.256536,1,0.000050
0.373800,1.000000,1.000000,0.500000,5.476377,5.476377,0.249016,1,0.000050
0.373850,1.000000,1.000000,0.500000,5.290495,5.290495,0.241271,1,0.000050
0.373900,1.000000,1.000000,0.500000,5.099392,5.099392,0.233308,1,0.000050
0.373950,1.000000,1.000000,0.500000,4.903256,4.903256,0.225136,1,0.000050
0.374000,1.000000,1.000000,0.500000,4.702282,4.702282,0.216762,1,0.000050
0.374050,1.000000,1.000000,0.500000,4.496667,4.496667,0.208194,1,0.000050
0.374100,1.000000,1.000000,0.500000,4.286614,4.286614,0.199442,1,0.000050
0.374150,1.000000,1.000000,0.500000,4.072331,4.072331,0.190514,1,0.000050
0.374200,1.000000,1.000000,0.500000,3.854029,3.854029,0.181418,1,0.000050
0.374250,1.000000,1.000000,0.500000,3.631924,3.631924,0.172163,1,0.000050
0.374300,1.000000,1.000000,0.500000,3.406234,3.406234,0.162760,1,0.000050
0.374350,1.000000,1.000000,0.500000,3.177183,3.177183,0.153216,1,0.000050
0.374400,1.000000,1.000000,0.500000,2.944996,2.944996,0.143542,1,0.000050
0.374450,1.000000,1.000000,0.500000,2.709903,2.709903,0.133746,1,0.000050
0.374500,1.000000,1.000000,0.500000,2.472136,2.472136,0.123839,1,0.000050
0.374550,1.000000,1.000000,0.500000,2.231929,2.231929,0.113830,1,0.000050
0.374600,1.000000,1.000000,0.500000,1.989519,1.989519,0.103730,1,0.000050
0.374650,1.000000,1.000000,0.500000,1.745146,1.745146,0.093548,1,0.000050
0.374700,1.000000,1.000000,0.500000,1.499051,1.499051,0.083294,1,0.000050
0.374750,1.000000,1.000000,0.500000,1.251476,1.251476,0.072978,1,0.000050
0.374800,1.000000,1.000000,0.500000,1.002666,1.002666,0.062611,1,0.000050
0.374850,1.000000,1.000000,0.500000,0.752867,0.752867,0.052203,1,0.000050
0.374900,1.000000,1.000000,0.500000,0.502324,0.502324,0.041764,1,0.000050
0.374950,1.000000,1.000000,0.500000,0.251286,0.251286,0.031304,1,0.000050
0.375000,1.000000,1.000000,0.500000,0.000000,0.000000,0.020833,1,0.000050
0.375050,1.000000,1.000000,0.500000,-0.251286,-0.251286,0.010363,1,0.000050
0.375100,1.000000,1.000000,0.500000,-0.502324,-0.502324,-0.000097,1,0.000050
0.375150,1.000000,1.000000,0.500000,-0.752867,-0.752867,-0.010536,1,0.000050
0.375200,1.000000,1.000000,0.500000,-1.002666,-1.002666,-0.020944,1,0.000050
0.375250,1.000000,1.000000,0.500000,-1.251476,-1.251476,-0.031311,1,0.000050
0.375300,1.000000,1.000000,0.500000,-1.499051,-1.499051,-0.041627,1,0.000050
0.375350,1.000000,1.000000,0.500000,-1.745146,-1.745146,-0.051881,1,0.000050
0.375400,1.000000,1.000000,0.500000,-1.989519,-1.989519,-0.062063,1,0.000050
0.375450,1.000000,1.000000,0.500000,-2.231929,-2.231929,-0.072164,1,0.000050
0.375500,1.000000,1.000000,0.500000,-2.472136,-2.472136,-0.082172,1,0.000050
0.375550,1.000000,1.000000,0.500000,-2.709903,-2.709903,-0.092079,1,0.000050
0.375600,1.000000,1.000000,0.500000,-2.944996,-2.944996,-0.101875,1,0.000050
0.375650,1.000000,1.000000,0.500000,-3.177183,-3.177183,-0.111549,1,0.000050
0.375700,1.000000,1.000000,0.500000,-3.406234,-3.406234,-0.121093,1,0.000050
0.375750,1.000000,1.000000,0.500000,-3.631924,-3.631924,-0.130497,1,0.000050
0.375800,1.000000,1.000000,0.500000,-3.854029,-3.854029,-0.139751,1,0.000050
0.375850,1.000000,1.000000,0.500000,-4.072331,-4.072331,-0.148847,1,0.000050
0.375900,1.000000,1.000000,0.500000,-4.286614,-4.286614,-0.157776,1,0.000050
0.375950,1.000000,1.000000,0.500000,-4.496667,-4.496667,-0.166528,1,0.000050
0.376000,1.000000,1.000000,0.500000,-4.702282,-4.702282,-0.175095,1,0.000050
0.376050,1.000000,1.000000,0.500000,-4.903256,-4.903256,-0.183469,1,0.000050
0.376100,1.000000,1.000000,0.500000,-5.099392,-5.099392,-0.191641,1,0.000050
0.376150,1.000000,1.000000,0.500000,-5.290495,-5.290495,-0.199604,1,0.000050
0.376200,1.000000,1.000000,0.500000,-5.476377,-5.476377,-0.207349,1,0.000050
0.376250,1.000000,1.000000,0.500000,-5.656854,-5.656854,-0.214869,1,0.000050
0.376300,1.000000,1.000000,0.500000,-5.831749,-5.831749,-0.222156,1,0.000050
0.376350,1.000000,1.000000,0.500000,-6.000889,-6.000889,-0.229204,1,0.000050
0.376400,1.000000,1.000000,0.500000,-6.164106,-6.164106,-0.236004,1,0.000050
0.376450,1.000000,1.000000,0.500000,-6.321240,-6.321240,-0.242552,1,0.000050
0.376500,1.000000,1.000000,0.500000,-6.472136,-6.472136,-0.248839,1,0.000050
0.376550,1.000000,1.000000,0.500000,-6.616645,-6.616645,-0.254860,1,0.000050
0.376600,1.000000,1.000000,0.500000,-6.754623,-6.754623,-0.260609,1,0.000050
0.376650,1.000000,1.000000,0.500000,-6.885936,-6.885936,-0.266081,1,0.000050
0.376700,1.000000,1.000000,0.500000,-7.010453,-7.010453,-0.271269,1,0.000050
0.376750,1.000000,1.000000,0.500000,-7.128052,-7.128052,-0.276169,1,0.000050
0.376800,1.000000,1.000000,0.500000,-7.238616,-7.238616,-0.280776,1,0.000050
0.376850,1.000000,1.000000,0.500000,-7.342037,-7.342037,-0.285085,1,0.000050
0.376900,1.000000,1.000000,0.500000,-7.438212,-7.438212,-0.289092,1,0.000050
0.376950,1.000000,1.000000,0.500000,-7.527046,-7.527046,-0.292794,1,0.000050
0.377000,1.000000,1.000000,0.500000,-7.608452,-7.608452,-0.296186,1,0.000050
0.377050,1.000000,1.000000,0.500000,-7.682349,-7.682349,-0.299265,1,0.000050
0.377100,1.000000,1.000000,0.500000,-7.748665,-7.748665,-0.302028,1,0.000050
0.377150,1.000000,1.000000,0.500000,-7.807334,-7.807334,-0.304472,1,0.000050
0.377200,1.000000,1.000000,0.500000,-7.858298,-7.858298,-0.306596,1,0.000050
0.377250,1.000000,1.000000,0.500000,-7.901507,-7.901507,-0.308396,1,0.000050
0.377300,1.000000,1.000000,0.500000,-7.936918,-7.936918,-0.309872,1,0.000050
0.377350,1.000000,1.000000,0.500000,-7.964496,-7.964496,-0.311021,1,0.000050
0.377400,1.000000,1.000000,0.500000,-7.984214,-7.984214,-0.311842,1,0.000050
0.377450,1.000000,1.000000,0.500000,-7.996052,-7.996052,-0.312336,1,0.000050
0.377500,1.000000,1.000000,0.500000,-8.000000,-8.000000,-0.312500,1,0.000050
0.377550,1.000000,1.000000,0.500000,-7.996052,-7.996052,-0.312336,1,0.000050
0.377600,1.000000,1.000000,0.500000,-7.984214,-7.984214,-0.311842,1,0.000050
0.377650,1.000000,1.000000,0.500000,-7.964496,-7.964496,-0.311021,1,0.000050
0.377700,1.000000,1.000000,0.500000,-7.936918,-7.936918,-0.309872,1,0.000050
0.377750,1.000000,1.000000,0.500000,-7.901507,-7.901507,-0.308396,1,0.000050
0.377800,1.000000,1.000000,0.500000,-7.858298,-7.858298,-0.306596,1,0.000050
0.377850,1.000000,1.000000,0.500000,-7.807334,-7.807334,-0.304472,1,0.000050
0.377900,1.000000,1.000000,0.500000,-7.748665,-7.748665,-0.302028,1,0.000050
0.377950,1.000000,1.000000,0.500000,-7.682349,-7.682349,-0.299265,1,0.000050
0.378000,1.000000,1.000000,0.500000,-7.608452,-7.608452,-0.296186,1,0.000050
0.378050,1.000000,1.000000,0.500000,-7.527046,-7.527046,-0.292794,1,0.000050
0.378100,1.000000,1.000000,0.500000,-7.438212,-7.438212,-0.289092,1,0.000050
0.378150,1.000000,1.000000,0.500000,-7.342037,-7.342037,-0.285085,1,0.000050
0.378200,1.000000,1.000000,0.500000,-7.238616,-7.238616,-0.280776,1,0.000050
0.378250,1.000000,1.000000,0.500000,-7.128052,-7.128052,-0.276169,1,0.000050
0.378300,1.000000,1.000000,0.500000,-7.010453,-7.010453,-0.271269,1,0.000050
0.378350,1.000000,1.000000,0.500000,-6.885936,-6.885936,-0.266081,1,0.000050
0.378400,1.000000,1.000000,0.500000,-6.754623,-6.754623,-0.260609,1,0.000050
0.378450,1.000000,1.000000,0.500000,-6.616645,-6.616645,-0.254860,1,0.000050
0.378500,1.000000,1.000000,0.500000,-6.472136,-6.472136,-0.248839,1,0.000050
0.378550,1.000000,1.000000,0.500000,-6.321240,-6.321240,-0.242552,1,0.000050
0.378600,1.000000,1.000000,0.500000,-6.164106,-6.164106,-0.236004,1,0.000050
0.378650,1.000000,1.000000,0.500000,-6.000889,-6.000889,-0.229204,1,0.000050
0.378700,1.000000,1.000000,0.500000,-5.831749,-5.831749,-0.222156,1,0.000050
0.378750,1.000000,1.000000,0.500000,-5.656854,-5.656854,-0.214869,1,0.000050
0.378800,1.000000,1.000000,0.500000,-5.476377,-5.476377,-0.207349,1,0.000050
0.378850,1.000000,1.000000,0.500000,-5.290495,-5.290495,-0.199604,1,0.000050
0.378900,1.000000,1.000000,0.500000,-5.099392,-5.099392,-0.191641,1,0.000050
0.378950,1.000000,1.000000,0.500000,-4.903256,-4.903256,-0.183469,1,0.000050
0.379000,1.000000,1.000000,0.500000,-4.702282,-4.702282,-0.175095,1,0.000050
0.379050,1.000000,1.000000,0.500000,-4.496667,-4.496667,-0.166528,1,0.000050
0.379100,1.000000,1.000000,0.500000,-4.286614,-4.286614,-0.157776,1,0.000050
0.379150,1.000000,1.000000,0.500000,-4.072331,-4.072331,-0.148847,1,0.000050
0.379200,1.000000,1.000000,0.500000,-3.854029,-3.854029,-0.139751,1,0.000050
0.379250,1.000000,1.000000,0.500000,-3.631924,-3.631924,-0.130497,1,0.000050
0.379300,1.000000,1.000000,0.500000,-3.406234,-3.406234,-0.121093,1,0.000050
0.379350,1.000000,1.000000,0.500000,-3.177183,-3.177183,-0.111549,1,0.000050
0.379400,1.000000,1.000000,0.500000,-2.944996,-2.944996,-0.101875,1,0.000050
0.379450,1.000000,1.000000,0.500000,-2.709903,-2.709903,-0.092079,1,0.000050
0.379500,1.000000,1.000000,0.500000,-2.472136,-2.472136,-0.082172,1,0.000050
0.379550,1.000000,1.000000,0.500000,-2.231929,-2.231929,-0.072164,1,0.000050
0.379600,1.000000,1.000000,0.500000,-1.989519,-1.989519,-0.062063,1,0.000050
0.379650,1.000000,1.000000,0.500000,-1.745146,-1.745146,-0.051881,1,0.000050
0.379700,1.000000,1.000000,0.500000,-1.499051,-1.499051,-0.041627,1,0.000050
0.379750,1.000000,1.000000,0.500000,-1.251476,-1.251476,-0.031311,1,0.000050
0.379800,1.000000,1.000000,0.500000,-1.002666,-1.002666,-0.020944,1,0.000050
0.379850,1.000000,1.000000,0.500000,-0.752867,-0.752867,-0.010536,1,0.000050
0.379900,1.000000,1.000000,0.500000,-0.502324,-0.502324,-0.000097,1,0.000050
0.379950,1.000000,1.000000,0.500000,-0.251286,-0.251286,0.010363,1,0.000050
0.380000,1.000000,1.000000,0.500000,0.000000,0.000000,0.020833,1,0.000050
0.380050,1.000000,1.000000,0.500000,0.251286,0.251286,0.031304,1,0.000050
0.380100,1.000000,1.000000,0.500000,0.502324,0.502324,0.041764,1,0.000050
0.380150,1.000000,1.000000,0.500000,0.752867,0.752867,0.052203,1,0.000050
0.380200,1.000000,1.000000,0.500000,1.002666,1.002666,0.062611,1,0.000050
0.380250,1.000000,1.000000,0.500000,1.251476,1.251476,0.072978,1,0.000050
0.380300,1.000000,1.000000,0.500000,1.499051,1.499051,0.083294,1,0.000050
0.380350,1.000000,1.000000,0.500000,1.745146,1.745146,0.093548,1,0.000050
0.380400,1.000000,1.000000,0.500000,1.989519,1.989519,0.103730,1,0.000050
0.380450,1.000000,1.000000,0.500000,2.231929,2.231929,0.113830,1,0.000050
0.380500,1.000000,1.000000,0.500000,2.472136,2.472136,0.123839,1,0.000050
0.380550,1.000000,1.000000,0.500000,2.709903,2.709903,0.133746,1,0.000050
0.380600,1.000000,1.000000,0.500000,2.944996,2.944996,0.143542,1,0.000050
0.380650,1.000000,1.000000,0.500000,3.177183,3.177183,0.153216,1,0.000050
0.380700,1.000000,1.000000,0.500000,3.406234,3.406234,0.162760,1,0.000050
0.380750,1.000000,1.000000,0.500000,3.631924,3.631924,0.172163,1,0.000050
0.380800,1.000000,1.000000,0.500000,3.854029,3.854029,0.181418,1,0.000050
0.380850,1.000000,1.000000,0.500000,4.072331,4.072331,0.190514,1,0.000050
0.380900,1.000000,1.000000,0.500000,4.286614,4.286614,0.199442,1,0.000050
0.380950,1.000000,1.000000,0.500000,4.496667,4.496667,0.208194,1,0.000050
0.381000,1.000000,1.000000,0.500000,4.702282,4.702282,0.216762,1,0.000050
0.381050,1.000000,1.000000,0.500000,4.903256,4.903256,0.225136,1,0.000050
0.381100,1.000000,1.000000,0.500000,5.099392,5.099392,0.233308,1,0.000050
0.381150,1.000000,1.000000,0.500000,5.290495,5.290495,0.241271,1,0.000050
0.381200,1.000000,1.000000,0.500000,5.476377,5.476377,0.249016,1,0.000050
0.381250,1.000000,1.000000,0.500000,5.656854,5.656854,0.256536,1,0.000050
0.381300,1.000000,1.000000,0.500000,5.831749,5.831749,0.263823,1,0.000050
0.381350,1.000000,1.000000,0.500000,6.000889,6.000889,0.270870,1,0.000050
0.381400,1.000000,1.000000,0.500000,6.164106,6.164106,0.277671,1,0.000050
0.381450,1.000000,1.000000,0.500000,6.321240,6.321240,0.284218,1,0.000050
0.381500,1.000000,1.000000,0.500000,6.472136,6.472136,0.290506,1,0.000050
0.381550,1.000000,1.000000,0.500000,6.616645,6.616645,0.296527,1,0.000050
0.381600,1.000000,1.000000,0.500000,6.754623,6.754623,0.302276,1,0.000050
0.381650,1.000000,1.000000,0.500000,6.885936,6.885936,0.307747,1,0.000050
0.381700,1.000000,1.000000,0.500000,7.010453,7.010453,0.312936,1,0.000050
0.381750,1.000000,1.000000,0.500000,7.128052,7.128052,0.317836,1,0.000050
0.381800,1.000000,1.000000,0.500000,7.238616,7.238616,0.322442,1,0.000050
0.381850,1.000000,1.000000,0.500000,7.342037,7.342037,0.326752,1,0.000050
0.381900,1.000000,1.000000,0.500000,7.438212,7.438212,0.330759,1,0.000050
0.381950,1.000000,1.000000,0.500000,7.527046,7.527046,0.334460,1,0.000050
0.382000,1.000000,1.000000,0.500000,7.608452,7.608452,0.337852,1,0.000050
0.382050,1.000000,1.000000,0.500000,7.682349,7.682349,0.340931,1,0.000050
0.382100,1.000000,1.000000,0.500000,7.748665,7.748665,0.343694,1,0.000050
0.382150,1.000000,1.000000,0.500000,7.807334,7.807334,0.346139,1,0.000050
0.382200,1.000000,1.000000,0.500000,7.858298,7.858298,0.348262,1,0.000050
0.382250,1.000000,1.000000,0.500000,7.901507,7.901507,0.350063,1,0.000050
0.382300,1.000000,1.000000,0.500000,7.936918,7.936918,0.351538,1,0.000050
0.382350,1.000000,1.000000,0.500000,7.964496,7.964496,0.352687,1,0.000050
0.382400,1.000000,1.000000,0.500000,7.984214,7.984214,0.353509,1,0.000050
0.382450,1.000000,1.000000,0.500000,7.996052,7.996052,0.354002,1,0.000050
0.382500,1.000000,1.000000,0.500000,8.000000,8.000000,0.354167,1,0.000050
0.382550,1.000000,1.000000,0.500000,7.996052,7.996052,0.354002,1,0.000050
0.382600,1.000000,1.000000,0.500000,7.984214,7.984214,0.353509,1,0.000050
0.382650,1.000000,1.000000,0.500000,7.964496,7.964496,0.352687,1,0.000050
0.382700,1.000000,1.000000,0.500000,7.936918,7.936918,0.351538,1,0.000050
0.382750,1.000000,1.000000,0.500000,7.901507,7.901507,0.350063,1,0.000050
0.382800,1.000000,1.000000,0.500000,7.858298,7.858298,0.348262,1,0.000050
0.382850,1.000000,1.000000,0.500000,7.807334,7.807334,0.346139,1,0.000050
0.382900,1.000000,1.000000,0.500000,7.748665,7.748665,0.343694,1,0.000050
0.382950,1.000000,1.000000,0.500000,7.682349,7.682349,0.340931,1,0.000050
0.383000,1.000000,1.000000,0.500000,7.608452,7.608452,0.337852,1,0.000050
0.383050,1.000000,1.000000,0.500000,7.527046,7.527046,0.334460,1,0.000050
0.383100,1.000000,1.000000,0.500000,7.438212,7.438212,0.330759,1,0.000050
0.383150,1.000000,1.000000,0.500000,7.342037,7.342037,0.326752,1,0.000050
0.383200,1.000000,1.000000,0.500000,7.238616,7.238616,0.322442,1,0.000050
0.383250,1.000000,1.000000,0.500000,7.128052,7.128052,0.317836,1,0.000050
0.383300,1.000000,1.000000,0.500000,7.010453,7.010453,0.312936,1,0.000050
0.383350,1.000000,1.000000,0.500000,6.885936,6.885936,0.307747,1,0.000050
0.383400,1.000000,1.000000,0.500000,6.754623,6.754623,0.302276,1,0.000050
0.383450,1.000000,1.000000,0.500000,6.616645,6.616645,0.296527,1,0.000050
0.383500,1.000000,1.000000,0.500000,6.472136,6.472136,0.290506,1,0.000050
0.383550,1.000000,1.000000,0.500000,6.321240,6.321240,0.284218,1,0.000050
0.383600,1.000000,1.000000,0.500000,6.164106,6.164106,0.277671,1,0.000050
0.383650,1.000000,1.000000,0.500000,6.000889,6.000889,0.270870,1,0.000050
0.383700,1.000000,1.000000,0.500000,5.831749,5.831749,0.263823,1,0.000050
0.383750,1.000000,1.000000,0.500000,5.656854,5.656854,0.256536,1,0.000050
0.383800,1.000000,1.000000,0.500000,5.476377,5.476377,0.249016,1,0.000050
0.383850,1.000000,1.000000,0.500000,5.290495,5.290495,0.241271,1,0.000050
0.383900,1.000000,1.000000,0.500000,5.099392,5.099392,0.233308,1,0.000050
0.383950,1.000000,1.000000,0.500000,4.903256,4.903256,0.225136,1,0.000050
0.384000,1.000000,1.000000,0.500000,4.702282,4.702282,0.216762,1,0.000050
0.384050,1.000000,1.000000,0.500000,4.496667,4.496667,0.208194,1,0.000050
0.384100,1.000000,1.000000,0.500000,4.286614,4.286614,0.199442,1,0.000050
0.384150,1.000000,1.000000,0.500000,4.072331,4.072331,0.190514,1,0.000050
0.384200,1.000000,1.000000,0.500000,3.854029,3.854029,0.181418,1,0.000050
0.384250,1.000000,1.000000,0.500000,3.631924,3.631924,0.172163,1,0.000050
0.384300,1.000000,1.000000,0.500000,3.406234,3.406234,0.162760,1,0.000050
0.384350,1.000000,1.000000,0.500000,3.177183,3.177183,0.153216,1,0.000050
0.384400,1.000000,1.000000,0.500000,2.944996,2.944996,0.143542,1,0.000050
0.384450,1.000000,1.000000,0.500000,2.709903,2.709903,0.133746,1,0.000050
0.384500,1.000000,1.000000,0.500000,2.472136,2.472136,0.123839,1,0.000050
0.384550,1.000000,1.000000,0.500000,2.231929,2.231929,0.113830,1,0.000050
0.384600,1.000000,1.000000,0.500000,1.989519,1.989519,0.103730,1,0.000050
0.384650,1.000000,1.000000,0.500000,1.745146,1.745146,0.093548,1,0.000050
0.384700,1.000000,1.000000,0.500000,1.499051,1.499051,0.083294,1,0.000050
0.384750,1.000000,1.000000,0.500000,1.251476,1.251476,0.072978,1,0.000050
0.384800,1.000000,1.000000,0.500000,1.002666,1.002666,0.062611,1,0.000050
0.384850,1.000000,1.000000,0.500000,0.752867,0.752867,0.052203,1,0.000050
0.384900,1.000000,1.000000,0.500000,0.502324,0.502324,0.041764,1,0.000050
0.384950,1.000000,1.000000,0.500000,0.251286,0.251286,0.031304,1,0.000050
0.385000,1.000000,1.000000,0.500000,0.000000,0.000000,0.020833,1,0.000050
0.385050,1.000000,1.000000,0.500000,-0.251286,-0.251286,0.010363,1,0.000050
0.385100,1.000000,1.000000,0.500000,-0.502324,-0.502324,-0.000097,1,0.000050
0.385150,1.000000,1.000000,0.500000,-0.752867,-0.752867,-0.010536,1,0.000050
0.385200,1.000000,1.000000,0.500000,-1.002666,-1.002666,-0.020944,1,0.000050
0.385250,1.000000,1.000000,0.500000,-1.251476,-1.251476,-0.031311,1,0.000050
0.385300,1.000000,1.000000,0.500000,-1.499051,-1.499051,-0.041627,1,0.000050
0.385350,1.000000,1.000000,0.500000,-1.745146,-1.745146,-0.051881,1,0.000050
0.385400,1.000000,1.000000,0.500000,-1.989519,-1.989519,-0.062063,1,0.000050
0.385450,1.000000,1.000000,0.500000,-2.231929,-2.231929,-0.072164,1,0.000050
0.385500,1.000000,1.000000,0.500000,-2.472136,-2.472136,-0.082172,1,0.000050
0.385550,1.000000,1.000000,0.500000,-2.709903,-2.709903,-0.092079,1,0.000050
0.385600,1.000000,1.000000,0.500000,-2.944996,-2.944996,-0.101875,1,0.000050
0.385650,1.000000,1.000000,0.500000,-3.177183,-3.177183,-0.111549,1,0.000050
0.385700,1.000000,1.000000,0.500000,-3.406234,-3.406234,-0.121093,1,0.000050
0.385750,1.000000,1.000000,0.500000,-3.631924,-3.631924,-0.130497,1,0.000050
0.385800,1.000000,1.000000,0.500000,-3.854029,-3.854029,-0.139751,1,0.000050
0.385850,1.000000,1.000000,0.500000,-4.072331,-4.072331,-0.148847,1,0.000050
0.385900,1.000000,1.000000,0.500000,-4.286614,-4.286614,-0.157776,1,0.000050
0.385950,1.000000,1.000000,0.500000,-4.496667,-4.496667,-0.166528,1,0.000050
0.386000,1.000000,1.000000,0.500000,-4.702282,-4.702282,-0.175095,1,0.000050
0.386050,1.000000,1.000000,0.500000,-4.903256,-4.903256,-0.183469,1,0.000050
0.386100,1.000000,1.000000,0.500000,-5.099392,-5.099392,-0.191641,1,0.000050
0.386150,1.000000,1.000000,0.500000,-5.290495,-5.290495,-0.199604,1,0.000050
0.386200,1.000000,1.000000,0.500000,-5.476377,-5.476377,-0.207349,1,0.000050
0.386250,1.000000,1.000000,0.500000,-5.656854,-5.656854,-0.214869,1,0.000050
0.386300,1.000000,1.000000,0.500000,-5.831749,-5.831749,-0.222156,1,0.000050
0.386350,1.000000,1.000000,0.500000,-6.000889,-6.000889,-0.229204,1,0.000050
0.386400,1.000000,1.000000,0.500000,-6.164106,-6.164106,-0.236004,1,0.000050
0.386450,1.000000,1.000000,0.500000,-6.321240,-6.321240,-0.242552,1,0.000050
0.386500,1.000000,1.000000,0.500000,-6.472136,-6.472136,-0.248839,1,0.000050
0.386550,1.000000,1.000000,0.500000,-6.616645,-6.616645,-0.254860,1,0.000050
0.386600,1.000000,1.000000,0.500000,-6.754623,-6.754623,-0.260609,1,0.000050
0.386650,1.000000,1.000000,0.500000,-6.885936,-6.885936,-0.266081,1,0.000050
0.386700,1.000000,1.000000,0.500000,-7.010453,-7.010453,-0.271269,1,0.000050
0.386750,1.000000,1.000000,0.500000,-7.128052,-7.128052,-0.276169,1,0.000050
0.386800,1.000000,1.000000,0.500000,-7.238616,-7.238616,-0.280776,1,0.000050
0.386850,1.000000,1.000000,0.500000,-7.342037,-7.342037,-0.285085,1,0.000050
0.386900,1.000000,1.000000,0.500000,-7.438212,-7.438212,-0.289092,1,0.000050
0.386950,1.000000,1.000000,0.500000,-7.527046,-7.527046,-0.292794,1,0.000050
0.387000,1.000000,1.000000,0.500000,-7.608452,-7.608452,-0.296186,1,0.000050
0.387050,1.000000,1.000000,0.500000,-7.682349,-7.682349,-0.299265,1,0.000050
0.387100,1.000000,1.000000,0.500000,-7.748665,-7.748665,-0.302028,1,0.000050
0.387150,1.000000,1.000000,0.500000,-7.807334,-7.807334,-0.304472,1,0.000050
0.387200,1.000000,1.000000,0.500000,-7.858298,-7.858298,-0.306596,1,0.000050
0.387250,1.000000,1.000000,0.500000,-7.901507,-7.901507,-0.308396,1,0.000050
0.387300,1.000000,1.000000,0.500000,-7.936918,-7.936918,-0.309872,1,0.000050
0.387350,1.000000,1.000000,0.500000,-7.964496,-7.964496,-0.311021,1,0.000050
0.387400,1.000000,1.000000,0.500000,-7.984214,-7.984214,-0.311842,1,0.000050
0.387450,1.000000,1.000000,0.500000,-7.996052,-7.996052,-0.312336,1,0.000050
0.387500,1.000000,1.000000,0.500000,-8.000000,-8.000000,-0.312500,1,0.000050
0.387550,1.000000,1.000000,0.500000,-7.996052,-7.996052,-0.312336,1,0.000050
0.387600,1.000000,1.000000,0.500000,-7.984214,-7.984214,-0.311842,1,0.000050
0.387650,1.000000,1.000000,0.500000,-7.964496,-7.964496,-0.311021,1,0.000050
0.387700,1.000000,1.000000,0.500000,-7.936918,-7.936918,-0.309872,1,0.000050
0.387750,1.000000,1.000000,0.500000,-7.901507,-7.901507,-0.308396,1,0.000050
0.387800,1.000000,1.000000,0.500000,-7.858298,-7.858298,-0.306596,1,0.000050
0.387850,1.000000,1.000000,0.500000,-7.807334,-7.807334,-0.304472,1,0.000050
0.387900,1.000000,1.000000,0.500000,-7.748665,-7.748665,-0.302028,1,0.000050
0.387950,1.000000,1.000000,0.500000,-7.682349,-7.682349,-0.299265,1,0.000050
0.388000,1.000000,1.000000,0.500000,-7.608452,-7.608452,-0.296186,1,0.000050
0.388050,1.000000,1.000000,0.500000,-7.527046,-7.527046,-0.292794,1,0.000050
0.388100,1.000000,1.000000,0.500000,-7.438212,-7.438212,-0.289092,1,0.000050
0.388150,1.000000,1.000000,0.500000,-7.342037,-7.342037,-0.285085,1,0.000050
0.388200,1.000000,1.000000,0.500000,-7.238616,-7.238616,-0.280776,1,0.000050
0.388250,1.000000,1.000000,0.500000,-7.128052,-7.128052,-0.276169,1,0.000050
0.388300,1.000000,1.000000,0.500000,-7.010453,-7.010453,-0.271269,1,0.000050
0.388350,1.000000,1.000000,0.500000,-6.885936,-6.885936,-0.266081,1,0.000050
0.388400,1.000000,1.000000,0.500000,-6.754623,-6.754623,-0.260609,1,0.000050
0.388450,1.000000,1.000000,0.500000,-6.616645,-6.616645,-0.254860,1,0.000050
0.388500,1.000000,1.000000,0.500000,-6.472136,-6.472136,-0.248839,1,0.000050
0.388550,1.000000,1.000000,0.500000,-6.321240,-6.321240,-0.242552,1,0.000050
0.388600,1.000000,1.000000,0.500000,-6.164106,-6.164106,-0.236004,1,0.000050
0.388650,1.000000,1.000000,0.500000,-6.000889,-6.000889,-0.229204,1,0.000050
0.388700,1.000000,1.000000,0.500000,-5.831749,-5.831749,-0.222156,1,0.000050
0.388750,1.000000,1.000000,0.500000,-5.656854,-5.656854,-0.214869,1,0.000050
0.388800,1.000000,1.000000,0.500000,-5.476377,-5.476377,-0.207349,1,0.000050
0.388850,1.000000,1.000000,0.500000,-5.290495,-5.290495,-0.199604,1,0.000050
0.388900,1.000000,1.000000,0.500000,-5.099392,-5.099392,-0.191641,1,0.000050
0.388950,1.000000,1.000000,0.500000,-4.903256,-4.903256,-0.183469,1,0.000050
0.389000,1.000000,1.000000,0.500000,-4.702282,-4.702282,-0.175095,1,0.000050
0.389050,1.000000,1.000000,0.500000,-4.496667,-4.496667,-0.166528,1,0.000050
0.389100,1.000000,1.000000,0.500000,-4.286614,-4.286614,-0.157776,1,0.000050
0.389150,1.000000,1.000000,0.500000,-4.072331,-4.072331,-0.148847,1,0.000050
0.389200,1.000000,1.000000,0.500000,-3.854029,-3.854029,-0.139751,1,0.000050
0.389250,1.000000,1.000000,0.500000,-3.631924,-3.631924,-0.130497,1,0.000050
0.389300,1.000000,1.000000,0.500000,-3.406234,-3.406234,-0.121093,1,0.000050
0.389350,1.000000,1.000000,0.500000,-3.177183,-3.177183,-0.111549,1,0.000050
0.389400,1.000000,1.000000,0.500000,-2.944996,-2.944996,-0.101875,1,0.000050
0.389450,1.000000,1.000000,0.500000,-2.709903,-2.709903,-0.092079,1,0.000050
0.389500,1.000000,1.000000,0.500000,-2.472136,-2.472136,-0.082172,1,0.000050
0.389550,1.000000,1.000000,0.500000,-2.231929,-2.231929,-0.072164,1,0.000050
0.389600,1.000000,1.000000,0.500000,-1.989519,-1.989519,-0.062063,1,0.000050
0.389650,1.000000,1.000000,0.500000,-1.745146,-1.745146,-0.051881,1,0.000050
0.389700,1.000000,1.000000,0.500000,-1.499051,-1.499051,-0.041627,1,0.000050
0.389750,1.000000,1.000000,0.500000,-1.251476,-1.251476,-0.031311,1,0.000050
0.389800,1.000000,1.000000,0.500000,-1.002666,-1.002666,-0.020944,1,0.000050
0.389850,1.000000,1.000000,0.500000,-0.752867,-0.752867,-0.010536,1,0.000050
0.389900,1.000000,1.000000,0.500000,-0.502324,-0.502324,-0.000097,1,0.000050
0.389950,1.000000,1.000000,0.500000,-0.251286,-0.251286,0.010363,1,0.000050
0.390000,1.000000,1.000000,0.500000,0.000000,0.000000,0.020833,1,0.000050
0.390050,1.000000,1.000000,0.500000,0.251286,0.251286,0.031304,1,0.000050
0.390100,1.000000,1.000000,0.500000,0.502324,0.502324,0.041764,1,0.000050
0.390150,1.000000,1.000000,0.500000,0.752867,0.752867,0.052203,1,0.000050
0.390200,1.000000,1.000000,0.500000,1.002666,1.002666,0.062611,1,0.000050
0.390250,1.000000,1.000000,0.500000,1.251476,1.251476,0.072978,1,0.000050
0.390300,1.000000,1.000000,0.500000,1.499051,1.499051,0.083294,1,0.000050
0.390350,1.000000,1.000000,0.500000,1.745146,1.745146,0.093548,1,0.000050
0.390400,1.000000,1.000000,0.500000,1.989519,1.989519,0.103730,1,0.000050
0.390450,1.000000,1.000000,0.500000,2.231929,2.231929,0.113830,1,0.000050
0.390500,1.000000,1.000000,0.500000,2.472136,2.472136,0.123839,1,0.000050
0.390550,1.000000,1.000000,0.500000,2.709903,2.709903,0.133746,1,0.000050
0.390600,1.000000,1.000000,0.500000,2.944996,2.944996,0.143542,1,0.000050
0.390650,1.000000,1.000000,0.500000,3.177183,3.177183,0.153216,1,0.000050
0.390700,1.000000,1.000000,0.500000,3.406234,3.406234,0.162760,1,0.000050
0.390750,1.000000,1.000000,0.500000,3.631924,3.631924,0.172163,1,0.000050
0.390800,1.000000,1.000000,0.500000,3.854029,3.854029,0.181418,1,0.000050
0.390850,1.000000,1.000000,0.500000,4.072331,4.072331,0.190514,1,0.000050
0.390900,1.000000,1.000000,0.500000,4.286614,4.286614,0.199442,1,0.000050
0.390950,1.000000,1.000000,0.500000,4.496667,4.496667,0.208194,1,0.000050
0.391000,1.000000,1.000000,0.500000,4.702282,4.702282,0.216762,1,0.000050
0.391050,1.000000,1.000000,0.500000,4.903256,4.903256,0.225136,1,0.000050
0.391100,1.000000,1.000000,0.500000,5.099392,5.099392,0.233308,1,0.000050
0.391150,1.000000,1.000000,0.500000,5.290495,5.290495,0.241271,1,0.000050
0.391200,1.000000,1.000000,0.500000,5.476377,5.476377,0.249016,1,0.000050
0.391250,1.000000,1.000000,0.500000,5.656854,5.656854,0.256536,1,0.000050
0.391300,1.000000,1.000000,0.500000,5.831749,5.831749,0.263823,1,0.000050
0.391350,1.000000,1.000000,0.500000,6.000889,6.000889,0.270870,1,0.000050
0.391400,1.000000,1.000000,0.500000,6.164106,6.164106,0.277671,1,0.000050
0.391450,1.000000,1.000000,0.500000,6.321240,6.321240,0.284218,1,0.000050
0.391500,1.000000,1.000000,0.500000,6.472136,6.472136,0.290506,1,0.000050
0.391550,1.000000,1.000000,0.500000,6.616645,6.616645,0.296527,1,0.000050
0.391600,1.000000,1.000000,0.500000,6.754623,6.754623,0.302276,1,0.000050
0.391650,1.000000,1.000000,0.500000,6.885936,6.885936,0.307747,1,0.000050
0.391700,1.000000,1.000000,0.500000,7.010453,7.010453,0.312936,1,0.000050
0.391750,1.000000,1.000000,0.500000,7.128052,7.128052,0.317836,1,0.000050
0.391800,1.000000,1.000000,0.500000,7.238616,7.238616,0.322442,1,0.000050
0.391850,1.000000,1.000000,0.500000,7.342037,7.342037,0.326752,1,0.000050
0.391900,1.000000,1.000000,0.500000,7.438212,7.438212,0.330759,1,0.000050
0.391950,1.000000,1.000000,0.500000,7.527046,7.527046,0.334460,1,0.000050
0.392000,1.000000,1.000000,0.500000,7.608452,7.608452,0.337852,1,0.000050
0.392050,1.000000,1.000000,0.500000,7.682349,7.682349,0.340931,1,0.000050
0.392100,1.000000,1.000000,0.500000,7.748665,7.748665,0.343694,1,0.000050
0.392150,1.000000,1.000000,0.500000,7.807334,7.807334,0.346139,1,0.000050
0.392200,1.000000,1.000000,0.500000,7.858298,7.858298,0.348262,1,0.000050
0.392250,1.000000,1.000000,0.500000,7.901507,7.901507,0.350063,1,0.000050
0.392300,1.000000,1.000000,0.500000,7.936918,7.936918,0.351538,1,0.000050
0.392350,1.000000,1.000000,0.500000,7.964496,7.964496,0.352687,1,0.000050
0.392400,1.000000,1.000000,0.500000,7.984214,7.984214,0.353509,1,0.000050
0.392450,1.000000,1.000000,0.500000,7.996052,7.996052,0.354002,1,0.000050
0.392500,1.000000,1.000000,0.500000,8.000000,8.000000,0.354167,1,0.000050
0.392550,1.000000,1.000000,0.500000,7.996052,7.996052,0.354002,1,0.000050
0.392600,1.000000,1.000000,0.500000,7.984214,7.984214,0.353509,1,0.000050
0.392650,1.000000,1.000000,0.500000,7.964496,7.964496,0.352687,1,0.000050
0.392700,1.000000,1.000000,0.500000,7.936918,7.936918,0.351538,1,0.000050
0.392750,1.000000,1.000000,0.500000,7.901507,7.901507,0.350063,1,0.000050
0.392800,1.000000,1.000000,0.500000,7.858298,7.858298,0.348262,1,0.000050
0.392850,1.000000,1.000000,0.500000,7.807334,7.807334,0.346139,1,0.000050
0.392900,1.000000,1.000000,0.500000,7.748665,7.748665,0.343694,1,0.000050
0.392950,1.000000,1.000000,0.500000,7.682349,7.682349,0.340931,1,0.000050
0.393000,1.000000,1.000000,0.500000,7.608452,7.608452,0.337852,1,0.000050
0.393050,1.000000,1.000000,0.500000,7.527046,7.527046,0.334460,1,0.000050
0.393100,1.000000,1.000000,0.500000,7.438212,7.438212,0.330759,1,0.000050
0.393150,1.000000,1.000000,0.500000,7.342037,7.342037,0.326752,1,0.000050
0.393200,1.000000,1.000000,0.500000,7.238616,7.238616,0.322442,1,0.000050
0.393250,1.000000,1.000000,0.500000,7.128052,7.128052,0.317836,1,0.000050
0.393300,1.000000,1.000000,0.500000,7.010453,7.010453,0.312936,1,0.000050
0.393350,1.000000,1.000000,0.500000,6.885936,6.885936,0.307747,1,0.000050
0.393400,1.000000,1.000000,0.500000,6.754623,6.754623,0.302276,1,0.000050
0.393450,1.000000,1.000000,0.500000,6.616645,6.616645,0.296527,1,0.000050
0.393500,1.000000,1.000000,0.500000,6.472136,6.472136,0.290506,1,0.000050
0.393550,1.000000,1.000000,0.500000,6.321240,6.321240,0.284218,1,0.000050
0.393600,1.000000,1.000000,0.500000,6.164106,6.164106,0.277671,1,0.000050
0.393650,1.000000,1.000000,0.500000,6.000889,6.000889,0.270870,1,0.000050
0.393700,1.000000,1.000000,0.500000,5.831749,5.831749,0.263823,1,0.000050
0.393750,1.000000,1.000000,0.500000,5.656854,5.656854,0.256536,1,0.000050
0.393800,1.000000,1.000000,0.500000,5.476377,5.476377,0.249016,1,0.000050
0.393850,1.000000,1.000000,0.500000,5.290495,5.290495,0.241271,1,0.000050
0.393900,1.000000,1.000000,0.500000,5.099392,5.099392,0.233308,1,0.000050
0.393950,1.000000,1.000000,0.500000,4.903256,4.903256,0.225136,1,0.000050
0.394000,1.000000,1.000000,0.500000,4.702282,4.702282,0.216762,1,0.000050
0.394050,1.000000,1.000000,0.500000,4.496667,4.496667,0.208194,1,0.000050
0.394100,1.000000,1.000000,0.500000,4.286614,4.286614,0.199442,1,0.000050
0.394150,1.000000,1.000000,0.500000,4.072331,4.072331,0.190514,1,0.000050
0.394200,1.000000,1.000000,0.500000,3.854029,3.854029,0.181418,1,0.000050
0.394250,1.000000,1.000000,0.500000,3.631924,3.631924,0.172163,1,0.000050
0.394300,1.000000,1.000000,0.500000,3.406234,3.406234,0.162760,1,0.000050
0.394350,1.000000,1.000000,0.500000,3.177183,3.177183,0.153216,1,0.000050
0.394400,1.000000,1.000000,0.500000,2.944996,2.944996,0.143542,1,0.000050
0.394450,1.000000,1.000000,0.500000,2.709903,2.709903,0.133746,1,0.000050
0.394500,1.000000,1.000000,0.500000,2.472136,2.472136,0.123839,1,0.000050
0.394550,1.000000,1.000000,0.500000,2.231929,2.231929,0.113830,1,0.000050
0.394600,1.000000,1.000000,0.500000,1.989519,1.989519,0.103730,1,0.000050
0.394650,1.000000,1.000000,0.500000,1.745146,1.745146,0.093548,1,0.000050
0.394700,1.000000,1.000000,0.500000,1.499051,1.499051,0.083294,1,0.000050
0.394750,1.000000,1.000000,0.500000,1.251476,1.251476,0.072978,1,0.000050
0.394800,1.000000,1.000000,0.500000,1.002666,1.002666,0.062611,1,0.000050
0.394850,1.000000,1.000000,0.500000,0.752867,0.752867,0.052203,1,0.000050
0.394900,1.000000,1.000000,0.500000,0.502324,0.502324,0.041764,1,0.000050
0.394950,1.000000,1.000000,0.500000,0.251286,0.251286,0.031304,1,0.000050
0.395000,1.000000,1.000000,0.500000,-0.000000,-0.000000,0.020833,1,0.000050
0.395050,1.000000,1.000000,0.500000,-0.251286,-0.251286,0.010363,1,0.000050
0.395100,1.000000,1.000000,0.500000,-0.502324,-0.502324,-0.000097,1,0.000050
0.395150,1.000000,1.000000,0.500000,-0.752867,-0.752867,-0.010536,1,0.000050
0.395200,1.000000,1.000000,0.500000,-1.002666,-1.002666,-0.020944,1,0.000050
0.395250,1.000000,1.000000,0.500000,-1.251476,-1.251476,-0.031311,1,0.000050
0.395300,1.000000,1.000000,0.500000,-1.499051,-1.499051,-0.041627,1,0.000050
0.395350,1.000000,1.000000,0.500000,-1.745146,-1.745146,-0.051881,1,0.000050
0.395400,1.000000,1.000000,0.500000,-1.989519,-1.989519,-0.062063,1,0.000050
0.395450,1.000000,1.000000,0.500000,-2.231929,-2.231929,-0.072164,1,0.000050
0.395500,1.000000,1.000000,0.500000,-2.472136,-2.472136,-0.082172,1,0.000050
0.395550,1.000000,1.000000,0.500000,-2.709903,-2.709903,-0.092079,1,0.000050
0.395600,1.000000,1.000000,0.500000,-2.944996,-2.944996,-0.101875,1,0.000050
0.395650,1.000000,1.000000,0.500000,-3.177183,-3.177183,-0.111549,1,0.000050
0.395700,1.000000,1.000000,0.500000,-3.406234,-3.406234,-0.121093,1,0.000050
0.395750,1.000000,1.000000,0.500000,-3.631924,-3.631924,-0.130497,1,0.000050
0.395800,1.000000,1.000000,0.500000,-3.854029,-3.854029,-0.139751,1,0.000050
0.395850,1.000000,1.000000,0.500000,-4.072331,-4.072331,-0.148847,1,0.000050
0.395900,1.000000,1.000000,0.500000,-4.286614,-4.286614,-0.157776,1,0.000050
0.395950,1.000000,1.000000,0.500000,-4.496667,-4.496667,-0.166528,1,0.000050
0.396000,1.000000,1.000000,0.500000,-4.702282,-4.702282,-0.175095,1,0.000050
0.396050,1.000000,1.000000,0.500000,-4.903256,-4.903256,-0.183469,1,0.000050
0.396100,1.000000,1.000000,0.500000,-5.099392,-5.099392,-0.191641,1,0.000050
0.396150,1.000000,1.000000,0.500000,-5.290495,-5.290495,-0.199604,1,0.000050
0.396200,1.000000,1.000000,0.500000,-5.476377,-5.476377,-0.207349,1,0.000050
0.396250,1.000000,1.000000,0.500000,-5.656854,-5.656854,-0.214869,1,0.000050
0.396300,1.000000,1.000000,0.500000,-5.831749,-5.831749,-0.222156,1,0.000050
0.396350,1.000000,1.000000,0.500000,-6.000889,-6.000889,-0.229204,1,0.000050
0.396400,1.000000,1.000000,0.500000,-6.164106,-6.164106,-0.236004,1,0.000050
0.396450,1.000000,1.000000,0.500000,-6.321240,-6.321240,-0.242552,1,0.000050
0.396500,1.000000,1.000000,0.500000,-6.472136,-6.472136,-0.248839,1,0.000050
0.396550,1.000000,1.000000,0.500000,-6.616645,-6.616645,-0.254860,1,0.000050
0.396600,1.000000,1.000000,0.500000,-6.754623,-6.754623,-0.260609,1,0.000050
0.396650,1.000000,1.000000,0.500000,-6.885936,-6.885936,-0.266081,1,0.000050
0.396700,1.000000,1.000000,0.500000,-7.010453,-7.010453,-0.271269,1,0.000050
0.396750,1.000000,1.000000,0.500000,-7.128052,-7.128052,-0.276169,1,0.000050
0.396800,1.000000,1.000000,0.500000,-7.238616,-7.238616,-0.280776,1,0.000050
0.396850,1.000000,1.000000,0.500000,-7.342037,-7.342037,-0.285085,1,0.000050
0.396900,1.000000,1.000000,0.500000,-7.438212,-7.438212,-0.289092,1,0.000050
0.396950,1.000000,1.000000,0.500000,-7.527046,-7.527046,-0.292794,1,0.000050
0.397000,1.000000,1.000000,0.500000,-7.608452,-7.608452,-0.296186,1,0.000050
0.397050,1.000000,1.000000,0.500000,-7.682349,-7.682349,-0.299265,1,0.000050
0.397100,1.000000,1.000000,0.500000,-7.748665,-7.748665,-0.302028,1,0.000050
0.397150,1.000000,1.000000,0.500000,-7.807334,-7.807334,-0.304472,1,0.000050
0.397200,1.000000,1.000000,0.500000,-7.858298,-7.858298,-0.306596,1,0.000050
0.397250,1.000000,1.000000,0.500000,-7.901507,-7.901507,-0.308396,1,0.000050
0.397300,1.000000,1.000000,0.500000,-7.936918,-7.936918,-0.309872,1,0.000050
0.397350,1.000000,1.000000,0.500000,-7.964496,-7.964496,-0.311021,1,0.000050
0.397400,1.000000,1.000000,0.500000,-7.984214,-7.984214,-0.311842,1,0.000050
0.397450,1.000000,1.000000,0.500000,-7.996052,-7.996052,-0.312336,1,0.000050
0.397500,1.000000,1.000000,0.500000,-8.000000,-8.000000,-0.312500,1,0.000050
0.397550,1.000000,1.000000,0.500000,-7.996052,-7.996052,-0.312336,1,0.000050
0.397600,1.000000,1.000000,0.500000,-7.984214,-7.984214,-0.311842,1,0.000050
0.397650,1.000000,1.000000,0.500000,-7.964496,-7.964496,-0.311021,1,0.000050
0.397700,1.000000,1.000000,0.500000,-7.936918,-7.936918,-0.309872,1,0.000050
0.397750,1.000000,1.000000,0.500000,-7.901507,-7.901507,-0.308396,1,0.000050
0.397800,1.000000,1.000000,0.500000,-7.858298,-7.858298,-0.306596,1,0.000050
0.397850,1.000000,1.000000,0.500000,-7.807334,-7.807334,-0.304472,1,0.000050
0.397900,1.000000,1.000000,0.500000,-7.748665,-7.748665,-0.302028,1,0.000050
0.397950,1.000000,1.000000,0.500000,-7.682349,-7.682349,-0.299265,1,0.000050
0.398000,1.000000,1.000000,0.500000,-7.608452,-7.608452,-0.296186,1,0.000050
0.398050,1.000000,1.000000,0.500000,-7.527046,-7.527046,-0.292794,1,0.000050
0.398100,1.000000,1.000000,0.500000,-7.438212,-7.438212,-0.289092,1,0.000050
0.398150,1.000000,1.000000,0.500000,-7.342037,-7.342037,-0.285085,1,0.000050
0.398200,1.000000,1.000000,0.500000,-7.238616,-7.238616,-0.280776,1,0.000050
0.398250,1.000000,1.000000,0.500000,-7.128052,-7.128052,-0.276169,1,0.000050
0.398300,1.000000,1.000000,0.500000,-7.010453,-7.010453,-0.271269,1,0.000050
0.398350,1.000000,1.000000,0.500000,-6.885936,-6.885936,-0.266081,1,0.000050
0.398400,1.000000,1.000000,0.500000,-6.754623,-6.754623,-0.260609,1,0.000050
0.398450,1.000000,1.000000,0.500000,-6.616645,-6.616645,-0.254860,1,0.000050
0.398500,1.000000,1.000000,0.500000,-6.472136,-6.472136,-0.248839,1,0.000050
0.398550,1.000000,1.000000,0.500000,-6.321240,-6.321240,-0.242552,1,0.000050
0.398600,1.000000,1.000000,0.500000,-6.164106,-6.164106,-0.236004,1,0.000050
0.398650,1.000000,1.000000,0.500000,-6.000889,-6.000889,-0.229204,1,0.000050
0.398700,1.000000,1.000000,0.500000,-5.831749,-5.831749,-0.222156,1,0.000050
0.398750,1.000000,1.000000,0.500000,-5.656854,-5.656854,-0.214869,1,0.000050
0.398800,1.000000,1.000000,0.500000,-5.476377,-5.476377,-0.207349,1,0.000050
0.398850,1.000000,1.000000,0.500000,-5.290495,-5.290495,-0.199604,1,0.000050
0.398900,1.000000,1.000000,0.500000,-5.099392,-5.099392,-0.191641,1,0.000050
0.398950,1.000000,1.000000,0.500000,-4.903256,-4.903256,-0.183469,1,0.000050
0.399000,1.000000,1.000000,0.500000,-4.702282,-4.702282,-0.175095,1,0.000050
0.399050,1.000000,1.000000,0.500000,-4.496667,-4.496667,-0.166528,1,0.000050
0.399100,1.000000,1.000000,0.500000,-4.286614,-4.286614,-0.157776,1,0.000050
0.399150,1.000000,1.000000,0.500000,-4.072331,-4.072331,-0.148847,1,0.000050
0.399200,1.000000,1.000000,0.500000,-3.854029,-3.854029,-0.139751,1,0.000050
0.399250,1.000000,1.000000,0.500000,-3.631924,-3.631924,-0.130497,1,0.000050
0.399300,1.000000,1.000000,0.500000,-3.406234,-3.406234,-0.121093,1,0.000050
0.399350,1.000000,1.000000,0.500000,-3.177183,-3.177183,-0.111549,1,0.000050
0.399400,1.000000,1.000000,0.500000,-2.944996,-2.944996,-0.101875,1,0.000050
0.399450,1.000000,1.000000,0.500000,-2.709903,-2.709903,-0.092079,1,0.000050
0.399500,1.000000,1.000000,0.500000,-2.472136,-2.472136,-0.082172,1,0.000050
0.399550,1.000000,1.000000,0.500000,-2.231929,-2.231929,-0.072164,1,0.000050
0.399600,1.000000,1.000000,0.500000,-1.989519,-1.989519,-0.062063,1,0.000050
0.399650,1.000000,1.000000,0.500000,-1.745146,-1.745146,-0.051881,1,0.000050
0.399700,1.000000,1.000000,0.500000,-1.499051,-1.499051,-0.041627,1,0.000050
0.399750,1.000000,1.000000,0.500000,-1.251476,-1.251476,-0.031311,1,0.000050
0.399800,1.000000,1.000000,0.500000,-1.002666,-1.002666,-0.020944,1,0.000050
0.399850,1.000000,1.000000,0.500000,-0.752867,-0.752867,-0.010536,1,0.000050
0.399900,1.000000,1.000000,0.500000,-0.502324,-0.502324,-0.000097,1,0.000050
0.399950,1.000000,1.000000,0.500000,-0.251286,-0.251286,0.010363,1,0.000050
0.400000,1.000000,1.000000,0.500000,0.000000,0.000000,0.020833,1,0.000050
