time_s,reference_a,current_a,u_i,u1_true,u1_meas,duty,feedforward,control_dt
0.000000,0.020000,0.001100,0.044000,0.000000,0.000000,0.001833,1,0.001000
0.000050,0.020000,-0.004096,0.044000,0.251286,0.000000,0.001833,1,0.001000
0.000100,0.020000,-0.015503,0.044000,0.502324,0.000000,0.001833,1,0.001000
0.000150,0.020000,-0.033031,0.044000,0.752867,0.000000,0.001833,1,0.001000
0.000200,0.020000,-0.056584,0.044000,1.002666,0.000000,0.001833,1,0.001000
0.000250,0.020000,-0.086064,0.044000,1.251476,0.000000,0.001833,1,0.001000
0.000300,0.020000,-0.121364,0.044000,1.499051,0.000000,0.001833,1,0.001000
0.000350,0.020000,-0.162376,0.044000,1.745146,0.000000,0.001833,1,0.001000
0.000400,0.020000,-0.208984,0.044000,1.989519,0.000000,0.001833,1,0.001000
0.000450,0.020000,-0.261070,0.044000,2.231929,0.000000,0.001833,1,0.001000
0.000500,0.020000,-0.318510,0.044000,2.472136,0.000000,0.001833,1,0.001000
0.000550,0.020000,-0.381177,0.044000,2.709903,0.000000,0.001833,1,0.001000
0.000600,0.020000,-0.448937,0.044000,2.944996,0.000000,0.001833,1,0.001000
0.000650,0.020000,-0.521655,0.044000,3.177183,0.000000,0.001833,1,0.001000
0.000700,0.020000,-0.599190,0.044000,3.406234,0.000000,0.001833,1,0.001000
0.000750,0.020000,-0.681398,0.044000,3.631924,0.000000,0.001833,1,0.001000
0.000800,0.020000,-0.768131,0.044000,3.854029,0.000000,0.001833,1,0.001000
0.000850,0.020000,-0.859238,0.044000,4.072331,0.000000,0.001833,1,0.001000
0.000900,0.020000,-0.954563,0.044000,4.286614,0.000000,0.001833,1,0.001000
0.000950,0.020000,-1.053947,0.044000,4.496667,0.000000,0.001833,1,0.001000
0.001000,0.040000,-0.980506,2.410684,4.702282,4.702282,0.296374,1,0.001000
0.001050,0.040000,-0.913007,2.410684,4.903256,4.702282,0.296374,1,0.001000
0.001100,0.040000,-0.851255,2.410684,5.099392,4.702282,0.296374,1,0.001000
0.001150,0.040000,-0.795052,2.410684,5.290495,4.702282,0.296374,1,0.001000
0.001200,0.040000,-0.744200,2.410684,5.476377,4.702282,0.296374,1,0.001000
0.001250,0.040000,-0.698494,2.410684,5.656854,4.702282,0.296374,1,0.001000
0.001300,0.040000,-0.657733,2.410684,5.831749,4.702282,0.296374,1,0.001000
0.001350,0.040000,-0.621709,2.410684,6.000889,4.702282,0.296374,1,0.001000
0.001400,0.040000,-0.590216,2.410684,6.164106,4.702282,0.296374,1,0.001000
0.001450,0.040000,-0.563045,2.410684,6.321240,4.702282,0.296374,1,0.001000
0.001500,0.040000,-0.539987,2.410684,6.472136,4.702282,0.296374,1,0.001000
0.001550,0.040000,-0.520829,2.410684,6.616645,4.702282,0.296374,1,0.001000
0.001600,0.040000,-0.505360,2.410684,6.754623,4.702282,0.296374,1,0.001000
0.001650,0.040000,-0.493367,2.410684,6.885936,4.702282,0.296374,1,0.001000
0.001700,0.040000,-0.484637,2.410684,7.010453,4.702282,0.296374,1,0.001000
0.001750,0.040000,-0.478956,2.410684,7.128052,4.702282,0.296374,1,0.001000
0.001800,0.040000,-0.476111,2.410684,7.238616,4.702282,0.296374,1,0.001000
0.001850,0.040000,-0.475886,2.410684,7.342037,4.702282,0.296374,1,0.001000
0.001900,0.040000,-0.478068,2.410684,7.438212,4.702282,0.296374,1,0.001000
0.001950,0.040000,-0.482445,2.410684,7.527046,4.702282,0.296374,1,0.001000
0.002000,0.060000,-0.441010,1.416168,7.608452,7.608452,0.376026,1,0.001000
0.002050,0.060000,-0.401940,1.416168,7.682349,7.608452,0.376026,1,0.001000
0.002100,0.060000,-0.365017,1.416168,7.748665,7.608452,0.376026,1,0.001000
0.002150,0.060000,-0.330023,1.416168,7.807334,7.608452,0.376026,1,0.001000
0.002200,0.060000,-0.296739,1.416168,7.858298,7.608452,0.376026,1,0.001000
0.002250,0.060000,-0.264952,1.416168,7.901507,7.608452,0.376026,1,0.001000
0.002300,0.060000,-0.234448,1.416168,7.936918,7.608452,0.376026,1,0.001000
0.002350,0.060000,-0.205014,1.416168,7.964496,7.608452,0.376026,1,0.001000
0.002400,0.060000,-0.176441,1.416168,7.984214,7.608452,0.376026,1,0.001000
0.002450,0.060000,-0.148521,1.416168,7.996052,7.608452,0.376026,1,0.001000
0.002500,0.060000,-0.121049,1.416168,8.000000,7.608452,0.376026,1,0.001000
0.002550,0.060000,-0.093822,1.416168,7.996052,7.608452,0.376026,1,0.001000
0.002600,0.060000,-0.066639,1.416168,7.984214,7.608452,0.376026,1,0.001000
0.002650,0.060000,-0.039303,1.416168,7.964496,7.608452,0.376026,1,0.001000
0.002700,0.060000,-0.011619,1.416168,7.936918,7.608452,0.376026,1,0.001000
0.002750,0.060000,0.016604,1.416168,7.901507,7.608452,0.376026,1,0.001000
0.002800,0.060000,0.045554,1.416168,7.858298,7.608452,0.376026,1,0.001000
0.002850,0.060000,0.075417,1.416168,7.807334,7.608452,0.376026,1,0.001000
0.002900,0.060000,0.106373,1.416168,7.748665,7.608452,0.376026,1,0.001000
0.002950,0.060000,0.138600,1.416168,7.682349,7.608452,0.376026,1,0.001000
0.003000,0.080000,0.141927,0.202358,7.608452,7.608452,0.325450,1,0.001000
0.003050,0.080000,0.147247,0.202358,7.527046,7.608452,0.325450,1,0.001000
0.003100,0.080000,0.154721,0.202358,7.438212,7.608452,0.325450,1,0.001000
0.003150,0.080000,0.164506,0.202358,7.342037,7.608452,0.325450,1,0.001000
0.003200,0.080000,0.176755,0.202358,7.238616,7.608452,0.325450,1,0.001000
0.003250,0.080000,0.191614,0.202358,7.128052,7.608452,0.325450,1,0.001000
0.003300,0.080000,0.209228,0.202358,7.010453,7.608452,0.325450,1,0.001000
0.003350,0.080000,0.229735,0.202358,6.885936,7.608452,0.325450,1,0.001000
0.003400,0.080000,0.253268,0.202358,6.754623,7.608452,0.325450,1,0.001000
0.003450,0.080000,0.279956,0.202358,6.616645,7.608452,0.325450,1,0.001000
0.003500,0.080000,0.309923,0.202358,6.472136,7.608452,0.325450,1,0.001000
0.003550,0.080000,0.343289,0.202358,6.321240,7.608452,0.325450,1,0.001000
0.003600,0.080000,0.380165,0.202358,6.164106,7.608452,0.325450,1,0.001000
0.003650,0.080000,0.420661,0.202358,6.000889,7.608452,0.325450,1,0.001000
0.003700,0.080000,0.464879,0.202358,5.831749,7.608452,0.325450,1,0.001000
0.003750,0.080000,0.512917,0.202358,5.656854,7.608452,0.325450,1,0.001000
0.003800,0.080000,0.564867,0.202358,5.476377,7.608452,0.325450,1,0.001000
0.003850,0.080000,0.620814,0.202358,5.290495,7.608452,0.325450,1,0.001000
0.003900,0.080000,0.680839,0.202358,5.099392,7.608452,0.325450,1,0.001000
0.003950,0.080000,0.745017,0.202358,4.903256,7.608452,0.325450,1,0.001000
0.004000,0.100000,0.708217,-1.099479,4.702282,4.702282,0.150117,1,0.001000
0.004050,0.100000,0.677018,-1.099479,4.496667,4.702282,0.150117,1,0.001000
0.004100,0.100000,0.651460,-1.099479,4.286614,4.702282,0.150117,1,0.001000
0.004150,0.100000,0.631579,-1.099479,4.072331,4.702282,0.150117,1,0.001000
0.004200,0.100000,0.617403,-1.099479,3.854029,4.702282,0.150117,1,0.001000
0.004250,0.100000,0.608958,-1.099479,3.631924,4.702282,0.150117,1,0.001000
0.004300,0.100000,0.606260,-1.099479,3.406234,4.702282,0.150117,1,0.001000
0.004350,0.100000,0.609322,-1.099479,3.177183,4.702282,0.150117,1,0.001000
0.004400,0.100000,0.618151,-1.099479,2.944996,4.702282,0.150117,1,0.001000
0.004450,0.100000,0.632746,-1.099479,2.709903,4.702282,0.150117,1,0.001000
0.004500,0.100000,0.653104,-1.099479,2.472136,4.702282,0.150117,1,0.001000
0.004550,0.100000,0.679212,-1.099479,2.231929,4.702282,0.150117,1,0.001000
0.004600,0.100000,0.711054,-1.099479,1.989519,4.702282,0.150117,1,0.001000
0.004650,0.100000,0.748607,-1.099479,1.745146,4.702282,0.150117,1,0.001000
0.004700,0.100000,0.791843,-1.099479,1.499051,4.702282,0.150117,1,0.001000
0.004750,0.100000,0.840728,-1.099479,1.251476,4.702282,0.150117,1,0.001000
0.004800,0.100000,0.895223,-1.099479,1.002666,4.702282,0.150117,1,0.001000
0.004850,0.100000,0.955281,-1.099479,0.752867,4.702282,0.150117,1,0.001000
0.004900,0.100000,1.020852,-1.099479,0.502324,4.702282,0.150117,1,0.001000
0.004950,0.100000,1.091879,-1.099479,0.251286,4.702282,0.150117,1,0.001000
0.005000,0.120000,1.029541,-1.947579,0.000000,0.000000,-0.081149,1,0.001000
0.005050,0.120000,0.974264,-1.947579,-0.251286,0.000000,-0.081149,1,0.001000
0.005100,0.120000,0.925955,-1.947579,-0.502324,0.000000,-0.081149,1,0.001000
0.005150,0.120000,0.884512,-1.947579,-0.752867,0.000000,-0.081149,1,0.001000
0.005200,0.120000,0.849833,-1.947579,-1.002666,0.000000,-0.081149,1,0.001000
0.005250,0.120000,0.821808,-1.947579,-1.251476,0.000000,-0.081149,1,0.001000
0.005300,0.120000,0.800322,-1.947579,-1.499051,0.000000,-0.081149,1,0.001000
0.005350,0.120000,0.785257,-1.947579,-1.745146,0.000000,-0.081149,1,0.001000
0.005400,0.120000,0.776490,-1.947579,-1.989519,0.000000,-0.081149,1,0.001000
0.005450,0.120000,0.773893,-1.947579,-2.231929,0.000000,-0.081149,1,0.001000
0.005500,0.120000,0.777333,-1.947579,-2.472136,0.000000,-0.081149,1,0.001000
0.005550,0.120000,0.786674,-1.947579,-2.709903,0.000000,-0.081149,1,0.001000
0.005600,0.120000,0.801776,-1.947579,-2.944996,0.000000,-0.081149,1,0.001000
0.005650,0.120000,0.822494,-1.947579,-3.177183,0.000000,-0.081149,1,0.001000
0.005700,0.120000,0.848679,-1.947579,-3.406234,0.000000,-0.081149,1,0.001000
0.005750,0.120000,0.880180,-1.947579,-3.631924,0.000000,-0.081149,1,0.001000
0.005800,0.120000,0.916839,-1.947579,-3.854029,0.000000,-0.081149,1,0.001000
0.005850,0.120000,0.958497,-1.947579,-4.072331,0.000000,-0.081149,1,0.001000
0.005900,0.120000,1.004992,-1.947579,-4.286614,0.000000,-0.081149,1,0.001000
0.005950,0.120000,1.056156,-1.947579,-4.496667,0.000000,-0.081149,1,0.001000
0.006000,0.140000,0.992470,-2.019365,-4.702282,-4.702282,-0.280069,1,0.001000
0.006050,0.140000,0.934605,-2.019365,-4.903256,-4.702282,-0.280069,1,0.001000
0.006100,0.140000,0.882366,-2.019365,-5.099392,-4.702282,-0.280069,1,0.001000
0.006150,0.140000,0.835557,-2.019365,-5.290495,-4.702282,-0.280069,1,0.001000
0.006200,0.140000,0.793981,-2.019365,-5.476377,-4.702282,-0.280069,1,0.001000
0.006250,0.140000,0.757437,-2.019365,-5.656854,-4.702282,-0.280069,1,0.001000
0.006300,0.140000,0.725721,-2.019365,-5.831749,-4.702282,-0.280069,1,0.001000
0.006350,0.140000,0.698631,-2.019365,-6.000889,-4.702282,-0.280069,1,0.001000
0.006400,0.140000,0.675959,-2.019365,-6.164106,-4.702282,-0.280069,1,0.001000
0.006450,0.140000,0.657500,-2.019365,-6.321240,-4.702282,-0.280069,1,0.001000
0.006500,0.140000,0.643043,-2.019365,-6.472136,-4.702282,-0.280069,1,0.001000
0.006550,0.140000,0.632380,-2.019365,-6.616645,-4.702282,-0.280069,1,0.001000
0.006600,0.140000,0.625300,-2.019365,-6.754623,-4.702282,-0.280069,1,0.001000
0.006650,0.140000,0.621591,-2.019365,-6.885936,-4.702282,-0.280069,1,0.001000
0.006700,0.140000,0.621041,-2.019365,-7.010453,-4.702282,-0.280069,1,0.001000
0.006750,0.140000,0.623438,-2.019365,-7.128052,-4.702282,-0.280069,1,0.001000
0.006800,0.140000,0.628569,-2.019365,-7.238616,-4.702282,-0.280069,1,0.001000
0.006850,0.140000,0.636222,-2.019365,-7.342037,-4.702282,-0.280069,1,0.001000
0.006900,0.140000,0.646183,-2.019365,-7.438212,-4.702282,-0.280069,1,0.001000
0.006950,0.140000,0.658241,-2.019365,-7.527046,-4.702282,-0.280069,1,0.001000
0.007000,0.160000,0.617933,-1.283182,-7.608452,-7.608452,-0.370485,1,0.001000
0.007050,0.160000,0.579977,-1.283182,-7.682349,-7.608452,-0.370485,1,0.001000
0.007100,0.160000,0.544153,-1.283182,-7.748665,-7.608452,-0.370485,1,0.001000
0.007150,0.160000,0.510244,-1.283182,-7.807334,-7.608452,-0.370485,1,0.001000
0.007200,0.160000,0.478032,-1.283182,-7.858298,-7.608452,-0.370485,1,0.001000
0.007250,0.160000,0.447304,-1.283182,-7.901507,-7.608452,-0.370485,1,0.001000
0.007300,0.160000,0.417844,-1.283182,-7.936918,-7.608452,-0.370485,1,0.001000
0.007350,0.160000,0.389443,-1.283182,-7.964496,-7.608452,-0.370485,1,0.001000
0.007400,0.160000,0.361889,-1.283182,-7.984214,-7.608452,-0.370485,1,0.001000
0.007450,0.160000,0.334976,-1.283182,-7.996052,-7.608452,-0.370485,1,0.001000
0.007500,0.160000,0.308498,-1.283182,-8.000000,-7.608452,-0.370485,1,0.001000
0.007550,0.160000,0.282252,-1.283182,-7.996052,-7.608452,-0.370485,1,0.001000
0.007600,0.160000,0.256039,-1.283182,-7.984214,-7.608452,-0.370485,1,0.001000
0.007650,0.160000,0.229660,-1.283182,-7.964496,-7.608452,-0.370485,1,0.001000
0.007700,0.160000,0.202921,-1.283182,-7.936918,-7.608452,-0.370485,1,0.001000
0.007750,0.160000,0.175631,-1.283182,-7.901507,-7.608452,-0.370485,1,0.001000
0.007800,0.160000,0.147603,-1.283182,-7.858298,-7.608452,-0.370485,1,0.001000
0.007850,0.160000,0.118650,-1.283182,-7.807334,-7.608452,-0.370485,1,0.001000
0.007900,0.160000,0.088593,-1.283182,-7.748665,-7.608452,-0.370485,1,0.001000
0.007950,0.160000,0.057253,-1.283182,-7.682349,-7.608452,-0.370485,1,0.001000
0.008000,0.180000,0.056121,-0.016657,-7.608452,-7.608452,-0.317713,1,0.001000
0.008050,0.180000,0.052968,-0.016657,-7.527046,-7.608452,-0.317713,1,0.001000
0.008100,0.180000,0.047633,-0.016657,-7.438212,-7.608452,-0.317713,1,0.001000
0.008150,0.180000,0.039961,-0.016657,-7.342037,-7.608452,-0.317713,1,0.001000
0.008200,0.180000,0.029799,-0.016657,-7.238616,-7.608452,-0.317713,1,0.001000
0.008250,0.180000,0.017000,-0.016657,-7.128052,-7.608452,-0.317713,1,0.001000
0.008300,0.180000,0.001422,-0.016657,-7.010453,-7.608452,-0.317713,1,0.001000
0.008350,0.180000,-0.017076,-0.016657,-6.885936,-7.608452,-0.317713,1,0.001000
0.008400,0.180000,-0.038624,-0.016657,-6.754623,-7.608452,-0.317713,1,0.001000
0.008450,0.180000,-0.063353,-0.016657,-6.616645,-7.608452,-0.317713,1,0.001000
0.008500,0.180000,-0.091386,-0.016657,-6.472136,-7.608452,-0.317713,1,0.001000
0.008550,0.180000,-0.122840,-0.016657,-6.321240,-7.608452,-0.317713,1,0.001000
0.008600,0.180000,-0.157830,-0.016657,-6.164106,-7.608452,-0.317713,1,0.001000
0.008650,0.180000,-0.196462,-0.016657,-6.000889,-7.608452,-0.317713,1,0.001000
0.008700,0.180000,-0.238840,-0.016657,-5.831749,-7.608452,-0.317713,1,0.001000
0.008750,0.180000,-0.285061,-0.016657,-5.656854,-7.608452,-0.317713,1,0.001000
0.008800,0.180000,-0.335216,-0.016657,-5.476377,-7.608452,-0.317713,1,0.001000
0.008850,0.180000,-0.389391,-0.016657,-5.290495,-7.608452,-0.317713,1,0.001000
0.008900,0.180000,-0.447667,-0.016657,-5.099392,-7.608452,-0.317713,1,0.001000
0.008950,0.180000,-0.510118,-0.016657,-4.903256,-7.608452,-0.317713,1,0.001000
0.009000,0.200000,-0.471238,1.300108,-4.702282,-4.702282,-0.141757,1,0.001000
0.009050,0.200000,-0.437986,1.300108,-4.496667,-4.702282,-0.141757,1,0.001000
0.009100,0.200000,-0.410400,1.300108,-4.286614,-4.702282,-0.141757,1,0.001000
0.009150,0.200000,-0.388516,1.300108,-4.072331,-4.702282,-0.141757,1,0.001000
0.009200,0.200000,-0.372363,1.300108,-3.854029,-4.702282,-0.141757,1,0.001000
0.009250,0.200000,-0.361965,1.300108,-3.631924,-4.702282,-0.141757,1,0.001000
0.009300,0.200000,-0.357339,1.300108,-3.406234,-4.702282,-0.141757,1,0.001000
0.009350,0.200000,-0.358497,1.300108,-3.177183,-4.702282,-0.141757,1,0.001000
0.009400,0.200000,-0.365445,1.300108,-2.944996,-4.702282,-0.141757,1,0.001000
0.009450,0.200000,-0.378184,1.300108,-2.709903,-4.702282,-0.141757,1,0.001000
0.009500,0.200000,-0.396707,1.300108,-2.472136,-4.702282,-0.141757,1,0.001000
0.009550,0.200000,-0.421005,1.300108,-2.231929,-4.702282,-0.141757,1,0.001000
0.009600,0.200000,-0.451058,1.300108,-1.989519,-4.702282,-0.141757,1,0.001000
0.009650,0.200000,-0.486846,1.300108,-1.745146,-4.702282,-0.141757,1,0.001000
0.009700,0.200000,-0.528338,1.300108,-1.499051,-4.702282,-0.141757,1,0.001000
0.009750,0.200000,-0.575502,1.300108,-1.251476,-4.702282,-0.141757,1,0.001000
0.009800,0.200000,-0.628296,1.300108,-1.002666,-4.702282,-0.141757,1,0.001000
0.009850,0.200000,-0.686675,1.300108,-0.752867,-4.702282,-0.141757,1,0.001000
0.009900,0.200000,-0.750587,1.300108,-0.502324,-4.702282,-0.141757,1,0.001000
0.009950,0.200000,-0.819977,1.300108,-0.251286,-4.702282,-0.141757,1,0.001000
0.010000,0.220000,-0.755532,2.167823,-0.000000,-0.000000,0.090326,1,0.001000
0.010050,0.220000,-0.698175,2.167823,0.251286,-0.000000,0.090326,1,0.001000
0.010100,0.220000,-0.647810,2.167823,0.502324,-0.000000,0.090326,1,0.001000
0.010150,0.220000,-0.604338,2.167823,0.752867,-0.000000,0.090326,1,0.001000
0.010200,0.220000,-0.567655,2.167823,1.002666,-0.000000,0.090326,1,0.001000
0.010250,0.220000,-0.537651,2.167823,1.251476,-0.000000,0.090326,1,0.001000
0.010300,0.220000,-0.514211,2.167823,1.499051,-0.000000,0.090326,1,0.001000
0.010350,0.220000,-0.497216,2.167823,1.745146,-0.000000,0.090326,1,0.001000
0.010400,0.220000,-0.486544,2.167823,1.989519,-0.000000,0.090326,1,0.001000
0.010450,0.220000,-0.482064,2.167823,2.231929,-0.000000,0.090326,1,0.001000
0.010500,0.220000,-0.483646,2.167823,2.472136,-0.000000,0.090326,1,0.001000
0.010550,0.220000,-0.491153,2.167823,2.709903,-0.000000,0.090326,1,0.001000
0.010600,0.220000,-0.504443,2.167823,2.944996,-0.000000,0.090326,1,0.001000
0.010650,0.220000,-0.523371,2.167823,3.177183,-0.000000,0.090326,1,0.001000
0.010700,0.220000,-0.547789,2.167823,3.406234,-0.000000,0.090326,1,0.001000
0.010750,0.220000,-0.577545,2.167823,3.631924,-0.000000,0.090326,1,0.001000
0.010800,0.220000,-0.612480,2.167823,3.854029,-0.000000,0.090326,1,0.001000
0.010850,0.220000,-0.652437,2.167823,4.072331,-0.000000,0.090326,1,0.001000
0.010900,0.220000,-0.697251,2.167823,4.286614,-0.000000,0.090326,1,0.001000
0.010950,0.220000,-0.746757,2.167823,4.496667,-0.000000,0.090326,1,0.001000
0.011000,0.240000,-0.680954,2.258733,4.702282,4.702282,0.290042,1,0.001000
0.011050,0.240000,-0.620998,2.258733,4.903256,4.702282,0.290042,1,0.001000
0.011100,0.240000,-0.566695,2.258733,5.099392,4.702282,0.290042,1,0.001000
0.011150,0.240000,-0.517848,2.258733,5.290495,4.702282,0.290042,1,0.001000
0.011200,0.240000,-0.474259,2.258733,5.476377,4.702282,0.290042,1,0.001000
0.011250,0.240000,-0.435727,2.258733,5.656854,4.702282,0.290042,1,0.001000
0.011300,0.240000,-0.402049,2.258733,5.831749,4.702282,0.290042,1,0.001000
0.011350,0.240000,-0.373020,2.258733,6.000889,4.702282,0.290042,1,0.001000
0.011400,0.240000,-0.348435,2.258733,6.164106,4.702282,0.290042,1,0.001000
0.011450,0.240000,-0.328085,2.258733,6.321240,4.702282,0.290042,1,0.001000
0.011500,0.240000,-0.311762,2.258733,6.472136,4.702282,0.290042,1,0.001000
0.011550,0.240000,-0.299255,2.258733,6.616645,4.702282,0.290042,1,0.001000
0.011600,0.240000,-0.290355,2.258733,6.754623,4.702282,0.290042,1,0.001000
0.011650,0.240000,-0.284849,2.258733,6.885936,4.702282,0.290042,1,0.001000
0.011700,0.240000,-0.282524,2.258733,7.010453,4.702282,0.290042,1,0.001000
0.011750,0.240000,-0.283168,2.258733,7.128052,4.702282,0.290042,1,0.001000
0.011800,0.240000,-0.286569,2.258733,7.238616,4.702282,0.290042,1,0.001000
0.011850,0.240000,-0.292512,2.258733,7.342037,4.702282,0.290042,1,0.001000
0.011900,0.240000,-0.300786,2.258733,7.438212,4.702282,0.290042,1,0.001000
0.011950,0.240000,-0.311177,2.258733,7.527046,4.702282,0.290042,1,0.001000
0.012000,0.260000,-0.268742,1.541808,7.608452,7.608452,0.381261,1,0.001000
0.012050,0.260000,-0.228685,1.541808,7.682349,7.608452,0.381261,1,0.001000
0.012100,0.260000,-0.190786,1.541808,7.748665,7.608452,0.381261,1,0.001000
0.012150,0.260000,-0.154828,1.541808,7.807334,7.608452,0.381261,1,0.001000
0.012200,0.260000,-0.120594,1.541808,7.858298,7.608452,0.381261,1,0.001000
0.012250,0.260000,-0.087868,1.541808,7.901507,7.608452,0.381261,1,0.001000
0.012300,0.260000,-0.056436,1.541808,7.936918,7.608452,0.381261,1,0.001000
0.012350,0.260000,-0.026086,1.541808,7.964496,7.608452,0.381261,1,0.001000
0.012400,0.260000,0.003391,1.541808,7.984214,7.608452,0.381261,1,0.001000
0.012450,0.260000,0.032204,1.541808,7.996052,7.608452,0.381261,1,0.001000
0.012500,0.260000,0.060558,1.541808,8.000000,7.608452,0.381261,1,0.001000
0.012550,0.260000,0.088656,1.541808,7.996052,7.608452,0.381261,1,0.001000
0.012600,0.260000,0.116699,1.541808,7.984214,7.608452,0.381261,1,0.001000
0.012650,0.260000,0.144884,1.541808,7.964496,7.608452,0.381261,1,0.001000
0.012700,0.260000,0.173407,1.541808,7.936918,7.608452,0.381261,1,0.001000
0.012750,0.260000,0.202458,1.541808,7.901507,7.608452,0.381261,1,0.001000
0.012800,0.260000,0.232226,1.541808,7.858298,7.608452,0.381261,1,0.001000
0.012850,0.260000,0.262897,1.541808,7.807334,7.608452,0.381261,1,0.001000
0.012900,0.260000,0.294650,1.541808,7.748665,7.608452,0.381261,1,0.001000
0.012950,0.260000,0.327665,1.541808,7.682349,7.608452,0.381261,1,0.001000
0.013000,0.280000,0.330934,0.294592,7.608452,7.608452,0.329293,1,0.001000
0.013050,0.280000,0.336197,0.294592,7.527046,7.608452,0.329293,1,0.001000
0.013100,0.280000,0.343616,0.294592,7.438212,7.608452,0.329293,1,0.001000
0.013150,0.280000,0.353346,0.294592,7.342037,7.608452,0.329293,1,0.001000
0.013200,0.280000,0.365539,0.294592,7.238616,7.608452,0.329293,1,0.001000
0.013250,0.280000,0.380345,0.294592,7.128052,7.608452,0.329293,1,0.001000
0.013300,0.280000,0.397905,0.294592,7.010453,7.608452,0.329293,1,0.001000
0.013350,0.280000,0.418359,0.294592,6.885936,7.608452,0.329293,1,0.001000
0.013400,0.280000,0.441840,0.294592,6.754623,7.608452,0.329293,1,0.001000
0.013450,0.280000,0.468477,0.294592,6.616645,7.608452,0.329293,1,0.001000
0.013500,0.280000,0.498394,0.294592,6.472136,7.608452,0.329293,1,0.001000
0.013550,0.280000,0.531709,0.294592,6.321240,7.608452,0.329293,1,0.001000
0.013600,0.280000,0.568536,0.294592,6.164106,7.608452,0.329293,1,0.001000
0.013650,0.280000,0.608983,0.294592,6.000889,7.608452,0.329293,1,0.001000
0.013700,0.280000,0.653154,0.294592,5.831749,7.608452,0.329293,1,0.001000
0.013750,0.280000,0.701144,0.294592,5.656854,7.608452,0.329293,1,0.001000
0.013800,0.280000,0.753046,0.294592,5.476377,7.608452,0.329293,1,0.001000
0.013850,0.280000,0.808947,0.294592,5.290495,7.608452,0.329293,1,0.001000
0.013900,0.280000,0.868926,0.294592,5.099392,7.608452,0.329293,1,0.001000
0.013950,0.280000,0.933059,0.294592,4.903256,7.608452,0.329293,1,0.001000
0.014000,0.300000,0.896326,-1.002809,4.702282,4.702282,0.154145,1,0.001000
0.014050,0.300000,0.865192,-1.002809,4.496667,4.702282,0.154145,1,0.001000
0.014100,0.300000,0.839699,-1.002809,4.286614,4.702282,0.154145,1,0.001000
0.014150,0.300000,0.819881,-1.002809,4.072331,4.702282,0.154145,1,0.001000
0.014200,0.300000,0.805768,-1.002809,3.854029,4.702282,0.154145,1,0.001000
0.014250,0.300000,0.797385,-1.002809,3.631924,4.702282,0.154145,1,0.001000
0.014300,0.300000,0.794749,-1.002809,3.406234,4.702282,0.154145,1,0.001000
0.014350,0.300000,0.797872,-1.002809,3.177183,4.702282,0.154145,1,0.001000
0.014400,0.300000,0.806760,-1.002809,2.944996,4.702282,0.154145,1,0.001000
0.014450,0.300000,0.821415,-1.002809,2.709903,4.702282,0.154145,1,0.001000
0.014500,0.300000,0.841831,-1.002809,2.472136,4.702282,0.154145,1,0.001000
0.014550,0.300000,0.867996,-1.002809,2.231929,4.702282,0.154145,1,0.001000
0.014600,0.300000,0.899895,-1.002809,1.989519,4.702282,0.154145,1,0.001000
0.014650,0.300000,0.937505,-1.002809,1.745146,4.702282,0.154145,1,0.001000
0.014700,0.300000,0.980796,-1.002809,1.499051,4.702282,0.154145,1,0.001000
0.014750,0.300000,1.029736,-1.002809,1.251476,4.702282,0.154145,1,0.001000
0.014800,0.300000,1.084285,-1.002809,1.002666,4.702282,0.154145,1,0.001000
0.014850,0.300000,1.144397,-1.002809,0.752867,4.702282,0.154145,1,0.001000
0.014900,0.300000,1.210020,-1.002809,0.502324,4.702282,0.154145,1,0.001000
0.014950,0.300000,1.281100,-1.002809,0.251286,4.702282,0.154145,1,0.001000
0.015000,0.320000,1.218808,-1.851110,-0.000000,-0.000000,-0.077130,1,0.001000
0.015050,0.320000,1.163578,-1.851110,-0.251286,-0.000000,-0.077130,1,0.001000
0.015100,0.320000,1.115313,-1.851110,-0.502324,-0.000000,-0.077130,1,0.001000
0.015150,0.320000,1.073916,-1.851110,-0.752867,-0.000000,-0.077130,1,0.001000
0.015200,0.320000,1.039281,-1.851110,-1.002666,-0.000000,-0.077130,1,0.001000
0.015250,0.320000,1.011299,-1.851110,-1.251476,-0.000000,-0.077130,1,0.001000
0.015300,0.320000,0.989856,-1.851110,-1.499051,-0.000000,-0.077130,1,0.001000
0.015350,0.320000,0.974834,-1.851110,-1.745146,-0.000000,-0.077130,1,0.001000
0.015400,0.320000,0.966109,-1.851110,-1.989519,-0.000000,-0.077130,1,0.001000
0.015450,0.320000,0.963553,-1.851110,-2.231929,-0.000000,-0.077130,1,0.001000
0.015500,0.320000,0.967034,-1.851110,-2.472136,-0.000000,-0.077130,1,0.001000
0.015550,0.320000,0.976416,-1.851110,-2.709903,-0.000000,-0.077130,1,0.001000
0.015600,0.320000,0.991558,-1.851110,-2.944996,-0.000000,-0.077130,1,0.001000
0.015650,0.320000,1.012315,-1.851110,-3.177183,-0.000000,-0.077130,1,0.001000
0.015700,0.320000,1.038539,-1.851110,-3.406234,-0.000000,-0.077130,1,0.001000
0.015750,0.320000,1.070078,-1.851110,-3.631924,-0.000000,-0.077130,1,0.001000
0.015800,0.320000,1.106775,-1.851110,-3.854029,-0.000000,-0.077130,1,0.001000
0.015850,0.320000,1.148471,-1.851110,-4.072331,-0.000000,-0.077130,1,0.001000
0.015900,0.320000,1.195003,-1.851110,-4.286614,-0.000000,-0.077130,1,0.001000
0.015950,0.320000,1.246204,-1.851110,-4.496667,-0.000000,-0.077130,1,0.001000
0.016000,0.340000,1.182563,-1.922559,-4.702282,-4.702282,-0.276035,1,0.001000
0.016050,0.340000,1.124741,-1.922559,-4.903256,-4.702282,-0.276035,1,0.001000
0.016100,0.340000,1.072545,-1.922559,-5.099392,-4.702282,-0.276035,1,0.001000
0.016150,0.340000,1.025780,-1.922559,-5.290495,-4.702282,-0.276035,1,0.001000
0.016200,0.340000,0.984246,-1.922559,-5.476377,-4.702282,-0.276035,1,0.001000
0.016250,0.340000,0.947743,-1.922559,-5.656854,-4.702282,-0.276035,1,0.001000
0.016300,0.340000,0.916069,-1.922559,-5.831749,-4.702282,-0.276035,1,0.001000
0.016350,0.340000,0.889020,-1.922559,-6.000889,-4.702282,-0.276035,1,0.001000
0.016400,0.340000,0.866388,-1.922559,-6.164106,-4.702282,-0.276035,1,0.001000
0.016450,0.340000,0.847969,-1.922559,-6.321240,-4.702282,-0.276035,1,0.001000
0.016500,0.340000,0.833551,-1.922559,-6.472136,-4.702282,-0.276035,1,0.001000
0.016550,0.340000,0.822927,-1.922559,-6.616645,-4.702282,-0.276035,1,0.001000
0.016600,0.340000,0.815885,-1.922559,-6.754623,-4.702282,-0.276035,1,0.001000
0.016650,0.340000,0.812214,-1.922559,-6.885936,-4.702282,-0.276035,1,0.001000
0.016700,0.340000,0.811701,-1.922559,-7.010453,-4.702282,-0.276035,1,0.001000
0.016750,0.340000,0.814135,-1.922559,-7.128052,-4.702282,-0.276035,1,0.001000
0.016800,0.340000,0.819303,-1.922559,-7.238616,-4.702282,-0.276035,1,0.001000
0.016850,0.340000,0.826992,-1.922559,-7.342037,-4.702282,-0.276035,1,0.001000
0.016900,0.340000,0.836989,-1.922559,-7.438212,-4.702282,-0.276035,1,0.001000
0.016950,0.340000,0.849081,-1.922559,-7.527046,-4.702282,-0.276035,1,0.001000
0.017000,0.360000,0.808815,-1.186130,-7.608452,-7.608452,-0.366441,1,0.001000
0.017050,0.360000,0.770899,-1.186130,-7.682349,-7.608452,-0.366441,1,0.001000
0.017100,0.360000,0.735114,-1.186130,-7.748665,-7.608452,-0.366441,1,0.001000
0.017150,0.360000,0.701244,-1.186130,-7.807334,-7.608452,-0.366441,1,0.001000
0.017200,0.360000,0.669072,-1.186130,-7.858298,-7.608452,-0.366441,1,0.001000
0.017250,0.360000,0.638381,-1.186130,-7.901507,-7.608452,-0.366441,1,0.001000
0.017300,0.360000,0.608960,-1.186130,-7.936918,-7.608452,-0.366441,1,0.001000
0.017350,0.360000,0.580596,-1.186130,-7.964496,-7.608452,-0.366441,1,0.001000
0.017400,0.360000,0.553079,-1.186130,-7.984214,-7.608452,-0.366441,1,0.001000
0.017450,0.360000,0.526202,-1.186130,-7.996052,-7.608452,-0.366441,1,0.001000
0.017500,0.360000,0.499760,-1.186130,-8.000000,-7.608452,-0.366441,1,0.001000
0.017550,0.360000,0.473550,-1.186130,-7.996052,-7.608452,-0.366441,1,0.001000
0.017600,0.360000,0.447372,-1.186130,-7.984214,-7.608452,-0.366441,1,0.001000
0.017650,0.360000,0.421027,-1.186130,-7.964496,-7.608452,-0.366441,1,0.001000
0.017700,0.360000,0.394323,-1.186130,-7.936918,-7.608452,-0.366441,1,0.001000
0.017750,0.360000,0.367067,-1.186130,-7.901507,-7.608452,-0.366441,1,0.001000
0.017800,0.360000,0.339071,-1.186130,-7.858298,-7.608452,-0.366441,1,0.001000
0.017850,0.360000,0.310152,-1.186130,-7.807334,-7.608452,-0.366441,1,0.001000
0.017900,0.360000,0.280127,-1.186130,-7.748665,-7.608452,-0.366441,1,0.001000
0.017950,0.360000,0.248820,-1.186130,-7.682349,-7.608452,-0.366441,1,0.001000
0.018000,0.380000,0.247725,0.080630,-7.608452,-7.608452,-0.313659,1,0.001000
0.018050,0.380000,0.244609,0.080630,-7.527046,-7.608452,-0.313659,1,0.001000
0.018100,0.380000,0.239311,0.080630,-7.438212,-7.608452,-0.313659,1,0.001000
0.018150,0.380000,0.231675,0.080630,-7.342037,-7.608452,-0.313659,1,0.001000
0.018200,0.380000,0.221549,0.080630,-7.238616,-7.608452,-0.313659,1,0.001000
0.018250,0.380000,0.208786,0.080630,-7.128052,-7.608452,-0.313659,1,0.001000
0.018300,0.380000,0.193241,0.080630,-7.010453,-7.608452,-0.313659,1,0.001000
0.018350,0.380000,0.174779,0.080630,-6.885936,-7.608452,-0.313659,1,0.001000
0.018400,0.380000,0.153264,0.080630,-6.754623,-7.608452,-0.313659,1,0.001000
0.018450,0.380000,0.128569,0.080630,-6.616645,-7.608452,-0.313659,1,0.001000
0.018500,0.380000,0.100570,0.080630,-6.472136,-7.608452,-0.313659,1,0.001000
0.018550,0.380000,0.069148,0.080630,-6.321240,-7.608452,-0.313659,1,0.001000
0.018600,0.380000,0.034191,0.080630,-6.164106,-7.608452,-0.313659,1,0.001000
0.018650,0.380000,-0.004410,0.080630,-6.000889,-7.608452,-0.313659,1,0.001000
0.018700,0.380000,-0.046757,0.080630,-5.831749,-7.608452,-0.313659,1,0.001000
0.018750,0.380000,-0.092947,0.080630,-5.656854,-7.608452,-0.313659,1,0.001000
0.018800,0.380000,-0.143071,0.080630,-5.476377,-7.608452,-0.313659,1,0.001000
0.018850,0.380000,-0.197216,0.080630,-5.290495,-7.608452,-0.313659,1,0.001000
0.018900,0.380000,-0.255461,0.080630,-5.099392,-7.608452,-0.313659,1,0.001000
0.018950,0.380000,-0.317882,0.080630,-4.903256,-7.608452,-0.313659,1,0.001000
0.019000,0.400000,-0.278968,1.397610,-4.702282,-4.702282,-0.137695,1,0.001000
0.019050,0.400000,-0.245681,1.397610,-4.496667,-4.702282,-0.137695,1,0.001000
0.019100,0.400000,-0.218062,1.397610,-4.286614,-4.702282,-0.137695,1,0.001000
0.019150,0.400000,-0.196145,1.397610,-4.072331,-4.702282,-0.137695,1,0.001000
0.019200,0.400000,-0.179959,1.397610,-3.854029,-4.702282,-0.137695,1,0.001000
0.019250,0.400000,-0.169528,1.397610,-3.631924,-4.702282,-0.137695,1,0.001000
0.019300,0.400000,-0.164870,1.397610,-3.406234,-4.702282,-0.137695,1,0.001000
0.019350,0.400000,-0.165996,1.397610,-3.177183,-4.702282,-0.137695,1,0.001000
0.019400,0.400000,-0.172913,1.397610,-2.944996,-4.702282,-0.137695,1,0.001000
0.019450,0.400000,-0.185621,1.397610,-2.709903,-4.702282,-0.137695,1,0.001000
0.019500,0.400000,-0.204114,1.397610,-2.472136,-4.702282,-0.137695,1,0.001000
0.019550,0.400000,-0.228381,1.397610,-2.231929,-4.702282,-0.137695,1,0.001000
0.019600,0.400000,-0.258405,1.397610,-1.989519,-4.702282,-0.137695,1,0.001000
0.019650,0.400000,-0.294164,1.397610,-1.745146,-4.702282,-0.137695,1,0.001000
0.019700,0.400000,-0.335627,1.397610,-1.499051,-4.702282,-0.137695,1,0.001000
0.019750,0.400000,-0.382762,1.397610,-1.251476,-4.702282,-0.137695,1,0.001000
0.019800,0.400000,-0.435527,1.397610,-1.002666,-4.702282,-0.137695,1,0.001000
0.019850,0.400000,-0.493878,1.397610,-0.752867,-4.702282,-0.137695,1,0.001000
0.019900,0.400000,-0.557764,1.397610,-0.502324,-4.702282,-0.137695,1,0.001000
0.019950,0.400000,-0.627126,1.397610,-0.251286,-4.702282,-0.137695,1,0.001000
0.020000,0.420000,-0.562649,2.265523,-0.000000,-0.000000,0.094397,1,0.001000
0.020050,0.420000,-0.505260,2.265523,0.251286,-0.000000,0.094397,1,0.001000
0.020100,0.420000,-0.454864,2.265523,0.502324,-0.000000,0.094397,1,0.001000
0.020150,0.420000,-0.411362,2.265523,0.752867,-0.000000,0.094397,1,0.001000
0.020200,0.420000,-0.374649,2.265523,1.002666,-0.000000,0.094397,1,0.001000
0.020250,0.420000,-0.344614,2.265523,1.251476,-0.000000,0.094397,1,0.001000
0.020300,0.420000,-0.321145,2.265523,1.499051,-0.000000,0.094397,1,0.001000
0.020350,0.420000,-0.304121,2.265523,1.745146,-0.000000,0.094397,1,0.001000
0.020400,0.420000,-0.293419,2.265523,1.989519,-0.000000,0.094397,1,0.001000
0.020450,0.420000,-0.288912,2.265523,2.231929,-0.000000,0.094397,1,0.001000
0.020500,0.420000,-0.290466,2.265523,2.472136,-0.000000,0.094397,1,0.001000
0.020550,0.420000,-0.297945,2.265523,2.709903,-0.000000,0.094397,1,0.001000
0.020600,0.420000,-0.311207,2.265523,2.944996,-0.000000,0.094397,1,0.001000
0.020650,0.420000,-0.330108,2.265523,3.177183,-0.000000,0.094397,1,0.001000
0.020700,0.420000,-0.354500,2.265523,3.406234,-0.000000,0.094397,1,0.001000
0.020750,0.420000,-0.384229,2.265523,3.631924,-0.000000,0.094397,1,0.001000
0.020800,0.420000,-0.419138,2.265523,3.854029,-0.000000,0.094397,1,0.001000
0.020850,0.420000,-0.459069,2.265523,4.072331,-0.000000,0.094397,1,0.001000
0.020900,0.420000,-0.503858,2.265523,4.286614,-0.000000,0.094397,1,0.001000
0.020950,0.420000,-0.553339,2.265523,4.496667,-0.000000,0.094397,1,0.001000
0.021000,0.440000,-0.487507,2.356616,4.702282,4.702282,0.294121,1,0.001000
0.021050,0.440000,-0.427522,2.356616,4.903256,4.702282,0.294121,1,0.001000
0.021100,0.440000,-0.373190,2.356616,5.099392,4.702282,0.294121,1,0.001000
0.021150,0.440000,-0.324315,2.356616,5.290495,4.702282,0.294121,1,0.001000
0.021200,0.440000,-0.280698,2.356616,5.476377,4.702282,0.294121,1,0.001000
0.021250,0.440000,-0.242138,2.356616,5.656854,4.702282,0.294121,1,0.001000
0.021300,0.440000,-0.208433,2.356616,5.831749,4.702282,0.294121,1,0.001000
0.021350,0.440000,-0.179377,2.356616,6.000889,4.702282,0.294121,1,0.001000
0.021400,0.440000,-0.154765,2.356616,6.164106,4.702282,0.294121,1,0.001000
0.021450,0.440000,-0.134389,2.356616,6.321240,4.702282,0.294121,1,0.001000
0.021500,0.440000,-0.118040,2.356616,6.472136,4.702282,0.294121,1,0.001000
0.021550,0.440000,-0.105509,2.356616,6.616645,4.702282,0.294121,1,0.001000
0.021600,0.440000,-0.096583,2.356616,6.754623,4.702282,0.294121,1,0.001000
0.021650,0.440000,-0.091051,2.356616,6.885936,4.702282,0.294121,1,0.001000
0.021700,0.440000,-0.088702,2.356616,7.010453,4.702282,0.294121,1,0.001000
0.021750,0.440000,-0.089322,2.356616,7.128052,4.702282,0.294121,1,0.001000
0.021800,0.440000,-0.092699,2.356616,7.238616,4.702282,0.294121,1,0.001000
0.021850,0.440000,-0.098618,2.356616,7.342037,4.702282,0.294121,1,0.001000
0.021900,0.440000,-0.106869,2.356616,7.438212,4.702282,0.294121,1,0.001000
0.021950,0.440000,-0.117236,2.356616,7.527046,4.702282,0.294121,1,0.001000
0.022000,0.460000,-0.074775,1.639858,7.608452,7.608452,0.385346,1,0.001000
0.022050,0.460000,-0.034691,1.639858,7.682349,7.608452,0.385346,1,0.001000
0.022100,0.460000,0.003234,1.639858,7.748665,7.608452,0.385346,1,0.001000
0.022150,0.460000,0.039218,1.639858,7.807334,7.608452,0.385346,1,0.001000
0.022200,0.460000,0.073478,1.639858,7.858298,7.608452,0.385346,1,0.001000
0.022250,0.460000,0.106230,1.639858,7.901507,7.608452,0.385346,1,0.001000
0.022300,0.460000,0.137687,1.639858,7.936918,7.608452,0.385346,1,0.001000
0.022350,0.460000,0.168061,1.639858,7.964496,7.608452,0.385346,1,0.001000
0.022400,0.460000,0.197563,1.639858,7.984214,7.608452,0.385346,1,0.001000
0.022450,0.460000,0.226399,1.639858,7.996052,7.608452,0.385346,1,0.001000
0.022500,0.460000,0.254777,1.639858,8.000000,7.608452,0.385346,1,0.001000
0.022550,0.460000,0.282899,1.639858,7.996052,7.608452,0.385346,1,0.001000
0.022600,0.460000,0.310965,1.639858,7.984214,7.608452,0.385346,1,0.001000
0.022650,0.460000,0.339173,1.639858,7.964496,7.608452,0.385346,1,0.001000
0.022700,0.460000,0.367719,1.639858,7.936918,7.608452,0.385346,1,0.001000
0.022750,0.460000,0.396792,1.639858,7.901507,7.608452,0.385346,1,0.001000
0.022800,0.460000,0.426583,1.639858,7.858298,7.608452,0.385346,1,0.001000
0.022850,0.460000,0.457275,1.639858,7.807334,7.608452,0.385346,1,0.001000
0.022900,0.460000,0.489050,1.639858,7.748665,7.608452,0.385346,1,0.001000
0.022950,0.460000,0.522086,1.639858,7.682349,7.608452,0.385346,1,0.001000
0.023000,0.480000,0.525380,0.392797,7.608452,7.608452,0.333385,1,0.001000
0.023050,0.480000,0.530668,0.392797,7.527046,7.608452,0.333385,1,0.001000
0.023100,0.480000,0.538110,0.392797,7.438212,7.608452,0.333385,1,0.001000
0.023150,0.480000,0.547864,0.392797,7.342037,7.608452,0.333385,1,0.001000
0.023200,0.480000,0.560082,0.392797,7.238616,7.608452,0.333385,1,0.001000
0.023250,0.480000,0.574910,0.392797,7.128052,7.608452,0.333385,1,0.001000
0.023300,0.480000,0.592494,0.392797,7.010453,7.608452,0.333385,1,0.001000
0.023350,0.480000,0.612971,0.392797,6.885936,7.608452,0.333385,1,0.001000
0.023400,0.480000,0.636474,0.392797,6.754623,7.608452,0.333385,1,0.001000
0.023450,0.480000,0.663133,0.392797,6.616645,7.608452,0.333385,1,0.001000
0.023500,0.480000,0.693072,0.392797,6.472136,7.608452,0.333385,1,0.001000
0.023550,0.480000,0.726409,0.392797,6.321240,7.608452,0.333385,1,0.001000
0.023600,0.480000,0.763257,0.392797,6.164106,7.608452,0.333385,1,0.001000
0.023650,0.480000,0.803725,0.392797,6.000889,7.608452,0.333385,1,0.001000
0.023700,0.480000,0.847916,0.392797,5.831749,7.608452,0.333385,1,0.001000
0.023750,0.480000,0.895927,0.392797,5.656854,7.608452,0.333385,1,0.001000
0.023800,0.480000,0.947850,0.392797,5.476377,7.608452,0.333385,1,0.001000
0.023850,0.480000,1.003771,0.392797,5.290495,7.608452,0.333385,1,0.001000
0.023900,0.480000,1.063770,0.392797,5.099392,7.608452,0.333385,1,0.001000
0.023950,0.480000,1.127923,0.392797,4.903256,7.608452,0.333385,1,0.001000
0.024000,0.500000,1.091212,-0.904462,4.702282,4.702282,0.158243,1,0.001000
0.024050,0.500000,1.060101,-0.904462,4.496667,4.702282,0.158243,1,0.001000
0.024100,0.500000,1.034630,-0.904462,4.286614,4.702282,0.158243,1,0.001000
0.024150,0.500000,1.014834,-0.904462,4.072331,4.702282,0.158243,1,0.001000
0.024200,0.500000,1.000743,-0.904462,3.854029,4.702282,0.158243,1,0.001000
0.024250,0.500000,0.992382,-0.904462,3.631924,4.702282,0.158243,1,0.001000
0.024300,0.500000,0.989766,-0.904462,3.406234,4.702282,0.158243,1,0.001000
0.024350,0.500000,0.992910,-0.904462,3.177183,4.702282,0.158243,1,0.001000
0.024400,0.500000,1.001819,-0.904462,2.944996,4.702282,0.158243,1,0.001000
0.024450,0.500000,1.016495,-0.904462,2.709903,4.702282,0.158243,1,0.001000
0.024500,0.500000,1.036931,-0.904462,2.472136,4.702282,0.158243,1,0.001000
0.024550,0.500000,1.063116,-0.904462,2.231929,4.702282,0.158243,1,0.001000
0.024600,0.500000,1.095035,-0.904462,1.989519,4.702282,0.158243,1,0.001000
0.024650,0.500000,1.132664,-0.904462,1.745146,4.702282,0.158243,1,0.001000
0.024700,0.500000,1.175975,-0.904462,1.499051,4.702282,0.158243,1,0.001000
0.024750,0.500000,1.224934,-0.904462,1.251476,4.702282,0.158243,1,0.001000
0.024800,0.500000,1.279501,-0.904462,1.002666,4.702282,0.158243,1,0.001000
0.024850,0.500000,1.339631,-0.904462,0.752867,4.702282,0.158243,1,0.001000
0.024900,0.500000,1.405273,-0.904462,0.502324,4.702282,0.158243,1,0.001000
0.024950,0.500000,1.476370,-0.904462,0.251286,4.702282,0.158243,1,0.001000
0.025000,0.520000,1.414100,-1.752631,-0.000000,-0.000000,-0.073026,1,0.001000
0.025050,0.520000,1.358890,-1.752631,-0.251286,-0.000000,-0.073026,1,0.001000
0.025100,0.520000,1.310646,-1.752631,-0.502324,-0.000000,-0.073026,1,0.001000
0.025150,0.520000,1.269269,-1.752631,-0.752867,-0.000000,-0.073026,1,0.001000
0.025200,0.520000,1.234654,-1.752631,-1.002666,-0.000000,-0.073026,1,0.001000
0.025250,0.520000,1.206692,-1.752631,-1.251476,-0.000000,-0.073026,1,0.001000
0.025300,0.520000,1.185269,-1.752631,-1.499051,-0.000000,-0.073026,1,0.001000
0.025350,0.520000,1.170266,-1.752631,-1.745146,-0.000000,-0.073026,1,0.001000
0.025400,0.520000,1.161560,-1.752631,-1.989519,-0.000000,-0.073026,1,0.001000
0.025450,0.520000,1.159023,-1.752631,-2.231929,-0.000000,-0.073026,1,0.001000
0.025500,0.520000,1.162523,-1.752631,-2.472136,-0.000000,-0.073026,1,0.001000
0.025550,0.520000,1.171923,-1.752631,-2.709903,-0.000000,-0.073026,1,0.001000
0.025600,0.520000,1.187083,-1.752631,-2.944996,-0.000000,-0.073026,1,0.001000
0.025650,0.520000,1.207858,-1.752631,-3.177183,-0.000000,-0.073026,1,0.001000
0.025700,0.520000,1.234100,-1.752631,-3.406234,-0.000000,-0.073026,1,0.001000
0.025750,0.520000,1.265656,-1.752631,-3.631924,-0.000000,-0.073026,1,0.001000
0.025800,0.520000,1.302370,-1.752631,-3.854029,-0.000000,-0.073026,1,0.001000
0.025850,0.520000,1.344083,-1.752631,-4.072331,-0.000000,-0.073026,1,0.001000
0.025900,0.520000,1.390632,-1.752631,-4.286614,-0.000000,-0.073026,1,0.001000
0.025950,0.520000,1.441850,-1.752631,-4.496667,-0.000000,-0.073026,1,0.001000
0.026000,0.540000,1.378228,-1.823960,-4.702282,-4.702282,-0.271927,1,0.001000
0.026050,0.540000,1.320425,-1.823960,-4.903256,-4.702282,-0.271927,1,0.001000
0.026100,0.540000,1.268249,-1.823960,-5.099392,-4.702282,-0.271927,1,0.001000
0.026150,0.540000,1.221502,-1.823960,-5.290495,-4.702282,-0.271927,1,0.001000
0.026200,0.540000,1.179986,-1.823960,-5.476377,-4.702282,-0.271927,1,0.001000
0.026250,0.540000,1.143502,-1.823960,-5.656854,-4.702282,-0.271927,1,0.001000
0.026300,0.540000,1.111846,-1.823960,-5.831749,-4.702282,-0.271927,1,0.001000
0.026350,0.540000,1.084814,-1.823960,-6.000889,-4.702282,-0.271927,1,0.001000
0.026400,0.540000,1.062200,-1.823960,-6.164106,-4.702282,-0.271927,1,0.001000
0.026450,0.540000,1.043798,-1.823960,-6.321240,-4.702282,-0.271927,1,0.001000
0.026500,0.540000,1.029398,-1.823960,-6.472136,-4.702282,-0.271927,1,0.001000
0.026550,0.540000,1.018790,-1.823960,-6.616645,-4.702282,-0.271927,1,0.001000
0.026600,0.540000,1.011765,-1.823960,-6.754623,-4.702282,-0.271927,1,0.001000
0.026650,0.540000,1.008110,-1.823960,-6.885936,-4.702282,-0.271927,1,0.001000
0.026700,0.540000,1.007614,-1.823960,-7.010453,-4.702282,-0.271927,1,0.001000
0.026750,0.540000,1.010064,-1.823960,-7.128052,-4.702282,-0.271927,1,0.001000
0.026800,0.540000,1.015248,-1.823960,-7.238616,-4.702282,-0.271927,1,0.001000
0.026850,0.540000,1.022952,-1.823960,-7.342037,-4.702282,-0.271927,1,0.001000
0.026900,0.540000,1.032964,-1.823960,-7.438212,-4.702282,-0.271927,1,0.001000
0.026950,0.540000,1.045072,-1.823960,-7.527046,-4.702282,-0.271927,1,0.001000
0.027000,0.560000,1.004824,-1.087420,-7.608452,-7.608452,-0.362328,1,0.001000
0.027050,0.560000,0.966925,-1.087420,-7.682349,-7.608452,-0.362328,1,0.001000
0.027100,0.560000,0.931159,-1.087420,-7.748665,-7.608452,-0.362328,1,0.001000
0.027150,0.560000,0.897306,-1.087420,-7.807334,-7.608452,-0.362328,1,0.001000
0.027200,0.560000,0.865150,-1.087420,-7.858298,-7.608452,-0.362328,1,0.001000
0.027250,0.560000,0.834476,-1.087420,-7.901507,-7.608452,-0.362328,1,0.001000
0.027300,0.560000,0.805072,-1.087420,-7.936918,-7.608452,-0.362328,1,0.001000
0.027350,0.560000,0.776724,-1.087420,-7.964496,-7.608452,-0.362328,1,0.001000
0.027400,0.560000,0.749223,-1.087420,-7.984214,-7.608452,-0.362328,1,0.001000
0.027450,0.560000,0.722363,-1.087420,-7.996052,-7.608452,-0.362328,1,0.001000
0.027500,0.560000,0.695936,-1.087420,-8.000000,-7.608452,-0.362328,1,0.001000
0.027550,0.560000,0.669742,-1.087420,-7.996052,-7.608452,-0.362328,1,0.001000
0.027600,0.560000,0.643578,-1.087420,-7.984214,-7.608452,-0.362328,1,0.001000
0.027650,0.560000,0.617249,-1.087420,-7.964496,-7.608452,-0.362328,1,0.001000
0.027700,0.560000,0.590560,-1.087420,-7.936918,-7.608452,-0.362328,1,0.001000
0.027750,0.560000,0.563319,-1.087420,-7.901507,-7.608452,-0.362328,1,0.001000
0.027800,0.560000,0.535338,-1.087420,-7.858298,-7.608452,-0.362328,1,0.001000
0.027850,0.560000,0.506433,-1.087420,-7.807334,-7.608452,-0.362328,1,0.001000
0.027900,0.560000,0.476422,-1.087420,-7.748665,-7.608452,-0.362328,1,0.001000
0.027950,0.560000,0.445129,-1.087420,-7.682349,-7.608452,-0.362328,1,0.001000
0.028000,0.580000,0.444051,0.179442,-7.608452,-7.608452,-0.309542,1,0.001000
0.028050,0.580000,0.440951,0.179442,-7.527046,-7.608452,-0.309542,1,0.001000
0.028100,0.580000,0.435669,0.179442,-7.438212,-7.608452,-0.309542,1,0.001000
0.028150,0.580000,0.428049,0.179442,-7.342037,-7.608452,-0.309542,1,0.001000
0.028200,0.580000,0.417938,0.179442,-7.238616,-7.608452,-0.309542,1,0.001000
0.028250,0.580000,0.405190,0.179442,-7.128052,-7.608452,-0.309542,1,0.001000
0.028300,0.580000,0.389661,0.179442,-7.010453,-7.608452,-0.309542,1,0.001000
0.028350,0.580000,0.371214,0.179442,-6.885936,-7.608452,-0.309542,1,0.001000
0.028400,0.580000,0.349714,0.179442,-6.754623,-7.608452,-0.309542,1,0.001000
0.028450,0.580000,0.325033,0.179442,-6.616645,-7.608452,-0.309542,1,0.001000
0.028500,0.580000,0.297049,0.179442,-6.472136,-7.608452,-0.309542,1,0.001000
0.028550,0.580000,0.265641,0.179442,-6.321240,-7.608452,-0.309542,1,0.001000
0.028600,0.580000,0.230698,0.179442,-6.164106,-7.608452,-0.309542,1,0.001000
0.028650,0.580000,0.192111,0.179442,-6.000889,-7.608452,-0.309542,1,0.001000
0.028700,0.580000,0.149779,0.179442,-5.831749,-7.608452,-0.309542,1,0.001000
0.028750,0.580000,0.103602,0.179442,-5.656854,-7.608452,-0.309542,1,0.001000
0.028800,0.580000,0.053492,0.179442,-5.476377,-7.608452,-0.309542,1,0.001000
0.028850,0.580000,-0.000640,0.179442,-5.290495,-7.608452,-0.309542,1,0.001000
0.028900,0.580000,-0.058872,0.179442,-5.099392,-7.608452,-0.309542,1,0.001000
0.028950,0.580000,-0.121280,0.179442,-4.903256,-7.608452,-0.309542,1,0.001000
0.029000,0.600000,-0.082351,1.496516,-4.702282,-4.702282,-0.133574,1,0.001000
0.029050,0.600000,-0.049050,1.496516,-4.496667,-4.702282,-0.133574,1,0.001000
0.029100,0.600000,-0.021415,1.496516,-4.286614,-4.702282,-0.133574,1,0.001000
0.029150,0.600000,0.000517,1.496516,-4.072331,-4.702282,-0.133574,1,0.001000
0.029200,0.600000,0.016717,1.496516,-3.854029,-4.702282,-0.133574,1,0.001000
0.029250,0.600000,0.027162,1.496516,-3.631924,-4.702282,-0.133574,1,0.001000
0.029300,0.600000,0.031834,1.496516,-3.406234,-4.702282,-0.133574,1,0.001000
0.029350,0.600000,0.030721,1.496516,-3.177183,-4.702282,-0.133574,1,0.001000
0.029400,0.600000,0.023818,1.496516,-2.944996,-4.702282,-0.133574,1,0.001000
0.029450,0.600000,0.011124,1.496516,-2.709903,-4.702282,-0.133574,1,0.001000
0.029500,0.600000,-0.007356,1.496516,-2.472136,-4.702282,-0.133574,1,0.001000
0.029550,0.600000,-0.031610,1.496516,-2.231929,-4.702282,-0.133574,1,0.001000
0.029600,0.600000,-0.061621,1.496516,-1.989519,-4.702282,-0.133574,1,0.001000
0.029650,0.600000,-0.097366,1.496516,-1.745146,-4.702282,-0.133574,1,0.001000
0.029700,0.600000,-0.138817,1.496516,-1.499051,-4.702282,-0.133574,1,0.001000
0.029750,0.600000,-0.185939,1.496516,-1.251476,-4.702282,-0.133574,1,0.001000
0.029800,0.600000,-0.238692,1.496516,-1.002666,-4.702282,-0.133574,1,0.001000
0.029850,0.600000,-0.297031,1.496516,-0.752867,-4.702282,-0.133574,1,0.001000
0.029900,0.600000,-0.360904,1.496516,-0.502324,-4.702282,-0.133574,1,0.001000
0.029950,0.600000,-0.430255,1.496516,-0.251286,-4.702282,-0.133574,1,0.001000
0.030000,0.620000,-0.365764,2.364516,0.000000,0.000000,0.098522,1,0.001000
0.030050,0.620000,-0.308361,2.364516,0.251286,0.000000,0.098522,1,0.001000
0.030100,0.620000,-0.257952,2.364516,0.502324,0.000000,0.098522,1,0.001000
0.030150,0.620000,-0.214436,2.364516,0.752867,0.000000,0.098522,1,0.001000
0.030200,0.620000,-0.177709,2.364516,1.002666,0.000000,0.098522,1,0.001000
0.030250,0.620000,-0.147662,2.364516,1.251476,0.000000,0.098522,1,0.001000
0.030300,0.620000,-0.124179,2.364516,1.499051,0.000000,0.098522,1,0.001000
0.030350,0.620000,-0.107143,2.364516,1.745146,0.000000,0.098522,1,0.001000
0.030400,0.620000,-0.096429,2.364516,1.989519,0.000000,0.098522,1,0.001000
0.030450,0.620000,-0.091909,2.364516,2.231929,0.000000,0.098522,1,0.001000
0.030500,0.620000,-0.093450,2.364516,2.472136,0.000000,0.098522,1,0.001000
0.030550,0.620000,-0.100917,2.364516,2.709903,0.000000,0.098522,1,0.001000
0.030600,0.620000,-0.114167,2.364516,2.944996,0.000000,0.098522,1,0.001000
0.030650,0.620000,-0.133057,2.364516,3.177183,0.000000,0.098522,1,0.001000
0.030700,0.620000,-0.157437,2.364516,3.406234,0.000000,0.098522,1,0.001000
0.030750,0.620000,-0.187154,2.364516,3.631924,0.000000,0.098522,1,0.001000
0.030800,0.620000,-0.222052,2.364516,3.854029,0.000000,0.098522,1,0.001000
0.030850,0.620000,-0.261972,2.364516,4.072331,0.000000,0.098522,1,0.001000
0.030900,0.620000,-0.306750,2.364516,4.286614,0.000000,0.098522,1,0.001000
0.030950,0.620000,-0.356219,2.364516,4.496667,0.000000,0.098522,1,0.001000
0.031000,0.640000,-0.290374,2.455689,4.702282,4.702282,0.298249,1,0.001000
0.031050,0.640000,-0.230377,2.455689,4.903256,4.702282,0.298249,1,0.001000
0.031100,0.640000,-0.176033,2.455689,5.099392,4.702282,0.298249,1,0.001000
0.031150,0.640000,-0.127145,2.455689,5.290495,4.702282,0.298249,1,0.001000
0.031200,0.640000,-0.083516,2.455689,5.476377,4.702282,0.298249,1,0.001000
0.031250,0.640000,-0.044944,2.455689,5.656854,4.702282,0.298249,1,0.001000
0.031300,0.640000,-0.011227,2.455689,5.831749,4.702282,0.298249,1,0.001000
0.031350,0.640000,0.017841,2.455689,6.000889,4.702282,0.298249,1,0.001000
0.031400,0.640000,0.042464,2.455689,6.164106,4.702282,0.298249,1,0.001000
0.031450,0.640000,0.062852,2.455689,6.321240,4.702282,0.298249,1,0.001000
0.031500,0.640000,0.079212,2.455689,6.472136,4.702282,0.298249,1,0.001000
0.031550,0.640000,0.091755,2.455689,6.616645,4.702282,0.298249,1,0.001000
0.031600,0.640000,0.100692,2.455689,6.754623,4.702282,0.298249,1,0.001000
0.031650,0.640000,0.106234,2.455689,6.885936,4.702282,0.298249,1,0.001000
0.031700,0.640000,0.108594,2.455689,7.010453,4.702282,0.298249,1,0.001000
0.031750,0.640000,0.107984,2.455689,7.128052,4.702282,0.298249,1,0.001000
0.031800,0.640000,0.104618,2.455689,7.238616,4.702282,0.298249,1,0.001000
0.031850,0.640000,0.098709,2.455689,7.342037,4.702282,0.298249,1,0.001000
0.031900,0.640000,0.090469,2.455689,7.438212,4.702282,0.298249,1,0.001000
0.031950,0.640000,0.080111,2.455689,7.527046,4.702282,0.298249,1,0.001000
0.032000,0.660000,0.122585,1.739005,7.608452,7.608452,0.389477,1,0.001000
0.032050,0.660000,0.162681,1.739005,7.682349,7.608452,0.389477,1,0.001000
0.032100,0.660000,0.200617,1.739005,7.748665,7.608452,0.389477,1,0.001000
0.032150,0.660000,0.236612,1.739005,7.807334,7.608452,0.389477,1,0.001000
0.032200,0.660000,0.270884,1.739005,7.858298,7.608452,0.389477,1,0.001000
0.032250,0.660000,0.303646,1.739005,7.901507,7.608452,0.389477,1,0.001000
0.032300,0.660000,0.335114,1.739005,7.936918,7.608452,0.389477,1,0.001000
0.032350,0.660000,0.365499,1.739005,7.964496,7.608452,0.389477,1,0.001000
0.032400,0.660000,0.395012,1.739005,7.984214,7.608452,0.389477,1,0.001000
0.032450,0.660000,0.423859,1.739005,7.996052,7.608452,0.389477,1,0.001000
0.032500,0.660000,0.452247,1.739005,8.000000,7.608452,0.389477,1,0.001000
0.032550,0.660000,0.480379,1.739005,7.996052,7.608452,0.389477,1,0.001000
0.032600,0.660000,0.508456,1.739005,7.984214,7.608452,0.389477,1,0.001000
0.032650,0.660000,0.536674,1.739005,7.964496,7.608452,0.389477,1,0.001000
0.032700,0.660000,0.565229,1.739005,7.936918,7.608452,0.389477,1,0.001000
0.032750,0.660000,0.594313,1.739005,7.901507,7.608452,0.389477,1,0.001000
0.032800,0.660000,0.624113,1.739005,7.858298,7.608452,0.389477,1,0.001000
0.032850,0.660000,0.654814,1.739005,7.807334,7.608452,0.389477,1,0.001000
0.032900,0.660000,0.686599,1.739005,7.748665,7.608452,0.389477,1,0.001000
0.032950,0.660000,0.719644,1.739005,7.682349,7.608452,0.389477,1,0.001000
0.033000,0.680000,0.722949,0.492011,7.608452,7.608452,0.337519,1,0.001000
0.033050,0.680000,0.728247,0.492011,7.527046,7.608452,0.337519,1,0.001000
0.033100,0.680000,0.735701,0.492011,7.438212,7.608452,0.337519,1,0.001000
0.033150,0.680000,0.745465,0.492011,7.342037,7.608452,0.337519,1,0.001000
0.033200,0.680000,0.757693,0.492011,7.238616,7.608452,0.337519,1,0.001000
0.033250,0.680000,0.772532,0.492011,7.128052,7.608452,0.337519,1,0.001000
0.033300,0.680000,0.790126,0.492011,7.010453,7.608452,0.337519,1,0.001000
0.033350,0.680000,0.810612,0.492011,6.885936,7.608452,0.337519,1,0.001000
0.033400,0.680000,0.834126,0.492011,6.754623,7.608452,0.337519,1,0.001000
0.033450,0.680000,0.860794,0.492011,6.616645,7.608452,0.337519,1,0.001000
0.033500,0.680000,0.890743,0.492011,6.472136,7.608452,0.337519,1,0.001000
0.033550,0.680000,0.924089,0.492011,6.321240,7.608452,0.337519,1,0.001000
0.033600,0.680000,0.960947,0.492011,6.164106,7.608452,0.337519,1,0.001000
0.033650,0.680000,1.001424,0.492011,6.000889,7.608452,0.337519,1,0.001000
0.033700,0.680000,1.045624,0.492011,5.831749,7.608452,0.337519,1,0.001000
0.033750,0.680000,1.093644,0.492011,5.656854,7.608452,0.337519,1,0.001000
0.033800,0.680000,1.145576,0.492011,5.476377,7.608452,0.337519,1,0.001000
0.033850,0.680000,1.201505,0.492011,5.290495,7.608452,0.337519,1,0.001000
0.033900,0.680000,1.261513,0.492011,5.099392,7.608452,0.337519,1,0.001000
0.033950,0.680000,1.325675,0.492011,4.903256,7.608452,0.337519,1,0.001000
0.034000,0.700000,1.288974,-0.805185,4.702282,4.702282,0.162379,1,0.001000
0.034050,0.700000,1.257873,-0.805185,4.496667,4.702282,0.162379,1,0.001000
0.034100,0.700000,1.232411,-0.805185,4.286614,4.702282,0.162379,1,0.001000
0.034150,0.700000,1.212625,-0.805185,4.072331,4.702282,0.162379,1,0.001000
0.034200,0.700000,1.198544,-0.805185,3.854029,4.702282,0.162379,1,0.001000
0.034250,0.700000,1.190192,-0.805185,3.631924,4.702282,0.162379,1,0.001000
0.034300,0.700000,1.187586,-0.805185,3.406234,4.702282,0.162379,1,0.001000
0.034350,0.700000,1.190739,-0.805185,3.177183,4.702282,0.162379,1,0.001000
0.034400,0.700000,1.199657,-0.805185,2.944996,4.702282,0.162379,1,0.001000
0.034450,0.700000,1.214341,-0.805185,2.709903,4.702282,0.162379,1,0.001000
0.034500,0.700000,1.234786,-0.805185,2.472136,4.702282,0.162379,1,0.001000
0.034550,0.700000,1.260980,-0.805185,2.231929,4.702282,0.162379,1,0.001000
0.034600,0.700000,1.292908,-0.805185,1.989519,4.702282,0.162379,1,0.001000
0.034650,0.700000,1.330545,-0.805185,1.745146,4.702282,0.162379,1,0.001000
0.034700,0.700000,1.373864,-0.805185,1.499051,4.702282,0.162379,1,0.001000
0.034750,0.700000,1.422832,-0.805185,1.251476,4.702282,0.162379,1,0.001000
0.034800,0.700000,1.477407,-0.805185,1.002666,4.702282,0.162379,1,0.001000
0.034850,0.700000,1.537545,-0.805185,0.752867,4.702282,0.162379,1,0.001000
0.034900,0.700000,1.603195,-0.805185,0.502324,4.702282,0.162379,1,0.001000
0.034950,0.700000,1.674301,-0.805185,0.251286,4.702282,0.162379,1,0.001000
0.035000,0.720000,1.612039,-1.653297,-0.000000,-0.000000,-0.068887,1,0.001000
0.035050,0.720000,1.556839,-1.653297,-0.251286,-0.000000,-0.068887,1,0.001000
0.035100,0.720000,1.508604,-1.653297,-0.502324,-0.000000,-0.068887,1,0.001000
0.035150,0.720000,1.467236,-1.653297,-0.752867,-0.000000,-0.068887,1,0.001000
0.035200,0.720000,1.432629,-1.653297,-1.002666,-0.000000,-0.068887,1,0.001000
0.035250,0.720000,1.404676,-1.653297,-1.251476,-0.000000,-0.068887,1,0.001000
0.035300,0.720000,1.383261,-1.653297,-1.499051,-0.000000,-0.068887,1,0.001000
0.035350,0.720000,1.368267,-1.653297,-1.745146,-0.000000,-0.068887,1,0.001000
0.035400,0.720000,1.359569,-1.653297,-1.989519,-0.000000,-0.068887,1,0.001000
0.035450,0.720000,1.357040,-1.653297,-2.231929,-0.000000,-0.068887,1,0.001000
0.035500,0.720000,1.360548,-1.653297,-2.472136,-0.000000,-0.068887,1,0.001000
0.035550,0.720000,1.369956,-1.653297,-2.709903,-0.000000,-0.068887,1,0.001000
0.035600,0.720000,1.385125,-1.653297,-2.944996,-0.000000,-0.068887,1,0.001000
0.035650,0.720000,1.405908,-1.653297,-3.177183,-0.000000,-0.068887,1,0.001000
0.035700,0.720000,1.432157,-1.653297,-3.406234,-0.000000,-0.068887,1,0.001000
0.035750,0.720000,1.463721,-1.653297,-3.631924,-0.000000,-0.068887,1,0.001000
0.035800,0.720000,1.500443,-1.653297,-3.854029,-0.000000,-0.068887,1,0.001000
0.035850,0.720000,1.542163,-1.653297,-4.072331,-0.000000,-0.068887,1,0.001000
0.035900,0.720000,1.588719,-1.653297,-4.286614,-0.000000,-0.068887,1,0.001000
0.035950,0.720000,1.639944,-1.653297,-4.496667,-0.000000,-0.068887,1,0.001000
0.036000,0.740000,1.576331,-1.724573,-4.702282,-4.702282,-0.267786,1,0.001000
0.036050,0.740000,1.518536,-1.724573,-4.903256,-4.702282,-0.267786,1,0.001000
0.036100,0.740000,1.466368,-1.724573,-5.099392,-4.702282,-0.267786,1,0.001000
0.036150,0.740000,1.419630,-1.724573,-5.290495,-4.702282,-0.267786,1,0.001000
0.036200,0.740000,1.378122,-1.724573,-5.476377,-4.702282,-0.267786,1,0.001000
0.036250,0.740000,1.341646,-1.724573,-5.656854,-4.702282,-0.267786,1,0.001000
0.036300,0.740000,1.309998,-1.724573,-5.831749,-4.702282,-0.267786,1,0.001000
0.036350,0.740000,1.282973,-1.724573,-6.000889,-4.702282,-0.267786,1,0.001000
0.036400,0.740000,1.260367,-1.724573,-6.164106,-4.702282,-0.267786,1,0.001000
0.036450,0.740000,1.241973,-1.724573,-6.321240,-4.702282,-0.267786,1,0.001000
0.036500,0.740000,1.227580,-1.724573,-6.472136,-4.702282,-0.267786,1,0.001000
0.036550,0.740000,1.216980,-1.724573,-6.616645,-4.702282,-0.267786,1,0.001000
0.036600,0.740000,1.209962,-1.724573,-6.754623,-4.702282,-0.267786,1,0.001000
0.036650,0.740000,1.206314,-1.724573,-6.885936,-4.702282,-0.267786,1,0.001000
0.036700,0.740000,1.205825,-1.724573,-7.010453,-4.702282,-0.267786,1,0.001000
0.036750,0.740000,1.208282,-1.724573,-7.128052,-4.702282,-0.267786,1,0.001000
0.036800,0.740000,1.213473,-1.724573,-7.238616,-4.702282,-0.267786,1,0.001000
0.036850,0.740000,1.221184,-1.724573,-7.342037,-4.702282,-0.267786,1,0.001000
0.036900,0.740000,1.231203,-1.724573,-7.438212,-4.702282,-0.267786,1,0.001000
0.036950,0.740000,1.243318,-1.724573,-7.527046,-4.702282,-0.267786,1,0.001000
0.037000,0.760000,1.203077,-0.987984,-7.608452,-7.608452,-0.358185,1,0.001000
0.037050,0.760000,1.165186,-0.987984,-7.682349,-7.608452,-0.358185,1,0.001000
0.037100,0.760000,1.129427,-0.987984,-7.748665,-7.608452,-0.358185,1,0.001000
0.037150,0.760000,1.095582,-0.987984,-7.807334,-7.608452,-0.358185,1,0.001000
0.037200,0.760000,1.063434,-0.987984,-7.858298,-7.608452,-0.358185,1,0.001000
0.037250,0.760000,1.032767,-0.987984,-7.901507,-7.608452,-0.358185,1,0.001000
0.037300,0.760000,1.003370,-0.987984,-7.936918,-7.608452,-0.358185,1,0.001000
0.037350,0.760000,0.975029,-0.987984,-7.964496,-7.608452,-0.358185,1,0.001000
0.037400,0.760000,0.947536,-0.987984,-7.984214,-7.608452,-0.358185,1,0.001000
0.037450,0.760000,0.920682,-0.987984,-7.996052,-7.608452,-0.358185,1,0.001000
0.037500,0.760000,0.894263,-0.987984,-8.000000,-7.608452,-0.358185,1,0.001000
0.037550,0.760000,0.868075,-0.987984,-7.996052,-7.608452,-0.358185,1,0.001000
0.037600,0.760000,0.841918,-0.987984,-7.984214,-7.608452,-0.358185,1,0.001000
0.037650,0.760000,0.815596,-0.987984,-7.964496,-7.608452,-0.358185,1,0.001000
0.037700,0.760000,0.788913,-0.987984,-7.936918,-7.608452,-0.358185,1,0.001000
0.037750,0.760000,0.761678,-0.987984,-7.901507,-7.608452,-0.358185,1,0.001000
0.037800,0.760000,0.733704,-0.987984,-7.858298,-7.608452,-0.358185,1,0.001000
0.037850,0.760000,0.704805,-0.987984,-7.807334,-7.608452,-0.358185,1,0.001000
0.037900,0.760000,0.674801,-0.987984,-7.748665,-7.608452,-0.358185,1,0.001000
0.037950,0.760000,0.643513,-0.987984,-7.682349,-7.608452,-0.358185,1,0.001000
0.038000,0.780000,0.642442,0.278923,-7.608452,-7.608452,-0.305397,1,0.001000
0.038050,0.780000,0.639350,0.278923,-7.527046,-7.608452,-0.305397,1,0.001000
0.038100,0.780000,0.634075,0.278923,-7.438212,-7.608452,-0.305397,1,0.001000
0.038150,0.780000,0.626462,0.278923,-7.342037,-7.608452,-0.305397,1,0.001000
0.038200,0.780000,0.616358,0.278923,-7.238616,-7.608452,-0.305397,1,0.001000
0.038250,0.780000,0.603617,0.278923,-7.128052,-7.608452,-0.305397,1,0.001000
0.038300,0.780000,0.588095,0.278923,-7.010453,-7.608452,-0.305397,1,0.001000
0.038350,0.780000,0.569654,0.278923,-6.885936,-7.608452,-0.305397,1,0.001000
0.038400,0.780000,0.548160,0.278923,-6.754623,-7.608452,-0.305397,1,0.001000
0.038450,0.780000,0.523486,0.278923,-6.616645,-7.608452,-0.305397,1,0.001000
0.038500,0.780000,0.495508,0.278923,-6.472136,-7.608452,-0.305397,1,0.001000
0.038550,0.780000,0.464107,0.278923,-6.321240,-7.608452,-0.305397,1,0.001000
0.038600,0.780000,0.429170,0.278923,-6.164106,-7.608452,-0.305397,1,0.001000
0.038650,0.780000,0.390589,0.278923,-6.000889,-7.608452,-0.305397,1,0.001000
0.038700,0.780000,0.348262,0.278923,-5.831749,-7.608452,-0.305397,1,0.001000
0.038750,0.780000,0.302092,0.278923,-5.656854,-7.608452,-0.305397,1,0.001000
0.038800,0.780000,0.251987,0.278923,-5.476377,-7.608452,-0.305397,1,0.001000
0.038850,0.780000,0.197861,0.278923,-5.290495,-7.608452,-0.305397,1,0.001000
0.038900,0.780000,0.139635,0.278923,-5.099392,-7.608452,-0.305397,1,0.001000
0.038950,0.780000,0.077232,0.278923,-4.903256,-7.608452,-0.305397,1,0.001000
0.039000,0.800000,0.116168,1.596038,-4.702282,-4.702282,-0.129427,1,0.001000
0.039050,0.800000,0.149476,1.596038,-4.496667,-4.702282,-0.129427,1,0.001000
0.039100,0.800000,0.177117,1.596038,-4.286614,-4.702282,-0.129427,1,0.001000
0.039150,0.800000,0.199055,1.596038,-4.072331,-4.702282,-0.129427,1,0.001000
0.039200,0.800000,0.215262,1.596038,-3.854029,-4.702282,-0.129427,1,0.001000
0.039250,0.800000,0.225713,1.596038,-3.631924,-4.702282,-0.129427,1,0.001000
0.039300,0.800000,0.230391,1.596038,-3.406234,-4.702282,-0.129427,1,0.001000
0.039350,0.800000,0.229285,1.596038,-3.177183,-4.702282,-0.129427,1,0.001000
0.039400,0.800000,0.222388,1.596038,-2.944996,-4.702282,-0.129427,1,0.001000
0.039450,0.800000,0.209699,1.596038,-2.709903,-4.702282,-0.129427,1,0.001000
0.039500,0.800000,0.191225,1.596038,-2.472136,-4.702282,-0.129427,1,0.001000
0.039550,0.800000,0.166977,1.596038,-2.231929,-4.702282,-0.129427,1,0.001000
0.039600,0.800000,0.136972,1.596038,-1.989519,-4.702282,-0.129427,1,0.001000
0.039650,0.800000,0.101232,1.596038,-1.745146,-4.702282,-0.129427,1,0.001000
0.039700,0.800000,0.059787,1.596038,-1.499051,-4.702282,-0.129427,1,0.001000
0.039750,0.800000,0.012671,1.596038,-1.251476,-4.702282,-0.129427,1,0.001000
0.039800,0.800000,-0.040077,1.596038,-1.002666,-4.702282,-0.129427,1,0.001000
0.039850,0.800000,-0.098411,1.596038,-0.752867,-4.702282,-0.129427,1,0.001000
0.039900,0.800000,-0.162279,1.596038,-0.502324,-4.702282,-0.129427,1,0.001000
0.039950,0.800000,-0.231624,1.596038,-0.251286,-4.702282,-0.129427,1,0.001000
0.040000,0.820000,-0.167127,2.464076,-0.000000,-0.000000,0.102670,1,0.001000
0.040050,0.820000,-0.109718,2.464076,0.251286,-0.000000,0.102670,1,0.001000
0.040100,0.820000,-0.059303,2.464076,0.502324,-0.000000,0.102670,1,0.001000
0.040150,0.820000,-0.015781,2.464076,0.752867,-0.000000,0.102670,1,0.001000
0.040200,0.820000,0.020951,2.464076,1.002666,-0.000000,0.102670,1,0.001000
0.040250,0.820000,0.051004,2.464076,1.251476,-0.000000,0.102670,1,0.001000
0.040300,0.820000,0.074492,2.464076,1.499051,-0.000000,0.102670,1,0.001000
0.040350,0.820000,0.091534,2.464076,1.745146,-0.000000,0.102670,1,0.001000
0.040400,0.820000,0.102254,2.464076,1.989519,-0.000000,0.102670,1,0.001000
0.040450,0.820000,0.106780,2.464076,2.231929,-0.000000,0.102670,1,0.001000
0.040500,0.820000,0.105243,2.464076,2.472136,-0.000000,0.102670,1,0.001000
0.040550,0.820000,0.097782,2.464076,2.709903,-0.000000,0.102670,1,0.001000
0.040600,0.820000,0.084537,2.464076,2.944996,-0.000000,0.102670,1,0.001000
0.040650,0.820000,0.065653,2.464076,3.177183,-0.000000,0.102670,1,0.001000
0.040700,0.820000,0.041278,2.464076,3.406234,-0.000000,0.102670,1,0.001000
0.040750,0.820000,0.011566,2.464076,3.631924,-0.000000,0.102670,1,0.001000
0.040800,0.820000,-0.023328,2.464076,3.854029,-0.000000,0.102670,1,0.001000
0.040850,0.820000,-0.063242,2.464076,4.072331,-0.000000,0.102670,1,0.001000
0.040900,0.820000,-0.108015,2.464076,4.286614,-0.000000,0.102670,1,0.001000
0.040950,0.820000,-0.157480,2.464076,4.496667,-0.000000,0.102670,1,0.001000
0.041000,0.840000,-0.091629,2.555284,4.702282,4.702282,0.302399,1,0.001000
0.041050,0.840000,-0.031626,2.555284,4.903256,4.702282,0.302399,1,0.001000
0.041100,0.840000,0.022723,2.555284,5.099392,4.702282,0.302399,1,0.001000
0.041150,0.840000,0.071616,2.555284,5.290495,4.702282,0.302399,1,0.001000
0.041200,0.840000,0.115251,2.555284,5.476377,4.702282,0.302399,1,0.001000
0.041250,0.840000,0.153828,2.555284,5.656854,4.702282,0.302399,1,0.001000
0.041300,0.840000,0.187550,2.555284,5.831749,4.702282,0.302399,1,0.001000
0.041350,0.840000,0.216623,2.555284,6.000889,4.702282,0.302399,1,0.001000
0.041400,0.840000,0.241252,2.555284,6.164106,4.702282,0.302399,1,0.001000
0.041450,0.840000,0.261644,2.555284,6.321240,4.702282,0.302399,1,0.001000
0.041500,0.840000,0.278009,2.555284,6.472136,4.702282,0.302399,1,0.001000
0.041550,0.840000,0.290557,2.555284,6.616645,4.702282,0.302399,1,0.001000
0.041600,0.840000,0.299499,2.555284,6.754623,4.702282,0.302399,1,0.001000
0.041650,0.840000,0.305046,2.555284,6.885936,4.702282,0.302399,1,0.001000
0.041700,0.840000,0.307410,2.555284,7.010453,4.702282,0.302399,1,0.001000
0.041750,0.840000,0.306806,2.555284,7.128052,4.702282,0.302399,1,0.001000
0.041800,0.840000,0.303444,2.555284,7.238616,4.702282,0.302399,1,0.001000
0.041850,0.840000,0.297539,2.555284,7.342037,4.702282,0.302399,1,0.001000
0.041900,0.840000,0.289304,2.555284,7.438212,4.702282,0.302399,1,0.001000
0.041950,0.840000,0.278951,2.555284,7.527046,4.702282,0.302399,1,0.001000
0.042000,0.860000,0.321430,1.838632,7.608452,7.608452,0.393628,1,0.001000
0.042050,0.860000,0.361530,1.838632,7.682349,7.608452,0.393628,1,0.001000
0.042100,0.860000,0.399472,1.838632,7.748665,7.608452,0.393628,1,0.001000
0.042150,0.860000,0.435472,1.838632,7.807334,7.608452,0.393628,1,0.001000
0.042200,0.860000,0.469748,1.838632,7.858298,7.608452,0.393628,1,0.001000
0.042250,0.860000,0.502516,1.838632,7.901507,7.608452,0.393628,1,0.001000
0.042300,0.860000,0.533988,1.838632,7.936918,7.608452,0.393628,1,0.001000
0.042350,0.860000,0.564378,1.838632,7.964496,7.608452,0.393628,1,0.001000
0.042400,0.860000,0.593895,1.838632,7.984214,7.608452,0.393628,1,0.001000
0.042450,0.860000,0.622747,1.838632,7.996052,7.608452,0.393628,1,0.001000
0.042500,0.860000,0.651140,1.838632,8.000000,7.608452,0.393628,1,0.001000
0.042550,0.860000,0.679277,1.838632,7.996052,7.608452,0.393628,1,0.001000
0.042600,0.860000,0.707357,1.838632,7.984214,7.608452,0.393628,1,0.001000
0.042650,0.860000,0.735580,1.838632,7.964496,7.608452,0.393628,1,0.001000
0.042700,0.860000,0.764140,1.838632,7.936918,7.608452,0.393628,1,0.001000
0.042750,0.860000,0.793227,1.838632,7.901507,7.608452,0.393628,1,0.001000
0.042800,0.860000,0.823032,1.838632,7.858298,7.608452,0.393628,1,0.001000
0.042850,0.860000,0.853737,1.838632,7.807334,7.608452,0.393628,1,0.001000
0.042900,0.860000,0.885526,1.838632,7.748665,7.608452,0.393628,1,0.001000
0.042950,0.860000,0.918575,1.838632,7.682349,7.608452,0.393628,1,0.001000
0.043000,0.880000,0.921885,0.591667,7.608452,7.608452,0.341672,1,0.001000
0.043050,0.880000,0.927188,0.591667,7.527046,7.608452,0.341672,1,0.001000
0.043100,0.880000,0.934646,0.591667,7.438212,7.608452,0.341672,1,0.001000
0.043150,0.880000,0.944415,0.591667,7.342037,7.608452,0.341672,1,0.001000
0.043200,0.880000,0.956647,0.591667,7.238616,7.608452,0.341672,1,0.001000
0.043250,0.880000,0.971491,0.591667,7.128052,7.608452,0.341672,1,0.001000
0.043300,0.880000,0.989089,0.591667,7.010453,7.608452,0.341672,1,0.001000
0.043350,0.880000,1.009580,0.591667,6.885936,7.608452,0.341672,1,0.001000
0.043400,0.880000,1.033098,0.591667,6.754623,7.608452,0.341672,1,0.001000
0.043450,0.880000,1.059771,0.591667,6.616645,7.608452,0.341672,1,0.001000
0.043500,0.880000,1.089723,0.591667,6.472136,7.608452,0.341672,1,0.001000
0.043550,0.880000,1.123074,0.591667,6.321240,7.608452,0.341672,1,0.001000
0.043600,0.880000,1.159936,0.591667,6.164106,7.608452,0.341672,1,0.001000
0.043650,0.880000,1.200417,0.591667,6.000889,7.608452,0.341672,1,0.001000
0.043700,0.880000,1.244621,0.591667,5.831749,7.608452,0.341672,1,0.001000
0.043750,0.880000,1.292645,0.591667,5.656854,7.608452,0.341672,1,0.001000
0.043800,0.880000,1.344581,0.591667,5.476377,7.608452,0.341672,1,0.001000
0.043850,0.880000,1.400514,0.591667,5.290495,7.608452,0.341672,1,0.001000
0.043900,0.880000,1.460526,0.591667,5.099392,7.608452,0.341672,1,0.001000
0.043950,0.880000,1.524691,0.591667,4.903256,7.608452,0.341672,1,0.001000
0.044000,0.900000,1.487995,-0.705501,4.702282,4.702282,0.166533,1,0.001000
0.044050,0.900000,1.456897,-0.705501,4.496667,4.702282,0.166533,1,0.001000
0.044100,0.900000,1.431440,-0.705501,4.286614,4.702282,0.166533,1,0.001000
0.044150,0.900000,1.411659,-0.705501,4.072331,4.702282,0.166533,1,0.001000
0.044200,0.900000,1.397582,-0.705501,3.854029,4.702282,0.166533,1,0.001000
0.044250,0.900000,1.389233,-0.705501,3.631924,4.702282,0.166533,1,0.001000
0.044300,0.900000,1.386632,-0.705501,3.406234,4.702282,0.166533,1,0.001000
0.044350,0.900000,1.389789,-0.705501,3.177183,4.702282,0.166533,1,0.001000
0.044400,0.900000,1.398711,-0.705501,2.944996,4.702282,0.166533,1,0.001000
0.044450,0.900000,1.413399,-0.705501,2.709903,4.702282,0.166533,1,0.001000
0.044500,0.900000,1.433848,-0.705501,2.472136,4.702282,0.166533,1,0.001000
0.044550,0.900000,1.460046,-0.705501,2.231929,4.702282,0.166533,1,0.001000
0.044600,0.900000,1.491977,-0.705501,1.989519,4.702282,0.166533,1,0.001000
0.044650,0.900000,1.529618,-0.705501,1.745146,4.702282,0.166533,1,0.001000
0.044700,0.900000,1.572941,-0.705501,1.499051,4.702282,0.166533,1,0.001000
0.044750,0.900000,1.621912,-0.705501,1.251476,4.702282,0.166533,1,0.001000
0.044800,0.900000,1.676491,-0.705501,1.002666,4.702282,0.166533,1,0.001000
0.044850,0.900000,1.736632,-0.705501,0.752867,4.702282,0.166533,1,0.001000
0.044900,0.900000,1.802286,-0.705501,0.502324,4.702282,0.166533,1,0.001000
0.044950,0.900000,1.873395,-0.705501,0.251286,4.702282,0.166533,1,0.001000
0.045000,0.920000,1.811138,-1.553588,-0.000000,-0.000000,-0.064733,1,0.001000
0.045050,0.920000,1.755941,-1.553588,-0.251286,-0.000000,-0.064733,1,0.001000
0.045100,0.920000,1.707710,-1.553588,-0.502324,-0.000000,-0.064733,1,0.001000
0.045150,0.920000,1.666346,-1.553588,-0.752867,-0.000000,-0.064733,1,0.001000
0.045200,0.920000,1.631743,-1.553588,-1.002666,-0.000000,-0.064733,1,0.001000
0.045250,0.920000,1.603794,-1.553588,-1.251476,-0.000000,-0.064733,1,0.001000
0.045300,0.920000,1.582383,-1.553588,-1.499051,-0.000000,-0.064733,1,0.001000
0.045350,0.920000,1.567392,-1.553588,-1.745146,-0.000000,-0.064733,1,0.001000
0.045400,0.920000,1.558698,-1.553588,-1.989519,-0.000000,-0.064733,1,0.001000
0.045450,0.920000,1.556173,-1.553588,-2.231929,-0.000000,-0.064733,1,0.001000
0.045500,0.920000,1.559684,-1.553588,-2.472136,-0.000000,-0.064733,1,0.001000
0.045550,0.920000,1.569096,-1.553588,-2.709903,-0.000000,-0.064733,1,0.001000
0.045600,0.920000,1.584267,-1.553588,-2.944996,-0.000000,-0.064733,1,0.001000
0.045650,0.920000,1.605054,-1.553588,-3.177183,-0.000000,-0.064733,1,0.001000
0.045700,0.920000,1.631307,-1.553588,-3.406234,-0.000000,-0.064733,1,0.001000
0.045750,0.920000,1.662874,-1.553588,-3.631924,-0.000000,-0.064733,1,0.001000
0.045800,0.920000,1.699599,-1.553588,-3.854029,-0.000000,-0.064733,1,0.001000
0.045850,0.920000,1.741323,-1.553588,-4.072331,-0.000000,-0.064733,1,0.001000
0.045900,0.920000,1.787882,-1.553588,-4.286614,-0.000000,-0.064733,1,0.001000
0.045950,0.920000,1.839110,-1.553588,-4.496667,-0.000000,-0.064733,1,0.001000
0.046000,0.940000,1.775500,-1.624841,-4.702282,-4.702282,-0.263630,1,0.001000
0.046050,0.940000,1.717710,-1.624841,-4.903256,-4.702282,-0.263630,1,0.001000
0.046100,0.940000,1.665545,-1.624841,-5.099392,-4.702282,-0.263630,1,0.001000
0.046150,0.940000,1.618810,-1.624841,-5.290495,-4.702282,-0.263630,1,0.001000
0.046200,0.940000,1.577306,-1.624841,-5.476377,-4.702282,-0.263630,1,0.001000
0.046250,0.940000,1.540833,-1.624841,-5.656854,-4.702282,-0.263630,1,0.001000
0.046300,0.940000,1.509189,-1.624841,-5.831749,-4.702282,-0.263630,1,0.001000
0.046350,0.940000,1.482168,-1.624841,-6.000889,-4.702282,-0.263630,1,0.001000
0.046400,0.940000,1.459565,-1.624841,-6.164106,-4.702282,-0.263630,1,0.001000
0.046450,0.940000,1.441174,-1.624841,-6.321240,-4.702282,-0.263630,1,0.001000
0.046500,0.940000,1.426784,-1.624841,-6.472136,-4.702282,-0.263630,1,0.001000
0.046550,0.940000,1.416188,-1.624841,-6.616645,-4.702282,-0.263630,1,0.001000
0.046600,0.940000,1.409173,-1.624841,-6.754623,-4.702282,-0.263630,1,0.001000
0.046650,0.940000,1.405528,-1.624841,-6.885936,-4.702282,-0.263630,1,0.001000
0.046700,0.940000,1.405043,-1.624841,-7.010453,-4.702282,-0.263630,1,0.001000
0.046750,0.940000,1.407503,-1.624841,-7.128052,-4.702282,-0.263630,1,0.001000
0.046800,0.940000,1.412696,-1.624841,-7.238616,-4.702282,-0.263630,1,0.001000
0.046850,0.940000,1.420410,-1.624841,-7.342037,-4.702282,-0.263630,1,0.001000
0.046900,0.940000,1.430432,-1.624841,-7.438212,-4.702282,-0.263630,1,0.001000
0.046950,0.940000,1.442550,-1.624841,-7.527046,-4.702282,-0.263630,1,0.001000
0.047000,0.960000,1.402312,-0.888231,-7.608452,-7.608452,-0.354028,1,0.001000
0.047050,0.960000,1.364425,-0.888231,-7.682349,-7.608452,-0.354028,1,0.001000
0.047100,0.960000,1.328669,-0.888231,-7.748665,-7.608452,-0.354028,1,0.001000
0.047150,0.960000,1.294827,-0.888231,-7.807334,-7.608452,-0.354028,1,0.001000
0.047200,0.960000,1.262682,-0.888231,-7.858298,-7.608452,-0.354028,1,0.001000
0.047250,0.960000,1.232019,-0.888231,-7.901507,-7.608452,-0.354028,1,0.001000
0.047300,0.960000,1.202625,-0.888231,-7.936918,-7.608452,-0.354028,1,0.001000
0.047350,0.960000,1.174288,-0.888231,-7.964496,-7.608452,-0.354028,1,0.001000
0.047400,0.960000,1.146797,-0.888231,-7.984214,-7.608452,-0.354028,1,0.001000
0.047450,0.960000,1.119946,-0.888231,-7.996052,-7.608452,-0.354028,1,0.001000
0.047500,0.960000,1.093530,-0.888231,-8.000000,-7.608452,-0.354028,1,0.001000
0.047550,0.960000,1.067345,-0.888231,-7.996052,-7.608452,-0.354028,1,0.001000
0.047600,0.960000,1.041192,-0.888231,-7.984214,-7.608452,-0.354028,1,0.001000
0.047650,0.960000,1.014872,-0.888231,-7.964496,-7.608452,-0.354028,1,0.001000
0.047700,0.960000,0.988192,-0.888231,-7.936918,-7.608452,-0.354028,1,0.001000
0.047750,0.960000,0.960960,-0.888231,-7.901507,-7.608452,-0.354028,1,0.001000
0.047800,0.960000,0.932989,-0.888231,-7.858298,-7.608452,-0.354028,1,0.001000
0.047850,0.960000,0.904092,-0.888231,-7.807334,-7.608452,-0.354028,1,0.001000
0.047900,0.960000,0.874091,-0.888231,-7.748665,-7.608452,-0.354028,1,0.001000
0.047950,0.960000,0.842806,-0.888231,-7.682349,-7.608452,-0.354028,1,0.001000
0.048000,0.980000,0.841739,0.378695,-7.608452,-7.608452,-0.301240,1,0.001000
0.048050,0.980000,0.838649,0.378695,-7.527046,-7.608452,-0.301240,1,0.001000
0.048100,0.980000,0.833377,0.378695,-7.438212,-7.608452,-0.301240,1,0.001000
0.048150,0.980000,0.825767,0.378695,-7.342037,-7.608452,-0.301240,1,0.001000
0.048200,0.980000,0.815667,0.378695,-7.238616,-7.608452,-0.301240,1,0.001000
0.048250,0.980000,0.802928,0.378695,-7.128052,-7.608452,-0.301240,1,0.001000
0.048300,0.980000,0.787409,0.378695,-7.010453,-7.608452,-0.301240,1,0.001000
0.048350,0.980000,0.768971,0.378695,-6.885936,-7.608452,-0.301240,1,0.001000
0.048400,0.980000,0.747480,0.378695,-6.754623,-7.608452,-0.301240,1,0.001000
0.048450,0.980000,0.722809,0.378695,-6.616645,-7.608452,-0.301240,1,0.001000
0.048500,0.980000,0.694833,0.378695,-6.472136,-7.608452,-0.301240,1,0.001000
0.048550,0.980000,0.663435,0.378695,-6.321240,-7.608452,-0.301240,1,0.001000
0.048600,0.980000,0.628501,0.378695,-6.164106,-7.608452,-0.301240,1,0.001000
0.048650,0.980000,0.589923,0.378695,-6.000889,-7.608452,-0.301240,1,0.001000
0.048700,0.980000,0.547599,0.378695,-5.831749,-7.608452,-0.301240,1,0.001000
0.048750,0.980000,0.501431,0.378695,-5.656854,-7.608452,-0.301240,1,0.001000
0.048800,0.980000,0.451329,0.378695,-5.476377,-7.608452,-0.301240,1,0.001000
0.048850,0.980000,0.397206,0.378695,-5.290495,-7.608452,-0.301240,1,0.001000
0.048900,0.980000,0.338981,0.378695,-5.099392,-7.608452,-0.301240,1,0.001000
0.048950,0.980000,0.276582,0.378695,-4.903256,-7.608452,-0.301240,1,0.001000
0.049000,1.000000,0.315520,1.695828,-4.702282,-4.702282,-0.125269,1,0.001000
0.049050,1.000000,0.348831,1.695828,-4.496667,-4.702282,-0.125269,1,0.001000
0.049100,1.000000,0.376475,1.695828,-4.286614,-4.702282,-0.125269,1,0.001000
0.049150,1.000000,0.398416,1.695828,-4.072331,-4.702282,-0.125269,1,0.001000
0.049200,1.000000,0.414625,1.695828,-3.854029,-4.702282,-0.125269,1,0.001000
0.049250,1.000000,0.425079,1.695828,-3.631924,-4.702282,-0.125269,1,0.001000
0.049300,1.000000,0.429760,1.695828,-3.406234,-4.702282,-0.125269,1,0.001000
0.049350,1.000000,0.428656,1.695828,-3.177183,-4.702282,-0.125269,1,0.001000
0.049400,1.000000,0.421762,1.695828,-2.944996,-4.702282,-0.125269,1,0.001000
0.049450,1.000000,0.409076,1.695828,-2.709903,-4.702282,-0.125269,1,0.001000
0.049500,1.000000,0.390605,1.695828,-2.472136,-4.702282,-0.125269,1,0.001000
0.049550,1.000000,0.366359,1.695828,-2.231929,-4.702282,-0.125269,1,0.001000
0.049600,1.000000,0.336356,1.695828,-1.989519,-4.702282,-0.125269,1,0.001000
0.049650,1.000000,0.300619,1.695828,-1.745146,-4.702282,-0.125269,1,0.001000
0.049700,1.000000,0.259176,1.695828,-1.499051,-4.702282,-0.125269,1,0.001000
0.049750,1.000000,0.212062,1.695828,-1.251476,-4.702282,-0.125269,1,0.001000
0.049800,1.000000,0.159316,1.695828,-1.002666,-4.702282,-0.125269,1,0.001000
0.049850,1.000000,0.100985,1.695828,-0.752867,-4.702282,-0.125269,1,0.001000
0.049900,1.000000,0.037120,1.695828,-0.502324,-4.702282,-0.125269,1,0.001000
0.049950,1.000000,-0.032223,1.695828,-0.251286,-4.702282,-0.125269,1,0.001000
0.050000,1.000000,0.031176,2.519883,0.000000,0.000000,0.104995,1,0.001000
0.050050,1.000000,0.087502,2.519883,0.251286,0.000000,0.104995,1,0.001000
0.050100,1.000000,0.136847,2.519883,0.502324,0.000000,0.104995,1,0.001000
0.050150,1.000000,0.179312,2.519883,0.752867,0.000000,0.104995,1,0.001000
0.050200,1.000000,0.215001,2.519883,1.002666,0.000000,0.104995,1,0.001000
0.050250,1.000000,0.244023,2.519883,1.251476,0.000000,0.104995,1,0.001000
0.050300,1.000000,0.266494,2.519883,1.499051,0.000000,0.104995,1,0.001000
0.050350,1.000000,0.282531,2.519883,1.745146,0.000000,0.104995,1,0.001000
0.050400,1.000000,0.292259,2.519883,1.989519,0.000000,0.104995,1,0.001000
0.050450,1.000000,0.295804,2.519883,2.231929,0.000000,0.104995,1,0.001000
0.050500,1.000000,0.293300,2.519883,2.472136,0.000000,0.104995,1,0.001000
0.050550,1.000000,0.284884,2.519883,2.709903,0.000000,0.104995,1,0.001000
0.050600,1.000000,0.270695,2.519883,2.944996,0.000000,0.104995,1,0.001000
0.050650,1.000000,0.250879,2.519883,3.177183,0.000000,0.104995,1,0.001000
0.050700,1.000000,0.225584,2.519883,3.406234,0.000000,0.104995,1,0.001000
0.050750,1.000000,0.194963,2.519883,3.631924,0.000000,0.104995,1,0.001000
0.050800,1.000000,0.159172,2.519883,3.854029,0.000000,0.104995,1,0.001000
0.050850,1.000000,0.118371,2.519883,4.072331,0.000000,0.104995,1,0.001000
0.050900,1.000000,0.072723,2.519883,4.286614,0.000000,0.104995,1,0.001000
0.050950,1.000000,0.022395,2.519883,4.496667,0.000000,0.104995,1,0.001000
0.051000,1.000000,0.087269,2.606168,4.702282,4.702282,0.304519,1,0.001000
0.051050,1.000000,0.146308,2.606168,4.903256,4.702282,0.304519,1,0.001000
0.051100,1.000000,0.199706,2.606168,5.099392,4.702282,0.304519,1,0.001000
0.051150,1.000000,0.247658,2.606168,5.290495,4.702282,0.304519,1,0.001000
0.051200,1.000000,0.290364,2.606168,5.476377,4.702282,0.304519,1,0.001000
0.051250,1.000000,0.328025,2.606168,5.656854,4.702282,0.304519,1,0.001000
0.051300,1.000000,0.360842,2.606168,5.831749,4.702282,0.304519,1,0.001000
0.051350,1.000000,0.389020,2.606168,6.000889,4.702282,0.304519,1,0.001000
0.051400,1.000000,0.412766,2.606168,6.164106,4.702282,0.304519,1,0.001000
0.051450,1.000000,0.432287,2.606168,6.321240,4.702282,0.304519,1,0.001000
0.051500,1.000000,0.447791,2.606168,6.472136,4.702282,0.304519,1,0.001000
0.051550,1.000000,0.459489,2.606168,6.616645,4.702282,0.304519,1,0.001000
0.051600,1.000000,0.467591,2.606168,6.754623,4.702282,0.304519,1,0.001000
0.051650,1.000000,0.472309,2.606168,6.885936,4.702282,0.304519,1,0.001000
0.051700,1.000000,0.473855,2.606168,7.010453,4.702282,0.304519,1,0.001000
0.051750,1.000000,0.472442,2.606168,7.128052,4.702282,0.304519,1,0.001000
0.051800,1.000000,0.468282,2.606168,7.238616,4.702282,0.304519,1,0.001000
0.051850,1.000000,0.461589,2.606168,7.342037,4.702282,0.304519,1,0.001000
0.051900,1.000000,0.452575,2.606168,7.438212,4.702282,0.304519,1,0.001000
0.051950,1.000000,0.441453,2.606168,7.527046,4.702282,0.304519,1,0.001000
0.052000,1.000000,0.482929,1.879761,7.608452,7.608452,0.395342,1,0.001000
0.052050,1.000000,0.522039,1.879761,7.682349,7.608452,0.395342,1,0.001000
0.052100,1.000000,0.559002,1.879761,7.748665,7.608452,0.395342,1,0.001000
0.052150,1.000000,0.594036,1.879761,7.807334,7.608452,0.395342,1,0.001000
0.052200,1.000000,0.627359,1.879761,7.858298,7.608452,0.395342,1,0.001000
0.052250,1.000000,0.659184,1.879761,7.901507,7.608452,0.395342,1,0.001000
0.052300,1.000000,0.689727,1.879761,7.936918,7.608452,0.395342,1,0.001000
0.052350,1.000000,0.719198,1.879761,7.964496,7.608452,0.395342,1,0.001000
0.052400,1.000000,0.747808,1.879761,7.984214,7.608452,0.395342,1,0.001000
0.052450,1.000000,0.775765,1.879761,7.996052,7.608452,0.395342,1,0.001000
0.052500,1.000000,0.803273,1.879761,8.000000,7.608452,0.395342,1,0.001000
0.052550,1.000000,0.830536,1.879761,7.996052,7.608452,0.395342,1,0.001000
0.052600,1.000000,0.857754,1.879761,7.984214,7.608452,0.395342,1,0.001000
0.052650,1.000000,0.885125,1.879761,7.964496,7.608452,0.395342,1,0.001000
0.052700,1.000000,0.912844,1.879761,7.936918,7.608452,0.395342,1,0.001000
0.052750,1.000000,0.941101,1.879761,7.901507,7.608452,0.395342,1,0.001000
0.052800,1.000000,0.970085,1.879761,7.858298,7.608452,0.395342,1,0.001000
0.052850,1.000000,0.999981,1.879761,7.807334,7.608452,0.395342,1,0.001000
0.052900,1.000000,1.030970,1.879761,7.748665,7.608452,0.395342,1,0.001000
0.052950,1.000000,1.063229,1.879761,7.682349,7.608452,0.395342,1,0.001000
0.053000,1.000000,1.065528,0.623562,7.608452,7.608452,0.343001,1,0.001000
0.053050,1.000000,1.069833,0.623562,7.527046,7.608452,0.343001,1,0.001000
0.053100,1.000000,1.076305,0.623562,7.438212,7.608452,0.343001,1,0.001000
0.053150,1.000000,1.085101,0.623562,7.342037,7.608452,0.343001,1,0.001000
0.053200,1.000000,1.096372,0.623562,7.238616,7.608452,0.343001,1,0.001000
0.053250,1.000000,1.110266,0.623562,7.128052,7.608452,0.343001,1,0.001000
0.053300,1.000000,1.126927,0.623562,7.010453,7.608452,0.343001,1,0.001000
0.053350,1.000000,1.146493,0.623562,6.885936,7.608452,0.343001,1,0.001000
0.053400,1.000000,1.169096,0.623562,6.754623,7.608452,0.343001,1,0.001000
0.053450,1.000000,1.194867,0.623562,6.616645,7.608452,0.343001,1,0.001000
0.053500,1.000000,1.223928,0.623562,6.472136,7.608452,0.343001,1,0.001000
0.053550,1.000000,1.256398,0.623562,6.321240,7.608452,0.343001,1,0.001000
0.053600,1.000000,1.292391,0.623562,6.164106,7.608452,0.343001,1,0.001000
0.053650,1.000000,1.332014,0.623562,6.000889,7.608452,0.343001,1,0.001000
0.053700,1.000000,1.375371,0.623562,5.831749,7.608452,0.343001,1,0.001000
0.053750,1.000000,1.422557,0.623562,5.656854,7.608452,0.343001,1,0.001000
0.053800,1.000000,1.473666,0.623562,5.476377,7.608452,0.343001,1,0.001000
0.053850,1.000000,1.528784,0.623562,5.290495,7.608452,0.343001,1,0.001000
0.053900,1.000000,1.587989,0.623562,5.099392,7.608452,0.343001,1,0.001000
0.053950,1.000000,1.651358,0.623562,4.903256,7.608452,0.343001,1,0.001000
0.054000,1.000000,1.613642,-0.682968,4.702282,4.702282,0.167471,1,0.001000
0.054050,1.000000,1.581538,-0.682968,4.496667,4.702282,0.167471,1,0.001000
0.054100,1.000000,1.555086,-0.682968,4.286614,4.702282,0.167471,1,0.001000
0.054150,1.000000,1.534322,-0.682968,4.072331,4.702282,0.167471,1,0.001000
0.054200,1.000000,1.519275,-0.682968,3.854029,4.702282,0.167471,1,0.001000
0.054250,1.000000,1.509969,-0.682968,3.631924,4.702282,0.167471,1,0.001000
0.054300,1.000000,1.506421,-0.682968,3.406234,4.702282,0.167471,1,0.001000
0.054350,1.000000,1.508644,-0.682968,3.177183,4.702282,0.167471,1,0.001000
0.054400,1.000000,1.516644,-0.682968,2.944996,4.702282,0.167471,1,0.001000
0.054450,1.000000,1.530422,-0.682968,2.709903,4.702282,0.167471,1,0.001000
0.054500,1.000000,1.549971,-0.682968,2.472136,4.702282,0.167471,1,0.001000
0.054550,1.000000,1.575281,-0.682968,2.231929,4.702282,0.167471,1,0.001000
0.054600,1.000000,1.606335,-0.682968,1.989519,4.702282,0.167471,1,0.001000
0.054650,1.000000,1.643110,-0.682968,1.745146,4.702282,0.167471,1,0.001000
0.054700,1.000000,1.685577,-0.682968,1.499051,4.702282,0.167471,1,0.001000
0.054750,1.000000,1.733704,-0.682968,1.251476,4.702282,0.167471,1,0.001000
0.054800,1.000000,1.787449,-0.682968,1.002666,4.702282,0.167471,1,0.001000
0.054850,1.000000,1.846767,-0.682968,0.752867,4.702282,0.167471,1,0.001000
0.054900,1.000000,1.911607,-0.682968,0.502324,4.702282,0.167471,1,0.001000
0.054950,1.000000,1.981912,-0.682968,0.251286,4.702282,0.167471,1,0.001000
0.055000,1.000000,1.918627,-1.540458,-0.000000,-0.000000,-0.064186,1,0.001000
0.055050,1.000000,1.862415,-1.540458,-0.251286,-0.000000,-0.064186,1,0.001000
0.055100,1.000000,1.813181,-1.540458,-0.502324,-0.000000,-0.064186,1,0.001000
0.055150,1.000000,1.770827,-1.540458,-0.752867,-0.000000,-0.064186,1,0.001000
0.055200,1.000000,1.735247,-1.540458,-1.002666,-0.000000,-0.064186,1,0.001000
0.055250,1.000000,1.706332,-1.540458,-1.251476,-0.000000,-0.064186,1,0.001000
0.055300,1.000000,1.683967,-1.540458,-1.499051,-0.000000,-0.064186,1,0.001000
0.055350,1.000000,1.668035,-1.540458,-1.745146,-0.000000,-0.064186,1,0.001000
0.055400,1.000000,1.658411,-1.540458,-1.989519,-0.000000,-0.064186,1,0.001000
0.055450,1.000000,1.654968,-1.540458,-2.231929,-0.000000,-0.064186,1,0.001000
0.055500,1.000000,1.657572,-1.540458,-2.472136,-0.000000,-0.064186,1,0.001000
0.055550,1.000000,1.666089,-1.540458,-2.709903,-0.000000,-0.064186,1,0.001000
0.055600,1.000000,1.680376,-1.540458,-2.944996,-0.000000,-0.064186,1,0.001000
0.055650,1.000000,1.700290,-1.540458,-3.177183,-0.000000,-0.064186,1,0.001000
0.055700,1.000000,1.725680,-1.540458,-3.406234,-0.000000,-0.064186,1,0.001000
0.055750,1.000000,1.756396,-1.540458,-3.631924,-0.000000,-0.064186,1,0.001000
0.055800,1.000000,1.792280,-1.540458,-3.854029,-0.000000,-0.064186,1,0.001000
0.055850,1.000000,1.833174,-1.540458,-4.072331,-0.000000,-0.064186,1,0.001000
0.055900,1.000000,1.878913,-1.540458,-4.286614,-0.000000,-0.064186,1,0.001000
0.055950,1.000000,1.929332,-1.540458,-4.496667,-0.000000,-0.064186,1,0.001000
0.056000,1.000000,1.864686,-1.621163,-4.702282,-4.702282,-0.263477,1,0.001000
0.056050,1.000000,1.805873,-1.621163,-4.903256,-4.702282,-0.263477,1,0.001000
0.056100,1.000000,1.752698,-1.621163,-5.099392,-4.702282,-0.263477,1,0.001000
0.056150,1.000000,1.704965,-1.621163,-5.290495,-4.702282,-0.263477,1,0.001000
0.056200,1.000000,1.662477,-1.621163,-5.476377,-4.702282,-0.263477,1,0.001000
0.056250,1.000000,1.625031,-1.621163,-5.656854,-4.702282,-0.263477,1,0.001000
0.056300,1.000000,1.592426,-1.621163,-5.831749,-4.702282,-0.263477,1,0.001000
0.056350,1.000000,1.564456,-1.621163,-6.000889,-4.702282,-0.263477,1,0.001000
0.056400,1.000000,1.540917,-1.621163,-6.164106,-4.702282,-0.263477,1,0.001000
0.056450,1.000000,1.521601,-1.621163,-6.321240,-4.702282,-0.263477,1,0.001000
0.056500,1.000000,1.506298,-1.621163,-6.472136,-4.702282,-0.263477,1,0.001000
0.056550,1.000000,1.494799,-1.621163,-6.616645,-4.702282,-0.263477,1,0.001000
0.056600,1.000000,1.486894,-1.621163,-6.754623,-4.702282,-0.263477,1,0.001000
0.056650,1.000000,1.482370,-1.621163,-6.885936,-4.702282,-0.263477,1,0.001000
0.056700,1.000000,1.481015,-1.621163,-7.010453,-4.702282,-0.263477,1,0.001000
0.056750,1.000000,1.482618,-1.621163,-7.128052,-4.702282,-0.263477,1,0.001000
0.056800,1.000000,1.486964,-1.621163,-7.238616,-4.702282,-0.263477,1,0.001000
0.056850,1.000000,1.493842,-1.621163,-7.342037,-4.702282,-0.263477,1,0.001000
0.056900,1.000000,1.503038,-1.621163,-7.438212,-4.702282,-0.263477,1,0.001000
0.056950,1.000000,1.514340,-1.621163,-7.527046,-4.702282,-0.263477,1,0.001000
0.057000,1.000000,1.473060,-0.894048,-7.608452,-7.608452,-0.354271,1,0.001000
0.057050,1.000000,1.434143,-0.894048,-7.682349,-7.608452,-0.354271,1,0.001000
0.057100,1.000000,1.397370,-0.894048,-7.748665,-7.608452,-0.354271,1,0.001000
0.057150,1.000000,1.362524,-0.894048,-7.807334,-7.608452,-0.354271,1,0.001000
0.057200,1.000000,1.329387,-0.894048,-7.858298,-7.608452,-0.354271,1,0.001000
0.057250,1.000000,1.297745,-0.894048,-7.901507,-7.608452,-0.354271,1,0.001000
0.057300,1.000000,1.267384,-0.894048,-7.936918,-7.608452,-0.354271,1,0.001000
0.057350,1.000000,1.238091,-0.894048,-7.964496,-7.608452,-0.354271,1,0.001000
0.057400,1.000000,1.209658,-0.894048,-7.984214,-7.608452,-0.354271,1,0.001000
0.057450,1.000000,1.181876,-0.894048,-7.996052,-7.608452,-0.354271,1,0.001000
0.057500,1.000000,1.154540,-0.894048,-8.000000,-7.608452,-0.354271,1,0.001000
0.057550,1.000000,1.127447,-0.894048,-7.996052,-7.608452,-0.354271,1,0.001000
0.057600,1.000000,1.100397,-0.894048,-7.984214,-7.608452,-0.354271,1,0.001000
0.057650,1.000000,1.073192,-0.894048,-7.964496,-7.608452,-0.354271,1,0.001000
0.057700,1.000000,1.045637,-0.894048,-7.936918,-7.608452,-0.354271,1,0.001000
0.057750,1.000000,1.017542,-0.894048,-7.901507,-7.608452,-0.354271,1,0.001000
0.057800,1.000000,0.988718,-0.894048,-7.858298,-7.608452,-0.354271,1,0.001000
0.057850,1.000000,0.958980,-0.894048,-7.807334,-7.608452,-0.354271,1,0.001000
0.057900,1.000000,0.928146,-0.894048,-7.748665,-7.608452,-0.354271,1,0.001000
0.057950,1.000000,0.896041,-0.894048,-7.682349,-7.608452,-0.354271,1,0.001000
0.058000,1.000000,0.893924,0.363342,-7.608452,-7.608452,-0.301880,1,0.001000
0.058050,1.000000,0.889798,0.363342,-7.527046,-7.608452,-0.301880,1,0.001000
0.058100,1.000000,0.883503,0.363342,-7.438212,-7.608452,-0.301880,1,0.001000
0.058150,1.000000,0.874883,0.363342,-7.342037,-7.608452,-0.301880,1,0.001000
0.058200,1.000000,0.863784,0.363342,-7.238616,-7.608452,-0.301880,1,0.001000
0.058250,1.000000,0.850061,0.363342,-7.128052,-7.608452,-0.301880,1,0.001000
0.058300,1.000000,0.833568,0.363342,-7.010453,-7.608452,-0.301880,1,0.001000
0.058350,1.000000,0.814169,0.363342,-6.885936,-7.608452,-0.301880,1,0.001000
0.058400,1.000000,0.791730,0.363342,-6.754623,-7.608452,-0.301880,1,0.001000
0.058450,1.000000,0.766122,0.363342,-6.616645,-7.608452,-0.301880,1,0.001000
0.058500,1.000000,0.737221,0.363342,-6.472136,-7.608452,-0.301880,1,0.001000
0.058550,1.000000,0.704909,0.363342,-6.321240,-7.608452,-0.301880,1,0.001000
0.058600,1.000000,0.669073,0.363342,-6.164106,-7.608452,-0.301880,1,0.001000
0.058650,1.000000,0.629604,0.363342,-6.000889,-7.608452,-0.301880,1,0.001000
0.058700,1.000000,0.586400,0.363342,-5.831749,-7.608452,-0.301880,1,0.001000
0.058750,1.000000,0.539363,0.363342,-5.656854,-7.608452,-0.301880,1,0.001000
0.058800,1.000000,0.488403,0.363342,-5.476377,-7.608452,-0.301880,1,0.001000
0.058850,1.000000,0.433432,0.363342,-5.290495,-7.608452,-0.301880,1,0.001000
0.058900,1.000000,0.374372,0.363342,-5.099392,-7.608452,-0.301880,1,0.001000
0.058950,1.000000,0.311146,0.363342,-4.903256,-7.608452,-0.301880,1,0.001000
0.059000,1.000000,0.349029,1.670904,-4.702282,-4.702282,-0.126307,1,0.001000
0.059050,1.000000,0.381298,1.670904,-4.496667,-4.702282,-0.126307,1,0.001000
0.059100,1.000000,0.407913,1.670904,-4.286614,-4.702282,-0.126307,1,0.001000
0.059150,1.000000,0.428838,1.670904,-4.072331,-4.702282,-0.126307,1,0.001000
0.059200,1.000000,0.444044,1.670904,-3.854029,-4.702282,-0.126307,1,0.001000
0.059250,1.000000,0.453507,1.670904,-3.631924,-4.702282,-0.126307,1,0.001000
0.059300,1.000000,0.457209,1.670904,-3.406234,-4.702282,-0.126307,1,0.001000
0.059350,1.000000,0.455139,1.670904,-3.177183,-4.702282,-0.126307,1,0.001000
0.059400,1.000000,0.447291,1.670904,-2.944996,-4.702282,-0.126307,1,0.001000
0.059450,1.000000,0.433663,1.670904,-2.709903,-4.702282,-0.126307,1,0.001000
0.059500,1.000000,0.414261,1.670904,-2.472136,-4.702282,-0.126307,1,0.001000
0.059550,1.000000,0.389096,1.670904,-2.231929,-4.702282,-0.126307,1,0.001000
0.059600,1.000000,0.358186,1.670904,-1.989519,-4.702282,-0.126307,1,0.001000
0.059650,1.000000,0.321553,1.670904,-1.745146,-4.702282,-0.126307,1,0.001000
0.059700,1.000000,0.279225,1.670904,-1.499051,-4.702282,-0.126307,1,0.001000
0.059750,1.000000,0.231237,1.670904,-1.251476,-4.702282,-0.126307,1,0.001000
0.059800,1.000000,0.177629,1.670904,-1.002666,-4.702282,-0.126307,1,0.001000
0.059850,1.000000,0.118446,1.670904,-0.752867,-4.702282,-0.126307,1,0.001000
0.059900,1.000000,0.053739,1.670904,-0.502324,-4.702282,-0.126307,1,0.001000
0.059950,1.000000,-0.016435,1.670904,-0.251286,-4.702282,-0.126307,1,0.001000
0.060000,1.000000,0.047004,2.529352,0.000000,0.000000,0.105390,1,0.001000
0.060050,1.000000,0.103368,2.529352,0.251286,0.000000,0.105390,1,0.001000
0.060100,1.000000,0.152752,2.529352,0.502324,0.000000,0.105390,1,0.001000
0.060150,1.000000,0.195255,2.529352,0.752867,0.000000,0.105390,1,0.001000
0.060200,1.000000,0.230981,2.529352,1.002666,0.000000,0.105390,1,0.001000
0.060250,1.000000,0.260041,2.529352,1.251476,0.000000,0.105390,1,0.001000
0.060300,1.000000,0.282548,2.529352,1.499051,0.000000,0.105390,1,0.001000
0.060350,1.000000,0.298621,2.529352,1.745146,0.000000,0.105390,1,0.001000
0.060400,1.000000,0.308384,2.529352,1.989519,0.000000,0.105390,1,0.001000
0.060450,1.000000,0.311965,2.529352,2.231929,0.000000,0.105390,1,0.001000
0.060500,1.000000,0.309496,2.529352,2.472136,0.000000,0.105390,1,0.001000
0.060550,1.000000,0.301113,2.529352,2.709903,0.000000,0.105390,1,0.001000
0.060600,1.000000,0.286958,2.529352,2.944996,0.000000,0.105390,1,0.001000
0.060650,1.000000,0.267176,2.529352,3.177183,0.000000,0.105390,1,0.001000
0.060700,1.000000,0.241914,2.529352,3.406234,0.000000,0.105390,1,0.001000
0.060750,1.000000,0.211326,2.529352,3.631924,0.000000,0.105390,1,0.001000
0.060800,1.000000,0.175567,2.529352,3.854029,0.000000,0.105390,1,0.001000
0.060850,1.000000,0.134798,2.529352,4.072331,0.000000,0.105390,1,0.001000
0.060900,1.000000,0.089181,2.529352,4.286614,0.000000,0.105390,1,0.001000
0.060950,1.000000,0.038884,2.529352,4.496667,0.000000,0.105390,1,0.001000
0.061000,1.000000,0.103671,2.610938,4.702282,4.702282,0.304717,1,0.001000
0.061050,1.000000,0.162624,2.610938,4.903256,4.702282,0.304717,1,0.001000
0.061100,1.000000,0.215937,2.610938,5.099392,4.702282,0.304717,1,0.001000
0.061150,1.000000,0.263806,2.610938,5.290495,4.702282,0.304717,1,0.001000
0.061200,1.000000,0.306430,2.610938,5.476377,4.702282,0.304717,1,0.001000
0.061250,1.000000,0.344008,2.610938,5.656854,4.702282,0.304717,1,0.001000
0.061300,1.000000,0.376745,2.610938,5.831749,4.702282,0.304717,1,0.001000
0.061350,1.000000,0.404844,2.610938,6.000889,4.702282,0.304717,1,0.001000
0.061400,1.000000,0.428511,2.610938,6.164106,4.702282,0.304717,1,0.001000
0.061450,1.000000,0.447954,2.610938,6.321240,4.702282,0.304717,1,0.001000
0.061500,1.000000,0.463382,2.610938,6.472136,4.702282,0.304717,1,0.001000
0.061550,1.000000,0.475004,2.610938,6.616645,4.702282,0.304717,1,0.001000
0.061600,1.000000,0.483032,2.610938,6.754623,4.702282,0.304717,1,0.001000
0.061650,1.000000,0.487676,2.610938,6.885936,4.702282,0.304717,1,0.001000
0.061700,1.000000,0.489149,2.610938,7.010453,4.702282,0.304717,1,0.001000
0.061750,1.000000,0.487664,2.610938,7.128052,4.702282,0.304717,1,0.001000
0.061800,1.000000,0.483433,2.610938,7.238616,4.702282,0.304717,1,0.001000
0.061850,1.000000,0.476670,2.610938,7.342037,4.702282,0.304717,1,0.001000
0.061900,1.000000,0.467587,2.610938,7.438212,4.702282,0.304717,1,0.001000
0.061950,1.000000,0.456396,2.610938,7.527046,4.702282,0.304717,1,0.001000
0.062000,1.000000,0.497807,1.884634,7.608452,7.608452,0.395545,1,0.001000
0.062050,1.000000,0.536853,1.884634,7.682349,7.608452,0.395545,1,0.001000
0.062100,1.000000,0.573753,1.884634,7.748665,7.608452,0.395545,1,0.001000
0.062150,1.000000,0.608725,1.884634,7.807334,7.608452,0.395545,1,0.001000
0.062200,1.000000,0.641985,1.884634,7.858298,7.608452,0.395545,1,0.001000
0.062250,1.000000,0.673750,1.884634,7.901507,7.608452,0.395545,1,0.001000
0.062300,1.000000,0.704232,1.884634,7.936918,7.608452,0.395545,1,0.001000
0.062350,1.000000,0.733644,1.884634,7.964496,7.608452,0.395545,1,0.001000
0.062400,1.000000,0.762195,1.884634,7.984214,7.608452,0.395545,1,0.001000
0.062450,1.000000,0.790094,1.884634,7.996052,7.608452,0.395545,1,0.001000
0.062500,1.000000,0.817545,1.884634,8.000000,7.608452,0.395545,1,0.001000
0.062550,1.000000,0.844751,1.884634,7.996052,7.608452,0.395545,1,0.001000
0.062600,1.000000,0.871914,1.884634,7.984214,7.608452,0.395545,1,0.001000
0.062650,1.000000,0.899229,1.884634,7.964496,7.608452,0.395545,1,0.001000
0.062700,1.000000,0.926893,1.884634,7.936918,7.608452,0.395545,1,0.001000
0.062750,1.000000,0.955097,1.884634,7.901507,7.608452,0.395545,1,0.001000
0.062800,1.000000,0.984028,1.884634,7.858298,7.608452,0.395545,1,0.001000
0.062850,1.000000,1.013871,1.884634,7.807334,7.608452,0.395545,1,0.001000
0.062900,1.000000,1.044808,1.884634,7.748665,7.608452,0.395545,1,0.001000
0.062950,1.000000,1.077016,1.884634,7.682349,7.608452,0.395545,1,0.001000
0.063000,1.000000,1.079254,0.627990,7.608452,7.608452,0.343185,1,0.001000
0.063050,1.000000,1.083498,0.627990,7.527046,7.608452,0.343185,1,0.001000
0.063100,1.000000,1.089910,0.627990,7.438212,7.608452,0.343185,1,0.001000
0.063150,1.000000,1.098646,0.627990,7.342037,7.608452,0.343185,1,0.001000
0.063200,1.000000,1.109859,0.627990,7.238616,7.608452,0.343185,1,0.001000
0.063250,1.000000,1.123695,0.627990,7.128052,7.608452,0.343185,1,0.001000
0.063300,1.000000,1.140299,0.627990,7.010453,7.608452,0.343185,1,0.001000
0.063350,1.000000,1.159808,0.627990,6.885936,7.608452,0.343185,1,0.001000
0.063400,1.000000,1.182355,0.627990,6.754623,7.608452,0.343185,1,0.001000
0.063450,1.000000,1.208071,0.627990,6.616645,7.608452,0.343185,1,0.001000
0.063500,1.000000,1.237078,0.627990,6.472136,7.608452,0.343185,1,0.001000
0.063550,1.000000,1.269494,0.627990,6.321240,7.608452,0.343185,1,0.001000
0.063600,1.000000,1.305434,0.627990,6.164106,7.608452,0.343185,1,0.001000
0.063650,1.000000,1.345005,0.627990,6.000889,7.608452,0.343185,1,0.001000
0.063700,1.000000,1.388310,0.627990,5.831749,7.608452,0.343185,1,0.001000
0.063750,1.000000,1.435445,0.627990,5.656854,7.608452,0.343185,1,0.001000
0.063800,1.000000,1.486504,0.627990,5.476377,7.608452,0.343185,1,0.001000
0.063850,1.000000,1.541571,0.627990,5.290495,7.608452,0.343185,1,0.001000
0.063900,1.000000,1.600728,0.627990,5.099392,7.608452,0.343185,1,0.001000
0.063950,1.000000,1.664048,0.627990,4.903256,7.608452,0.343185,1,0.001000
0.064000,1.000000,1.626276,-0.678884,4.702282,4.702282,0.167642,1,0.001000
0.064050,1.000000,1.594116,-0.678884,4.496667,4.702282,0.167642,1,0.001000
0.064100,1.000000,1.567609,-0.678884,4.286614,4.702282,0.167642,1,0.001000
0.064150,1.000000,1.546790,-0.678884,4.072331,4.702282,0.167642,1,0.001000
0.064200,1.000000,1.531690,-0.678884,3.854029,4.702282,0.167642,1,0.001000
0.064250,1.000000,1.522330,-0.678884,3.631924,4.702282,0.167642,1,0.001000
0.064300,1.000000,1.518730,-0.678884,3.406234,4.702282,0.167642,1,0.001000
0.064350,1.000000,1.520902,-0.678884,3.177183,4.702282,0.167642,1,0.001000
0.064400,1.000000,1.528850,-0.678884,2.944996,4.702282,0.167642,1,0.001000
0.064450,1.000000,1.542577,-0.678884,2.709903,4.702282,0.167642,1,0.001000
0.064500,1.000000,1.562076,-0.678884,2.472136,4.702282,0.167642,1,0.001000
0.064550,1.000000,1.587337,-0.678884,2.231929,4.702282,0.167642,1,0.001000
0.064600,1.000000,1.618342,-0.678884,1.989519,4.702282,0.167642,1,0.001000
0.064650,1.000000,1.655069,-0.678884,1.745146,4.702282,0.167642,1,0.001000
0.064700,1.000000,1.697490,-0.678884,1.499051,4.702282,0.167642,1,0.001000
0.064750,1.000000,1.745569,-0.678884,1.251476,4.702282,0.167642,1,0.001000
0.064800,1.000000,1.799268,-0.678884,1.002666,4.702282,0.167642,1,0.001000
0.064850,1.000000,1.858540,-0.678884,0.752867,4.702282,0.167642,1,0.001000
0.064900,1.000000,1.923335,-0.678884,0.502324,4.702282,0.167642,1,0.001000
0.064950,1.000000,1.993597,-0.678884,0.251286,4.702282,0.167642,1,0.001000
0.065000,1.000000,1.930259,-1.536699,-0.000000,-0.000000,-0.064029,1,0.001000
0.065050,1.000000,1.873996,-1.536699,-0.251286,-0.000000,-0.064029,1,0.001000
0.065100,1.000000,1.824711,-1.536699,-0.502324,-0.000000,-0.064029,1,0.001000
0.065150,1.000000,1.782307,-1.536699,-0.752867,-0.000000,-0.064029,1,0.001000
0.065200,1.000000,1.746677,-1.536699,-1.002666,-0.000000,-0.064029,1,0.001000
0.065250,1.000000,1.717713,-1.536699,-1.251476,-0.000000,-0.064029,1,0.001000
0.065300,1.000000,1.695300,-1.536699,-1.499051,-0.000000,-0.064029,1,0.001000
0.065350,1.000000,1.679320,-1.536699,-1.745146,-0.000000,-0.064029,1,0.001000
0.065400,1.000000,1.669649,-1.536699,-1.989519,-0.000000,-0.064029,1,0.001000
0.065450,1.000000,1.666159,-1.536699,-2.231929,-0.000000,-0.064029,1,0.001000
0.065500,1.000000,1.668718,-1.536699,-2.472136,-0.000000,-0.064029,1,0.001000
0.065550,1.000000,1.677189,-1.536699,-2.709903,-0.000000,-0.064029,1,0.001000
0.065600,1.000000,1.691432,-1.536699,-2.944996,-0.000000,-0.064029,1,0.001000
0.065650,1.000000,1.711301,-1.536699,-3.177183,-0.000000,-0.064029,1,0.001000
0.065700,1.000000,1.736648,-1.536699,-3.406234,-0.000000,-0.064029,1,0.001000
0.065750,1.000000,1.767321,-1.536699,-3.631924,-0.000000,-0.064029,1,0.001000
0.065800,1.000000,1.803162,-1.536699,-3.854029,-0.000000,-0.064029,1,0.001000
0.065850,1.000000,1.844014,-1.536699,-4.072331,-0.000000,-0.064029,1,0.001000
0.065900,1.000000,1.889711,-1.536699,-4.286614,-0.000000,-0.064029,1,0.001000
0.065950,1.000000,1.940089,-1.536699,-4.496667,-0.000000,-0.064029,1,0.001000
0.066000,1.000000,1.875395,-1.617702,-4.702282,-4.702282,-0.263333,1,0.001000
0.066050,1.000000,1.816535,-1.617702,-4.903256,-4.702282,-0.263333,1,0.001000
0.066100,1.000000,1.763313,-1.617702,-5.099392,-4.702282,-0.263333,1,0.001000
0.066150,1.000000,1.715535,-1.617702,-5.290495,-4.702282,-0.263333,1,0.001000
0.066200,1.000000,1.673000,-1.617702,-5.476377,-4.702282,-0.263333,1,0.001000
0.066250,1.000000,1.635510,-1.617702,-5.656854,-4.702282,-0.263333,1,0.001000
0.066300,1.000000,1.602860,-1.617702,-5.831749,-4.702282,-0.263333,1,0.001000
0.066350,1.000000,1.574847,-1.617702,-6.000889,-4.702282,-0.263333,1,0.001000
0.066400,1.000000,1.551264,-1.617702,-6.164106,-4.702282,-0.263333,1,0.001000
0.066450,1.000000,1.531905,-1.617702,-6.321240,-4.702282,-0.263333,1,0.001000
0.066500,1.000000,1.516560,-1.617702,-6.472136,-4.702282,-0.263333,1,0.001000
0.066550,1.000000,1.505019,-1.617702,-6.616645,-4.702282,-0.263333,1,0.001000
0.066600,1.000000,1.497072,-1.617702,-6.754623,-4.702282,-0.263333,1,0.001000
0.066650,1.000000,1.492508,-1.617702,-6.885936,-4.702282,-0.263333,1,0.001000
0.066700,1.000000,1.491113,-1.617702,-7.010453,-4.702282,-0.263333,1,0.001000
0.066750,1.000000,1.492676,-1.617702,-7.128052,-4.702282,-0.263333,1,0.001000
0.066800,1.000000,1.496983,-1.617702,-7.238616,-4.702282,-0.263333,1,0.001000
0.066850,1.000000,1.503822,-1.617702,-7.342037,-4.702282,-0.263333,1,0.001000
0.066900,1.000000,1.512980,-1.617702,-7.438212,-4.702282,-0.263333,1,0.001000
0.066950,1.000000,1.524245,-1.617702,-7.527046,-4.702282,-0.263333,1,0.001000
0.067000,1.000000,1.482920,-0.890862,-7.608452,-7.608452,-0.354138,1,0.001000
0.067050,1.000000,1.443959,-0.890862,-7.682349,-7.608452,-0.354138,1,0.001000
0.067100,1.000000,1.407144,-0.890862,-7.748665,-7.608452,-0.354138,1,0.001000
0.067150,1.000000,1.372255,-0.890862,-7.807334,-7.608452,-0.354138,1,0.001000
0.067200,1.000000,1.339076,-0.890862,-7.858298,-7.608452,-0.354138,1,0.001000
0.067250,1.000000,1.307393,-0.890862,-7.901507,-7.608452,-0.354138,1,0.001000
0.067300,1.000000,1.276990,-0.890862,-7.936918,-7.608452,-0.354138,1,0.001000
0.067350,1.000000,1.247657,-0.890862,-7.964496,-7.608452,-0.354138,1,0.001000
0.067400,1.000000,1.219184,-0.890862,-7.984214,-7.608452,-0.354138,1,0.001000
0.067450,1.000000,1.191363,-0.890862,-7.996052,-7.608452,-0.354138,1,0.001000
0.067500,1.000000,1.163988,-0.890862,-8.000000,-7.608452,-0.354138,1,0.001000
0.067550,1.000000,1.136857,-0.890862,-7.996052,-7.608452,-0.354138,1,0.001000
0.067600,1.000000,1.109768,-0.890862,-7.984214,-7.608452,-0.354138,1,0.001000
0.067650,1.000000,1.082526,-0.890862,-7.964496,-7.608452,-0.354138,1,0.001000
0.067700,1.000000,1.054934,-0.890862,-7.936918,-7.608452,-0.354138,1,0.001000
0.067750,1.000000,1.026802,-0.890862,-7.901507,-7.608452,-0.354138,1,0.001000
0.067800,1.000000,0.997942,-0.890862,-7.858298,-7.608452,-0.354138,1,0.001000
0.067850,1.000000,0.968168,-0.890862,-7.807334,-7.608452,-0.354138,1,0.001000
0.067900,1.000000,0.937300,-0.890862,-7.748665,-7.608452,-0.354138,1,0.001000
0.067950,1.000000,0.905159,-0.890862,-7.682349,-7.608452,-0.354138,1,0.001000
0.068000,1.000000,0.903002,0.366276,-7.608452,-7.608452,-0.301757,1,0.001000
0.068050,1.000000,0.898836,0.366276,-7.527046,-7.608452,-0.301757,1,0.001000
0.068100,1.000000,0.892502,0.366276,-7.438212,-7.608452,-0.301757,1,0.001000
0.068150,1.000000,0.883842,0.366276,-7.342037,-7.608452,-0.301757,1,0.001000
0.068200,1.000000,0.872705,0.366276,-7.238616,-7.608452,-0.301757,1,0.001000
0.068250,1.000000,0.858943,0.366276,-7.128052,-7.608452,-0.301757,1,0.001000
0.068300,1.000000,0.842413,0.366276,-7.010453,-7.608452,-0.301757,1,0.001000
0.068350,1.000000,0.822977,0.366276,-6.885936,-7.608452,-0.301757,1,0.001000
0.068400,1.000000,0.800501,0.366276,-6.754623,-7.608452,-0.301757,1,0.001000
0.068450,1.000000,0.774856,0.366276,-6.616645,-7.608452,-0.301757,1,0.001000
0.068500,1.000000,0.745920,0.366276,-6.472136,-7.608452,-0.301757,1,0.001000
0.068550,1.000000,0.713572,0.366276,-6.321240,-7.608452,-0.301757,1,0.001000
0.068600,1.000000,0.677701,0.366276,-6.164106,-7.608452,-0.301757,1,0.001000
0.068650,1.000000,0.638197,0.366276,-6.000889,-7.608452,-0.301757,1,0.001000
0.068700,1.000000,0.594959,0.366276,-5.831749,-7.608452,-0.301757,1,0.001000
0.068750,1.000000,0.547889,0.366276,-5.656854,-7.608452,-0.301757,1,0.001000
0.068800,1.000000,0.496896,0.366276,-5.476377,-7.608452,-0.301757,1,0.001000
0.068850,1.000000,0.441892,0.366276,-5.290495,-7.608452,-0.301757,1,0.001000
0.068900,1.000000,0.382799,0.366276,-5.099392,-7.608452,-0.301757,1,0.001000
0.068950,1.000000,0.319541,0.366276,-4.903256,-7.608452,-0.301757,1,0.001000
0.069000,1.000000,0.357387,1.673605,-4.702282,-4.702282,-0.126195,1,0.001000
0.069050,1.000000,0.389619,1.673605,-4.496667,-4.702282,-0.126195,1,0.001000
0.069100,1.000000,0.416198,1.673605,-4.286614,-4.702282,-0.126195,1,0.001000
0.069150,1.000000,0.437086,1.673605,-4.072331,-4.702282,-0.126195,1,0.001000
0.069200,1.000000,0.452257,1.673605,-3.854029,-4.702282,-0.126195,1,0.001000
0.069250,1.000000,0.461685,1.673605,-3.631924,-4.702282,-0.126195,1,0.001000
0.069300,1.000000,0.465352,1.673605,-3.406234,-4.702282,-0.126195,1,0.001000
0.069350,1.000000,0.463248,1.673605,-3.177183,-4.702282,-0.126195,1,0.001000
0.069400,1.000000,0.455366,1.673605,-2.944996,-4.702282,-0.126195,1,0.001000
0.069450,1.000000,0.441704,1.673605,-2.709903,-4.702282,-0.126195,1,0.001000
0.069500,1.000000,0.422269,1.673605,-2.472136,-4.702282,-0.126195,1,0.001000
0.069550,1.000000,0.397072,1.673605,-2.231929,-4.702282,-0.126195,1,0.001000
0.069600,1.000000,0.366130,1.673605,-1.989519,-4.702282,-0.126195,1,0.001000
0.069650,1.000000,0.329465,1.673605,-1.745146,-4.702282,-0.126195,1,0.001000
0.069700,1.000000,0.287106,1.673605,-1.499051,-4.702282,-0.126195,1,0.001000
0.069750,1.000000,0.239087,1.673605,-1.251476,-4.702282,-0.126195,1,0.001000
0.069800,1.000000,0.185448,1.673605,-1.002666,-4.702282,-0.126195,1,0.001000
0.069850,1.000000,0.126235,1.673605,-0.752867,-4.702282,-0.126195,1,0.001000
0.069900,1.000000,0.061498,1.673605,-0.502324,-4.702282,-0.126195,1,0.001000
0.069950,1.000000,-0.008705,1.673605,-0.251286,-4.702282,-0.126195,1,0.001000
0.070000,1.000000,0.054699,2.531839,0.000000,0.000000,0.105493,1,0.001000
0.070050,1.000000,0.111029,2.531839,0.251286,0.000000,0.105493,1,0.001000
0.070100,1.000000,0.160379,2.531839,0.502324,0.000000,0.105493,1,0.001000
0.070150,1.000000,0.202849,2.531839,0.752867,0.000000,0.105493,1,0.001000
0.070200,1.000000,0.238543,2.531839,1.002666,0.000000,0.105493,1,0.001000
0.070250,1.000000,0.267570,2.531839,1.251476,0.000000,0.105493,1,0.001000
0.070300,1.000000,0.290045,2.531839,1.499051,0.000000,0.105493,1,0.001000
0.070350,1.000000,0.306087,2.531839,1.745146,0.000000,0.105493,1,0.001000
0.070400,1.000000,0.315819,2.531839,1.989519,0.000000,0.105493,1,0.001000
0.070450,1.000000,0.319369,2.531839,2.231929,0.000000,0.105493,1,0.001000
0.070500,1.000000,0.316869,2.531839,2.472136,0.000000,0.105493,1,0.001000
0.070550,1.000000,0.308457,2.531839,2.709903,0.000000,0.105493,1,0.001000
0.070600,1.000000,0.294272,2.531839,2.944996,0.000000,0.105493,1,0.001000
0.070650,1.000000,0.274460,2.531839,3.177183,0.000000,0.105493,1,0.001000
0.070700,1.000000,0.249169,2.531839,3.406234,0.000000,0.105493,1,0.001000
0.070750,1.000000,0.218553,2.531839,3.631924,0.000000,0.105493,1,0.001000
0.070800,1.000000,0.182766,2.531839,3.854029,0.000000,0.105493,1,0.001000
0.070850,1.000000,0.141969,2.531839,4.072331,0.000000,0.105493,1,0.001000
0.070900,1.000000,0.096325,2.531839,4.286614,0.000000,0.105493,1,0.001000
0.070950,1.000000,0.046000,2.531839,4.496667,0.000000,0.105493,1,0.001000
0.071000,1.000000,0.110756,2.613227,4.702282,4.702282,0.304813,1,0.001000
0.071050,1.000000,0.169678,2.613227,4.903256,4.702282,0.304813,1,0.001000
0.071100,1.000000,0.222960,2.613227,5.099392,4.702282,0.304813,1,0.001000
0.071150,1.000000,0.270798,2.613227,5.290495,4.702282,0.304813,1,0.001000
0.071200,1.000000,0.313392,2.613227,5.476377,4.702282,0.304813,1,0.001000
0.071250,1.000000,0.350941,2.613227,5.656854,4.702282,0.304813,1,0.001000
0.071300,1.000000,0.383648,2.613227,5.831749,4.702282,0.304813,1,0.001000
0.071350,1.000000,0.411718,2.613227,6.000889,4.702282,0.304813,1,0.001000
0.071400,1.000000,0.435356,2.613227,6.164106,4.702282,0.304813,1,0.001000
0.071450,1.000000,0.454771,2.613227,6.321240,4.702282,0.304813,1,0.001000
0.071500,1.000000,0.470171,2.613227,6.472136,4.702282,0.304813,1,0.001000
0.071550,1.000000,0.481765,2.613227,6.616645,4.702282,0.304813,1,0.001000
0.071600,1.000000,0.489765,2.613227,6.754623,4.702282,0.304813,1,0.001000
0.071650,1.000000,0.494383,2.613227,6.885936,4.702282,0.304813,1,0.001000
0.071700,1.000000,0.495829,2.613227,7.010453,4.702282,0.304813,1,0.001000
0.071750,1.000000,0.494318,2.613227,7.128052,4.702282,0.304813,1,0.001000
0.071800,1.000000,0.490061,2.613227,7.238616,4.702282,0.304813,1,0.001000
0.071850,1.000000,0.483272,2.613227,7.342037,4.702282,0.304813,1,0.001000
0.071900,1.000000,0.474164,2.613227,7.438212,4.702282,0.304813,1,0.001000
0.071950,1.000000,0.462948,2.613227,7.527046,4.702282,0.304813,1,0.001000
0.072000,1.000000,0.504330,1.886742,7.608452,7.608452,0.395633,1,0.001000
0.072050,1.000000,0.543347,1.886742,7.682349,7.608452,0.395633,1,0.001000
0.072100,1.000000,0.580218,1.886742,7.748665,7.608452,0.395633,1,0.001000
0.072150,1.000000,0.615162,1.886742,7.807334,7.608452,0.395633,1,0.001000
0.072200,1.000000,0.648395,1.886742,7.858298,7.608452,0.395633,1,0.001000
0.072250,1.000000,0.680132,1.886742,7.901507,7.608452,0.395633,1,0.001000
0.072300,1.000000,0.710587,1.886742,7.936918,7.608452,0.395633,1,0.001000
0.072350,1.000000,0.739973,1.886742,7.964496,7.608452,0.395633,1,0.001000
0.072400,1.000000,0.768497,1.886742,7.984214,7.608452,0.395633,1,0.001000
0.072450,1.000000,0.796370,1.886742,7.996052,7.608452,0.395633,1,0.001000
0.072500,1.000000,0.823795,1.886742,8.000000,7.608452,0.395633,1,0.001000
0.072550,1.000000,0.850976,1.886742,7.996052,7.608452,0.395633,1,0.001000
0.072600,1.000000,0.878113,1.886742,7.984214,7.608452,0.395633,1,0.001000
0.072650,1.000000,0.905404,1.886742,7.964496,7.608452,0.395633,1,0.001000
0.072700,1.000000,0.933044,1.886742,7.936918,7.608452,0.395633,1,0.001000
0.072750,1.000000,0.961223,1.886742,7.901507,7.608452,0.395633,1,0.001000
0.072800,1.000000,0.990130,1.886742,7.858298,7.608452,0.395633,1,0.001000
0.072850,1.000000,1.019950,1.886742,7.807334,7.608452,0.395633,1,0.001000
0.072900,1.000000,1.050864,1.886742,7.748665,7.608452,0.395633,1,0.001000
0.072950,1.000000,1.083049,1.886742,7.682349,7.608452,0.395633,1,0.001000
0.073000,1.000000,1.085259,0.629930,7.608452,7.608452,0.343266,1,0.001000
0.073050,1.000000,1.089477,0.629930,7.527046,7.608452,0.343266,1,0.001000
0.073100,1.000000,1.095863,0.629930,7.438212,7.608452,0.343266,1,0.001000
0.073150,1.000000,1.104573,0.629930,7.342037,7.608452,0.343266,1,0.001000
0.073200,1.000000,1.115760,0.629930,7.238616,7.608452,0.343266,1,0.001000
0.073250,1.000000,1.129571,0.629930,7.128052,7.608452,0.343266,1,0.001000
0.073300,1.000000,1.146150,0.629930,7.010453,7.608452,0.343266,1,0.001000
0.073350,1.000000,1.165634,0.629930,6.885936,7.608452,0.343266,1,0.001000
0.073400,1.000000,1.188158,0.629930,6.754623,7.608452,0.343266,1,0.001000
0.073450,1.000000,1.213849,0.629930,6.616645,7.608452,0.343266,1,0.001000
0.073500,1.000000,1.242832,0.629930,6.472136,7.608452,0.343266,1,0.001000
0.073550,1.000000,1.275225,0.629930,6.321240,7.608452,0.343266,1,0.001000
0.073600,1.000000,1.311142,0.629930,6.164106,7.608452,0.343266,1,0.001000
0.073650,1.000000,1.350690,0.629930,6.000889,7.608452,0.343266,1,0.001000
0.073700,1.000000,1.393972,0.629930,5.831749,7.608452,0.343266,1,0.001000
0.073750,1.000000,1.441086,0.629930,5.656854,7.608452,0.343266,1,0.001000
0.073800,1.000000,1.492122,0.629930,5.476377,7.608452,0.343266,1,0.001000
0.073850,1.000000,1.547168,0.629930,5.290495,7.608452,0.343266,1,0.001000
0.073900,1.000000,1.606303,0.629930,5.099392,7.608452,0.343266,1,0.001000
0.073950,1.000000,1.669603,0.629930,4.903256,7.608452,0.343266,1,0.001000
0.074000,1.000000,1.631805,-0.677097,4.702282,4.702282,0.167716,1,0.001000
0.074050,1.000000,1.599620,-0.677097,4.496667,4.702282,0.167716,1,0.001000
0.074100,1.000000,1.573089,-0.677097,4.286614,4.702282,0.167716,1,0.001000
0.074150,1.000000,1.552247,-0.677097,4.072331,4.702282,0.167716,1,0.001000
0.074200,1.000000,1.537123,-0.677097,3.854029,4.702282,0.167716,1,0.001000
0.074250,1.000000,1.527740,-0.677097,3.631924,4.702282,0.167716,1,0.001000
0.074300,1.000000,1.524117,-0.677097,3.406234,4.702282,0.167716,1,0.001000
0.074350,1.000000,1.526266,-0.677097,3.177183,4.702282,0.167716,1,0.001000
0.074400,1.000000,1.534192,-0.677097,2.944996,4.702282,0.167716,1,0.001000
0.074450,1.000000,1.547897,-0.677097,2.709903,4.702282,0.167716,1,0.001000
0.074500,1.000000,1.567375,-0.677097,2.472136,4.702282,0.167716,1,0.001000
0.074550,1.000000,1.592614,-0.677097,2.231929,4.702282,0.167716,1,0.001000
0.074600,1.000000,1.623598,-0.677097,1.989519,4.702282,0.167716,1,0.001000
0.074650,1.000000,1.660304,-0.677097,1.745146,4.702282,0.167716,1,0.001000
0.074700,1.000000,1.702703,-0.677097,1.499051,4.702282,0.167716,1,0.001000
0.074750,1.000000,1.750762,-0.677097,1.251476,4.702282,0.167716,1,0.001000
0.074800,1.000000,1.804441,-0.677097,1.002666,4.702282,0.167716,1,0.001000
0.074850,1.000000,1.863693,-0.677097,0.752867,4.702282,0.167716,1,0.001000
0.074900,1.000000,1.928469,-0.677097,0.502324,4.702282,0.167716,1,0.001000
0.074950,1.000000,1.998710,-0.677097,0.251286,4.702282,0.167716,1,0.001000
0.075000,1.000000,1.935350,-1.535054,-0.000000,-0.000000,-0.063961,1,0.001000
0.075050,1.000000,1.879064,-1.535054,-0.251286,-0.000000,-0.063961,1,0.001000
0.075100,1.000000,1.829757,-1.535054,-0.502324,-0.000000,-0.063961,1,0.001000
0.075150,1.000000,1.787331,-1.535054,-0.752867,-0.000000,-0.063961,1,0.001000
0.075200,1.000000,1.751679,-1.535054,-1.002666,-0.000000,-0.063961,1,0.001000
0.075250,1.000000,1.722694,-1.535054,-1.251476,-0.000000,-0.063961,1,0.001000
0.075300,1.000000,1.700260,-1.535054,-1.499051,-0.000000,-0.063961,1,0.001000
0.075350,1.000000,1.684259,-1.535054,-1.745146,-0.000000,-0.063961,1,0.001000
0.075400,1.000000,1.674567,-1.535054,-1.989519,-0.000000,-0.063961,1,0.001000
0.075450,1.000000,1.671057,-1.535054,-2.231929,-0.000000,-0.063961,1,0.001000
0.075500,1.000000,1.673596,-1.535054,-2.472136,-0.000000,-0.063961,1,0.001000
0.075550,1.000000,1.682047,-1.535054,-2.709903,-0.000000,-0.063961,1,0.001000
0.075600,1.000000,1.696270,-1.535054,-2.944996,-0.000000,-0.063961,1,0.001000
0.075650,1.000000,1.716120,-1.535054,-3.177183,-0.000000,-0.063961,1,0.001000
0.075700,1.000000,1.741448,-1.535054,-3.406234,-0.000000,-0.063961,1,0.001000
0.075750,1.000000,1.772102,-1.535054,-3.631924,-0.000000,-0.063961,1,0.001000
0.075800,1.000000,1.807925,-1.535054,-3.854029,-0.000000,-0.063961,1,0.001000
0.075850,1.000000,1.848758,-1.535054,-4.072331,-0.000000,-0.063961,1,0.001000
0.075900,1.000000,1.894437,-1.535054,-4.286614,-0.000000,-0.063961,1,0.001000
0.075950,1.000000,1.944797,-1.535054,-4.496667,-0.000000,-0.063961,1,0.001000
0.076000,1.000000,1.880082,-1.616188,-4.702282,-4.702282,-0.263270,1,0.001000
0.076050,1.000000,1.821201,-1.616188,-4.903256,-4.702282,-0.263270,1,0.001000
0.076100,1.000000,1.767959,-1.616188,-5.099392,-4.702282,-0.263270,1,0.001000
0.076150,1.000000,1.720160,-1.616188,-5.290495,-4.702282,-0.263270,1,0.001000
0.076200,1.000000,1.677606,-1.616188,-5.476377,-4.702282,-0.263270,1,0.001000
0.076250,1.000000,1.640095,-1.616188,-5.656854,-4.702282,-0.263270,1,0.001000
0.076300,1.000000,1.607426,-1.616188,-5.831749,-4.702282,-0.263270,1,0.001000
0.076350,1.000000,1.579394,-1.616188,-6.000889,-4.702282,-0.263270,1,0.001000
0.076400,1.000000,1.555792,-1.616188,-6.164106,-4.702282,-0.263270,1,0.001000
0.076450,1.000000,1.536414,-1.616188,-6.321240,-4.702282,-0.263270,1,0.001000
0.076500,1.000000,1.521051,-1.616188,-6.472136,-4.702282,-0.263270,1,0.001000
0.076550,1.000000,1.509492,-1.616188,-6.616645,-4.702282,-0.263270,1,0.001000
0.076600,1.000000,1.501527,-1.616188,-6.754623,-4.702282,-0.263270,1,0.001000
0.076650,1.000000,1.496945,-1.616188,-6.885936,-4.702282,-0.263270,1,0.001000
0.076700,1.000000,1.495532,-1.616188,-7.010453,-4.702282,-0.263270,1,0.001000
0.076750,1.000000,1.497078,-1.616188,-7.128052,-4.702282,-0.263270,1,0.001000
0.076800,1.000000,1.501368,-1.616188,-7.238616,-4.702282,-0.263270,1,0.001000
0.076850,1.000000,1.508190,-1.616188,-7.342037,-4.702282,-0.263270,1,0.001000
0.076900,1.000000,1.517331,-1.616188,-7.438212,-4.702282,-0.263270,1,0.001000
0.076950,1.000000,1.528579,-1.616188,-7.527046,-4.702282,-0.263270,1,0.001000
0.077000,1.000000,1.487235,-0.889468,-7.608452,-7.608452,-0.354080,1,0.001000
0.077050,1.000000,1.448255,-0.889468,-7.682349,-7.608452,-0.354080,1,0.001000
0.077100,1.000000,1.411421,-0.889468,-7.748665,-7.608452,-0.354080,1,0.001000
0.077150,1.000000,1.376514,-0.889468,-7.807334,-7.608452,-0.354080,1,0.001000
0.077200,1.000000,1.343317,-0.889468,-7.858298,-7.608452,-0.354080,1,0.001000
0.077250,1.000000,1.311615,-0.889468,-7.901507,-7.608452,-0.354080,1,0.001000
0.077300,1.000000,1.281195,-0.889468,-7.936918,-7.608452,-0.354080,1,0.001000
0.077350,1.000000,1.251844,-0.889468,-7.964496,-7.608452,-0.354080,1,0.001000
0.077400,1.000000,1.223353,-0.889468,-7.984214,-7.608452,-0.354080,1,0.001000
0.077450,1.000000,1.195515,-0.889468,-7.996052,-7.608452,-0.354080,1,0.001000
0.077500,1.000000,1.168123,-0.889468,-8.000000,-7.608452,-0.354080,1,0.001000
0.077550,1.000000,1.140975,-0.889468,-7.996052,-7.608452,-0.354080,1,0.001000
0.077600,1.000000,1.113870,-0.889468,-7.984214,-7.608452,-0.354080,1,0.001000
0.077650,1.000000,1.086611,-0.889468,-7.964496,-7.608452,-0.354080,1,0.001000
0.077700,1.000000,1.059003,-0.889468,-7.936918,-7.608452,-0.354080,1,0.001000
0.077750,1.000000,1.030855,-0.889468,-7.901507,-7.608452,-0.354080,1,0.001000
0.077800,1.000000,1.001979,-0.889468,-7.858298,-7.608452,-0.354080,1,0.001000
0.077850,1.000000,0.972190,-0.889468,-7.807334,-7.608452,-0.354080,1,0.001000
0.077900,1.000000,0.941306,-0.889468,-7.748665,-7.608452,-0.354080,1,0.001000
0.077950,1.000000,0.909150,-0.889468,-7.682349,-7.608452,-0.354080,1,0.001000
0.078000,1.000000,0.906975,0.367560,-7.608452,-7.608452,-0.301704,1,0.001000
0.078050,1.000000,0.902792,0.367560,-7.527046,-7.608452,-0.301704,1,0.001000
0.078100,1.000000,0.896440,0.367560,-7.438212,-7.608452,-0.301704,1,0.001000
0.078150,1.000000,0.887763,0.367560,-7.342037,-7.608452,-0.301704,1,0.001000
0.078200,1.000000,0.876609,0.367560,-7.238616,-7.608452,-0.301704,1,0.001000
0.078250,1.000000,0.862830,0.367560,-7.128052,-7.608452,-0.301704,1,0.001000
0.078300,1.000000,0.846284,0.367560,-7.010453,-7.608452,-0.301704,1,0.001000
0.078350,1.000000,0.826831,0.367560,-6.885936,-7.608452,-0.301704,1,0.001000
0.078400,1.000000,0.804339,0.367560,-6.754623,-7.608452,-0.301704,1,0.001000
0.078450,1.000000,0.778679,0.367560,-6.616645,-7.608452,-0.301704,1,0.001000
0.078500,1.000000,0.749727,0.367560,-6.472136,-7.608452,-0.301704,1,0.001000
0.078550,1.000000,0.717364,0.367560,-6.321240,-7.608452,-0.301704,1,0.001000
0.078600,1.000000,0.681477,0.367560,-6.164106,-7.608452,-0.301704,1,0.001000
0.078650,1.000000,0.641958,0.367560,-6.000889,-7.608452,-0.301704,1,0.001000
0.078700,1.000000,0.598705,0.367560,-5.831749,-7.608452,-0.301704,1,0.001000
0.078750,1.000000,0.551621,0.367560,-5.656854,-7.608452,-0.301704,1,0.001000
0.078800,1.000000,0.500612,0.367560,-5.476377,-7.608452,-0.301704,1,0.001000
0.078850,1.000000,0.445595,0.367560,-5.290495,-7.608452,-0.301704,1,0.001000
0.078900,1.000000,0.386487,0.367560,-5.099392,-7.608452,-0.301704,1,0.001000
0.078950,1.000000,0.323215,0.367560,-4.903256,-7.608452,-0.301704,1,0.001000
0.079000,1.000000,0.361045,1.674787,-4.702282,-4.702282,-0.126146,1,0.001000
0.079050,1.000000,0.393261,1.674787,-4.496667,-4.702282,-0.126146,1,0.001000
0.079100,1.000000,0.419823,1.674787,-4.286614,-4.702282,-0.126146,1,0.001000
0.079150,1.000000,0.440696,1.674787,-4.072331,-4.702282,-0.126146,1,0.001000
0.079200,1.000000,0.455851,1.674787,-3.854029,-4.702282,-0.126146,1,0.001000
0.079250,1.000000,0.465264,1.674787,-3.631924,-4.702282,-0.126146,1,0.001000
0.079300,1.000000,0.468916,1.674787,-3.406234,-4.702282,-0.126146,1,0.001000
0.079350,1.000000,0.466797,1.674787,-3.177183,-4.702282,-0.126146,1,0.001000
0.079400,1.000000,0.458900,1.674787,-2.944996,-4.702282,-0.126146,1,0.001000
0.079450,1.000000,0.445224,1.674787,-2.709903,-4.702282,-0.126146,1,0.001000
0.079500,1.000000,0.425774,1.674787,-2.472136,-4.702282,-0.126146,1,0.001000
0.079550,1.000000,0.400563,1.674787,-2.231929,-4.702282,-0.126146,1,0.001000
0.079600,1.000000,0.369607,1.674787,-1.989519,-4.702282,-0.126146,1,0.001000
0.079650,1.000000,0.332928,1.674787,-1.745146,-4.702282,-0.126146,1,0.001000
0.079700,1.000000,0.290555,1.674787,-1.499051,-4.702282,-0.126146,1,0.001000
0.079750,1.000000,0.242523,1.674787,-1.251476,-4.702282,-0.126146,1,0.001000
0.079800,1.000000,0.188870,1.674787,-1.002666,-4.702282,-0.126146,1,0.001000
0.079850,1.000000,0.129644,1.674787,-0.752867,-4.702282,-0.126146,1,0.001000
0.079900,1.000000,0.064894,1.674787,-0.502324,-4.702282,-0.126146,1,0.001000
0.079950,1.000000,-0.005323,1.674787,-0.251286,-4.702282,-0.126146,1,0.001000
0.080000,1.000000,0.058067,2.532927,-0.000000,-0.000000,0.105539,1,0.001000
0.080050,1.000000,0.114382,2.532927,0.251286,-0.000000,0.105539,1,0.001000
0.080100,1.000000,0.163718,2.532927,0.502324,-0.000000,0.105539,1,0.001000
0.080150,1.000000,0.206173,2.532927,0.752867,-0.000000,0.105539,1,0.001000
0.080200,1.000000,0.241852,2.532927,1.002666,-0.000000,0.105539,1,0.001000
0.080250,1.000000,0.270865,2.532927,1.251476,-0.000000,0.105539,1,0.001000
0.080300,1.000000,0.293326,2.532927,1.499051,-0.000000,0.105539,1,0.001000
0.080350,1.000000,0.309354,2.532927,1.745146,-0.000000,0.105539,1,0.001000
0.080400,1.000000,0.319073,2.532927,1.989519,-0.000000,0.105539,1,0.001000
0.080450,1.000000,0.322609,2.532927,2.231929,-0.000000,0.105539,1,0.001000
0.080500,1.000000,0.320096,2.532927,2.472136,-0.000000,0.105539,1,0.001000
0.080550,1.000000,0.311671,2.532927,2.709903,-0.000000,0.105539,1,0.001000
0.080600,1.000000,0.297473,2.532927,2.944996,-0.000000,0.105539,1,0.001000
0.080650,1.000000,0.277648,2.532927,3.177183,-0.000000,0.105539,1,0.001000
0.080700,1.000000,0.252345,2.532927,3.406234,-0.000000,0.105539,1,0.001000
0.080750,1.000000,0.221716,2.532927,3.631924,-0.000000,0.105539,1,0.001000
0.080800,1.000000,0.185917,2.532927,3.854029,-0.000000,0.105539,1,0.001000
0.080850,1.000000,0.145108,2.532927,4.072331,-0.000000,0.105539,1,0.001000
0.080900,1.000000,0.099452,2.532927,4.286614,-0.000000,0.105539,1,0.001000
0.080950,1.000000,0.049115,2.532927,4.496667,-0.000000,0.105539,1,0.001000
0.081000,1.000000,0.113857,2.614229,4.702282,4.702282,0.304855,1,0.001000
0.081050,1.000000,0.172765,2.614229,4.903256,4.702282,0.304855,1,0.001000
0.081100,1.000000,0.226033,2.614229,5.099392,4.702282,0.304855,1,0.001000
0.081150,1.000000,0.273858,2.614229,5.290495,4.702282,0.304855,1,0.001000
0.081200,1.000000,0.316438,2.614229,5.476377,4.702282,0.304855,1,0.001000
0.081250,1.000000,0.353974,2.614229,5.656854,4.702282,0.304855,1,0.001000
0.081300,1.000000,0.386669,2.614229,5.831749,4.702282,0.304855,1,0.001000
0.081350,1.000000,0.414726,2.614229,6.000889,4.702282,0.304855,1,0.001000
0.081400,1.000000,0.438352,2.614229,6.164106,4.702282,0.304855,1,0.001000
0.081450,1.000000,0.457754,2.614229,6.321240,4.702282,0.304855,1,0.001000
0.081500,1.000000,0.473142,2.614229,6.472136,4.702282,0.304855,1,0.001000
0.081550,1.000000,0.484724,2.614229,6.616645,4.702282,0.304855,1,0.001000
0.081600,1.000000,0.492712,2.614229,6.754623,4.702282,0.304855,1,0.001000
0.081650,1.000000,0.497318,2.614229,6.885936,4.702282,0.304855,1,0.001000
0.081700,1.000000,0.498753,2.614229,7.010453,4.702282,0.304855,1,0.001000
0.081750,1.000000,0.497230,2.614229,7.128052,4.702282,0.304855,1,0.001000
0.081800,1.000000,0.492962,2.614229,7.238616,4.702282,0.304855,1,0.001000
0.081850,1.000000,0.486162,2.614229,7.342037,4.702282,0.304855,1,0.001000
0.081900,1.000000,0.477042,2.614229,7.438212,4.702282,0.304855,1,0.001000
0.081950,1.000000,0.465816,2.614229,7.527046,4.702282,0.304855,1,0.001000
0.082000,1.000000,0.507185,1.887664,7.608452,7.608452,0.395672,1,0.001000
0.082050,1.000000,0.546189,1.887664,7.682349,7.608452,0.395672,1,0.001000
0.082100,1.000000,0.583048,1.887664,7.748665,7.608452,0.395672,1,0.001000
0.082150,1.000000,0.617979,1.887664,7.807334,7.608452,0.395672,1,0.001000
0.082200,1.000000,0.651200,1.887664,7.858298,7.608452,0.395672,1,0.001000
0.082250,1.000000,0.682925,1.887664,7.901507,7.608452,0.395672,1,0.001000
0.082300,1.000000,0.713369,1.887664,7.936918,7.608452,0.395672,1,0.001000
0.082350,1.000000,0.742742,1.887664,7.964496,7.608452,0.395672,1,0.001000
0.082400,1.000000,0.771255,1.887664,7.984214,7.608452,0.395672,1,0.001000
0.082450,1.000000,0.799116,1.887664,7.996052,7.608452,0.395672,1,0.001000
0.082500,1.000000,0.826530,1.887664,8.000000,7.608452,0.395672,1,0.001000
0.082550,1.000000,0.853700,1.887664,7.996052,7.608452,0.395672,1,0.001000
0.082600,1.000000,0.880827,1.887664,7.984214,7.608452,0.395672,1,0.001000
0.082650,1.000000,0.908107,1.887664,7.964496,7.608452,0.395672,1,0.001000
0.082700,1.000000,0.935735,1.887664,7.936918,7.608452,0.395672,1,0.001000
0.082750,1.000000,0.963904,1.887664,7.901507,7.608452,0.395672,1,0.001000
0.082800,1.000000,0.992801,1.887664,7.858298,7.608452,0.395672,1,0.001000
0.082850,1.000000,1.022610,1.887664,7.807334,7.608452,0.395672,1,0.001000
0.082900,1.000000,1.053514,1.887664,7.748665,7.608452,0.395672,1,0.001000
0.082950,1.000000,1.085689,1.887664,7.682349,7.608452,0.395672,1,0.001000
0.083000,1.000000,1.087887,0.630780,7.608452,7.608452,0.343301,1,0.001000
0.083050,1.000000,1.092094,0.630780,7.527046,7.608452,0.343301,1,0.001000
0.083100,1.000000,1.098468,0.630780,7.438212,7.608452,0.343301,1,0.001000
0.083150,1.000000,1.107167,0.630780,7.342037,7.608452,0.343301,1,0.001000
0.083200,1.000000,1.118343,0.630780,7.238616,7.608452,0.343301,1,0.001000
0.083250,1.000000,1.132143,0.630780,7.128052,7.608452,0.343301,1,0.001000
0.083300,1.000000,1.148711,0.630780,7.010453,7.608452,0.343301,1,0.001000
0.083350,1.000000,1.168184,0.630780,6.885936,7.608452,0.343301,1,0.001000
0.083400,1.000000,1.190697,0.630780,6.754623,7.608452,0.343301,1,0.001000
0.083450,1.000000,1.216378,0.630780,6.616645,7.608452,0.343301,1,0.001000
0.083500,1.000000,1.245351,0.630780,6.472136,7.608452,0.343301,1,0.001000
0.083550,1.000000,1.277734,0.630780,6.321240,7.608452,0.343301,1,0.001000
0.083600,1.000000,1.313640,0.630780,6.164106,7.608452,0.343301,1,0.001000
0.083650,1.000000,1.353178,0.630780,6.000889,7.608452,0.343301,1,0.001000
0.083700,1.000000,1.396450,0.630780,5.831749,7.608452,0.343301,1,0.001000
0.083750,1.000000,1.443554,0.630780,5.656854,7.608452,0.343301,1,0.001000
0.083800,1.000000,1.494581,0.630780,5.476377,7.608452,0.343301,1,0.001000
0.083850,1.000000,1.549617,0.630780,5.290495,7.608452,0.343301,1,0.001000
0.083900,1.000000,1.608743,0.630780,5.099392,7.608452,0.343301,1,0.001000
0.083950,1.000000,1.672033,0.630780,4.903256,7.608452,0.343301,1,0.001000
0.084000,1.000000,1.634225,-0.676315,4.702282,4.702282,0.167749,1,0.001000
0.084050,1.000000,1.602030,-0.676315,4.496667,4.702282,0.167749,1,0.001000
0.084100,1.000000,1.575488,-0.676315,4.286614,4.702282,0.167749,1,0.001000
0.084150,1.000000,1.554635,-0.676315,4.072331,4.702282,0.167749,1,0.001000
0.084200,1.000000,1.539501,-0.676315,3.854029,4.702282,0.167749,1,0.001000
0.084250,1.000000,1.530108,-0.676315,3.631924,4.702282,0.167749,1,0.001000
0.084300,1.000000,1.526475,-0.676315,3.406234,4.702282,0.167749,1,0.001000
0.084350,1.000000,1.528614,-0.676315,3.177183,4.702282,0.167749,1,0.001000
0.084400,1.000000,1.536530,-0.676315,2.944996,4.702282,0.167749,1,0.001000
0.084450,1.000000,1.550225,-0.676315,2.709903,4.702282,0.167749,1,0.001000
0.084500,1.000000,1.569693,-0.676315,2.472136,4.702282,0.167749,1,0.001000
0.084550,1.000000,1.594923,-0.676315,2.231929,4.702282,0.167749,1,0.001000
0.084600,1.000000,1.625898,-0.676315,1.989519,4.702282,0.167749,1,0.001000
0.084650,1.000000,1.662595,-0.676315,1.745146,4.702282,0.167749,1,0.001000
0.084700,1.000000,1.704985,-0.676315,1.499051,4.702282,0.167749,1,0.001000
0.084750,1.000000,1.753035,-0.676315,1.251476,4.702282,0.167749,1,0.001000
0.084800,1.000000,1.806705,-0.676315,1.002666,4.702282,0.167749,1,0.001000
0.084850,1.000000,1.865948,-0.676315,0.752867,4.702282,0.167749,1,0.001000
0.084900,1.000000,1.930715,-0.676315,0.502324,4.702282,0.167749,1,0.001000
0.084950,1.000000,2.000948,-0.676315,0.251286,4.702282,0.167749,1,0.001000
0.085000,1.000000,1.937578,-1.534334,-0.000000,-0.000000,-0.063931,1,0.001000
0.085050,1.000000,1.881282,-1.534334,-0.251286,-0.000000,-0.063931,1,0.001000
0.085100,1.000000,1.831966,-1.534334,-0.502324,-0.000000,-0.063931,1,0.001000
0.085150,1.000000,1.789529,-1.534334,-0.752867,-0.000000,-0.063931,1,0.001000
0.085200,1.000000,1.753869,-1.534334,-1.002666,-0.000000,-0.063931,1,0.001000
0.085250,1.000000,1.724874,-1.534334,-1.251476,-0.000000,-0.063931,1,0.001000
0.085300,1.000000,1.702431,-1.534334,-1.499051,-0.000000,-0.063931,1,0.001000
0.085350,1.000000,1.686421,-1.534334,-1.745146,-0.000000,-0.063931,1,0.001000
0.085400,1.000000,1.676720,-1.534334,-1.989519,-0.000000,-0.063931,1,0.001000
0.085450,1.000000,1.673201,-1.534334,-2.231929,-0.000000,-0.063931,1,0.001000
0.085500,1.000000,1.675731,-1.534334,-2.472136,-0.000000,-0.063931,1,0.001000
0.085550,1.000000,1.684173,-1.534334,-2.709903,-0.000000,-0.063931,1,0.001000
0.085600,1.000000,1.698388,-1.534334,-2.944996,-0.000000,-0.063931,1,0.001000
0.085650,1.000000,1.718229,-1.534334,-3.177183,-0.000000,-0.063931,1,0.001000
0.085700,1.000000,1.743549,-1.534334,-3.406234,-0.000000,-0.063931,1,0.001000
0.085750,1.000000,1.774194,-1.534334,-3.631924,-0.000000,-0.063931,1,0.001000
0.085800,1.000000,1.810009,-1.534334,-3.854029,-0.000000,-0.063931,1,0.001000
0.085850,1.000000,1.850834,-1.534334,-4.072331,-0.000000,-0.063931,1,0.001000
0.085900,1.000000,1.896506,-1.534334,-4.286614,-0.000000,-0.063931,1,0.001000
0.085950,1.000000,1.946858,-1.534334,-4.496667,-0.000000,-0.063931,1,0.001000
0.086000,1.000000,1.882134,-1.615525,-4.702282,-4.702282,-0.263242,1,0.001000
0.086050,1.000000,1.823243,-1.615525,-4.903256,-4.702282,-0.263242,1,0.001000
0.086100,1.000000,1.769992,-1.615525,-5.099392,-4.702282,-0.263242,1,0.001000
0.086150,1.000000,1.722185,-1.615525,-5.290495,-4.702282,-0.263242,1,0.001000
0.086200,1.000000,1.679622,-1.615525,-5.476377,-4.702282,-0.263242,1,0.001000
0.086250,1.000000,1.642103,-1.615525,-5.656854,-4.702282,-0.263242,1,0.001000
0.086300,1.000000,1.609425,-1.615525,-5.831749,-4.702282,-0.263242,1,0.001000
0.086350,1.000000,1.581384,-1.615525,-6.000889,-4.702282,-0.263242,1,0.001000
0.086400,1.000000,1.557774,-1.615525,-6.164106,-4.702282,-0.263242,1,0.001000
0.086450,1.000000,1.538388,-1.615525,-6.321240,-4.702282,-0.263242,1,0.001000
0.086500,1.000000,1.523016,-1.615525,-6.472136,-4.702282,-0.263242,1,0.001000
0.086550,1.000000,1.511449,-1.615525,-6.616645,-4.702282,-0.263242,1,0.001000
0.086600,1.000000,1.503477,-1.615525,-6.754623,-4.702282,-0.263242,1,0.001000
0.086650,1.000000,1.498887,-1.615525,-6.885936,-4.702282,-0.263242,1,0.001000
0.086700,1.000000,1.497467,-1.615525,-7.010453,-4.702282,-0.263242,1,0.001000
0.086750,1.000000,1.499004,-1.615525,-7.128052,-4.702282,-0.263242,1,0.001000
0.086800,1.000000,1.503287,-1.615525,-7.238616,-4.702282,-0.263242,1,0.001000
0.086850,1.000000,1.510102,-1.615525,-7.342037,-4.702282,-0.263242,1,0.001000
0.086900,1.000000,1.519236,-1.615525,-7.438212,-4.702282,-0.263242,1,0.001000
0.086950,1.000000,1.530476,-1.615525,-7.527046,-4.702282,-0.263242,1,0.001000
0.087000,1.000000,1.489124,-0.888857,-7.608452,-7.608452,-0.354055,1,0.001000
0.087050,1.000000,1.450136,-0.888857,-7.682349,-7.608452,-0.354055,1,0.001000
0.087100,1.000000,1.413293,-0.888857,-7.748665,-7.608452,-0.354055,1,0.001000
0.087150,1.000000,1.378377,-0.888857,-7.807334,-7.608452,-0.354055,1,0.001000
0.087200,1.000000,1.345172,-0.888857,-7.858298,-7.608452,-0.354055,1,0.001000
0.087250,1.000000,1.313463,-0.888857,-7.901507,-7.608452,-0.354055,1,0.001000
0.087300,1.000000,1.283035,-0.888857,-7.936918,-7.608452,-0.354055,1,0.001000
0.087350,1.000000,1.253676,-0.888857,-7.964496,-7.608452,-0.354055,1,0.001000
0.087400,1.000000,1.225178,-0.888857,-7.984214,-7.608452,-0.354055,1,0.001000
0.087450,1.000000,1.197332,-0.888857,-7.996052,-7.608452,-0.354055,1,0.001000
0.087500,1.000000,1.169932,-0.888857,-8.000000,-7.608452,-0.354055,1,0.001000
0.087550,1.000000,1.142777,-0.888857,-7.996052,-7.608452,-0.354055,1,0.001000
0.087600,1.000000,1.115665,-0.888857,-7.984214,-7.608452,-0.354055,1,0.001000
0.087650,1.000000,1.088399,-0.888857,-7.964496,-7.608452,-0.354055,1,0.001000
0.087700,1.000000,1.060784,-0.888857,-7.936918,-7.608452,-0.354055,1,0.001000
0.087750,1.000000,1.032629,-0.888857,-7.901507,-7.608452,-0.354055,1,0.001000
0.087800,1.000000,1.003746,-0.888857,-7.858298,-7.608452,-0.354055,1,0.001000
0.087850,1.000000,0.973950,-0.888857,-7.807334,-7.608452,-0.354055,1,0.001000
0.087900,1.000000,0.943059,-0.888857,-7.748665,-7.608452,-0.354055,1,0.001000
0.087950,1.000000,0.910897,-0.888857,-7.682349,-7.608452,-0.354055,1,0.001000
0.088000,1.000000,0.908714,0.368122,-7.608452,-7.608452,-0.301680,1,0.001000
0.088050,1.000000,0.904523,0.368122,-7.527046,-7.608452,-0.301680,1,0.001000
0.088100,1.000000,0.898163,0.368122,-7.438212,-7.608452,-0.301680,1,0.001000
0.088150,1.000000,0.889479,0.368122,-7.342037,-7.608452,-0.301680,1,0.001000
0.088200,1.000000,0.878318,0.368122,-7.238616,-7.608452,-0.301680,1,0.001000
0.088250,1.000000,0.864532,0.368122,-7.128052,-7.608452,-0.301680,1,0.001000
0.088300,1.000000,0.847978,0.368122,-7.010453,-7.608452,-0.301680,1,0.001000
0.088350,1.000000,0.828518,0.368122,-6.885936,-7.608452,-0.301680,1,0.001000
0.088400,1.000000,0.806019,0.368122,-6.754623,-7.608452,-0.301680,1,0.001000
0.088450,1.000000,0.780352,0.368122,-6.616645,-7.608452,-0.301680,1,0.001000
0.088500,1.000000,0.751393,0.368122,-6.472136,-7.608452,-0.301680,1,0.001000
0.088550,1.000000,0.719023,0.368122,-6.321240,-7.608452,-0.301680,1,0.001000
0.088600,1.000000,0.683130,0.368122,-6.164106,-7.608452,-0.301680,1,0.001000
0.088650,1.000000,0.643604,0.368122,-6.000889,-7.608452,-0.301680,1,0.001000
0.088700,1.000000,0.600345,0.368122,-5.831749,-7.608452,-0.301680,1,0.001000
0.088750,1.000000,0.553254,0.368122,-5.656854,-7.608452,-0.301680,1,0.001000
0.088800,1.000000,0.502239,0.368122,-5.476377,-7.608452,-0.301680,1,0.001000
0.088850,1.000000,0.447215,0.368122,-5.290495,-7.608452,-0.301680,1,0.001000
0.088900,1.000000,0.388102,0.368122,-5.099392,-7.608452,-0.301680,1,0.001000
0.088950,1.000000,0.324823,0.368122,-4.903256,-7.608452,-0.301680,1,0.001000
0.089000,1.000000,0.362646,1.675304,-4.702282,-4.702282,-0.126124,1,0.001000
0.089050,1.000000,0.394855,1.675304,-4.496667,-4.702282,-0.126124,1,0.001000
0.089100,1.000000,0.421410,1.675304,-4.286614,-4.702282,-0.126124,1,0.001000
0.089150,1.000000,0.442276,1.675304,-4.072331,-4.702282,-0.126124,1,0.001000
0.089200,1.000000,0.457424,1.675304,-3.854029,-4.702282,-0.126124,1,0.001000
0.089250,1.000000,0.466830,1.675304,-3.631924,-4.702282,-0.126124,1,0.001000
0.089300,1.000000,0.470476,1.675304,-3.406234,-4.702282,-0.126124,1,0.001000
0.089350,1.000000,0.468350,1.675304,-3.177183,-4.702282,-0.126124,1,0.001000
0.089400,1.000000,0.460446,1.675304,-2.944996,-4.702282,-0.126124,1,0.001000
0.089450,1.000000,0.446764,1.675304,-2.709903,-4.702282,-0.126124,1,0.001000
0.089500,1.000000,0.427308,1.675304,-2.472136,-4.702282,-0.126124,1,0.001000
0.089550,1.000000,0.402091,1.675304,-2.231929,-4.702282,-0.126124,1,0.001000
0.089600,1.000000,0.371128,1.675304,-1.989519,-4.702282,-0.126124,1,0.001000
0.089650,1.000000,0.334443,1.675304,-1.745146,-4.702282,-0.126124,1,0.001000
0.089700,1.000000,0.292064,1.675304,-1.499051,-4.702282,-0.126124,1,0.001000
0.089750,1.000000,0.244026,1.675304,-1.251476,-4.702282,-0.126124,1,0.001000
0.089800,1.000000,0.190368,1.675304,-1.002666,-4.702282,-0.126124,1,0.001000
0.089850,1.000000,0.131136,1.675304,-0.752867,-4.702282,-0.126124,1,0.001000
0.089900,1.000000,0.066380,1.675304,-0.502324,-4.702282,-0.126124,1,0.001000
0.089950,1.000000,-0.003842,1.675304,-0.251286,-4.702282,-0.126124,1,0.001000
0.090000,1.000000,0.059541,2.533403,0.000000,0.000000,0.105558,1,0.001000
0.090050,1.000000,0.115850,2.533403,0.251286,0.000000,0.105558,1,0.001000
0.090100,1.000000,0.165179,2.533403,0.502324,0.000000,0.105558,1,0.001000
0.090150,1.000000,0.207627,2.533403,0.752867,0.000000,0.105558,1,0.001000
0.090200,1.000000,0.243300,2.533403,1.002666,0.000000,0.105558,1,0.001000
0.090250,1.000000,0.272307,2.533403,1.251476,0.000000,0.105558,1,0.001000
0.090300,1.000000,0.294762,2.533403,1.499051,0.000000,0.105558,1,0.001000
0.090350,1.000000,0.310784,2.533403,1.745146,0.000000,0.105558,1,0.001000
0.090400,1.000000,0.320497,2.533403,1.989519,0.000000,0.105558,1,0.001000
0.090450,1.000000,0.324027,2.533403,2.231929,0.000000,0.105558,1,0.001000
0.090500,1.000000,0.321509,2.533403,2.472136,0.000000,0.105558,1,0.001000
0.090550,1.000000,0.313077,2.533403,2.709903,0.000000,0.105558,1,0.001000
0.090600,1.000000,0.298874,2.533403,2.944996,0.000000,0.105558,1,0.001000
0.090650,1.000000,0.279043,2.533403,3.177183,0.000000,0.105558,1,0.001000
0.090700,1.000000,0.253735,2.533403,3.406234,0.000000,0.105558,1,0.001000
0.090750,1.000000,0.223100,2.533403,3.631924,0.000000,0.105558,1,0.001000
0.090800,1.000000,0.187296,2.533403,3.854029,0.000000,0.105558,1,0.001000
0.090850,1.000000,0.146481,2.533403,4.072331,0.000000,0.105558,1,0.001000
0.090900,1.000000,0.100820,2.533403,4.286614,0.000000,0.105558,1,0.001000
0.090950,1.000000,0.050478,2.533403,4.496667,0.000000,0.105558,1,0.001000
0.091000,1.000000,0.115214,2.614668,4.702282,4.702282,0.304873,1,0.001000
0.091050,1.000000,0.174116,2.614668,4.903256,4.702282,0.304873,1,0.001000
0.091100,1.000000,0.227378,2.614668,5.099392,4.702282,0.304873,1,0.001000
0.091150,1.000000,0.275198,2.614668,5.290495,4.702282,0.304873,1,0.001000
0.091200,1.000000,0.317772,2.614668,5.476377,4.702282,0.304873,1,0.001000
0.091250,1.000000,0.355302,2.614668,5.656854,4.702282,0.304873,1,0.001000
0.091300,1.000000,0.387991,2.614668,5.831749,4.702282,0.304873,1,0.001000
0.091350,1.000000,0.416043,2.614668,6.000889,4.702282,0.304873,1,0.001000
0.091400,1.000000,0.439663,2.614668,6.164106,4.702282,0.304873,1,0.001000
0.091450,1.000000,0.459060,2.614668,6.321240,4.702282,0.304873,1,0.001000
0.091500,1.000000,0.474442,2.614668,6.472136,4.702282,0.304873,1,0.001000
0.091550,1.000000,0.486019,2.614668,6.616645,4.702282,0.304873,1,0.001000
0.091600,1.000000,0.494002,2.614668,6.754623,4.702282,0.304873,1,0.001000
0.091650,1.000000,0.498602,2.614668,6.885936,4.702282,0.304873,1,0.001000
0.091700,1.000000,0.500032,2.614668,7.010453,4.702282,0.304873,1,0.001000
0.091750,1.000000,0.498504,2.614668,7.128052,4.702282,0.304873,1,0.001000
0.091800,1.000000,0.494231,2.614668,7.238616,4.702282,0.304873,1,0.001000
0.091850,1.000000,0.487426,2.614668,7.342037,4.702282,0.304873,1,0.001000
0.091900,1.000000,0.478302,2.614668,7.438212,4.702282,0.304873,1,0.001000
0.091950,1.000000,0.467071,2.614668,7.527046,4.702282,0.304873,1,0.001000
0.092000,1.000000,0.508434,1.888068,7.608452,7.608452,0.395688,1,0.001000
0.092050,1.000000,0.547433,1.888068,7.682349,7.608452,0.395688,1,0.001000
0.092100,1.000000,0.584286,1.888068,7.748665,7.608452,0.395688,1,0.001000
0.092150,1.000000,0.619212,1.888068,7.807334,7.608452,0.395688,1,0.001000
0.092200,1.000000,0.652428,1.888068,7.858298,7.608452,0.395688,1,0.001000
0.092250,1.000000,0.684148,1.888068,7.901507,7.608452,0.395688,1,0.001000
0.092300,1.000000,0.714586,1.888068,7.936918,7.608452,0.395688,1,0.001000
0.092350,1.000000,0.743954,1.888068,7.964496,7.608452,0.395688,1,0.001000
0.092400,1.000000,0.772463,1.888068,7.984214,7.608452,0.395688,1,0.001000
0.092450,1.000000,0.800318,1.888068,7.996052,7.608452,0.395688,1,0.001000
0.092500,1.000000,0.827728,1.888068,8.000000,7.608452,0.395688,1,0.001000
0.092550,1.000000,0.854893,1.888068,7.996052,7.608452,0.395688,1,0.001000
0.092600,1.000000,0.882014,1.888068,7.984214,7.608452,0.395688,1,0.001000
0.092650,1.000000,0.909290,1.888068,7.964496,7.608452,0.395688,1,0.001000
0.092700,1.000000,0.936913,1.888068,7.936918,7.608452,0.395688,1,0.001000
0.092750,1.000000,0.965077,1.888068,7.901507,7.608452,0.395688,1,0.001000
0.092800,1.000000,0.993969,1.888068,7.858298,7.608452,0.395688,1,0.001000
0.092850,1.000000,1.023775,1.888068,7.807334,7.608452,0.395688,1,0.001000
0.092900,1.000000,1.054674,1.888068,7.748665,7.608452,0.395688,1,0.001000
0.092950,1.000000,1.086845,1.888068,7.682349,7.608452,0.395688,1,0.001000
0.093000,1.000000,1.089038,0.631152,7.608452,7.608452,0.343317,1,0.001000
0.093050,1.000000,1.093239,0.631152,7.527046,7.608452,0.343317,1,0.001000
0.093100,1.000000,1.099608,0.631152,7.438212,7.608452,0.343317,1,0.001000
0.093150,1.000000,1.108302,0.631152,7.342037,7.608452,0.343317,1,0.001000
0.093200,1.000000,1.119473,0.631152,7.238616,7.608452,0.343317,1,0.001000
0.093250,1.000000,1.133268,0.631152,7.128052,7.608452,0.343317,1,0.001000
0.093300,1.000000,1.149831,0.631152,7.010453,7.608452,0.343317,1,0.001000
0.093350,1.000000,1.169300,0.631152,6.885936,7.608452,0.343317,1,0.001000
0.093400,1.000000,1.191808,0.631152,6.754623,7.608452,0.343317,1,0.001000
0.093450,1.000000,1.217485,0.631152,6.616645,7.608452,0.343317,1,0.001000
0.093500,1.000000,1.246453,0.631152,6.472136,7.608452,0.343317,1,0.001000
0.093550,1.000000,1.278831,0.631152,6.321240,7.608452,0.343317,1,0.001000
0.093600,1.000000,1.314733,0.631152,6.164106,7.608452,0.343317,1,0.001000
0.093650,1.000000,1.354267,0.631152,6.000889,7.608452,0.343317,1,0.001000
0.093700,1.000000,1.397535,0.631152,5.831749,7.608452,0.343317,1,0.001000
0.093750,1.000000,1.444635,0.631152,5.656854,7.608452,0.343317,1,0.001000
0.093800,1.000000,1.495657,0.631152,5.476377,7.608452,0.343317,1,0.001000
0.093850,1.000000,1.550689,0.631152,5.290495,7.608452,0.343317,1,0.001000
0.093900,1.000000,1.609811,0.631152,5.099392,7.608452,0.343317,1,0.001000
0.093950,1.000000,1.673097,0.631152,4.903256,7.608452,0.343317,1,0.001000
0.094000,1.000000,1.635284,-0.675973,4.702282,4.702282,0.167763,1,0.001000
0.094050,1.000000,1.603084,-0.675973,4.496667,4.702282,0.167763,1,0.001000
0.094100,1.000000,1.576538,-0.675973,4.286614,4.702282,0.167763,1,0.001000
0.094150,1.000000,1.555681,-0.675973,4.072331,4.702282,0.167763,1,0.001000
0.094200,1.000000,1.540542,-0.675973,3.854029,4.702282,0.167763,1,0.001000
0.094250,1.000000,1.531144,-0.675973,3.631924,4.702282,0.167763,1,0.001000
0.094300,1.000000,1.527507,-0.675973,3.406234,4.702282,0.167763,1,0.001000
0.094350,1.000000,1.529641,-0.675973,3.177183,4.702282,0.167763,1,0.001000
0.094400,1.000000,1.537554,-0.675973,2.944996,4.702282,0.167763,1,0.001000
0.094450,1.000000,1.551244,-0.675973,2.709903,4.702282,0.167763,1,0.001000
0.094500,1.000000,1.570708,-0.675973,2.472136,4.702282,0.167763,1,0.001000
0.094550,1.000000,1.595934,-0.675973,2.231929,4.702282,0.167763,1,0.001000
0.094600,1.000000,1.626904,-0.675973,1.989519,4.702282,0.167763,1,0.001000
0.094650,1.000000,1.663597,-0.675973,1.745146,4.702282,0.167763,1,0.001000
0.094700,1.000000,1.705984,-0.675973,1.499051,4.702282,0.167763,1,0.001000
0.094750,1.000000,1.754030,-0.675973,1.251476,4.702282,0.167763,1,0.001000
0.094800,1.000000,1.807695,-0.675973,1.002666,4.702282,0.167763,1,0.001000
0.094850,1.000000,1.866935,-0.675973,0.752867,4.702282,0.167763,1,0.001000
0.094900,1.000000,1.931698,-0.675973,0.502324,4.702282,0.167763,1,0.001000
0.094950,1.000000,2.001928,-0.675973,0.251286,4.702282,0.167763,1,0.001000
0.095000,1.000000,1.938553,-1.534019,-0.000000,-0.000000,-0.063917,1,0.001000
0.095050,1.000000,1.882253,-1.534019,-0.251286,-0.000000,-0.063917,1,0.001000
0.095100,1.000000,1.832932,-1.534019,-0.502324,-0.000000,-0.063917,1,0.001000
0.095150,1.000000,1.790492,-1.534019,-0.752867,-0.000000,-0.063917,1,0.001000
0.095200,1.000000,1.754827,-1.534019,-1.002666,-0.000000,-0.063917,1,0.001000
0.095250,1.000000,1.725828,-1.534019,-1.251476,-0.000000,-0.063917,1,0.001000
0.095300,1.000000,1.703381,-1.534019,-1.499051,-0.000000,-0.063917,1,0.001000
0.095350,1.000000,1.687367,-1.534019,-1.745146,-0.000000,-0.063917,1,0.001000
0.095400,1.000000,1.677662,-1.534019,-1.989519,-0.000000,-0.063917,1,0.001000
0.095450,1.000000,1.674139,-1.534019,-2.231929,-0.000000,-0.063917,1,0.001000
0.095500,1.000000,1.676665,-1.534019,-2.472136,-0.000000,-0.063917,1,0.001000
0.095550,1.000000,1.685104,-1.534019,-2.709903,-0.000000,-0.063917,1,0.001000
0.095600,1.000000,1.699315,-1.534019,-2.944996,-0.000000,-0.063917,1,0.001000
0.095650,1.000000,1.719152,-1.534019,-3.177183,-0.000000,-0.063917,1,0.001000
0.095700,1.000000,1.744468,-1.534019,-3.406234,-0.000000,-0.063917,1,0.001000
0.095750,1.000000,1.775110,-1.534019,-3.631924,-0.000000,-0.063917,1,0.001000
0.095800,1.000000,1.810921,-1.534019,-3.854029,-0.000000,-0.063917,1,0.001000
0.095850,1.000000,1.851743,-1.534019,-4.072331,-0.000000,-0.063917,1,0.001000
0.095900,1.000000,1.897411,-1.534019,-4.286614,-0.000000,-0.063917,1,0.001000
0.095950,1.000000,1.947759,-1.534019,-4.496667,-0.000000,-0.063917,1,0.001000
0.096000,1.000000,1.883031,-1.615235,-4.702282,-4.702282,-0.263230,1,0.001000
0.096050,1.000000,1.824137,-1.615235,-4.903256,-4.702282,-0.263230,1,0.001000
0.096100,1.000000,1.770882,-1.615235,-5.099392,-4.702282,-0.263230,1,0.001000
0.096150,1.000000,1.723071,-1.615235,-5.290495,-4.702282,-0.263230,1,0.001000
0.096200,1.000000,1.680504,-1.615235,-5.476377,-4.702282,-0.263230,1,0.001000
0.096250,1.000000,1.642981,-1.615235,-5.656854,-4.702282,-0.263230,1,0.001000
0.096300,1.000000,1.610299,-1.615235,-5.831749,-4.702282,-0.263230,1,0.001000
0.096350,1.000000,1.582255,-1.615235,-6.000889,-4.702282,-0.263230,1,0.001000
0.096400,1.000000,1.558642,-1.615235,-6.164106,-4.702282,-0.263230,1,0.001000
0.096450,1.000000,1.539252,-1.615235,-6.321240,-4.702282,-0.263230,1,0.001000
0.096500,1.000000,1.523876,-1.615235,-6.472136,-4.702282,-0.263230,1,0.001000
0.096550,1.000000,1.512306,-1.615235,-6.616645,-4.702282,-0.263230,1,0.001000
0.096600,1.000000,1.504330,-1.615235,-6.754623,-4.702282,-0.263230,1,0.001000
0.096650,1.000000,1.499736,-1.615235,-6.885936,-4.702282,-0.263230,1,0.001000
0.096700,1.000000,1.498313,-1.615235,-7.010453,-4.702282,-0.263230,1,0.001000
0.096750,1.000000,1.499848,-1.615235,-7.128052,-4.702282,-0.263230,1,0.001000
0.096800,1.000000,1.504127,-1.615235,-7.238616,-4.702282,-0.263230,1,0.001000
0.096850,1.000000,1.510938,-1.615235,-7.342037,-4.702282,-0.263230,1,0.001000
0.096900,1.000000,1.520069,-1.615235,-7.438212,-4.702282,-0.263230,1,0.001000
0.096950,1.000000,1.531306,-1.615235,-7.527046,-4.702282,-0.263230,1,0.001000
0.097000,1.000000,1.489950,-0.888590,-7.608452,-7.608452,-0.354043,1,0.001000
0.097050,1.000000,1.450959,-0.888590,-7.682349,-7.608452,-0.354043,1,0.001000
0.097100,1.000000,1.414112,-0.888590,-7.748665,-7.608452,-0.354043,1,0.001000
0.097150,1.000000,1.379193,-0.888590,-7.807334,-7.608452,-0.354043,1,0.001000
0.097200,1.000000,1.345985,-0.888590,-7.858298,-7.608452,-0.354043,1,0.001000
0.097250,1.000000,1.314271,-0.888590,-7.901507,-7.608452,-0.354043,1,0.001000
0.097300,1.000000,1.283840,-0.888590,-7.936918,-7.608452,-0.354043,1,0.001000
0.097350,1.000000,1.254478,-0.888590,-7.964496,-7.608452,-0.354043,1,0.001000
0.097400,1.000000,1.225977,-0.888590,-7.984214,-7.608452,-0.354043,1,0.001000
0.097450,1.000000,1.198127,-0.888590,-7.996052,-7.608452,-0.354043,1,0.001000
0.097500,1.000000,1.170724,-0.888590,-8.000000,-7.608452,-0.354043,1,0.001000
0.097550,1.000000,1.143566,-0.888590,-7.996052,-7.608452,-0.354043,1,0.001000
0.097600,1.000000,1.116450,-0.888590,-7.984214,-7.608452,-0.354043,1,0.001000
0.097650,1.000000,1.089181,-0.888590,-7.964496,-7.608452,-0.354043,1,0.001000
0.097700,1.000000,1.061563,-0.888590,-7.936918,-7.608452,-0.354043,1,0.001000
0.097750,1.000000,1.033405,-0.888590,-7.901507,-7.608452,-0.354043,1,0.001000
0.097800,1.000000,1.004519,-0.888590,-7.858298,-7.608452,-0.354043,1,0.001000
0.097850,1.000000,0.974720,-0.888590,-7.807334,-7.608452,-0.354043,1,0.001000
0.097900,1.000000,0.943826,-0.888590,-7.748665,-7.608452,-0.354043,1,0.001000
0.097950,1.000000,0.911661,-0.888590,-7.682349,-7.608452,-0.354043,1,0.001000
0.098000,1.000000,0.909475,0.368368,-7.608452,-7.608452,-0.301670,1,0.001000
0.098050,1.000000,0.905280,0.368368,-7.527046,-7.608452,-0.301670,1,0.001000
0.098100,1.000000,0.898918,0.368368,-7.438212,-7.608452,-0.301670,1,0.001000
0.098150,1.000000,0.890230,0.368368,-7.342037,-7.608452,-0.301670,1,0.001000
0.098200,1.000000,0.879065,0.368368,-7.238616,-7.608452,-0.301670,1,0.001000
0.098250,1.000000,0.865276,0.368368,-7.128052,-7.608452,-0.301670,1,0.001000
0.098300,1.000000,0.848719,0.368368,-7.010453,-7.608452,-0.301670,1,0.001000
0.098350,1.000000,0.829257,0.368368,-6.885936,-7.608452,-0.301670,1,0.001000
0.098400,1.000000,0.806755,0.368368,-6.754623,-7.608452,-0.301670,1,0.001000
0.098450,1.000000,0.781084,0.368368,-6.616645,-7.608452,-0.301670,1,0.001000
0.098500,1.000000,0.752122,0.368368,-6.472136,-7.608452,-0.301670,1,0.001000
0.098550,1.000000,0.719749,0.368368,-6.321240,-7.608452,-0.301670,1,0.001000
0.098600,1.000000,0.683853,0.368368,-6.164106,-7.608452,-0.301670,1,0.001000
0.098650,1.000000,0.644325,0.368368,-6.000889,-7.608452,-0.301670,1,0.001000
0.098700,1.000000,0.601062,0.368368,-5.831749,-7.608452,-0.301670,1,0.001000
0.098750,1.000000,0.553968,0.368368,-5.656854,-7.608452,-0.301670,1,0.001000
0.098800,1.000000,0.502951,0.368368,-5.476377,-7.608452,-0.301670,1,0.001000
0.098850,1.000000,0.447924,0.368368,-5.290495,-7.608452,-0.301670,1,0.001000
0.098900,1.000000,0.388808,0.368368,-5.099392,-7.608452,-0.301670,1,0.001000
0.098950,1.000000,0.325527,0.368368,-4.903256,-7.608452,-0.301670,1,0.001000
0.099000,1.000000,0.363346,1.675530,-4.702282,-4.702282,-0.126115,1,0.001000
0.099050,1.000000,0.395552,1.675530,-4.496667,-4.702282,-0.126115,1,0.001000
0.099100,1.000000,0.422105,1.675530,-4.286614,-4.702282,-0.126115,1,0.001000
0.099150,1.000000,0.442968,1.675530,-4.072331,-4.702282,-0.126115,1,0.001000
0.099200,1.000000,0.458113,1.675530,-3.854029,-4.702282,-0.126115,1,0.001000
0.099250,1.000000,0.467516,1.675530,-3.631924,-4.702282,-0.126115,1,0.001000
0.099300,1.000000,0.471159,1.675530,-3.406234,-4.702282,-0.126115,1,0.001000
0.099350,1.000000,0.469030,1.675530,-3.177183,-4.702282,-0.126115,1,0.001000
0.099400,1.000000,0.461123,1.675530,-2.944996,-4.702282,-0.126115,1,0.001000
0.099450,1.000000,0.447438,1.675530,-2.709903,-4.702282,-0.126115,1,0.001000
0.099500,1.000000,0.427980,1.675530,-2.472136,-4.702282,-0.126115,1,0.001000
0.099550,1.000000,0.402759,1.675530,-2.231929,-4.702282,-0.126115,1,0.001000
0.099600,1.000000,0.371794,1.675530,-1.989519,-4.702282,-0.126115,1,0.001000
0.099650,1.000000,0.335106,1.675530,-1.745146,-4.702282,-0.126115,1,0.001000
0.099700,1.000000,0.292725,1.675530,-1.499051,-4.702282,-0.126115,1,0.001000
0.099750,1.000000,0.244684,1.675530,-1.251476,-4.702282,-0.126115,1,0.001000
0.099800,1.000000,0.191023,1.675530,-1.002666,-4.702282,-0.126115,1,0.001000
0.099850,1.000000,0.131789,1.675530,-0.752867,-4.702282,-0.126115,1,0.001000
0.099900,1.000000,0.067030,1.675530,-0.502324,-4.702282,-0.126115,1,0.001000
0.099950,1.000000,-0.003194,1.675530,-0.251286,-4.702282,-0.126115,1,0.001000
0.100000,1.000000,0.060186,2.533612,0.000000,0.000000,0.105567,1,0.001000
0.100050,1.000000,0.116492,2.533612,0.251286,0.000000,0.105567,1,0.001000
0.100100,1.000000,0.165818,2.533612,0.502324,0.000000,0.105567,1,0.001000
0.100150,1.000000,0.208264,2.533612,0.752867,0.000000,0.105567,1,0.001000
0.100200,1.000000,0.243934,2.533612,1.002666,0.000000,0.105567,1,0.001000
0.100250,1.000000,0.272939,2.533612,1.251476,0.000000,0.105567,1,0.001000
0.100300,1.000000,0.295391,2.533612,1.499051,0.000000,0.105567,1,0.001000
0.100350,1.000000,0.311410,2.533612,1.745146,0.000000,0.105567,1,0.001000
0.100400,1.000000,0.321120,2.533612,1.989519,0.000000,0.105567,1,0.001000
0.100450,1.000000,0.324648,2.533612,2.231929,0.000000,0.105567,1,0.001000
0.100500,1.000000,0.322127,2.533612,2.472136,0.000000,0.105567,1,0.001000
0.100550,1.000000,0.313693,2.533612,2.709903,0.000000,0.105567,1,0.001000
0.100600,1.000000,0.299487,2.533612,2.944996,0.000000,0.105567,1,0.001000
0.100650,1.000000,0.279654,2.533612,3.177183,0.000000,0.105567,1,0.001000
0.100700,1.000000,0.254343,2.533612,3.406234,0.000000,0.105567,1,0.001000
0.100750,1.000000,0.223706,2.533612,3.631924,0.000000,0.105567,1,0.001000
0.100800,1.000000,0.187899,2.533612,3.854029,0.000000,0.105567,1,0.001000
0.100850,1.000000,0.147082,2.533612,4.072331,0.000000,0.105567,1,0.001000
0.100900,1.000000,0.101419,2.533612,4.286614,0.000000,0.105567,1,0.001000
0.100950,1.000000,0.051075,2.533612,4.496667,0.000000,0.105567,1,0.001000
0.101000,1.000000,0.115808,2.614860,4.702282,4.702282,0.304881,1,0.001000
0.101050,1.000000,0.174707,2.614860,4.903256,4.702282,0.304881,1,0.001000
0.101100,1.000000,0.227967,2.614860,5.099392,4.702282,0.304881,1,0.001000
0.101150,1.000000,0.275784,2.614860,5.290495,4.702282,0.304881,1,0.001000
0.101200,1.000000,0.318355,2.614860,5.476377,4.702282,0.304881,1,0.001000
0.101250,1.000000,0.355883,2.614860,5.656854,4.702282,0.304881,1,0.001000
0.101300,1.000000,0.388570,2.614860,5.831749,4.702282,0.304881,1,0.001000
0.101350,1.000000,0.416619,2.614860,6.000889,4.702282,0.304881,1,0.001000
0.101400,1.000000,0.440237,2.614860,6.164106,4.702282,0.304881,1,0.001000
0.101450,1.000000,0.459631,2.614860,6.321240,4.702282,0.304881,1,0.001000
0.101500,1.000000,0.475011,2.614860,6.472136,4.702282,0.304881,1,0.001000
0.101550,1.000000,0.486586,2.614860,6.616645,4.702282,0.304881,1,0.001000
0.101600,1.000000,0.494567,2.614860,6.754623,4.702282,0.304881,1,0.001000
0.101650,1.000000,0.499165,2.614860,6.885936,4.702282,0.304881,1,0.001000
0.101700,1.000000,0.500592,2.614860,7.010453,4.702282,0.304881,1,0.001000
0.101750,1.000000,0.499062,2.614860,7.128052,4.702282,0.304881,1,0.001000
0.101800,1.000000,0.494787,2.614860,7.238616,4.702282,0.304881,1,0.001000
0.101850,1.000000,0.487980,2.614860,7.342037,4.702282,0.304881,1,0.001000
0.101900,1.000000,0.478853,2.614860,7.438212,4.702282,0.304881,1,0.001000
0.101950,1.000000,0.467620,2.614860,7.527046,4.702282,0.304881,1,0.001000
0.102000,1.000000,0.508981,1.888245,7.608452,7.608452,0.395696,1,0.001000
0.102050,1.000000,0.547977,1.888245,7.682349,7.608452,0.395696,1,0.001000
0.102100,1.000000,0.584828,1.888245,7.748665,7.608452,0.395696,1,0.001000
0.102150,1.000000,0.619752,1.888245,7.807334,7.608452,0.395696,1,0.001000
0.102200,1.000000,0.652965,1.888245,7.858298,7.608452,0.395696,1,0.001000
0.102250,1.000000,0.684683,1.888245,7.901507,7.608452,0.395696,1,0.001000
0.102300,1.000000,0.715119,1.888245,7.936918,7.608452,0.395696,1,0.001000
0.102350,1.000000,0.744485,1.888245,7.964496,7.608452,0.395696,1,0.001000
0.102400,1.000000,0.772991,1.888245,7.984214,7.608452,0.395696,1,0.001000
0.102450,1.000000,0.800845,1.888245,7.996052,7.608452,0.395696,1,0.001000
0.102500,1.000000,0.828251,1.888245,8.000000,7.608452,0.395696,1,0.001000
0.102550,1.000000,0.855414,1.888245,7.996052,7.608452,0.395696,1,0.001000
0.102600,1.000000,0.882534,1.888245,7.984214,7.608452,0.395696,1,0.001000
0.102650,1.000000,0.909807,1.888245,7.964496,7.608452,0.395696,1,0.001000
0.102700,1.000000,0.937429,1.888245,7.936918,7.608452,0.395696,1,0.001000
0.102750,1.000000,0.965591,1.888245,7.901507,7.608452,0.395696,1,0.001000
0.102800,1.000000,0.994481,1.888245,7.858298,7.608452,0.395696,1,0.001000
0.102850,1.000000,1.024284,1.888245,7.807334,7.608452,0.395696,1,0.001000
0.102900,1.000000,1.055181,1.888245,7.748665,7.608452,0.395696,1,0.001000
0.102950,1.000000,1.087350,1.888245,7.682349,7.608452,0.395696,1,0.001000
0.103000,1.000000,1.089541,0.631314,7.608452,7.608452,0.343324,1,0.001000
0.103050,1.000000,1.093740,0.631314,7.527046,7.608452,0.343324,1,0.001000
0.103100,1.000000,1.100107,0.631314,7.438212,7.608452,0.343324,1,0.001000
0.103150,1.000000,1.108799,0.631314,7.342037,7.608452,0.343324,1,0.001000
0.103200,1.000000,1.119968,0.631314,7.238616,7.608452,0.343324,1,0.001000
0.103250,1.000000,1.133761,0.631314,7.128052,7.608452,0.343324,1,0.001000
0.103300,1.000000,1.150322,0.631314,7.010453,7.608452,0.343324,1,0.001000
0.103350,1.000000,1.169789,0.631314,6.885936,7.608452,0.343324,1,0.001000
0.103400,1.000000,1.192295,0.631314,6.754623,7.608452,0.343324,1,0.001000
0.103450,1.000000,1.217969,0.631314,6.616645,7.608452,0.343324,1,0.001000
0.103500,1.000000,1.246935,0.631314,6.472136,7.608452,0.343324,1,0.001000
0.103550,1.000000,1.279312,0.631314,6.321240,7.608452,0.343324,1,0.001000
0.103600,1.000000,1.315212,0.631314,6.164106,7.608452,0.343324,1,0.001000
0.103650,1.000000,1.354744,0.631314,6.000889,7.608452,0.343324,1,0.001000
0.103700,1.000000,1.398010,0.631314,5.831749,7.608452,0.343324,1,0.001000
0.103750,1.000000,1.445107,0.631314,5.656854,7.608452,0.343324,1,0.001000
0.103800,1.000000,1.496128,0.631314,5.476377,7.608452,0.343324,1,0.001000
0.103850,1.000000,1.551159,0.631314,5.290495,7.608452,0.343324,1,0.001000
0.103900,1.000000,1.610278,0.631314,5.099392,7.608452,0.343324,1,0.001000
0.103950,1.000000,1.673563,0.631314,4.903256,7.608452,0.343324,1,0.001000
0.104000,1.000000,1.635748,-0.675823,4.702282,4.702282,0.167769,1,0.001000
0.104050,1.000000,1.603546,-0.675823,4.496667,4.702282,0.167769,1,0.001000
0.104100,1.000000,1.576997,-0.675823,4.286614,4.702282,0.167769,1,0.001000
0.104150,1.000000,1.556138,-0.675823,4.072331,4.702282,0.167769,1,0.001000
0.104200,1.000000,1.540997,-0.675823,3.854029,4.702282,0.167769,1,0.001000
0.104250,1.000000,1.531598,-0.675823,3.631924,4.702282,0.167769,1,0.001000
0.104300,1.000000,1.527959,-0.675823,3.406234,4.702282,0.167769,1,0.001000
0.104350,1.000000,1.530091,-0.675823,3.177183,4.702282,0.167769,1,0.001000
0.104400,1.000000,1.538001,-0.675823,2.944996,4.702282,0.167769,1,0.001000
0.104450,1.000000,1.551690,-0.675823,2.709903,4.702282,0.167769,1,0.001000
0.104500,1.000000,1.571152,-0.675823,2.472136,4.702282,0.167769,1,0.001000
0.104550,1.000000,1.596376,-0.675823,2.231929,4.702282,0.167769,1,0.001000
0.104600,1.000000,1.627345,-0.675823,1.989519,4.702282,0.167769,1,0.001000
0.104650,1.000000,1.664036,-0.675823,1.745146,4.702282,0.167769,1,0.001000
0.104700,1.000000,1.706421,-0.675823,1.499051,4.702282,0.167769,1,0.001000
0.104750,1.000000,1.754465,-0.675823,1.251476,4.702282,0.167769,1,0.001000
0.104800,1.000000,1.808129,-0.675823,1.002666,4.702282,0.167769,1,0.001000
0.104850,1.000000,1.867367,-0.675823,0.752867,4.702282,0.167769,1,0.001000
0.104900,1.000000,1.932128,-0.675823,0.502324,4.702282,0.167769,1,0.001000
0.104950,1.000000,2.002356,-0.675823,0.251286,4.702282,0.167769,1,0.001000
0.105000,1.000000,1.938980,-1.533881,-0.000000,-0.000000,-0.063912,1,0.001000
0.105050,1.000000,1.882678,-1.533881,-0.251286,-0.000000,-0.063912,1,0.001000
0.105100,1.000000,1.833355,-1.533881,-0.502324,-0.000000,-0.063912,1,0.001000
0.105150,1.000000,1.790913,-1.533881,-0.752867,-0.000000,-0.063912,1,0.001000
0.105200,1.000000,1.755246,-1.533881,-1.002666,-0.000000,-0.063912,1,0.001000
0.105250,1.000000,1.726245,-1.533881,-1.251476,-0.000000,-0.063912,1,0.001000
0.105300,1.000000,1.703796,-1.533881,-1.499051,-0.000000,-0.063912,1,0.001000
0.105350,1.000000,1.687781,-1.533881,-1.745146,-0.000000,-0.063912,1,0.001000
0.105400,1.000000,1.678074,-1.533881,-1.989519,-0.000000,-0.063912,1,0.001000
0.105450,1.000000,1.674550,-1.533881,-2.231929,-0.000000,-0.063912,1,0.001000
0.105500,1.000000,1.677074,-1.533881,-2.472136,-0.000000,-0.063912,1,0.001000
0.105550,1.000000,1.685511,-1.533881,-2.709903,-0.000000,-0.063912,1,0.001000
0.105600,1.000000,1.699720,-1.533881,-2.944996,-0.000000,-0.063912,1,0.001000
0.105650,1.000000,1.719556,-1.533881,-3.177183,-0.000000,-0.063912,1,0.001000
0.105700,1.000000,1.744871,-1.533881,-3.406234,-0.000000,-0.063912,1,0.001000
0.105750,1.000000,1.775511,-1.533881,-3.631924,-0.000000,-0.063912,1,0.001000
0.105800,1.000000,1.811321,-1.533881,-3.854029,-0.000000,-0.063912,1,0.001000
0.105850,1.000000,1.852140,-1.533881,-4.072331,-0.000000,-0.063912,1,0.001000
0.105900,1.000000,1.897807,-1.533881,-4.286614,-0.000000,-0.063912,1,0.001000
0.105950,1.000000,1.948154,-1.533881,-4.496667,-0.000000,-0.063912,1,0.001000
0.106000,1.000000,1.883424,-1.615108,-4.702282,-4.702282,-0.263225,1,0.001000
0.106050,1.000000,1.824528,-1.615108,-4.903256,-4.702282,-0.263225,1,0.001000
0.106100,1.000000,1.771272,-1.615108,-5.099392,-4.702282,-0.263225,1,0.001000
0.106150,1.000000,1.723458,-1.615108,-5.290495,-4.702282,-0.263225,1,0.001000
0.106200,1.000000,1.680890,-1.615108,-5.476377,-4.702282,-0.263225,1,0.001000
0.106250,1.000000,1.643365,-1.615108,-5.656854,-4.702282,-0.263225,1,0.001000
0.106300,1.000000,1.610682,-1.615108,-5.831749,-4.702282,-0.263225,1,0.001000
0.106350,1.000000,1.582636,-1.615108,-6.000889,-4.702282,-0.263225,1,0.001000
0.106400,1.000000,1.559021,-1.615108,-6.164106,-4.702282,-0.263225,1,0.001000
0.106450,1.000000,1.539630,-1.615108,-6.321240,-4.702282,-0.263225,1,0.001000
0.106500,1.000000,1.524253,-1.615108,-6.472136,-4.702282,-0.263225,1,0.001000
0.106550,1.000000,1.512681,-1.615108,-6.616645,-4.702282,-0.263225,1,0.001000
0.106600,1.000000,1.504703,-1.615108,-6.754623,-4.702282,-0.263225,1,0.001000
0.106650,1.000000,1.500108,-1.615108,-6.885936,-4.702282,-0.263225,1,0.001000
0.106700,1.000000,1.498684,-1.615108,-7.010453,-4.702282,-0.263225,1,0.001000
0.106750,1.000000,1.500217,-1.615108,-7.128052,-4.702282,-0.263225,1,0.001000
0.106800,1.000000,1.504495,-1.615108,-7.238616,-4.702282,-0.263225,1,0.001000
0.106850,1.000000,1.511305,-1.615108,-7.342037,-4.702282,-0.263225,1,0.001000
0.106900,1.000000,1.520434,-1.615108,-7.438212,-4.702282,-0.263225,1,0.001000
0.106950,1.000000,1.531670,-1.615108,-7.527046,-4.702282,-0.263225,1,0.001000
0.107000,1.000000,1.490312,-0.888473,-7.608452,-7.608452,-0.354039,1,0.001000
0.107050,1.000000,1.451319,-0.888473,-7.682349,-7.608452,-0.354039,1,0.001000
0.107100,1.000000,1.414471,-0.888473,-7.748665,-7.608452,-0.354039,1,0.001000
0.107150,1.000000,1.379550,-0.888473,-7.807334,-7.608452,-0.354039,1,0.001000
0.107200,1.000000,1.346340,-0.888473,-7.858298,-7.608452,-0.354039,1,0.001000
0.107250,1.000000,1.314625,-0.888473,-7.901507,-7.608452,-0.354039,1,0.001000
0.107300,1.000000,1.284192,-0.888473,-7.936918,-7.608452,-0.354039,1,0.001000
0.107350,1.000000,1.254829,-0.888473,-7.964496,-7.608452,-0.354039,1,0.001000
0.107400,1.000000,1.226326,-0.888473,-7.984214,-7.608452,-0.354039,1,0.001000
0.107450,1.000000,1.198475,-0.888473,-7.996052,-7.608452,-0.354039,1,0.001000
0.107500,1.000000,1.171071,-0.888473,-8.000000,-7.608452,-0.354039,1,0.001000
0.107550,1.000000,1.143911,-0.888473,-7.996052,-7.608452,-0.354039,1,0.001000
0.107600,1.000000,1.116794,-0.888473,-7.984214,-7.608452,-0.354039,1,0.001000
0.107650,1.000000,1.089523,-0.888473,-7.964496,-7.608452,-0.354039,1,0.001000
0.107700,1.000000,1.061904,-0.888473,-7.936918,-7.608452,-0.354039,1,0.001000
0.107750,1.000000,1.033745,-0.888473,-7.901507,-7.608452,-0.354039,1,0.001000
0.107800,1.000000,1.004857,-0.888473,-7.858298,-7.608452,-0.354039,1,0.001000
0.107850,1.000000,0.975057,-0.888473,-7.807334,-7.608452,-0.354039,1,0.001000
0.107900,1.000000,0.944162,-0.888473,-7.748665,-7.608452,-0.354039,1,0.001000
0.107950,1.000000,0.911996,-0.888473,-7.682349,-7.608452,-0.354039,1,0.001000
0.108000,1.000000,0.909808,0.368475,-7.608452,-7.608452,-0.301666,1,0.001000
0.108050,1.000000,0.905612,0.368475,-7.527046,-7.608452,-0.301666,1,0.001000
0.108100,1.000000,0.899248,0.368475,-7.438212,-7.608452,-0.301666,1,0.001000
0.108150,1.000000,0.890559,0.368475,-7.342037,-7.608452,-0.301666,1,0.001000
0.108200,1.000000,0.879393,0.368475,-7.238616,-7.608452,-0.301666,1,0.001000
0.108250,1.000000,0.865602,0.368475,-7.128052,-7.608452,-0.301666,1,0.001000
0.108300,1.000000,0.849044,0.368475,-7.010453,-7.608452,-0.301666,1,0.001000
0.108350,1.000000,0.829580,0.368475,-6.885936,-7.608452,-0.301666,1,0.001000
0.108400,1.000000,0.807076,0.368475,-6.754623,-7.608452,-0.301666,1,0.001000
0.108450,1.000000,0.781405,0.368475,-6.616645,-7.608452,-0.301666,1,0.001000
0.108500,1.000000,0.752441,0.368475,-6.472136,-7.608452,-0.301666,1,0.001000
0.108550,1.000000,0.720067,0.368475,-6.321240,-7.608452,-0.301666,1,0.001000
0.108600,1.000000,0.684169,0.368475,-6.164106,-7.608452,-0.301666,1,0.001000
0.108650,1.000000,0.644640,0.368475,-6.000889,-7.608452,-0.301666,1,0.001000
0.108700,1.000000,0.601376,0.368475,-5.831749,-7.608452,-0.301666,1,0.001000
0.108750,1.000000,0.554281,0.368475,-5.656854,-7.608452,-0.301666,1,0.001000
0.108800,1.000000,0.503263,0.368475,-5.476377,-7.608452,-0.301666,1,0.001000
0.108850,1.000000,0.448235,0.368475,-5.290495,-7.608452,-0.301666,1,0.001000
0.108900,1.000000,0.389117,0.368475,-5.099392,-7.608452,-0.301666,1,0.001000
0.108950,1.000000,0.325835,0.368475,-4.903256,-7.608452,-0.301666,1,0.001000
0.109000,1.000000,0.363653,1.675629,-4.702282,-4.702282,-0.126111,1,0.001000
0.109050,1.000000,0.395858,1.675629,-4.496667,-4.702282,-0.126111,1,0.001000
0.109100,1.000000,0.422409,1.675629,-4.286614,-4.702282,-0.126111,1,0.001000
0.109150,1.000000,0.443270,1.675629,-4.072331,-4.702282,-0.126111,1,0.001000
0.109200,1.000000,0.458414,1.675629,-3.854029,-4.702282,-0.126111,1,0.001000
0.109250,1.000000,0.467816,1.675629,-3.631924,-4.702282,-0.126111,1,0.001000
0.109300,1.000000,0.471457,1.675629,-3.406234,-4.702282,-0.126111,1,0.001000
0.109350,1.000000,0.469327,1.675629,-3.177183,-4.702282,-0.126111,1,0.001000
0.109400,1.000000,0.461419,1.675629,-2.944996,-4.702282,-0.126111,1,0.001000
0.109450,1.000000,0.447733,1.675629,-2.709903,-4.702282,-0.126111,1,0.001000
0.109500,1.000000,0.428273,1.675629,-2.472136,-4.702282,-0.126111,1,0.001000
0.109550,1.000000,0.403052,1.675629,-2.231929,-4.702282,-0.126111,1,0.001000
0.109600,1.000000,0.372085,1.675629,-1.989519,-4.702282,-0.126111,1,0.001000
0.109650,1.000000,0.335397,1.675629,-1.745146,-4.702282,-0.126111,1,0.001000
0.109700,1.000000,0.293014,1.675629,-1.499051,-4.702282,-0.126111,1,0.001000
0.109750,1.000000,0.244972,1.675629,-1.251476,-4.702282,-0.126111,1,0.001000
0.109800,1.000000,0.191310,1.675629,-1.002666,-4.702282,-0.126111,1,0.001000
0.109850,1.000000,0.132074,1.675629,-0.752867,-4.702282,-0.126111,1,0.001000
0.109900,1.000000,0.067315,1.675629,-0.502324,-4.702282,-0.126111,1,0.001000
0.109950,1.000000,-0.002910,1.675629,-0.251286,-4.702282,-0.126111,1,0.001000
0.110000,1.000000,0.060468,2.533703,0.000000,0.000000,0.105571,1,0.001000
0.110050,1.000000,0.116773,2.533703,0.251286,0.000000,0.105571,1,0.001000
0.110100,1.000000,0.166098,2.533703,0.502324,0.000000,0.105571,1,0.001000
0.110150,1.000000,0.208543,2.533703,0.752867,0.000000,0.105571,1,0.001000
0.110200,1.000000,0.244212,2.533703,1.002666,0.000000,0.105571,1,0.001000
0.110250,1.000000,0.273215,2.533703,1.251476,0.000000,0.105571,1,0.001000
0.110300,1.000000,0.295666,2.533703,1.499051,0.000000,0.105571,1,0.001000
0.110350,1.000000,0.311684,2.533703,1.745146,0.000000,0.105571,1,0.001000
0.110400,1.000000,0.321393,2.533703,1.989519,0.000000,0.105571,1,0.001000
0.110450,1.000000,0.324919,2.533703,2.231929,0.000000,0.105571,1,0.001000
0.110500,1.000000,0.322397,2.533703,2.472136,0.000000,0.105571,1,0.001000
0.110550,1.000000,0.313962,2.533703,2.709903,0.000000,0.105571,1,0.001000
0.110600,1.000000,0.299755,2.533703,2.944996,0.000000,0.105571,1,0.001000
0.110650,1.000000,0.279921,2.533703,3.177183,0.000000,0.105571,1,0.001000
0.110700,1.000000,0.254609,2.533703,3.406234,0.000000,0.105571,1,0.001000
0.110750,1.000000,0.223971,2.533703,3.631924,0.000000,0.105571,1,0.001000
0.110800,1.000000,0.188163,2.533703,3.854029,0.000000,0.105571,1,0.001000
0.110850,1.000000,0.147345,2.533703,4.072331,0.000000,0.105571,1,0.001000
0.110900,1.000000,0.101681,2.533703,4.286614,0.000000,0.105571,1,0.001000
0.110950,1.000000,0.051336,2.533703,4.496667,0.000000,0.105571,1,0.001000
0.111000,1.000000,0.116068,2.614944,4.702282,4.702282,0.304884,1,0.001000
0.111050,1.000000,0.174966,2.614944,4.903256,4.702282,0.304884,1,0.001000
0.111100,1.000000,0.228225,2.614944,5.099392,4.702282,0.304884,1,0.001000
0.111150,1.000000,0.276040,2.614944,5.290495,4.702282,0.304884,1,0.001000
0.111200,1.000000,0.318611,2.614944,5.476377,4.702282,0.304884,1,0.001000
0.111250,1.000000,0.356138,2.614944,5.656854,4.702282,0.304884,1,0.001000
0.111300,1.000000,0.388823,2.614944,5.831749,4.702282,0.304884,1,0.001000
0.111350,1.000000,0.416871,2.614944,6.000889,4.702282,0.304884,1,0.001000
0.111400,1.000000,0.440488,2.614944,6.164106,4.702282,0.304884,1,0.001000
0.111450,1.000000,0.459882,2.614944,6.321240,4.702282,0.304884,1,0.001000
0.111500,1.000000,0.475260,2.614944,6.472136,4.702282,0.304884,1,0.001000
0.111550,1.000000,0.486834,2.614944,6.616645,4.702282,0.304884,1,0.001000
0.111600,1.000000,0.494814,2.614944,6.754623,4.702282,0.304884,1,0.001000
0.111650,1.000000,0.499411,2.614944,6.885936,4.702282,0.304884,1,0.001000
0.111700,1.000000,0.500837,2.614944,7.010453,4.702282,0.304884,1,0.001000
0.111750,1.000000,0.499306,2.614944,7.128052,4.702282,0.304884,1,0.001000
0.111800,1.000000,0.495030,2.614944,7.238616,4.702282,0.304884,1,0.001000
0.111850,1.000000,0.488222,2.614944,7.342037,4.702282,0.304884,1,0.001000
0.111900,1.000000,0.479095,2.614944,7.438212,4.702282,0.304884,1,0.001000
0.111950,1.000000,0.467860,2.614944,7.527046,4.702282,0.304884,1,0.001000
0.112000,1.000000,0.509220,1.888322,7.608452,7.608452,0.395699,1,0.001000
0.112050,1.000000,0.548216,1.888322,7.682349,7.608452,0.395699,1,0.001000
0.112100,1.000000,0.585066,1.888322,7.748665,7.608452,0.395699,1,0.001000
0.112150,1.000000,0.619988,1.888322,7.807334,7.608452,0.395699,1,0.001000
0.112200,1.000000,0.653200,1.888322,7.858298,7.608452,0.395699,1,0.001000
0.112250,1.000000,0.684917,1.888322,7.901507,7.608452,0.395699,1,0.001000
0.112300,1.000000,0.715352,1.888322,7.936918,7.608452,0.395699,1,0.001000
0.112350,1.000000,0.744717,1.888322,7.964496,7.608452,0.395699,1,0.001000
0.112400,1.000000,0.773222,1.888322,7.984214,7.608452,0.395699,1,0.001000
0.112450,1.000000,0.801075,1.888322,7.996052,7.608452,0.395699,1,0.001000
0.112500,1.000000,0.828481,1.888322,8.000000,7.608452,0.395699,1,0.001000
0.112550,1.000000,0.855643,1.888322,7.996052,7.608452,0.395699,1,0.001000
0.112600,1.000000,0.882761,1.888322,7.984214,7.608452,0.395699,1,0.001000
0.112650,1.000000,0.910034,1.888322,7.964496,7.608452,0.395699,1,0.001000
0.112700,1.000000,0.937655,1.888322,7.936918,7.608452,0.395699,1,0.001000
0.112750,1.000000,0.965816,1.888322,7.901507,7.608452,0.395699,1,0.001000
0.112800,1.000000,0.994705,1.888322,7.858298,7.608452,0.395699,1,0.001000
0.112850,1.000000,1.024507,1.888322,7.807334,7.608452,0.395699,1,0.001000
0.112900,1.000000,1.055403,1.888322,7.748665,7.608452,0.395699,1,0.001000
0.112950,1.000000,1.087572,1.888322,7.682349,7.608452,0.395699,1,0.001000
0.113000,1.000000,1.089762,0.631385,7.608452,7.608452,0.343327,1,0.001000
0.113050,1.000000,1.093959,0.631385,7.527046,7.608452,0.343327,1,0.001000
0.113100,1.000000,1.100325,0.631385,7.438212,7.608452,0.343327,1,0.001000
0.113150,1.000000,1.109016,0.631385,7.342037,7.608452,0.343327,1,0.001000
0.113200,1.000000,1.120184,0.631385,7.238616,7.608452,0.343327,1,0.001000
0.113250,1.000000,1.133977,0.631385,7.128052,7.608452,0.343327,1,0.001000
0.113300,1.000000,1.150536,0.631385,7.010453,7.608452,0.343327,1,0.001000
0.113350,1.000000,1.170002,0.631385,6.885936,7.608452,0.343327,1,0.001000
0.113400,1.000000,1.192508,0.631385,6.754623,7.608452,0.343327,1,0.001000
0.113450,1.000000,1.218181,0.631385,6.616645,7.608452,0.343327,1,0.001000
0.113500,1.000000,1.247146,0.631385,6.472136,7.608452,0.343327,1,0.001000
0.113550,1.000000,1.279522,0.631385,6.321240,7.608452,0.343327,1,0.001000
0.113600,1.000000,1.315421,0.631385,6.164106,7.608452,0.343327,1,0.001000
0.113650,1.000000,1.354952,0.631385,6.000889,7.608452,0.343327,1,0.001000
0.113700,1.000000,1.398218,0.631385,5.831749,7.608452,0.343327,1,0.001000
0.113750,1.000000,1.445314,0.631385,5.656854,7.608452,0.343327,1,0.001000
0.113800,1.000000,1.496334,0.631385,5.476377,7.608452,0.343327,1,0.001000
0.113850,1.000000,1.551364,0.631385,5.290495,7.608452,0.343327,1,0.001000
0.113900,1.000000,1.610483,0.631385,5.099392,7.608452,0.343327,1,0.001000
0.113950,1.000000,1.673766,0.631385,4.903256,7.608452,0.343327,1,0.001000
0.114000,1.000000,1.635950,-0.675758,4.702282,4.702282,0.167772,1,0.001000
0.114050,1.000000,1.603747,-0.675758,4.496667,4.702282,0.167772,1,0.001000
0.114100,1.000000,1.577198,-0.675758,4.286614,4.702282,0.167772,1,0.001000
0.114150,1.000000,1.556338,-0.675758,4.072331,4.702282,0.167772,1,0.001000
0.114200,1.000000,1.541196,-0.675758,3.854029,4.702282,0.167772,1,0.001000
0.114250,1.000000,1.531796,-0.675758,3.631924,4.702282,0.167772,1,0.001000
0.114300,1.000000,1.528156,-0.675758,3.406234,4.702282,0.167772,1,0.001000
0.114350,1.000000,1.530288,-0.675758,3.177183,4.702282,0.167772,1,0.001000
0.114400,1.000000,1.538197,-0.675758,2.944996,4.702282,0.167772,1,0.001000
0.114450,1.000000,1.551885,-0.675758,2.709903,4.702282,0.167772,1,0.001000
0.114500,1.000000,1.571347,-0.675758,2.472136,4.702282,0.167772,1,0.001000
0.114550,1.000000,1.596570,-0.675758,2.231929,4.702282,0.167772,1,0.001000
0.114600,1.000000,1.627538,-0.675758,1.989519,4.702282,0.167772,1,0.001000
0.114650,1.000000,1.664228,-0.675758,1.745146,4.702282,0.167772,1,0.001000
0.114700,1.000000,1.706612,-0.675758,1.499051,4.702282,0.167772,1,0.001000
0.114750,1.000000,1.754655,-0.675758,1.251476,4.702282,0.167772,1,0.001000
0.114800,1.000000,1.808319,-0.675758,1.002666,4.702282,0.167772,1,0.001000
0.114850,1.000000,1.867556,-0.675758,0.752867,4.702282,0.167772,1,0.001000
0.114900,1.000000,1.932317,-0.675758,0.502324,4.702282,0.167772,1,0.001000
0.114950,1.000000,2.002544,-0.675758,0.251286,4.702282,0.167772,1,0.001000
0.115000,1.000000,1.939166,-1.533821,-0.000000,-0.000000,-0.063909,1,0.001000
0.115050,1.000000,1.882864,-1.533821,-0.251286,-0.000000,-0.063909,1,0.001000
0.115100,1.000000,1.833540,-1.533821,-0.502324,-0.000000,-0.063909,1,0.001000
0.115150,1.000000,1.791097,-1.533821,-0.752867,-0.000000,-0.063909,1,0.001000
0.115200,1.000000,1.755430,-1.533821,-1.002666,-0.000000,-0.063909,1,0.001000
0.115250,1.000000,1.726428,-1.533821,-1.251476,-0.000000,-0.063909,1,0.001000
0.115300,1.000000,1.703978,-1.533821,-1.499051,-0.000000,-0.063909,1,0.001000
0.115350,1.000000,1.687962,-1.533821,-1.745146,-0.000000,-0.063909,1,0.001000
0.115400,1.000000,1.678255,-1.533821,-1.989519,-0.000000,-0.063909,1,0.001000
0.115450,1.000000,1.674729,-1.533821,-2.231929,-0.000000,-0.063909,1,0.001000
0.115500,1.000000,1.677253,-1.533821,-2.472136,-0.000000,-0.063909,1,0.001000
0.115550,1.000000,1.685689,-1.533821,-2.709903,-0.000000,-0.063909,1,0.001000
0.115600,1.000000,1.699898,-1.533821,-2.944996,-0.000000,-0.063909,1,0.001000
0.115650,1.000000,1.719733,-1.533821,-3.177183,-0.000000,-0.063909,1,0.001000
0.115700,1.000000,1.745047,-1.533821,-3.406234,-0.000000,-0.063909,1,0.001000
0.115750,1.000000,1.775686,-1.533821,-3.631924,-0.000000,-0.063909,1,0.001000
0.115800,1.000000,1.811495,-1.533821,-3.854029,-0.000000,-0.063909,1,0.001000
0.115850,1.000000,1.852314,-1.533821,-4.072331,-0.000000,-0.063909,1,0.001000
0.115900,1.000000,1.897980,-1.533821,-4.286614,-0.000000,-0.063909,1,0.001000
0.115950,1.000000,1.948327,-1.533821,-4.496667,-0.000000,-0.063909,1,0.001000
0.116000,1.000000,1.883596,-1.615052,-4.702282,-4.702282,-0.263222,1,0.001000
0.116050,1.000000,1.824699,-1.615052,-4.903256,-4.702282,-0.263222,1,0.001000
0.116100,1.000000,1.771442,-1.615052,-5.099392,-4.702282,-0.263222,1,0.001000
0.116150,1.000000,1.723628,-1.615052,-5.290495,-4.702282,-0.263222,1,0.001000
0.116200,1.000000,1.681059,-1.615052,-5.476377,-4.702282,-0.263222,1,0.001000
0.116250,1.000000,1.643534,-1.615052,-5.656854,-4.702282,-0.263222,1,0.001000
0.116300,1.000000,1.610850,-1.615052,-5.831749,-4.702282,-0.263222,1,0.001000
0.116350,1.000000,1.582803,-1.615052,-6.000889,-4.702282,-0.263222,1,0.001000
0.116400,1.000000,1.559187,-1.615052,-6.164106,-4.702282,-0.263222,1,0.001000
0.116450,1.000000,1.539795,-1.615052,-6.321240,-4.702282,-0.263222,1,0.001000
0.116500,1.000000,1.524418,-1.615052,-6.472136,-4.702282,-0.263222,1,0.001000
0.116550,1.000000,1.512845,-1.615052,-6.616645,-4.702282,-0.263222,1,0.001000
0.116600,1.000000,1.504867,-1.615052,-6.754623,-4.702282,-0.263222,1,0.001000
0.116650,1.000000,1.500271,-1.615052,-6.885936,-4.702282,-0.263222,1,0.001000
0.116700,1.000000,1.498846,-1.615052,-7.010453,-4.702282,-0.263222,1,0.001000
0.116750,1.000000,1.500378,-1.615052,-7.128052,-4.702282,-0.263222,1,0.001000
0.116800,1.000000,1.504655,-1.615052,-7.238616,-4.702282,-0.263222,1,0.001000
0.116850,1.000000,1.511465,-1.615052,-7.342037,-4.702282,-0.263222,1,0.001000
0.116900,1.000000,1.520593,-1.615052,-7.438212,-4.702282,-0.263222,1,0.001000
0.116950,1.000000,1.531829,-1.615052,-7.527046,-4.702282,-0.263222,1,0.001000
0.117000,1.000000,1.490470,-0.888422,-7.608452,-7.608452,-0.354036,1,0.001000
0.117050,1.000000,1.451476,-0.888422,-7.682349,-7.608452,-0.354036,1,0.001000
0.117100,1.000000,1.414628,-0.888422,-7.748665,-7.608452,-0.354036,1,0.001000
0.117150,1.000000,1.379706,-0.888422,-7.807334,-7.608452,-0.354036,1,0.001000
0.117200,1.000000,1.346496,-0.888422,-7.858298,-7.608452,-0.354036,1,0.001000
0.117250,1.000000,1.314780,-0.888422,-7.901507,-7.608452,-0.354036,1,0.001000
0.117300,1.000000,1.284347,-0.888422,-7.936918,-7.608452,-0.354036,1,0.001000
0.117350,1.000000,1.254983,-0.888422,-7.964496,-7.608452,-0.354036,1,0.001000
0.117400,1.000000,1.226479,-0.888422,-7.984214,-7.608452,-0.354036,1,0.001000
0.117450,1.000000,1.198627,-0.888422,-7.996052,-7.608452,-0.354036,1,0.001000
0.117500,1.000000,1.171223,-0.888422,-8.000000,-7.608452,-0.354036,1,0.001000
0.117550,1.000000,1.144062,-0.888422,-7.996052,-7.608452,-0.354036,1,0.001000
0.117600,1.000000,1.116945,-0.888422,-7.984214,-7.608452,-0.354036,1,0.001000
0.117650,1.000000,1.089673,-0.888422,-7.964496,-7.608452,-0.354036,1,0.001000
0.117700,1.000000,1.062054,-0.888422,-7.936918,-7.608452,-0.354036,1,0.001000
0.117750,1.000000,1.033894,-0.888422,-7.901507,-7.608452,-0.354036,1,0.001000
0.117800,1.000000,1.005006,-0.888422,-7.858298,-7.608452,-0.354036,1,0.001000
0.117850,1.000000,0.975205,-0.888422,-7.807334,-7.608452,-0.354036,1,0.001000
0.117900,1.000000,0.944309,-0.888422,-7.748665,-7.608452,-0.354036,1,0.001000
0.117950,1.000000,0.912142,-0.888422,-7.682349,-7.608452,-0.354036,1,0.001000
0.118000,1.000000,0.909954,0.368523,-7.608452,-7.608452,-0.301664,1,0.001000
0.118050,1.000000,0.905757,0.368523,-7.527046,-7.608452,-0.301664,1,0.001000
0.118100,1.000000,0.899392,0.368523,-7.438212,-7.608452,-0.301664,1,0.001000
0.118150,1.000000,0.890702,0.368523,-7.342037,-7.608452,-0.301664,1,0.001000
0.118200,1.000000,0.879536,0.368523,-7.238616,-7.608452,-0.301664,1,0.001000
0.118250,1.000000,0.865745,0.368523,-7.128052,-7.608452,-0.301664,1,0.001000
0.118300,1.000000,0.849186,0.368523,-7.010453,-7.608452,-0.301664,1,0.001000
0.118350,1.000000,0.829721,0.368523,-6.885936,-7.608452,-0.301664,1,0.001000
0.118400,1.000000,0.807217,0.368523,-6.754623,-7.608452,-0.301664,1,0.001000
0.118450,1.000000,0.781545,0.368523,-6.616645,-7.608452,-0.301664,1,0.001000
0.118500,1.000000,0.752581,0.368523,-6.472136,-7.608452,-0.301664,1,0.001000
0.118550,1.000000,0.720206,0.368523,-6.321240,-7.608452,-0.301664,1,0.001000
0.118600,1.000000,0.684308,0.368523,-6.164106,-7.608452,-0.301664,1,0.001000
0.118650,1.000000,0.644778,0.368523,-6.000889,-7.608452,-0.301664,1,0.001000
0.118700,1.000000,0.601514,0.368523,-5.831749,-7.608452,-0.301664,1,0.001000
0.118750,1.000000,0.554418,0.368523,-5.656854,-7.608452,-0.301664,1,0.001000
0.118800,1.000000,0.503399,0.368523,-5.476377,-7.608452,-0.301664,1,0.001000
0.118850,1.000000,0.448371,0.368523,-5.290495,-7.608452,-0.301664,1,0.001000
0.118900,1.000000,0.389253,0.368523,-5.099392,-7.608452,-0.301664,1,0.001000
0.118950,1.000000,0.325970,0.368523,-4.903256,-7.608452,-0.301664,1,0.001000
0.119000,1.000000,0.363787,1.675673,-4.702282,-4.702282,-0.126109,1,0.001000
0.119050,1.000000,0.395991,1.675673,-4.496667,-4.702282,-0.126109,1,0.001000
0.119100,1.000000,0.422542,1.675673,-4.286614,-4.702282,-0.126109,1,0.001000
0.119150,1.000000,0.443403,1.675673,-4.072331,-4.702282,-0.126109,1,0.001000
0.119200,1.000000,0.458546,1.675673,-3.854029,-4.702282,-0.126109,1,0.001000
0.119250,1.000000,0.467947,1.675673,-3.631924,-4.702282,-0.126109,1,0.001000
0.119300,1.000000,0.471588,1.675673,-3.406234,-4.702282,-0.126109,1,0.001000
0.119350,1.000000,0.469458,1.675673,-3.177183,-4.702282,-0.126109,1,0.001000
0.119400,1.000000,0.461549,1.675673,-2.944996,-4.702282,-0.126109,1,0.001000
0.119450,1.000000,0.447862,1.675673,-2.709903,-4.702282,-0.126109,1,0.001000
0.119500,1.000000,0.428402,1.675673,-2.472136,-4.702282,-0.126109,1,0.001000
0.119550,1.000000,0.403180,1.675673,-2.231929,-4.702282,-0.126109,1,0.001000
0.119600,1.000000,0.372213,1.675673,-1.989519,-4.702282,-0.126109,1,0.001000
0.119650,1.000000,0.335524,1.675673,-1.745146,-4.702282,-0.126109,1,0.001000
0.119700,1.000000,0.293141,1.675673,-1.499051,-4.702282,-0.126109,1,0.001000
0.119750,1.000000,0.245098,1.675673,-1.251476,-4.702282,-0.126109,1,0.001000
0.119800,1.000000,0.191436,1.675673,-1.002666,-4.702282,-0.126109,1,0.001000
0.119850,1.000000,0.132199,1.675673,-0.752867,-4.702282,-0.126109,1,0.001000
0.119900,1.000000,0.067440,1.675673,-0.502324,-4.702282,-0.126109,1,0.001000
0.119950,1.000000,-0.002786,1.675673,-0.251286,-4.702282,-0.126109,1,0.001000
0.120000,1.000000,0.060592,2.533743,0.000000,0.000000,0.105573,1,0.001000
0.120050,1.000000,0.116896,2.533743,0.251286,0.000000,0.105573,1,0.001000
0.120100,1.000000,0.166220,2.533743,0.502324,0.000000,0.105573,1,0.001000
0.120150,1.000000,0.208664,2.533743,0.752867,0.000000,0.105573,1,0.001000
0.120200,1.000000,0.244333,2.533743,1.002666,0.000000,0.105573,1,0.001000
0.120250,1.000000,0.273336,2.533743,1.251476,0.000000,0.105573,1,0.001000
0.120300,1.000000,0.295786,2.533743,1.499051,0.000000,0.105573,1,0.001000
0.120350,1.000000,0.311804,2.533743,1.745146,0.000000,0.105573,1,0.001000
0.120400,1.000000,0.321512,2.533743,1.989519,0.000000,0.105573,1,0.001000
0.120450,1.000000,0.325038,2.533743,2.231929,0.000000,0.105573,1,0.001000
0.120500,1.000000,0.322516,2.533743,2.472136,0.000000,0.105573,1,0.001000
0.120550,1.000000,0.314080,2.533743,2.709903,0.000000,0.105573,1,0.001000
0.120600,1.000000,0.299873,2.533743,2.944996,0.000000,0.105573,1,0.001000
0.120650,1.000000,0.280038,2.533743,3.177183,0.000000,0.105573,1,0.001000
0.120700,1.000000,0.254726,2.533743,3.406234,0.000000,0.105573,1,0.001000
0.120750,1.000000,0.224087,2.533743,3.631924,0.000000,0.105573,1,0.001000
0.120800,1.000000,0.188279,2.533743,3.854029,0.000000,0.105573,1,0.001000
0.120850,1.000000,0.147461,2.533743,4.072331,0.000000,0.105573,1,0.001000
0.120900,1.000000,0.101795,2.533743,4.286614,0.000000,0.105573,1,0.001000
0.120950,1.000000,0.051450,2.533743,4.496667,0.000000,0.105573,1,0.001000
0.121000,1.000000,0.116181,2.614980,4.702282,4.702282,0.304886,1,0.001000
0.121050,1.000000,0.175079,2.614980,4.903256,4.702282,0.304886,1,0.001000
0.121100,1.000000,0.228337,2.614980,5.099392,4.702282,0.304886,1,0.001000
0.121150,1.000000,0.276152,2.614980,5.290495,4.702282,0.304886,1,0.001000
0.121200,1.000000,0.318723,2.614980,5.476377,4.702282,0.304886,1,0.001000
0.121250,1.000000,0.356249,2.614980,5.656854,4.702282,0.304886,1,0.001000
0.121300,1.000000,0.388934,2.614980,5.831749,4.702282,0.304886,1,0.001000
0.121350,1.000000,0.416981,2.614980,6.000889,4.702282,0.304886,1,0.001000
0.121400,1.000000,0.440598,2.614980,6.164106,4.702282,0.304886,1,0.001000
0.121450,1.000000,0.459991,2.614980,6.321240,4.702282,0.304886,1,0.001000
0.121500,1.000000,0.475369,2.614980,6.472136,4.702282,0.304886,1,0.001000
0.121550,1.000000,0.486943,2.614980,6.616645,4.702282,0.304886,1,0.001000
0.121600,1.000000,0.494922,2.614980,6.754623,4.702282,0.304886,1,0.001000
0.121650,1.000000,0.499518,2.614980,6.885936,4.702282,0.304886,1,0.001000
0.121700,1.000000,0.500945,2.614980,7.010453,4.702282,0.304886,1,0.001000
0.121750,1.000000,0.499413,2.614980,7.128052,4.702282,0.304886,1,0.001000
0.121800,1.000000,0.495137,2.614980,7.238616,4.702282,0.304886,1,0.001000
0.121850,1.000000,0.488328,2.614980,7.342037,4.702282,0.304886,1,0.001000
0.121900,1.000000,0.479200,2.614980,7.438212,4.702282,0.304886,1,0.001000
0.121950,1.000000,0.467966,2.614980,7.527046,4.702282,0.304886,1,0.001000
0.122000,1.000000,0.509325,1.888356,7.608452,7.608452,0.395700,1,0.001000
0.122050,1.000000,0.548320,1.888356,7.682349,7.608452,0.395700,1,0.001000
0.122100,1.000000,0.585169,1.888356,7.748665,7.608452,0.395700,1,0.001000
0.122150,1.000000,0.620092,1.888356,7.807334,7.608452,0.395700,1,0.001000
0.122200,1.000000,0.653303,1.888356,7.858298,7.608452,0.395700,1,0.001000
0.122250,1.000000,0.685019,1.888356,7.901507,7.608452,0.395700,1,0.001000
0.122300,1.000000,0.715454,1.888356,7.936918,7.608452,0.395700,1,0.001000
0.122350,1.000000,0.744819,1.888356,7.964496,7.608452,0.395700,1,0.001000
0.122400,1.000000,0.773323,1.888356,7.984214,7.608452,0.395700,1,0.001000
0.122450,1.000000,0.801176,1.888356,7.996052,7.608452,0.395700,1,0.001000
0.122500,1.000000,0.828581,1.888356,8.000000,7.608452,0.395700,1,0.001000
0.122550,1.000000,0.855743,1.888356,7.996052,7.608452,0.395700,1,0.001000
0.122600,1.000000,0.882861,1.888356,7.984214,7.608452,0.395700,1,0.001000
0.122650,1.000000,0.910133,1.888356,7.964496,7.608452,0.395700,1,0.001000
0.122700,1.000000,0.937753,1.888356,7.936918,7.608452,0.395700,1,0.001000
0.122750,1.000000,0.965914,1.888356,7.901507,7.608452,0.395700,1,0.001000
0.122800,1.000000,0.994803,1.888356,7.858298,7.608452,0.395700,1,0.001000
0.122850,1.000000,1.024605,1.888356,7.807334,7.608452,0.395700,1,0.001000
0.122900,1.000000,1.055501,1.888356,7.748665,7.608452,0.395700,1,0.001000
0.122950,1.000000,1.087668,1.888356,7.682349,7.608452,0.395700,1,0.001000
0.123000,1.000000,1.089858,0.631417,7.608452,7.608452,0.343328,1,0.001000
0.123050,1.000000,1.094055,0.631417,7.527046,7.608452,0.343328,1,0.001000
0.123100,1.000000,1.100421,0.631417,7.438212,7.608452,0.343328,1,0.001000
0.123150,1.000000,1.109112,0.631417,7.342037,7.608452,0.343328,1,0.001000
0.123200,1.000000,1.120279,0.631417,7.238616,7.608452,0.343328,1,0.001000
0.123250,1.000000,1.134071,0.631417,7.128052,7.608452,0.343328,1,0.001000
0.123300,1.000000,1.150630,0.631417,7.010453,7.608452,0.343328,1,0.001000
0.123350,1.000000,1.170096,0.631417,6.885936,7.608452,0.343328,1,0.001000
0.123400,1.000000,1.192601,0.631417,6.754623,7.608452,0.343328,1,0.001000
0.123450,1.000000,1.218274,0.631417,6.616645,7.608452,0.343328,1,0.001000
0.123500,1.000000,1.247239,0.631417,6.472136,7.608452,0.343328,1,0.001000
0.123550,1.000000,1.279614,0.631417,6.321240,7.608452,0.343328,1,0.001000
0.123600,1.000000,1.315513,0.631417,6.164106,7.608452,0.343328,1,0.001000
0.123650,1.000000,1.355043,0.631417,6.000889,7.608452,0.343328,1,0.001000
0.123700,1.000000,1.398308,0.631417,5.831749,7.608452,0.343328,1,0.001000
0.123750,1.000000,1.445405,0.631417,5.656854,7.608452,0.343328,1,0.001000
0.123800,1.000000,1.496425,0.631417,5.476377,7.608452,0.343328,1,0.001000
0.123850,1.000000,1.551454,0.631417,5.290495,7.608452,0.343328,1,0.001000
0.123900,1.000000,1.610572,0.631417,5.099392,7.608452,0.343328,1,0.001000
0.123950,1.000000,1.673856,0.631417,4.903256,7.608452,0.343328,1,0.001000
0.124000,1.000000,1.636039,-0.675729,4.702282,4.702282,0.167773,1,0.001000
0.124050,1.000000,1.603836,-0.675729,4.496667,4.702282,0.167773,1,0.001000
0.124100,1.000000,1.577286,-0.675729,4.286614,4.702282,0.167773,1,0.001000
0.124150,1.000000,1.556426,-0.675729,4.072331,4.702282,0.167773,1,0.001000
0.124200,1.000000,1.541284,-0.675729,3.854029,4.702282,0.167773,1,0.001000
0.124250,1.000000,1.531883,-0.675729,3.631924,4.702282,0.167773,1,0.001000
0.124300,1.000000,1.528243,-0.675729,3.406234,4.702282,0.167773,1,0.001000
0.124350,1.000000,1.530374,-0.675729,3.177183,4.702282,0.167773,1,0.001000
0.124400,1.000000,1.538283,-0.675729,2.944996,4.702282,0.167773,1,0.001000
0.124450,1.000000,1.551971,-0.675729,2.709903,4.702282,0.167773,1,0.001000
0.124500,1.000000,1.571432,-0.675729,2.472136,4.702282,0.167773,1,0.001000
0.124550,1.000000,1.596654,-0.675729,2.231929,4.702282,0.167773,1,0.001000
0.124600,1.000000,1.627622,-0.675729,1.989519,4.702282,0.167773,1,0.001000
0.124650,1.000000,1.664312,-0.675729,1.745146,4.702282,0.167773,1,0.001000
0.124700,1.000000,1.706696,-0.675729,1.499051,4.702282,0.167773,1,0.001000
0.124750,1.000000,1.754739,-0.675729,1.251476,4.702282,0.167773,1,0.001000
0.124800,1.000000,1.808402,-0.675729,1.002666,4.702282,0.167773,1,0.001000
0.124850,1.000000,1.867639,-0.675729,0.752867,4.702282,0.167773,1,0.001000
0.124900,1.000000,1.932399,-0.675729,0.502324,4.702282,0.167773,1,0.001000
0.124950,1.000000,2.002626,-0.675729,0.251286,4.702282,0.167773,1,0.001000
0.125000,1.000000,1.939248,-1.533795,-0.000000,-0.000000,-0.063908,1,0.001000
0.125050,1.000000,1.882945,-1.533795,-0.251286,-0.000000,-0.063908,1,0.001000
0.125100,1.000000,1.833621,-1.533795,-0.502324,-0.000000,-0.063908,1,0.001000
0.125150,1.000000,1.791178,-1.533795,-0.752867,-0.000000,-0.063908,1,0.001000
0.125200,1.000000,1.755510,-1.533795,-1.002666,-0.000000,-0.063908,1,0.001000
0.125250,1.000000,1.726508,-1.533795,-1.251476,-0.000000,-0.063908,1,0.001000
0.125300,1.000000,1.704058,-1.533795,-1.499051,-0.000000,-0.063908,1,0.001000
0.125350,1.000000,1.688041,-1.533795,-1.745146,-0.000000,-0.063908,1,0.001000
0.125400,1.000000,1.678334,-1.533795,-1.989519,-0.000000,-0.063908,1,0.001000
0.125450,1.000000,1.674808,-1.533795,-2.231929,-0.000000,-0.063908,1,0.001000
0.125500,1.000000,1.677331,-1.533795,-2.472136,-0.000000,-0.063908,1,0.001000
0.125550,1.000000,1.685767,-1.533795,-2.709903,-0.000000,-0.063908,1,0.001000
0.125600,1.000000,1.699975,-1.533795,-2.944996,-0.000000,-0.063908,1,0.001000
0.125650,1.000000,1.719810,-1.533795,-3.177183,-0.000000,-0.063908,1,0.001000
0.125700,1.000000,1.745124,-1.533795,-3.406234,-0.000000,-0.063908,1,0.001000
0.125750,1.000000,1.775763,-1.533795,-3.631924,-0.000000,-0.063908,1,0.001000
0.125800,1.000000,1.811572,-1.533795,-3.854029,-0.000000,-0.063908,1,0.001000
0.125850,1.000000,1.852391,-1.533795,-4.072331,-0.000000,-0.063908,1,0.001000
0.125900,1.000000,1.898056,-1.533795,-4.286614,-0.000000,-0.063908,1,0.001000
0.125950,1.000000,1.948402,-1.533795,-4.496667,-0.000000,-0.063908,1,0.001000
0.126000,1.000000,1.883672,-1.615028,-4.702282,-4.702282,-0.263221,1,0.001000
0.126050,1.000000,1.824774,-1.615028,-4.903256,-4.702282,-0.263221,1,0.001000
0.126100,1.000000,1.771517,-1.615028,-5.099392,-4.702282,-0.263221,1,0.001000
0.126150,1.000000,1.723702,-1.615028,-5.290495,-4.702282,-0.263221,1,0.001000
0.126200,1.000000,1.681133,-1.615028,-5.476377,-4.702282,-0.263221,1,0.001000
0.126250,1.000000,1.643607,-1.615028,-5.656854,-4.702282,-0.263221,1,0.001000
0.126300,1.000000,1.610923,-1.615028,-5.831749,-4.702282,-0.263221,1,0.001000
0.126350,1.000000,1.582876,-1.615028,-6.000889,-4.702282,-0.263221,1,0.001000
0.126400,1.000000,1.559260,-1.615028,-6.164106,-4.702282,-0.263221,1,0.001000
0.126450,1.000000,1.539867,-1.615028,-6.321240,-4.702282,-0.263221,1,0.001000
0.126500,1.000000,1.524490,-1.615028,-6.472136,-4.702282,-0.263221,1,0.001000
0.126550,1.000000,1.512917,-1.615028,-6.616645,-4.702282,-0.263221,1,0.001000
0.126600,1.000000,1.504938,-1.615028,-6.754623,-4.702282,-0.263221,1,0.001000
0.126650,1.000000,1.500342,-1.615028,-6.885936,-4.702282,-0.263221,1,0.001000
0.126700,1.000000,1.498917,-1.615028,-7.010453,-4.702282,-0.263221,1,0.001000
0.126750,1.000000,1.500449,-1.615028,-7.128052,-4.702282,-0.263221,1,0.001000
0.126800,1.000000,1.504726,-1.615028,-7.238616,-4.702282,-0.263221,1,0.001000
0.126850,1.000000,1.511535,-1.615028,-7.342037,-4.702282,-0.263221,1,0.001000
0.126900,1.000000,1.520663,-1.615028,-7.438212,-4.702282,-0.263221,1,0.001000
0.126950,1.000000,1.531898,-1.615028,-7.527046,-4.702282,-0.263221,1,0.001000
0.127000,1.000000,1.490540,-0.888400,-7.608452,-7.608452,-0.354035,1,0.001000
0.127050,1.000000,1.451545,-0.888400,-7.682349,-7.608452,-0.354035,1,0.001000
0.127100,1.000000,1.414696,-0.888400,-7.748665,-7.608452,-0.354035,1,0.001000
0.127150,1.000000,1.379775,-0.888400,-7.807334,-7.608452,-0.354035,1,0.001000
0.127200,1.000000,1.346564,-0.888400,-7.858298,-7.608452,-0.354035,1,0.001000
0.127250,1.000000,1.314848,-0.888400,-7.901507,-7.608452,-0.354035,1,0.001000
0.127300,1.000000,1.284414,-0.888400,-7.936918,-7.608452,-0.354035,1,0.001000
0.127350,1.000000,1.255050,-0.888400,-7.964496,-7.608452,-0.354035,1,0.001000
0.127400,1.000000,1.226546,-0.888400,-7.984214,-7.608452,-0.354035,1,0.001000
0.127450,1.000000,1.198694,-0.888400,-7.996052,-7.608452,-0.354035,1,0.001000
0.127500,1.000000,1.171289,-0.888400,-8.000000,-7.608452,-0.354035,1,0.001000
0.127550,1.000000,1.144128,-0.888400,-7.996052,-7.608452,-0.354035,1,0.001000
0.127600,1.000000,1.117010,-0.888400,-7.984214,-7.608452,-0.354035,1,0.001000
0.127650,1.000000,1.089739,-0.888400,-7.964496,-7.608452,-0.354035,1,0.001000
0.127700,1.000000,1.062119,-0.888400,-7.936918,-7.608452,-0.354035,1,0.001000
0.127750,1.000000,1.033959,-0.888400,-7.901507,-7.608452,-0.354035,1,0.001000
0.127800,1.000000,1.005070,-0.888400,-7.858298,-7.608452,-0.354035,1,0.001000
0.127850,1.000000,0.975269,-0.888400,-7.807334,-7.608452,-0.354035,1,0.001000
0.127900,1.000000,0.944374,-0.888400,-7.748665,-7.608452,-0.354035,1,0.001000
0.127950,1.000000,0.912206,-0.888400,-7.682349,-7.608452,-0.354035,1,0.001000
0.128000,1.000000,0.910017,0.368543,-7.608452,-7.608452,-0.301663,1,0.001000
0.128050,1.000000,0.905821,0.368543,-7.527046,-7.608452,-0.301663,1,0.001000
0.128100,1.000000,0.899455,0.368543,-7.438212,-7.608452,-0.301663,1,0.001000
0.128150,1.000000,0.890765,0.368543,-7.342037,-7.608452,-0.301663,1,0.001000
0.128200,1.000000,0.879598,0.368543,-7.238616,-7.608452,-0.301663,1,0.001000
0.128250,1.000000,0.865807,0.368543,-7.128052,-7.608452,-0.301663,1,0.001000
0.128300,1.000000,0.849248,0.368543,-7.010453,-7.608452,-0.301663,1,0.001000
0.128350,1.000000,0.829783,0.368543,-6.885936,-7.608452,-0.301663,1,0.001000
0.128400,1.000000,0.807279,0.368543,-6.754623,-7.608452,-0.301663,1,0.001000
0.128450,1.000000,0.781606,0.368543,-6.616645,-7.608452,-0.301663,1,0.001000
0.128500,1.000000,0.752642,0.368543,-6.472136,-7.608452,-0.301663,1,0.001000
0.128550,1.000000,0.720267,0.368543,-6.321240,-7.608452,-0.301663,1,0.001000
0.128600,1.000000,0.684369,0.368543,-6.164106,-7.608452,-0.301663,1,0.001000
0.128650,1.000000,0.644838,0.368543,-6.000889,-7.608452,-0.301663,1,0.001000
0.128700,1.000000,0.601574,0.368543,-5.831749,-7.608452,-0.301663,1,0.001000
0.128750,1.000000,0.554478,0.368543,-5.656854,-7.608452,-0.301663,1,0.001000
0.128800,1.000000,0.503459,0.368543,-5.476377,-7.608452,-0.301663,1,0.001000
0.128850,1.000000,0.448430,0.368543,-5.290495,-7.608452,-0.301663,1,0.001000
0.128900,1.000000,0.389312,0.368543,-5.099392,-7.608452,-0.301663,1,0.001000
0.128950,1.000000,0.326029,0.368543,-4.903256,-7.608452,-0.301663,1,0.001000
0.129000,1.000000,0.363846,1.675692,-4.702282,-4.702282,-0.126108,1,0.001000
0.129050,1.000000,0.396050,1.675692,-4.496667,-4.702282,-0.126108,1,0.001000
0.129100,1.000000,0.422600,1.675692,-4.286614,-4.702282,-0.126108,1,0.001000
0.129150,1.000000,0.443461,1.675692,-4.072331,-4.702282,-0.126108,1,0.001000
0.129200,1.000000,0.458604,1.675692,-3.854029,-4.702282,-0.126108,1,0.001000
0.129250,1.000000,0.468004,1.675692,-3.631924,-4.702282,-0.126108,1,0.001000
0.129300,1.000000,0.471645,1.675692,-3.406234,-4.702282,-0.126108,1,0.001000
0.129350,1.000000,0.469515,1.675692,-3.177183,-4.702282,-0.126108,1,0.001000
0.129400,1.000000,0.461606,1.675692,-2.944996,-4.702282,-0.126108,1,0.001000
0.129450,1.000000,0.447919,1.675692,-2.709903,-4.702282,-0.126108,1,0.001000
0.129500,1.000000,0.428458,1.675692,-2.472136,-4.702282,-0.126108,1,0.001000
0.129550,1.000000,0.403236,1.675692,-2.231929,-4.702282,-0.126108,1,0.001000
0.129600,1.000000,0.372269,1.675692,-1.989519,-4.702282,-0.126108,1,0.001000
0.129650,1.000000,0.335579,1.675692,-1.745146,-4.702282,-0.126108,1,0.001000
0.129700,1.000000,0.293196,1.675692,-1.499051,-4.702282,-0.126108,1,0.001000
0.129750,1.000000,0.245153,1.675692,-1.251476,-4.702282,-0.126108,1,0.001000
0.129800,1.000000,0.191491,1.675692,-1.002666,-4.702282,-0.126108,1,0.001000
0.129850,1.000000,0.132254,1.675692,-0.752867,-4.702282,-0.126108,1,0.001000
0.129900,1.000000,0.067494,1.675692,-0.502324,-4.702282,-0.126108,1,0.001000
0.129950,1.000000,-0.002732,1.675692,-0.251286,-4.702282,-0.126108,1,0.001000
0.130000,1.000000,0.060646,2.533760,0.000000,0.000000,0.105573,1,0.001000
0.130050,1.000000,0.116950,2.533760,0.251286,0.000000,0.105573,1,0.001000
0.130100,1.000000,0.166274,2.533760,0.502324,0.000000,0.105573,1,0.001000
0.130150,1.000000,0.208718,2.533760,0.752867,0.000000,0.105573,1,0.001000
0.130200,1.000000,0.244386,2.533760,1.002666,0.000000,0.105573,1,0.001000
0.130250,1.000000,0.273389,2.533760,1.251476,0.000000,0.105573,1,0.001000
0.130300,1.000000,0.295839,2.533760,1.499051,0.000000,0.105573,1,0.001000
0.130350,1.000000,0.311856,2.533760,1.745146,0.000000,0.105573,1,0.001000
0.130400,1.000000,0.321564,2.533760,1.989519,0.000000,0.105573,1,0.001000
0.130450,1.000000,0.325090,2.533760,2.231929,0.000000,0.105573,1,0.001000
0.130500,1.000000,0.322567,2.533760,2.472136,0.000000,0.105573,1,0.001000
0.130550,1.000000,0.314132,2.533760,2.709903,0.000000,0.105573,1,0.001000
0.130600,1.000000,0.299924,2.533760,2.944996,0.000000,0.105573,1,0.001000
0.130650,1.000000,0.280090,2.533760,3.177183,0.000000,0.105573,1,0.001000
0.130700,1.000000,0.254777,2.533760,3.406234,0.000000,0.105573,1,0.001000
0.130750,1.000000,0.224138,2.533760,3.631924,0.000000,0.105573,1,0.001000
0.130800,1.000000,0.188329,2.533760,3.854029,0.000000,0.105573,1,0.001000
0.130850,1.000000,0.147511,2.533760,4.072331,0.000000,0.105573,1,0.001000
0.130900,1.000000,0.101846,2.533760,4.286614,0.000000,0.105573,1,0.001000
0.130950,1.000000,0.051500,2.533760,4.496667,0.000000,0.105573,1,0.001000
0.131000,1.000000,0.116231,2.614996,4.702282,4.702282,0.304887,1,0.001000
0.131050,1.000000,0.175129,2.614996,4.903256,4.702282,0.304887,1,0.001000
0.131100,1.000000,0.228387,2.614996,5.099392,4.702282,0.304887,1,0.001000
0.131150,1.000000,0.276202,2.614996,5.290495,4.702282,0.304887,1,0.001000
0.131200,1.000000,0.318772,2.614996,5.476377,4.702282,0.304887,1,0.001000
0.131250,1.000000,0.356298,2.614996,5.656854,4.702282,0.304887,1,0.001000
0.131300,1.000000,0.388982,2.614996,5.831749,4.702282,0.304887,1,0.001000
0.131350,1.000000,0.417030,2.614996,6.000889,4.702282,0.304887,1,0.001000
0.131400,1.000000,0.440646,2.614996,6.164106,4.702282,0.304887,1,0.001000
0.131450,1.000000,0.460039,2.614996,6.321240,4.702282,0.304887,1,0.001000
0.131500,1.000000,0.475417,2.614996,6.472136,4.702282,0.304887,1,0.001000
0.131550,1.000000,0.486990,2.614996,6.616645,4.702282,0.304887,1,0.001000
0.131600,1.000000,0.494969,2.614996,6.754623,4.702282,0.304887,1,0.001000
0.131650,1.000000,0.499566,2.614996,6.885936,4.702282,0.304887,1,0.001000
0.131700,1.000000,0.500992,2.614996,7.010453,4.702282,0.304887,1,0.001000
0.131750,1.000000,0.499460,2.614996,7.128052,4.702282,0.304887,1,0.001000
0.131800,1.000000,0.495183,2.614996,7.238616,4.702282,0.304887,1,0.001000
0.131850,1.000000,0.488374,2.614996,7.342037,4.702282,0.304887,1,0.001000
0.131900,1.000000,0.479246,2.614996,7.438212,4.702282,0.304887,1,0.001000
0.131950,1.000000,0.468012,2.614996,7.527046,4.702282,0.304887,1,0.001000
0.132000,1.000000,0.509371,1.888371,7.608452,7.608452,0.395701,1,0.001000
0.132050,1.000000,0.548365,1.888371,7.682349,7.608452,0.395701,1,0.001000
0.132100,1.000000,0.585215,1.888371,7.748665,7.608452,0.395701,1,0.001000
0.132150,1.000000,0.620137,1.888371,7.807334,7.608452,0.395701,1,0.001000
0.132200,1.000000,0.653348,1.888371,7.858298,7.608452,0.395701,1,0.001000
0.132250,1.000000,0.685064,1.888371,7.901507,7.608452,0.395701,1,0.001000
0.132300,1.000000,0.715499,1.888371,7.936918,7.608452,0.395701,1,0.001000
0.132350,1.000000,0.744863,1.888371,7.964496,7.608452,0.395701,1,0.001000
0.132400,1.000000,0.773368,1.888371,7.984214,7.608452,0.395701,1,0.001000
0.132450,1.000000,0.801220,1.888371,7.996052,7.608452,0.395701,1,0.001000
0.132500,1.000000,0.828625,1.888371,8.000000,7.608452,0.395701,1,0.001000
0.132550,1.000000,0.855786,1.888371,7.996052,7.608452,0.395701,1,0.001000
0.132600,1.000000,0.882904,1.888371,7.984214,7.608452,0.395701,1,0.001000
0.132650,1.000000,0.910176,1.888371,7.964496,7.608452,0.395701,1,0.001000
0.132700,1.000000,0.937797,1.888371,7.936918,7.608452,0.395701,1,0.001000
0.132750,1.000000,0.965957,1.888371,7.901507,7.608452,0.395701,1,0.001000
0.132800,1.000000,0.994846,1.888371,7.858298,7.608452,0.395701,1,0.001000
0.132850,1.000000,1.024647,1.888371,7.807334,7.608452,0.395701,1,0.001000
0.132900,1.000000,1.055543,1.888371,7.748665,7.608452,0.395701,1,0.001000
0.132950,1.000000,1.087711,1.888371,7.682349,7.608452,0.395701,1,0.001000
0.133000,1.000000,1.089900,0.631430,7.608452,7.608452,0.343328,1,0.001000
0.133050,1.000000,1.094097,0.631430,7.527046,7.608452,0.343328,1,0.001000
0.133100,1.000000,1.100463,0.631430,7.438212,7.608452,0.343328,1,0.001000
0.133150,1.000000,1.109153,0.631430,7.342037,7.608452,0.343328,1,0.001000
0.133200,1.000000,1.120320,0.631430,7.238616,7.608452,0.343328,1,0.001000
0.133250,1.000000,1.134112,0.631430,7.128052,7.608452,0.343328,1,0.001000
0.133300,1.000000,1.150672,0.631430,7.010453,7.608452,0.343328,1,0.001000
0.133350,1.000000,1.170137,0.631430,6.885936,7.608452,0.343328,1,0.001000
0.133400,1.000000,1.192642,0.631430,6.754623,7.608452,0.343328,1,0.001000
0.133450,1.000000,1.218314,0.631430,6.616645,7.608452,0.343328,1,0.001000
0.133500,1.000000,1.247279,0.631430,6.472136,7.608452,0.343328,1,0.001000
0.133550,1.000000,1.279654,0.631430,6.321240,7.608452,0.343328,1,0.001000
0.133600,1.000000,1.315553,0.631430,6.164106,7.608452,0.343328,1,0.001000
0.133650,1.000000,1.355083,0.631430,6.000889,7.608452,0.343328,1,0.001000
0.133700,1.000000,1.398348,0.631430,5.831749,7.608452,0.343328,1,0.001000
0.133750,1.000000,1.445445,0.631430,5.656854,7.608452,0.343328,1,0.001000
0.133800,1.000000,1.496464,0.631430,5.476377,7.608452,0.343328,1,0.001000
0.133850,1.000000,1.551493,0.631430,5.290495,7.608452,0.343328,1,0.001000
0.133900,1.000000,1.610612,0.631430,5.099392,7.608452,0.343328,1,0.001000
0.133950,1.000000,1.673895,0.631430,4.903256,7.608452,0.343328,1,0.001000
0.134000,1.000000,1.636078,-0.675716,4.702282,4.702282,0.167774,1,0.001000
0.134050,1.000000,1.603875,-0.675716,4.496667,4.702282,0.167774,1,0.001000
0.134100,1.000000,1.577325,-0.675716,4.286614,4.702282,0.167774,1,0.001000
0.134150,1.000000,1.556464,-0.675716,4.072331,4.702282,0.167774,1,0.001000
0.134200,1.000000,1.541322,-0.675716,3.854029,4.702282,0.167774,1,0.001000
0.134250,1.000000,1.531921,-0.675716,3.631924,4.702282,0.167774,1,0.001000
0.134300,1.000000,1.528281,-0.675716,3.406234,4.702282,0.167774,1,0.001000
0.134350,1.000000,1.530412,-0.675716,3.177183,4.702282,0.167774,1,0.001000
0.134400,1.000000,1.538321,-0.675716,2.944996,4.702282,0.167774,1,0.001000
0.134450,1.000000,1.552008,-0.675716,2.709903,4.702282,0.167774,1,0.001000
0.134500,1.000000,1.571469,-0.675716,2.472136,4.702282,0.167774,1,0.001000
0.134550,1.000000,1.596691,-0.675716,2.231929,4.702282,0.167774,1,0.001000
0.134600,1.000000,1.627659,-0.675716,1.989519,4.702282,0.167774,1,0.001000
0.134650,1.000000,1.664349,-0.675716,1.745146,4.702282,0.167774,1,0.001000
0.134700,1.000000,1.706732,-0.675716,1.499051,4.702282,0.167774,1,0.001000
0.134750,1.000000,1.754775,-0.675716,1.251476,4.702282,0.167774,1,0.001000
0.134800,1.000000,1.808438,-0.675716,1.002666,4.702282,0.167774,1,0.001000
0.134850,1.000000,1.867675,-0.675716,0.752867,4.702282,0.167774,1,0.001000
0.134900,1.000000,1.932435,-0.675716,0.502324,4.702282,0.167774,1,0.001000
0.134950,1.000000,2.002662,-0.675716,0.251286,4.702282,0.167774,1,0.001000
0.135000,1.000000,1.939284,-1.533783,-0.000000,-0.000000,-0.063908,1,0.001000
0.135050,1.000000,1.882980,-1.533783,-0.251286,-0.000000,-0.063908,1,0.001000
0.135100,1.000000,1.833657,-1.533783,-0.502324,-0.000000,-0.063908,1,0.001000
0.135150,1.000000,1.791213,-1.533783,-0.752867,-0.000000,-0.063908,1,0.001000
0.135200,1.000000,1.755545,-1.533783,-1.002666,-0.000000,-0.063908,1,0.001000
0.135250,1.000000,1.726543,-1.533783,-1.251476,-0.000000,-0.063908,1,0.001000
0.135300,1.000000,1.704093,-1.533783,-1.499051,-0.000000,-0.063908,1,0.001000
0.135350,1.000000,1.688076,-1.533783,-1.745146,-0.000000,-0.063908,1,0.001000
0.135400,1.000000,1.678368,-1.533783,-1.989519,-0.000000,-0.063908,1,0.001000
0.135450,1.000000,1.674842,-1.533783,-2.231929,-0.000000,-0.063908,1,0.001000
0.135500,1.000000,1.677366,-1.533783,-2.472136,-0.000000,-0.063908,1,0.001000
0.135550,1.000000,1.685802,-1.533783,-2.709903,-0.000000,-0.063908,1,0.001000
0.135600,1.000000,1.700009,-1.533783,-2.944996,-0.000000,-0.063908,1,0.001000
0.135650,1.000000,1.719844,-1.533783,-3.177183,-0.000000,-0.063908,1,0.001000
0.135700,1.000000,1.745158,-1.533783,-3.406234,-0.000000,-0.063908,1,0.001000
0.135750,1.000000,1.775797,-1.533783,-3.631924,-0.000000,-0.063908,1,0.001000
0.135800,1.000000,1.811605,-1.533783,-3.854029,-0.000000,-0.063908,1,0.001000
0.135850,1.000000,1.852424,-1.533783,-4.072331,-0.000000,-0.063908,1,0.001000
0.135900,1.000000,1.898089,-1.533783,-4.286614,-0.000000,-0.063908,1,0.001000
0.135950,1.000000,1.948435,-1.533783,-4.496667,-0.000000,-0.063908,1,0.001000
0.136000,1.000000,1.883704,-1.615017,-4.702282,-4.702282,-0.263221,1,0.001000
0.136050,1.000000,1.824807,-1.615017,-4.903256,-4.702282,-0.263221,1,0.001000
0.136100,1.000000,1.771549,-1.615017,-5.099392,-4.702282,-0.263221,1,0.001000
0.136150,1.000000,1.723735,-1.615017,-5.290495,-4.702282,-0.263221,1,0.001000
0.136200,1.000000,1.681165,-1.615017,-5.476377,-4.702282,-0.263221,1,0.001000
0.136250,1.000000,1.643639,-1.615017,-5.656854,-4.702282,-0.263221,1,0.001000
0.136300,1.000000,1.610955,-1.615017,-5.831749,-4.702282,-0.263221,1,0.001000
0.136350,1.000000,1.582908,-1.615017,-6.000889,-4.702282,-0.263221,1,0.001000
0.136400,1.000000,1.559292,-1.615017,-6.164106,-4.702282,-0.263221,1,0.001000
0.136450,1.000000,1.539899,-1.615017,-6.321240,-4.702282,-0.263221,1,0.001000
0.136500,1.000000,1.524521,-1.615017,-6.472136,-4.702282,-0.263221,1,0.001000
0.136550,1.000000,1.512948,-1.615017,-6.616645,-4.702282,-0.263221,1,0.001000
0.136600,1.000000,1.504970,-1.615017,-6.754623,-4.702282,-0.263221,1,0.001000
0.136650,1.000000,1.500374,-1.615017,-6.885936,-4.702282,-0.263221,1,0.001000
0.136700,1.000000,1.498948,-1.615017,-7.010453,-4.702282,-0.263221,1,0.001000
0.136750,1.000000,1.500480,-1.615017,-7.128052,-4.702282,-0.263221,1,0.001000
0.136800,1.000000,1.504757,-1.615017,-7.238616,-4.702282,-0.263221,1,0.001000
0.136850,1.000000,1.511566,-1.615017,-7.342037,-4.702282,-0.263221,1,0.001000
0.136900,1.000000,1.520694,-1.615017,-7.438212,-4.702282,-0.263221,1,0.001000
0.136950,1.000000,1.531929,-1.615017,-7.527046,-4.702282,-0.263221,1,0.001000
0.137000,1.000000,1.490570,-0.888390,-7.608452,-7.608452,-0.354035,1,0.001000
0.137050,1.000000,1.451576,-0.888390,-7.682349,-7.608452,-0.354035,1,0.001000
0.137100,1.000000,1.414726,-0.888390,-7.748665,-7.608452,-0.354035,1,0.001000
0.137150,1.000000,1.379805,-0.888390,-7.807334,-7.608452,-0.354035,1,0.001000
0.137200,1.000000,1.346593,-0.888390,-7.858298,-7.608452,-0.354035,1,0.001000
0.137250,1.000000,1.314878,-0.888390,-7.901507,-7.608452,-0.354035,1,0.001000
0.137300,1.000000,1.284444,-0.888390,-7.936918,-7.608452,-0.354035,1,0.001000
0.137350,1.000000,1.255079,-0.888390,-7.964496,-7.608452,-0.354035,1,0.001000
0.137400,1.000000,1.226575,-0.888390,-7.984214,-7.608452,-0.354035,1,0.001000
0.137450,1.000000,1.198723,-0.888390,-7.996052,-7.608452,-0.354035,1,0.001000
0.137500,1.000000,1.171318,-0.888390,-8.000000,-7.608452,-0.354035,1,0.001000
0.137550,1.000000,1.144157,-0.888390,-7.996052,-7.608452,-0.354035,1,0.001000
0.137600,1.000000,1.117039,-0.888390,-7.984214,-7.608452,-0.354035,1,0.001000
0.137650,1.000000,1.089768,-0.888390,-7.964496,-7.608452,-0.354035,1,0.001000
0.137700,1.000000,1.062147,-0.888390,-7.936918,-7.608452,-0.354035,1,0.001000
0.137750,1.000000,1.033987,-0.888390,-7.901507,-7.608452,-0.354035,1,0.001000
0.137800,1.000000,1.005099,-0.888390,-7.858298,-7.608452,-0.354035,1,0.001000
0.137850,1.000000,0.975297,-0.888390,-7.807334,-7.608452,-0.354035,1,0.001000
0.137900,1.000000,0.944402,-0.888390,-7.748665,-7.608452,-0.354035,1,0.001000
0.137950,1.000000,0.912234,-0.888390,-7.682349,-7.608452,-0.354035,1,0.001000
0.138000,1.000000,0.910045,0.368552,-7.608452,-7.608452,-0.301662,1,0.001000
0.138050,1.000000,0.905848,0.368552,-7.527046,-7.608452,-0.301662,1,0.001000
0.138100,1.000000,0.899483,0.368552,-7.438212,-7.608452,-0.301662,1,0.001000
0.138150,1.000000,0.890793,0.368552,-7.342037,-7.608452,-0.301662,1,0.001000
0.138200,1.000000,0.879626,0.368552,-7.238616,-7.608452,-0.301662,1,0.001000
0.138250,1.000000,0.865834,0.368552,-7.128052,-7.608452,-0.301662,1,0.001000
0.138300,1.000000,0.849275,0.368552,-7.010453,-7.608452,-0.301662,1,0.001000
0.138350,1.000000,0.829810,0.368552,-6.885936,-7.608452,-0.301662,1,0.001000
0.138400,1.000000,0.807306,0.368552,-6.754623,-7.608452,-0.301662,1,0.001000
0.138450,1.000000,0.781633,0.368552,-6.616645,-7.608452,-0.301662,1,0.001000
0.138500,1.000000,0.752668,0.368552,-6.472136,-7.608452,-0.301662,1,0.001000
0.138550,1.000000,0.720294,0.368552,-6.321240,-7.608452,-0.301662,1,0.001000
0.138600,1.000000,0.684395,0.368552,-6.164106,-7.608452,-0.301662,1,0.001000
0.138650,1.000000,0.644865,0.368552,-6.000889,-7.608452,-0.301662,1,0.001000
0.138700,1.000000,0.601600,0.368552,-5.831749,-7.608452,-0.301662,1,0.001000
0.138750,1.000000,0.554504,0.368552,-5.656854,-7.608452,-0.301662,1,0.001000
0.138800,1.000000,0.503485,0.368552,-5.476377,-7.608452,-0.301662,1,0.001000
0.138850,1.000000,0.448456,0.368552,-5.290495,-7.608452,-0.301662,1,0.001000
0.138900,1.000000,0.389338,0.368552,-5.099392,-7.608452,-0.301662,1,0.001000
0.138950,1.000000,0.326055,0.368552,-4.903256,-7.608452,-0.301662,1,0.001000
0.139000,1.000000,0.363872,1.675700,-4.702282,-4.702282,-0.126108,1,0.001000
0.139050,1.000000,0.396075,1.675700,-4.496667,-4.702282,-0.126108,1,0.001000
0.139100,1.000000,0.422625,1.675700,-4.286614,-4.702282,-0.126108,1,0.001000
0.139150,1.000000,0.443486,1.675700,-4.072331,-4.702282,-0.126108,1,0.001000
0.139200,1.000000,0.458629,1.675700,-3.854029,-4.702282,-0.126108,1,0.001000
0.139250,1.000000,0.468030,1.675700,-3.631924,-4.702282,-0.126108,1,0.001000
0.139300,1.000000,0.471670,1.675700,-3.406234,-4.702282,-0.126108,1,0.001000
0.139350,1.000000,0.469540,1.675700,-3.177183,-4.702282,-0.126108,1,0.001000
0.139400,1.000000,0.461631,1.675700,-2.944996,-4.702282,-0.126108,1,0.001000
0.139450,1.000000,0.447943,1.675700,-2.709903,-4.702282,-0.126108,1,0.001000
0.139500,1.000000,0.428483,1.675700,-2.472136,-4.702282,-0.126108,1,0.001000
0.139550,1.000000,0.403261,1.675700,-2.231929,-4.702282,-0.126108,1,0.001000
0.139600,1.000000,0.372293,1.675700,-1.989519,-4.702282,-0.126108,1,0.001000
0.139650,1.000000,0.335604,1.675700,-1.745146,-4.702282,-0.126108,1,0.001000
0.139700,1.000000,0.293220,1.675700,-1.499051,-4.702282,-0.126108,1,0.001000
0.139750,1.000000,0.245177,1.675700,-1.251476,-4.702282,-0.126108,1,0.001000
0.139800,1.000000,0.191515,1.675700,-1.002666,-4.702282,-0.126108,1,0.001000
0.139850,1.000000,0.132278,1.675700,-0.752867,-4.702282,-0.126108,1,0.001000
0.139900,1.000000,0.067518,1.675700,-0.502324,-4.702282,-0.126108,1,0.001000
0.139950,1.000000,-0.002708,1.675700,-0.251286,-4.702282,-0.126108,1,0.001000
0.140000,1.000000,0.060670,2.533768,0.000000,0.000000,0.105574,1,0.001000
0.140050,1.000000,0.116973,2.533768,0.251286,0.000000,0.105574,1,0.001000
0.140100,1.000000,0.166297,2.533768,0.502324,0.000000,0.105574,1,0.001000
0.140150,1.000000,0.208741,2.533768,0.752867,0.000000,0.105574,1,0.001000
0.140200,1.000000,0.244409,2.533768,1.002666,0.000000,0.105574,1,0.001000
0.140250,1.000000,0.273412,2.533768,1.251476,0.000000,0.105574,1,0.001000
0.140300,1.000000,0.295862,2.533768,1.499051,0.000000,0.105574,1,0.001000
0.140350,1.000000,0.311879,2.533768,1.745146,0.000000,0.105574,1,0.001000
0.140400,1.000000,0.321587,2.533768,1.989519,0.000000,0.105574,1,0.001000
0.140450,1.000000,0.325113,2.533768,2.231929,0.000000,0.105574,1,0.001000
0.140500,1.000000,0.322590,2.533768,2.472136,0.000000,0.105574,1,0.001000
0.140550,1.000000,0.314154,2.533768,2.709903,0.000000,0.105574,1,0.001000
0.140600,1.000000,0.299947,2.533768,2.944996,0.000000,0.105574,1,0.001000
0.140650,1.000000,0.280112,2.533768,3.177183,0.000000,0.105574,1,0.001000
0.140700,1.000000,0.254799,2.533768,3.406234,0.000000,0.105574,1,0.001000
0.140750,1.000000,0.224160,2.533768,3.631924,0.000000,0.105574,1,0.001000
0.140800,1.000000,0.188351,2.533768,3.854029,0.000000,0.105574,1,0.001000
0.140850,1.000000,0.147533,2.533768,4.072331,0.000000,0.105574,1,0.001000
0.140900,1.000000,0.101868,2.533768,4.286614,0.000000,0.105574,1,0.001000
0.140950,1.000000,0.051522,2.533768,4.496667,0.000000,0.105574,1,0.001000
0.141000,1.000000,0.116253,2.615003,4.702282,4.702282,0.304887,1,0.001000
0.141050,1.000000,0.175150,2.615003,4.903256,4.702282,0.304887,1,0.001000
0.141100,1.000000,0.228408,2.615003,5.099392,4.702282,0.304887,1,0.001000
0.141150,1.000000,0.276223,2.615003,5.290495,4.702282,0.304887,1,0.001000
0.141200,1.000000,0.318793,2.615003,5.476377,4.702282,0.304887,1,0.001000
0.141250,1.000000,0.356319,2.615003,5.656854,4.702282,0.304887,1,0.001000
0.141300,1.000000,0.389003,2.615003,5.831749,4.702282,0.304887,1,0.001000
0.141350,1.000000,0.417051,2.615003,6.000889,4.702282,0.304887,1,0.001000
0.141400,1.000000,0.440667,2.615003,6.164106,4.702282,0.304887,1,0.001000
0.141450,1.000000,0.460060,2.615003,6.321240,4.702282,0.304887,1,0.001000
0.141500,1.000000,0.475438,2.615003,6.472136,4.702282,0.304887,1,0.001000
0.141550,1.000000,0.487011,2.615003,6.616645,4.702282,0.304887,1,0.001000
0.141600,1.000000,0.494990,2.615003,6.754623,4.702282,0.304887,1,0.001000
0.141650,1.000000,0.499586,2.615003,6.885936,4.702282,0.304887,1,0.001000
0.141700,1.000000,0.501012,2.615003,7.010453,4.702282,0.304887,1,0.001000
0.141750,1.000000,0.499480,2.615003,7.128052,4.702282,0.304887,1,0.001000
0.141800,1.000000,0.495204,2.615003,7.238616,4.702282,0.304887,1,0.001000
0.141850,1.000000,0.488395,2.615003,7.342037,4.702282,0.304887,1,0.001000
0.141900,1.000000,0.479267,2.615003,7.438212,4.702282,0.304887,1,0.001000
0.141950,1.000000,0.468032,2.615003,7.527046,4.702282,0.304887,1,0.001000
0.142000,1.000000,0.509391,1.888377,7.608452,7.608452,0.395701,1,0.001000
0.142050,1.000000,0.548385,1.888377,7.682349,7.608452,0.395701,1,0.001000
0.142100,1.000000,0.585235,1.888377,7.748665,7.608452,0.395701,1,0.001000
0.142150,1.000000,0.620157,1.888377,7.807334,7.608452,0.395701,1,0.001000
0.142200,1.000000,0.653368,1.888377,7.858298,7.608452,0.395701,1,0.001000
0.142250,1.000000,0.685084,1.888377,7.901507,7.608452,0.395701,1,0.001000
0.142300,1.000000,0.715518,1.888377,7.936918,7.608452,0.395701,1,0.001000
0.142350,1.000000,0.744883,1.888377,7.964496,7.608452,0.395701,1,0.001000
0.142400,1.000000,0.773387,1.888377,7.984214,7.608452,0.395701,1,0.001000
0.142450,1.000000,0.801239,1.888377,7.996052,7.608452,0.395701,1,0.001000
0.142500,1.000000,0.828644,1.888377,8.000000,7.608452,0.395701,1,0.001000
0.142550,1.000000,0.855806,1.888377,7.996052,7.608452,0.395701,1,0.001000
0.142600,1.000000,0.882923,1.888377,7.984214,7.608452,0.395701,1,0.001000
0.142650,1.000000,0.910195,1.888377,7.964496,7.608452,0.395701,1,0.001000
0.142700,1.000000,0.937816,1.888377,7.936918,7.608452,0.395701,1,0.001000
0.142750,1.000000,0.965976,1.888377,7.901507,7.608452,0.395701,1,0.001000
0.142800,1.000000,0.994865,1.888377,7.858298,7.608452,0.395701,1,0.001000
0.142850,1.000000,1.024666,1.888377,7.807334,7.608452,0.395701,1,0.001000
0.142900,1.000000,1.055562,1.888377,7.748665,7.608452,0.395701,1,0.001000
0.142950,1.000000,1.087729,1.888377,7.682349,7.608452,0.395701,1,0.001000
0.143000,1.000000,1.089919,0.631436,7.608452,7.608452,0.343329,1,0.001000
0.143050,1.000000,1.094116,0.631436,7.527046,7.608452,0.343329,1,0.001000
0.143100,1.000000,1.100481,0.631436,7.438212,7.608452,0.343329,1,0.001000
0.143150,1.000000,1.109171,0.631436,7.342037,7.608452,0.343329,1,0.001000
0.143200,1.000000,1.120339,0.631436,7.238616,7.608452,0.343329,1,0.001000
0.143250,1.000000,1.134130,0.631436,7.128052,7.608452,0.343329,1,0.001000
0.143300,1.000000,1.150690,0.631436,7.010453,7.608452,0.343329,1,0.001000
0.143350,1.000000,1.170155,0.631436,6.885936,7.608452,0.343329,1,0.001000
0.143400,1.000000,1.192659,0.631436,6.754623,7.608452,0.343329,1,0.001000
0.143450,1.000000,1.218332,0.631436,6.616645,7.608452,0.343329,1,0.001000
0.143500,1.000000,1.247297,0.631436,6.472136,7.608452,0.343329,1,0.001000
0.143550,1.000000,1.279672,0.631436,6.321240,7.608452,0.343329,1,0.001000
0.143600,1.000000,1.315571,0.631436,6.164106,7.608452,0.343329,1,0.001000
0.143650,1.000000,1.355101,0.631436,6.000889,7.608452,0.343329,1,0.001000
0.143700,1.000000,1.398366,0.631436,5.831749,7.608452,0.343329,1,0.001000
0.143750,1.000000,1.445462,0.631436,5.656854,7.608452,0.343329,1,0.001000
0.143800,1.000000,1.496481,0.631436,5.476377,7.608452,0.343329,1,0.001000
0.143850,1.000000,1.551510,0.631436,5.290495,7.608452,0.343329,1,0.001000
0.143900,1.000000,1.610629,0.631436,5.099392,7.608452,0.343329,1,0.001000
0.143950,1.000000,1.673912,0.631436,4.903256,7.608452,0.343329,1,0.001000
0.144000,1.000000,1.636095,-0.675711,4.702282,4.702282,0.167774,1,0.001000
0.144050,1.000000,1.603891,-0.675711,4.496667,4.702282,0.167774,1,0.001000
0.144100,1.000000,1.577342,-0.675711,4.286614,4.702282,0.167774,1,0.001000
0.144150,1.000000,1.556481,-0.675711,4.072331,4.702282,0.167774,1,0.001000
0.144200,1.000000,1.541339,-0.675711,3.854029,4.702282,0.167774,1,0.001000
0.144250,1.000000,1.531938,-0.675711,3.631924,4.702282,0.167774,1,0.001000
0.144300,1.000000,1.528297,-0.675711,3.406234,4.702282,0.167774,1,0.001000
0.144350,1.000000,1.530428,-0.675711,3.177183,4.702282,0.167774,1,0.001000
0.144400,1.000000,1.538337,-0.675711,2.944996,4.702282,0.167774,1,0.001000
0.144450,1.000000,1.552025,-0.675711,2.709903,4.702282,0.167774,1,0.001000
0.144500,1.000000,1.571485,-0.675711,2.472136,4.702282,0.167774,1,0.001000
0.144550,1.000000,1.596708,-0.675711,2.231929,4.702282,0.167774,1,0.001000
0.144600,1.000000,1.627675,-0.675711,1.989519,4.702282,0.167774,1,0.001000
0.144650,1.000000,1.664365,-0.675711,1.745146,4.702282,0.167774,1,0.001000
0.144700,1.000000,1.706748,-0.675711,1.499051,4.702282,0.167774,1,0.001000
0.144750,1.000000,1.754791,-0.675711,1.251476,4.702282,0.167774,1,0.001000
0.144800,1.000000,1.808454,-0.675711,1.002666,4.702282,0.167774,1,0.001000
0.144850,1.000000,1.867691,-0.675711,0.752867,4.702282,0.167774,1,0.001000
0.144900,1.000000,1.932451,-0.675711,0.502324,4.702282,0.167774,1,0.001000
0.144950,1.000000,2.002678,-0.675711,0.251286,4.702282,0.167774,1,0.001000
0.145000,1.000000,1.939300,-1.533778,-0.000000,-0.000000,-0.063907,1,0.001000
0.145050,1.000000,1.882996,-1.533778,-0.251286,-0.000000,-0.063907,1,0.001000
0.145100,1.000000,1.833672,-1.533778,-0.502324,-0.000000,-0.063907,1,0.001000
0.145150,1.000000,1.791229,-1.533778,-0.752867,-0.000000,-0.063907,1,0.001000
0.145200,1.000000,1.755560,-1.533778,-1.002666,-0.000000,-0.063907,1,0.001000
0.145250,1.000000,1.726558,-1.533778,-1.251476,-0.000000,-0.063907,1,0.001000
0.145300,1.000000,1.704108,-1.533778,-1.499051,-0.000000,-0.063907,1,0.001000
0.145350,1.000000,1.688091,-1.533778,-1.745146,-0.000000,-0.063907,1,0.001000
0.145400,1.000000,1.678383,-1.533778,-1.989519,-0.000000,-0.063907,1,0.001000
0.145450,1.000000,1.674857,-1.533778,-2.231929,-0.000000,-0.063907,1,0.001000
0.145500,1.000000,1.677381,-1.533778,-2.472136,-0.000000,-0.063907,1,0.001000
0.145550,1.000000,1.685817,-1.533778,-2.709903,-0.000000,-0.063907,1,0.001000
0.145600,1.000000,1.700024,-1.533778,-2.944996,-0.000000,-0.063907,1,0.001000
0.145650,1.000000,1.719859,-1.533778,-3.177183,-0.000000,-0.063907,1,0.001000
0.145700,1.000000,1.745172,-1.533778,-3.406234,-0.000000,-0.063907,1,0.001000
0.145750,1.000000,1.775811,-1.533778,-3.631924,-0.000000,-0.063907,1,0.001000
0.145800,1.000000,1.811620,-1.533778,-3.854029,-0.000000,-0.063907,1,0.001000
0.145850,1.000000,1.852438,-1.533778,-4.072331,-0.000000,-0.063907,1,0.001000
0.145900,1.000000,1.898104,-1.533778,-4.286614,-0.000000,-0.063907,1,0.001000
0.145950,1.000000,1.948450,-1.533778,-4.496667,-0.000000,-0.063907,1,0.001000
0.146000,1.000000,1.883719,-1.615013,-4.702282,-4.702282,-0.263221,1,0.001000
0.146050,1.000000,1.824821,-1.615013,-4.903256,-4.702282,-0.263221,1,0.001000
0.146100,1.000000,1.771564,-1.615013,-5.099392,-4.702282,-0.263221,1,0.001000
0.146150,1.000000,1.723749,-1.615013,-5.290495,-4.702282,-0.263221,1,0.001000
0.146200,1.000000,1.681179,-1.615013,-5.476377,-4.702282,-0.263221,1,0.001000
0.146250,1.000000,1.643654,-1.615013,-5.656854,-4.702282,-0.263221,1,0.001000
0.146300,1.000000,1.610969,-1.615013,-5.831749,-4.702282,-0.263221,1,0.001000
0.146350,1.000000,1.582922,-1.615013,-6.000889,-4.702282,-0.263221,1,0.001000
0.146400,1.000000,1.559306,-1.615013,-6.164106,-4.702282,-0.263221,1,0.001000
0.146450,1.000000,1.539913,-1.615013,-6.321240,-4.702282,-0.263221,1,0.001000
0.146500,1.000000,1.524535,-1.615013,-6.472136,-4.702282,-0.263221,1,0.001000
0.146550,1.000000,1.512962,-1.615013,-6.616645,-4.702282,-0.263221,1,0.001000
0.146600,1.000000,1.504983,-1.615013,-6.754623,-4.702282,-0.263221,1,0.001000
0.146650,1.000000,1.500387,-1.615013,-6.885936,-4.702282,-0.263221,1,0.001000
0.146700,1.000000,1.498961,-1.615013,-7.010453,-4.702282,-0.263221,1,0.001000
0.146750,1.000000,1.500493,-1.615013,-7.128052,-4.702282,-0.263221,1,0.001000
0.146800,1.000000,1.504770,-1.615013,-7.238616,-4.702282,-0.263221,1,0.001000
0.146850,1.000000,1.511579,-1.615013,-7.342037,-4.702282,-0.263221,1,0.001000
0.146900,1.000000,1.520707,-1.615013,-7.438212,-4.702282,-0.263221,1,0.001000
0.146950,1.000000,1.531942,-1.615013,-7.527046,-4.702282,-0.263221,1,0.001000
0.147000,1.000000,1.490583,-0.888386,-7.608452,-7.608452,-0.354035,1,0.001000
0.147050,1.000000,1.451589,-0.888386,-7.682349,-7.608452,-0.354035,1,0.001000
0.147100,1.000000,1.414740,-0.888386,-7.748665,-7.608452,-0.354035,1,0.001000
0.147150,1.000000,1.379818,-0.888386,-7.807334,-7.608452,-0.354035,1,0.001000
0.147200,1.000000,1.346607,-0.888386,-7.858298,-7.608452,-0.354035,1,0.001000
0.147250,1.000000,1.314891,-0.888386,-7.901507,-7.608452,-0.354035,1,0.001000
0.147300,1.000000,1.284457,-0.888386,-7.936918,-7.608452,-0.354035,1,0.001000
0.147350,1.000000,1.255092,-0.888386,-7.964496,-7.608452,-0.354035,1,0.001000
0.147400,1.000000,1.226588,-0.888386,-7.984214,-7.608452,-0.354035,1,0.001000
0.147450,1.000000,1.198736,-0.888386,-7.996052,-7.608452,-0.354035,1,0.001000
0.147500,1.000000,1.171331,-0.888386,-8.000000,-7.608452,-0.354035,1,0.001000
0.147550,1.000000,1.144170,-0.888386,-7.996052,-7.608452,-0.354035,1,0.001000
0.147600,1.000000,1.117052,-0.888386,-7.984214,-7.608452,-0.354035,1,0.001000
0.147650,1.000000,1.089780,-0.888386,-7.964496,-7.608452,-0.354035,1,0.001000
0.147700,1.000000,1.062160,-0.888386,-7.936918,-7.608452,-0.354035,1,0.001000
0.147750,1.000000,1.034000,-0.888386,-7.901507,-7.608452,-0.354035,1,0.001000
0.147800,1.000000,1.005111,-0.888386,-7.858298,-7.608452,-0.354035,1,0.001000
0.147850,1.000000,0.975310,-0.888386,-7.807334,-7.608452,-0.354035,1,0.001000
0.147900,1.000000,0.944414,-0.888386,-7.748665,-7.608452,-0.354035,1,0.001000
0.147950,1.000000,0.912247,-0.888386,-7.682349,-7.608452,-0.354035,1,0.001000
0.148000,1.000000,0.910057,0.368556,-7.608452,-7.608452,-0.301662,1,0.001000
0.148050,1.000000,0.905860,0.368556,-7.527046,-7.608452,-0.301662,1,0.001000
0.148100,1.000000,0.899495,0.368556,-7.438212,-7.608452,-0.301662,1,0.001000
0.148150,1.000000,0.890805,0.368556,-7.342037,-7.608452,-0.301662,1,0.001000
0.148200,1.000000,0.879638,0.368556,-7.238616,-7.608452,-0.301662,1,0.001000
0.148250,1.000000,0.865846,0.368556,-7.128052,-7.608452,-0.301662,1,0.001000
0.148300,1.000000,0.849287,0.368556,-7.010453,-7.608452,-0.301662,1,0.001000
0.148350,1.000000,0.829822,0.368556,-6.885936,-7.608452,-0.301662,1,0.001000
0.148400,1.000000,0.807318,0.368556,-6.754623,-7.608452,-0.301662,1,0.001000
0.148450,1.000000,0.781645,0.368556,-6.616645,-7.608452,-0.301662,1,0.001000
0.148500,1.000000,0.752680,0.368556,-6.472136,-7.608452,-0.301662,1,0.001000
0.148550,1.000000,0.720305,0.368556,-6.321240,-7.608452,-0.301662,1,0.001000
0.148600,1.000000,0.684407,0.368556,-6.164106,-7.608452,-0.301662,1,0.001000
0.148650,1.000000,0.644876,0.368556,-6.000889,-7.608452,-0.301662,1,0.001000
0.148700,1.000000,0.601612,0.368556,-5.831749,-7.608452,-0.301662,1,0.001000
0.148750,1.000000,0.554516,0.368556,-5.656854,-7.608452,-0.301662,1,0.001000
0.148800,1.000000,0.503496,0.368556,-5.476377,-7.608452,-0.301662,1,0.001000
0.148850,1.000000,0.448467,0.368556,-5.290495,-7.608452,-0.301662,1,0.001000
0.148900,1.000000,0.389349,0.368556,-5.099392,-7.608452,-0.301662,1,0.001000
0.148950,1.000000,0.326066,0.368556,-4.903256,-7.608452,-0.301662,1,0.001000
0.149000,1.000000,0.363883,1.675704,-4.702282,-4.702282,-0.126107,1,0.001000
0.149050,1.000000,0.396087,1.675704,-4.496667,-4.702282,-0.126107,1,0.001000
0.149100,1.000000,0.422636,1.675704,-4.286614,-4.702282,-0.126107,1,0.001000
0.149150,1.000000,0.443497,1.675704,-4.072331,-4.702282,-0.126107,1,0.001000
0.149200,1.000000,0.458640,1.675704,-3.854029,-4.702282,-0.126107,1,0.001000
0.149250,1.000000,0.468041,1.675704,-3.631924,-4.702282,-0.126107,1,0.001000
0.149300,1.000000,0.471681,1.675704,-3.406234,-4.702282,-0.126107,1,0.001000
0.149350,1.000000,0.469551,1.675704,-3.177183,-4.702282,-0.126107,1,0.001000
0.149400,1.000000,0.461642,1.675704,-2.944996,-4.702282,-0.126107,1,0.001000
0.149450,1.000000,0.447954,1.675704,-2.709903,-4.702282,-0.126107,1,0.001000
0.149500,1.000000,0.428494,1.675704,-2.472136,-4.702282,-0.126107,1,0.001000
0.149550,1.000000,0.403271,1.675704,-2.231929,-4.702282,-0.126107,1,0.001000
0.149600,1.000000,0.372304,1.675704,-1.989519,-4.702282,-0.126107,1,0.001000
0.149650,1.000000,0.335614,1.675704,-1.745146,-4.702282,-0.126107,1,0.001000
0.149700,1.000000,0.293231,1.675704,-1.499051,-4.702282,-0.126107,1,0.001000
0.149750,1.000000,0.245188,1.675704,-1.251476,-4.702282,-0.126107,1,0.001000
0.149800,1.000000,0.191525,1.675704,-1.002666,-4.702282,-0.126107,1,0.001000
0.149850,1.000000,0.132288,1.675704,-0.752867,-4.702282,-0.126107,1,0.001000
0.149900,1.000000,0.067529,1.675704,-0.502324,-4.702282,-0.126107,1,0.001000
0.149950,1.000000,-0.002698,1.675704,-0.251286,-4.702282,-0.126107,1,0.001000
0.150000,1.000000,0.060680,2.533771,0.000000,0.000000,0.105574,1,0.001000
0.150050,1.000000,0.116984,2.533771,0.251286,0.000000,0.105574,1,0.001000
0.150100,1.000000,0.166308,2.533771,0.502324,0.000000,0.105574,1,0.001000
0.150150,1.000000,0.208751,2.533771,0.752867,0.000000,0.105574,1,0.001000
0.150200,1.000000,0.244420,2.533771,1.002666,0.000000,0.105574,1,0.001000
0.150250,1.000000,0.273422,2.533771,1.251476,0.000000,0.105574,1,0.001000
0.150300,1.000000,0.295872,2.533771,1.499051,0.000000,0.105574,1,0.001000
0.150350,1.000000,0.311889,2.533771,1.745146,0.000000,0.105574,1,0.001000
0.150400,1.000000,0.321597,2.533771,1.989519,0.000000,0.105574,1,0.001000
0.150450,1.000000,0.325123,2.533771,2.231929,0.000000,0.105574,1,0.001000
0.150500,1.000000,0.322600,2.533771,2.472136,0.000000,0.105574,1,0.001000
0.150550,1.000000,0.314164,2.533771,2.709903,0.000000,0.105574,1,0.001000
0.150600,1.000000,0.299956,2.533771,2.944996,0.000000,0.105574,1,0.001000
0.150650,1.000000,0.280122,2.533771,3.177183,0.000000,0.105574,1,0.001000
0.150700,1.000000,0.254809,2.533771,3.406234,0.000000,0.105574,1,0.001000
0.150750,1.000000,0.224170,2.533771,3.631924,0.000000,0.105574,1,0.001000
0.150800,1.000000,0.188361,2.533771,3.854029,0.000000,0.105574,1,0.001000
0.150850,1.000000,0.147543,2.533771,4.072331,0.000000,0.105574,1,0.001000
0.150900,1.000000,0.101877,2.533771,4.286614,0.000000,0.105574,1,0.001000
0.150950,1.000000,0.051531,2.533771,4.496667,0.000000,0.105574,1,0.001000
0.151000,1.000000,0.116262,2.615007,4.702282,4.702282,0.304887,1,0.001000
0.151050,1.000000,0.175160,2.615007,4.903256,4.702282,0.304887,1,0.001000
0.151100,1.000000,0.228418,2.615007,5.099392,4.702282,0.304887,1,0.001000
0.151150,1.000000,0.276233,2.615007,5.290495,4.702282,0.304887,1,0.001000
0.151200,1.000000,0.318802,2.615007,5.476377,4.702282,0.304887,1,0.001000
0.151250,1.000000,0.356328,2.615007,5.656854,4.702282,0.304887,1,0.001000
0.151300,1.000000,0.389013,2.615007,5.831749,4.702282,0.304887,1,0.001000
0.151350,1.000000,0.417060,2.615007,6.000889,4.702282,0.304887,1,0.001000
0.151400,1.000000,0.440676,2.615007,6.164106,4.702282,0.304887,1,0.001000
0.151450,1.000000,0.460069,2.615007,6.321240,4.702282,0.304887,1,0.001000
0.151500,1.000000,0.475447,2.615007,6.472136,4.702282,0.304887,1,0.001000
0.151550,1.000000,0.487020,2.615007,6.616645,4.702282,0.304887,1,0.001000
0.151600,1.000000,0.494999,2.615007,6.754623,4.702282,0.304887,1,0.001000
0.151650,1.000000,0.499595,2.615007,6.885936,4.702282,0.304887,1,0.001000
0.151700,1.000000,0.501021,2.615007,7.010453,4.702282,0.304887,1,0.001000
0.151750,1.000000,0.499489,2.615007,7.128052,4.702282,0.304887,1,0.001000
0.151800,1.000000,0.495212,2.615007,7.238616,4.702282,0.304887,1,0.001000
0.151850,1.000000,0.488404,2.615007,7.342037,4.702282,0.304887,1,0.001000
0.151900,1.000000,0.479275,2.615007,7.438212,4.702282,0.304887,1,0.001000
0.151950,1.000000,0.468041,2.615007,7.527046,4.702282,0.304887,1,0.001000
0.152000,1.000000,0.509400,1.888380,7.608452,7.608452,0.395701,1,0.001000
0.152050,1.000000,0.548394,1.888380,7.682349,7.608452,0.395701,1,0.001000
0.152100,1.000000,0.585243,1.888380,7.748665,7.608452,0.395701,1,0.001000
0.152150,1.000000,0.620165,1.888380,7.807334,7.608452,0.395701,1,0.001000
0.152200,1.000000,0.653377,1.888380,7.858298,7.608452,0.395701,1,0.001000
0.152250,1.000000,0.685093,1.888380,7.901507,7.608452,0.395701,1,0.001000
0.152300,1.000000,0.715527,1.888380,7.936918,7.608452,0.395701,1,0.001000
0.152350,1.000000,0.744891,1.888380,7.964496,7.608452,0.395701,1,0.001000
0.152400,1.000000,0.773395,1.888380,7.984214,7.608452,0.395701,1,0.001000
0.152450,1.000000,0.801247,1.888380,7.996052,7.608452,0.395701,1,0.001000
0.152500,1.000000,0.828653,1.888380,8.000000,7.608452,0.395701,1,0.001000
0.152550,1.000000,0.855814,1.888380,7.996052,7.608452,0.395701,1,0.001000
0.152600,1.000000,0.882932,1.888380,7.984214,7.608452,0.395701,1,0.001000
0.152650,1.000000,0.910204,1.888380,7.964496,7.608452,0.395701,1,0.001000
0.152700,1.000000,0.937824,1.888380,7.936918,7.608452,0.395701,1,0.001000
0.152750,1.000000,0.965984,1.888380,7.901507,7.608452,0.395701,1,0.001000
0.152800,1.000000,0.994873,1.888380,7.858298,7.608452,0.395701,1,0.001000
0.152850,1.000000,1.024674,1.888380,7.807334,7.608452,0.395701,1,0.001000
0.152900,1.000000,1.055570,1.888380,7.748665,7.608452,0.395701,1,0.001000
0.152950,1.000000,1.087737,1.888380,7.682349,7.608452,0.395701,1,0.001000
0.153000,1.000000,1.089927,0.631439,7.608452,7.608452,0.343329,1,0.001000
0.153050,1.000000,1.094124,0.631439,7.527046,7.608452,0.343329,1,0.001000
0.153100,1.000000,1.100489,0.631439,7.438212,7.608452,0.343329,1,0.001000
0.153150,1.000000,1.109179,0.631439,7.342037,7.608452,0.343329,1,0.001000
0.153200,1.000000,1.120347,0.631439,7.238616,7.608452,0.343329,1,0.001000
0.153250,1.000000,1.134138,0.631439,7.128052,7.608452,0.343329,1,0.001000
0.153300,1.000000,1.150697,0.631439,7.010453,7.608452,0.343329,1,0.001000
0.153350,1.000000,1.170163,0.631439,6.885936,7.608452,0.343329,1,0.001000
0.153400,1.000000,1.192667,0.631439,6.754623,7.608452,0.343329,1,0.001000
0.153450,1.000000,1.218340,0.631439,6.616645,7.608452,0.343329,1,0.001000
0.153500,1.000000,1.247305,0.631439,6.472136,7.608452,0.343329,1,0.001000
0.153550,1.000000,1.279680,0.631439,6.321240,7.608452,0.343329,1,0.001000
0.153600,1.000000,1.315578,0.631439,6.164106,7.608452,0.343329,1,0.001000
0.153650,1.000000,1.355109,0.631439,6.000889,7.608452,0.343329,1,0.001000
0.153700,1.000000,1.398373,0.631439,5.831749,7.608452,0.343329,1,0.001000
0.153750,1.000000,1.445470,0.631439,5.656854,7.608452,0.343329,1,0.001000
0.153800,1.000000,1.496489,0.631439,5.476377,7.608452,0.343329,1,0.001000
0.153850,1.000000,1.551518,0.631439,5.290495,7.608452,0.343329,1,0.001000
0.153900,1.000000,1.610636,0.631439,5.099392,7.608452,0.343329,1,0.001000
0.153950,1.000000,1.673919,0.631439,4.903256,7.608452,0.343329,1,0.001000
0.154000,1.000000,1.636103,-0.675708,4.702282,4.702282,0.167774,1,0.001000
0.154050,1.000000,1.603899,-0.675708,4.496667,4.702282,0.167774,1,0.001000
0.154100,1.000000,1.577349,-0.675708,4.286614,4.702282,0.167774,1,0.001000
0.154150,1.000000,1.556488,-0.675708,4.072331,4.702282,0.167774,1,0.001000
0.154200,1.000000,1.541346,-0.675708,3.854029,4.702282,0.167774,1,0.001000
0.154250,1.000000,1.531945,-0.675708,3.631924,4.702282,0.167774,1,0.001000
0.154300,1.000000,1.528304,-0.675708,3.406234,4.702282,0.167774,1,0.001000
0.154350,1.000000,1.530435,-0.675708,3.177183,4.702282,0.167774,1,0.001000
0.154400,1.000000,1.538344,-0.675708,2.944996,4.702282,0.167774,1,0.001000
0.154450,1.000000,1.552032,-0.675708,2.709903,4.702282,0.167774,1,0.001000
0.154500,1.000000,1.571492,-0.675708,2.472136,4.702282,0.167774,1,0.001000
0.154550,1.000000,1.596715,-0.675708,2.231929,4.702282,0.167774,1,0.001000
0.154600,1.000000,1.627682,-0.675708,1.989519,4.702282,0.167774,1,0.001000
0.154650,1.000000,1.664372,-0.675708,1.745146,4.702282,0.167774,1,0.001000
0.154700,1.000000,1.706755,-0.675708,1.499051,4.702282,0.167774,1,0.001000
0.154750,1.000000,1.754798,-0.675708,1.251476,4.702282,0.167774,1,0.001000
0.154800,1.000000,1.808461,-0.675708,1.002666,4.702282,0.167774,1,0.001000
0.154850,1.000000,1.867698,-0.675708,0.752867,4.702282,0.167774,1,0.001000
0.154900,1.000000,1.932458,-0.675708,0.502324,4.702282,0.167774,1,0.001000
0.154950,1.000000,2.002684,-0.675708,0.251286,4.702282,0.167774,1,0.001000
0.155000,1.000000,1.939306,-1.533776,-0.000000,-0.000000,-0.063907,1,0.001000
0.155050,1.000000,1.883003,-1.533776,-0.251286,-0.000000,-0.063907,1,0.001000
0.155100,1.000000,1.833679,-1.533776,-0.502324,-0.000000,-0.063907,1,0.001000
0.155150,1.000000,1.791235,-1.533776,-0.752867,-0.000000,-0.063907,1,0.001000
0.155200,1.000000,1.755567,-1.533776,-1.002666,-0.000000,-0.063907,1,0.001000
0.155250,1.000000,1.726565,-1.533776,-1.251476,-0.000000,-0.063907,1,0.001000
0.155300,1.000000,1.704115,-1.533776,-1.499051,-0.000000,-0.063907,1,0.001000
0.155350,1.000000,1.688098,-1.533776,-1.745146,-0.000000,-0.063907,1,0.001000
0.155400,1.000000,1.678390,-1.533776,-1.989519,-0.000000,-0.063907,1,0.001000
0.155450,1.000000,1.674864,-1.533776,-2.231929,-0.000000,-0.063907,1,0.001000
0.155500,1.000000,1.677387,-1.533776,-2.472136,-0.000000,-0.063907,1,0.001000
0.155550,1.000000,1.685823,-1.533776,-2.709903,-0.000000,-0.063907,1,0.001000
0.155600,1.000000,1.700031,-1.533776,-2.944996,-0.000000,-0.063907,1,0.001000
0.155650,1.000000,1.719866,-1.533776,-3.177183,-0.000000,-0.063907,1,0.001000
0.155700,1.000000,1.745179,-1.533776,-3.406234,-0.000000,-0.063907,1,0.001000
0.155750,1.000000,1.775818,-1.533776,-3.631924,-0.000000,-0.063907,1,0.001000
0.155800,1.000000,1.811626,-1.533776,-3.854029,-0.000000,-0.063907,1,0.001000
0.155850,1.000000,1.852445,-1.533776,-4.072331,-0.000000,-0.063907,1,0.001000
0.155900,1.000000,1.898110,-1.533776,-4.286614,-0.000000,-0.063907,1,0.001000
0.155950,1.000000,1.948456,-1.533776,-4.496667,-0.000000,-0.063907,1,0.001000
0.156000,1.000000,1.883725,-1.615011,-4.702282,-4.702282,-0.263221,1,0.001000
0.156050,1.000000,1.824828,-1.615011,-4.903256,-4.702282,-0.263221,1,0.001000
0.156100,1.000000,1.771570,-1.615011,-5.099392,-4.702282,-0.263221,1,0.001000
0.156150,1.000000,1.723755,-1.615011,-5.290495,-4.702282,-0.263221,1,0.001000
0.156200,1.000000,1.681185,-1.615011,-5.476377,-4.702282,-0.263221,1,0.001000
0.156250,1.000000,1.643660,-1.615011,-5.656854,-4.702282,-0.263221,1,0.001000
0.156300,1.000000,1.610975,-1.615011,-5.831749,-4.702282,-0.263221,1,0.001000
0.156350,1.000000,1.582928,-1.615011,-6.000889,-4.702282,-0.263221,1,0.001000
0.156400,1.000000,1.559312,-1.615011,-6.164106,-4.702282,-0.263221,1,0.001000
0.156450,1.000000,1.539919,-1.615011,-6.321240,-4.702282,-0.263221,1,0.001000
0.156500,1.000000,1.524541,-1.615011,-6.472136,-4.702282,-0.263221,1,0.001000
0.156550,1.000000,1.512968,-1.615011,-6.616645,-4.702282,-0.263221,1,0.001000
0.156600,1.000000,1.504989,-1.615011,-6.754623,-4.702282,-0.263221,1,0.001000
0.156650,1.000000,1.500393,-1.615011,-6.885936,-4.702282,-0.263221,1,0.001000
0.156700,1.000000,1.498967,-1.615011,-7.010453,-4.702282,-0.263221,1,0.001000
0.156750,1.000000,1.500499,-1.615011,-7.128052,-4.702282,-0.263221,1,0.001000
0.156800,1.000000,1.504776,-1.615011,-7.238616,-4.702282,-0.263221,1,0.001000
0.156850,1.000000,1.511585,-1.615011,-7.342037,-4.702282,-0.263221,1,0.001000
0.156900,1.000000,1.520713,-1.615011,-7.438212,-4.702282,-0.263221,1,0.001000
0.156950,1.000000,1.531948,-1.615011,-7.527046,-4.702282,-0.263221,1,0.001000
0.157000,1.000000,1.490589,-0.888384,-7.608452,-7.608452,-0.354035,1,0.001000
0.157050,1.000000,1.451595,-0.888384,-7.682349,-7.608452,-0.354035,1,0.001000
0.157100,1.000000,1.414745,-0.888384,-7.748665,-7.608452,-0.354035,1,0.001000
0.157150,1.000000,1.379823,-0.888384,-7.807334,-7.608452,-0.354035,1,0.001000
0.157200,1.000000,1.346612,-0.888384,-7.858298,-7.608452,-0.354035,1,0.001000
0.157250,1.000000,1.314896,-0.888384,-7.901507,-7.608452,-0.354035,1,0.001000
0.157300,1.000000,1.284462,-0.888384,-7.936918,-7.608452,-0.354035,1,0.001000
0.157350,1.000000,1.255098,-0.888384,-7.964496,-7.608452,-0.354035,1,0.001000
0.157400,1.000000,1.226594,-0.888384,-7.984214,-7.608452,-0.354035,1,0.001000
0.157450,1.000000,1.198742,-0.888384,-7.996052,-7.608452,-0.354035,1,0.001000
0.157500,1.000000,1.171336,-0.888384,-8.000000,-7.608452,-0.354035,1,0.001000
0.157550,1.000000,1.144175,-0.888384,-7.996052,-7.608452,-0.354035,1,0.001000
0.157600,1.000000,1.117057,-0.888384,-7.984214,-7.608452,-0.354035,1,0.001000
0.157650,1.000000,1.089786,-0.888384,-7.964496,-7.608452,-0.354035,1,0.001000
0.157700,1.000000,1.062165,-0.888384,-7.936918,-7.608452,-0.354035,1,0.001000
0.157750,1.000000,1.034005,-0.888384,-7.901507,-7.608452,-0.354035,1,0.001000
0.157800,1.000000,1.005117,-0.888384,-7.858298,-7.608452,-0.354035,1,0.001000
0.157850,1.000000,0.975315,-0.888384,-7.807334,-7.608452,-0.354035,1,0.001000
0.157900,1.000000,0.944419,-0.888384,-7.748665,-7.608452,-0.354035,1,0.001000
0.157950,1.000000,0.912252,-0.888384,-7.682349,-7.608452,-0.354035,1,0.001000
0.158000,1.000000,0.910063,0.368558,-7.608452,-7.608452,-0.301662,1,0.001000
0.158050,1.000000,0.905866,0.368558,-7.527046,-7.608452,-0.301662,1,0.001000
0.158100,1.000000,0.899500,0.368558,-7.438212,-7.608452,-0.301662,1,0.001000
0.158150,1.000000,0.890810,0.368558,-7.342037,-7.608452,-0.301662,1,0.001000
0.158200,1.000000,0.879643,0.368558,-7.238616,-7.608452,-0.301662,1,0.001000
0.158250,1.000000,0.865852,0.368558,-7.128052,-7.608452,-0.301662,1,0.001000
0.158300,1.000000,0.849292,0.368558,-7.010453,-7.608452,-0.301662,1,0.001000
0.158350,1.000000,0.829827,0.368558,-6.885936,-7.608452,-0.301662,1,0.001000
0.158400,1.000000,0.807323,0.368558,-6.754623,-7.608452,-0.301662,1,0.001000
0.158450,1.000000,0.781650,0.368558,-6.616645,-7.608452,-0.301662,1,0.001000
0.158500,1.000000,0.752685,0.368558,-6.472136,-7.608452,-0.301662,1,0.001000
0.158550,1.000000,0.720310,0.368558,-6.321240,-7.608452,-0.301662,1,0.001000
0.158600,1.000000,0.684412,0.368558,-6.164106,-7.608452,-0.301662,1,0.001000
0.158650,1.000000,0.644882,0.368558,-6.000889,-7.608452,-0.301662,1,0.001000
0.158700,1.000000,0.601617,0.368558,-5.831749,-7.608452,-0.301662,1,0.001000
0.158750,1.000000,0.554521,0.368558,-5.656854,-7.608452,-0.301662,1,0.001000
0.158800,1.000000,0.503501,0.368558,-5.476377,-7.608452,-0.301662,1,0.001000
0.158850,1.000000,0.448472,0.368558,-5.290495,-7.608452,-0.301662,1,0.001000
0.158900,1.000000,0.389354,0.368558,-5.099392,-7.608452,-0.301662,1,0.001000
0.158950,1.000000,0.326071,0.368558,-4.903256,-7.608452,-0.301662,1,0.001000
0.159000,1.000000,0.363888,1.675705,-4.702282,-4.702282,-0.126107,1,0.001000
0.159050,1.000000,0.396092,1.675705,-4.496667,-4.702282,-0.126107,1,0.001000
0.159100,1.000000,0.422641,1.675705,-4.286614,-4.702282,-0.126107,1,0.001000
0.159150,1.000000,0.443502,1.675705,-4.072331,-4.702282,-0.126107,1,0.001000
0.159200,1.000000,0.458645,1.675705,-3.854029,-4.702282,-0.126107,1,0.001000
0.159250,1.000000,0.468045,1.675705,-3.631924,-4.702282,-0.126107,1,0.001000
0.159300,1.000000,0.471686,1.675705,-3.406234,-4.702282,-0.126107,1,0.001000
0.159350,1.000000,0.469555,1.675705,-3.177183,-4.702282,-0.126107,1,0.001000
0.159400,1.000000,0.461646,1.675705,-2.944996,-4.702282,-0.126107,1,0.001000
0.159450,1.000000,0.447959,1.675705,-2.709903,-4.702282,-0.126107,1,0.001000
0.159500,1.000000,0.428498,1.675705,-2.472136,-4.702282,-0.126107,1,0.001000
0.159550,1.000000,0.403276,1.675705,-2.231929,-4.702282,-0.126107,1,0.001000
0.159600,1.000000,0.372309,1.675705,-1.989519,-4.702282,-0.126107,1,0.001000
0.159650,1.000000,0.335619,1.675705,-1.745146,-4.702282,-0.126107,1,0.001000
0.159700,1.000000,0.293236,1.675705,-1.499051,-4.702282,-0.126107,1,0.001000
0.159750,1.000000,0.245193,1.675705,-1.251476,-4.702282,-0.126107,1,0.001000
0.159800,1.000000,0.191530,1.675705,-1.002666,-4.702282,-0.126107,1,0.001000
0.159850,1.000000,0.132293,1.675705,-0.752867,-4.702282,-0.126107,1,0.001000
0.159900,1.000000,0.067533,1.675705,-0.502324,-4.702282,-0.126107,1,0.001000
0.159950,1.000000,-0.002693,1.675705,-0.251286,-4.702282,-0.126107,1,0.001000
0.160000,1.000000,0.060685,2.533773,-0.000000,-0.000000,0.105574,1,0.001000
0.160050,1.000000,0.116988,2.533773,0.251286,-0.000000,0.105574,1,0.001000
0.160100,1.000000,0.166312,2.533773,0.502324,-0.000000,0.105574,1,0.001000
0.160150,1.000000,0.208756,2.533773,0.752867,-0.000000,0.105574,1,0.001000
0.160200,1.000000,0.244424,2.533773,1.002666,-0.000000,0.105574,1,0.001000
0.160250,1.000000,0.273426,2.533773,1.251476,-0.000000,0.105574,1,0.001000
0.160300,1.000000,0.295876,2.533773,1.499051,-0.000000,0.105574,1,0.001000
0.160350,1.000000,0.311894,2.533773,1.745146,-0.000000,0.105574,1,0.001000
0.160400,1.000000,0.321601,2.533773,1.989519,-0.000000,0.105574,1,0.001000
0.160450,1.000000,0.325127,2.533773,2.231929,-0.000000,0.105574,1,0.001000
0.160500,1.000000,0.322604,2.533773,2.472136,-0.000000,0.105574,1,0.001000
0.160550,1.000000,0.314168,2.533773,2.709903,-0.000000,0.105574,1,0.001000
0.160600,1.000000,0.299961,2.533773,2.944996,-0.000000,0.105574,1,0.001000
0.160650,1.000000,0.280126,2.533773,3.177183,-0.000000,0.105574,1,0.001000
0.160700,1.000000,0.254813,2.533773,3.406234,-0.000000,0.105574,1,0.001000
0.160750,1.000000,0.224174,2.533773,3.631924,-0.000000,0.105574,1,0.001000
0.160800,1.000000,0.188365,2.533773,3.854029,-0.000000,0.105574,1,0.001000
0.160850,1.000000,0.147547,2.533773,4.072331,-0.000000,0.105574,1,0.001000
0.160900,1.000000,0.101881,2.533773,4.286614,-0.000000,0.105574,1,0.001000
0.160950,1.000000,0.051536,2.533773,4.496667,-0.000000,0.105574,1,0.001000
0.161000,1.000000,0.116267,2.615008,4.702282,4.702282,0.304887,1,0.001000
0.161050,1.000000,0.175164,2.615008,4.903256,4.702282,0.304887,1,0.001000
0.161100,1.000000,0.228422,2.615008,5.099392,4.702282,0.304887,1,0.001000
0.161150,1.000000,0.276237,2.615008,5.290495,4.702282,0.304887,1,0.001000
0.161200,1.000000,0.318806,2.615008,5.476377,4.702282,0.304887,1,0.001000
0.161250,1.000000,0.356332,2.615008,5.656854,4.702282,0.304887,1,0.001000
0.161300,1.000000,0.389017,2.615008,5.831749,4.702282,0.304887,1,0.001000
0.161350,1.000000,0.417064,2.615008,6.000889,4.702282,0.304887,1,0.001000
0.161400,1.000000,0.440680,2.615008,6.164106,4.702282,0.304887,1,0.001000
0.161450,1.000000,0.460073,2.615008,6.321240,4.702282,0.304887,1,0.001000
0.161500,1.000000,0.475451,2.615008,6.472136,4.702282,0.304887,1,0.001000
0.161550,1.000000,0.487024,2.615008,6.616645,4.702282,0.304887,1,0.001000
0.161600,1.000000,0.495003,2.615008,6.754623,4.702282,0.304887,1,0.001000
0.161650,1.000000,0.499599,2.615008,6.885936,4.702282,0.304887,1,0.001000
0.161700,1.000000,0.501025,2.615008,7.010453,4.702282,0.304887,1,0.001000
0.161750,1.000000,0.499493,2.615008,7.128052,4.702282,0.304887,1,0.001000
0.161800,1.000000,0.495216,2.615008,7.238616,4.702282,0.304887,1,0.001000
0.161850,1.000000,0.488407,2.615008,7.342037,4.702282,0.304887,1,0.001000
0.161900,1.000000,0.479279,2.615008,7.438212,4.702282,0.304887,1,0.001000
0.161950,1.000000,0.468044,2.615008,7.527046,4.702282,0.304887,1,0.001000
0.162000,1.000000,0.509403,1.888381,7.608452,7.608452,0.395701,1,0.001000
0.162050,1.000000,0.548398,1.888381,7.682349,7.608452,0.395701,1,0.001000
0.162100,1.000000,0.585247,1.888381,7.748665,7.608452,0.395701,1,0.001000
0.162150,1.000000,0.620169,1.888381,7.807334,7.608452,0.395701,1,0.001000
0.162200,1.000000,0.653380,1.888381,7.858298,7.608452,0.395701,1,0.001000
0.162250,1.000000,0.685096,1.888381,7.901507,7.608452,0.395701,1,0.001000
0.162300,1.000000,0.715530,1.888381,7.936918,7.608452,0.395701,1,0.001000
0.162350,1.000000,0.744895,1.888381,7.964496,7.608452,0.395701,1,0.001000
0.162400,1.000000,0.773399,1.888381,7.984214,7.608452,0.395701,1,0.001000
0.162450,1.000000,0.801251,1.888381,7.996052,7.608452,0.395701,1,0.001000
0.162500,1.000000,0.828656,1.888381,8.000000,7.608452,0.395701,1,0.001000
0.162550,1.000000,0.855818,1.888381,7.996052,7.608452,0.395701,1,0.001000
0.162600,1.000000,0.882935,1.888381,7.984214,7.608452,0.395701,1,0.001000
0.162650,1.000000,0.910207,1.888381,7.964496,7.608452,0.395701,1,0.001000
0.162700,1.000000,0.937827,1.888381,7.936918,7.608452,0.395701,1,0.001000
0.162750,1.000000,0.965988,1.888381,7.901507,7.608452,0.395701,1,0.001000
0.162800,1.000000,0.994876,1.888381,7.858298,7.608452,0.395701,1,0.001000
0.162850,1.000000,1.024678,1.888381,7.807334,7.608452,0.395701,1,0.001000
0.162900,1.000000,1.055574,1.888381,7.748665,7.608452,0.395701,1,0.001000
0.162950,1.000000,1.087741,1.888381,7.682349,7.608452,0.395701,1,0.001000
0.163000,1.000000,1.089930,0.631440,7.608452,7.608452,0.343329,1,0.001000
0.163050,1.000000,1.094127,0.631440,7.527046,7.608452,0.343329,1,0.001000
0.163100,1.000000,1.100493,0.631440,7.438212,7.608452,0.343329,1,0.001000
0.163150,1.000000,1.109183,0.631440,7.342037,7.608452,0.343329,1,0.001000
0.163200,1.000000,1.120350,0.631440,7.238616,7.608452,0.343329,1,0.001000
0.163250,1.000000,1.134142,0.631440,7.128052,7.608452,0.343329,1,0.001000
0.163300,1.000000,1.150701,0.631440,7.010453,7.608452,0.343329,1,0.001000
0.163350,1.000000,1.170166,0.631440,6.885936,7.608452,0.343329,1,0.001000
0.163400,1.000000,1.192671,0.631440,6.754623,7.608452,0.343329,1,0.001000
0.163450,1.000000,1.218343,0.631440,6.616645,7.608452,0.343329,1,0.001000
0.163500,1.000000,1.247308,0.631440,6.472136,7.608452,0.343329,1,0.001000
0.163550,1.000000,1.279683,0.631440,6.321240,7.608452,0.343329,1,0.001000
0.163600,1.000000,1.315582,0.631440,6.164106,7.608452,0.343329,1,0.001000
0.163650,1.000000,1.355112,0.631440,6.000889,7.608452,0.343329,1,0.001000
0.163700,1.000000,1.398377,0.631440,5.831749,7.608452,0.343329,1,0.001000
0.163750,1.000000,1.445473,0.631440,5.656854,7.608452,0.343329,1,0.001000
0.163800,1.000000,1.496492,0.631440,5.476377,7.608452,0.343329,1,0.001000
0.163850,1.000000,1.551521,0.631440,5.290495,7.608452,0.343329,1,0.001000
0.163900,1.000000,1.610640,0.631440,5.099392,7.608452,0.343329,1,0.001000
0.163950,1.000000,1.673922,0.631440,4.903256,7.608452,0.343329,1,0.001000
0.164000,1.000000,1.636106,-0.675707,4.702282,4.702282,0.167774,1,0.001000
0.164050,1.000000,1.603902,-0.675707,4.496667,4.702282,0.167774,1,0.001000
0.164100,1.000000,1.577352,-0.675707,4.286614,4.702282,0.167774,1,0.001000
0.164150,1.000000,1.556492,-0.675707,4.072331,4.702282,0.167774,1,0.001000
0.164200,1.000000,1.541349,-0.675707,3.854029,4.702282,0.167774,1,0.001000
0.164250,1.000000,1.531948,-0.675707,3.631924,4.702282,0.167774,1,0.001000
0.164300,1.000000,1.528308,-0.675707,3.406234,4.702282,0.167774,1,0.001000
0.164350,1.000000,1.530439,-0.675707,3.177183,4.702282,0.167774,1,0.001000
0.164400,1.000000,1.538347,-0.675707,2.944996,4.702282,0.167774,1,0.001000
0.164450,1.000000,1.552035,-0.675707,2.709903,4.702282,0.167774,1,0.001000
0.164500,1.000000,1.571495,-0.675707,2.472136,4.702282,0.167774,1,0.001000
0.164550,1.000000,1.596718,-0.675707,2.231929,4.702282,0.167774,1,0.001000
0.164600,1.000000,1.627685,-0.675707,1.989519,4.702282,0.167774,1,0.001000
0.164650,1.000000,1.664375,-0.675707,1.745146,4.702282,0.167774,1,0.001000
0.164700,1.000000,1.706758,-0.675707,1.499051,4.702282,0.167774,1,0.001000
0.164750,1.000000,1.754801,-0.675707,1.251476,4.702282,0.167774,1,0.001000
0.164800,1.000000,1.808464,-0.675707,1.002666,4.702282,0.167774,1,0.001000
0.164850,1.000000,1.867701,-0.675707,0.752867,4.702282,0.167774,1,0.001000
0.164900,1.000000,1.932461,-0.675707,0.502324,4.702282,0.167774,1,0.001000
0.164950,1.000000,2.002687,-0.675707,0.251286,4.702282,0.167774,1,0.001000
0.165000,1.000000,1.939309,-1.533775,0.000000,0.000000,-0.063907,1,0.001000
0.165050,1.000000,1.883006,-1.533775,-0.251286,0.000000,-0.063907,1,0.001000
0.165100,1.000000,1.833682,-1.533775,-0.502324,0.000000,-0.063907,1,0.001000
0.165150,1.000000,1.791238,-1.533775,-0.752867,0.000000,-0.063907,1,0.001000
0.165200,1.000000,1.755570,-1.533775,-1.002666,0.000000,-0.063907,1,0.001000
0.165250,1.000000,1.726568,-1.533775,-1.251476,0.000000,-0.063907,1,0.001000
0.165300,1.000000,1.704118,-1.533775,-1.499051,0.000000,-0.063907,1,0.001000
0.165350,1.000000,1.688101,-1.533775,-1.745146,0.000000,-0.063907,1,0.001000
0.165400,1.000000,1.678393,-1.533775,-1.989519,0.000000,-0.063907,1,0.001000
0.165450,1.000000,1.674867,-1.533775,-2.231929,0.000000,-0.063907,1,0.001000
0.165500,1.000000,1.677390,-1.533775,-2.472136,0.000000,-0.063907,1,0.001000
0.165550,1.000000,1.685826,-1.533775,-2.709903,0.000000,-0.063907,1,0.001000
0.165600,1.000000,1.700034,-1.533775,-2.944996,0.000000,-0.063907,1,0.001000
0.165650,1.000000,1.719868,-1.533775,-3.177183,0.000000,-0.063907,1,0.001000
0.165700,1.000000,1.745182,-1.533775,-3.406234,0.000000,-0.063907,1,0.001000
0.165750,1.000000,1.775821,-1.533775,-3.631924,0.000000,-0.063907,1,0.001000
0.165800,1.000000,1.811629,-1.533775,-3.854029,0.000000,-0.063907,1,0.001000
0.165850,1.000000,1.852448,-1.533775,-4.072331,0.000000,-0.063907,1,0.001000
0.165900,1.000000,1.898113,-1.533775,-4.286614,0.000000,-0.063907,1,0.001000
0.165950,1.000000,1.948459,-1.533775,-4.496667,0.000000,-0.063907,1,0.001000
0.166000,1.000000,1.883728,-1.615010,-4.702282,-4.702282,-0.263220,1,0.001000
0.166050,1.000000,1.824831,-1.615010,-4.903256,-4.702282,-0.263220,1,0.001000
0.166100,1.000000,1.771573,-1.615010,-5.099392,-4.702282,-0.263220,1,0.001000
0.166150,1.000000,1.723758,-1.615010,-5.290495,-4.702282,-0.263220,1,0.001000
0.166200,1.000000,1.681188,-1.615010,-5.476377,-4.702282,-0.263220,1,0.001000
0.166250,1.000000,1.643662,-1.615010,-5.656854,-4.702282,-0.263220,1,0.001000
0.166300,1.000000,1.610978,-1.615010,-5.831749,-4.702282,-0.263220,1,0.001000
0.166350,1.000000,1.582931,-1.615010,-6.000889,-4.702282,-0.263220,1,0.001000
0.166400,1.000000,1.559314,-1.615010,-6.164106,-4.702282,-0.263220,1,0.001000
0.166450,1.000000,1.539922,-1.615010,-6.321240,-4.702282,-0.263220,1,0.001000
0.166500,1.000000,1.524544,-1.615010,-6.472136,-4.702282,-0.263220,1,0.001000
0.166550,1.000000,1.512971,-1.615010,-6.616645,-4.702282,-0.263220,1,0.001000
0.166600,1.000000,1.504992,-1.615010,-6.754623,-4.702282,-0.263220,1,0.001000
0.166650,1.000000,1.500396,-1.615010,-6.885936,-4.702282,-0.263220,1,0.001000
0.166700,1.000000,1.498970,-1.615010,-7.010453,-4.702282,-0.263220,1,0.001000
0.166750,1.000000,1.500502,-1.615010,-7.128052,-4.702282,-0.263220,1,0.001000
0.166800,1.000000,1.504779,-1.615010,-7.238616,-4.702282,-0.263220,1,0.001000
0.166850,1.000000,1.511587,-1.615010,-7.342037,-4.702282,-0.263220,1,0.001000
0.166900,1.000000,1.520716,-1.615010,-7.438212,-4.702282,-0.263220,1,0.001000
0.166950,1.000000,1.531951,-1.615010,-7.527046,-4.702282,-0.263220,1,0.001000
0.167000,1.000000,1.490592,-0.888383,-7.608452,-7.608452,-0.354035,1,0.001000
0.167050,1.000000,1.451597,-0.888383,-7.682349,-7.608452,-0.354035,1,0.001000
0.167100,1.000000,1.414748,-0.888383,-7.748665,-7.608452,-0.354035,1,0.001000
0.167150,1.000000,1.379826,-0.888383,-7.807334,-7.608452,-0.354035,1,0.001000
0.167200,1.000000,1.346615,-0.888383,-7.858298,-7.608452,-0.354035,1,0.001000
0.167250,1.000000,1.314899,-0.888383,-7.901507,-7.608452,-0.354035,1,0.001000
0.167300,1.000000,1.284465,-0.888383,-7.936918,-7.608452,-0.354035,1,0.001000
0.167350,1.000000,1.255100,-0.888383,-7.964496,-7.608452,-0.354035,1,0.001000
0.167400,1.000000,1.226596,-0.888383,-7.984214,-7.608452,-0.354035,1,0.001000
0.167450,1.000000,1.198744,-0.888383,-7.996052,-7.608452,-0.354035,1,0.001000
0.167500,1.000000,1.171339,-0.888383,-8.000000,-7.608452,-0.354035,1,0.001000
0.167550,1.000000,1.144178,-0.888383,-7.996052,-7.608452,-0.354035,1,0.001000
0.167600,1.000000,1.117060,-0.888383,-7.984214,-7.608452,-0.354035,1,0.001000
0.167650,1.000000,1.089788,-0.888383,-7.964496,-7.608452,-0.354035,1,0.001000
0.167700,1.000000,1.062168,-0.888383,-7.936918,-7.608452,-0.354035,1,0.001000
0.167750,1.000000,1.034008,-0.888383,-7.901507,-7.608452,-0.354035,1,0.001000
0.167800,1.000000,1.005119,-0.888383,-7.858298,-7.608452,-0.354035,1,0.001000
0.167850,1.000000,0.975317,-0.888383,-7.807334,-7.608452,-0.354035,1,0.001000
0.167900,1.000000,0.944422,-0.888383,-7.748665,-7.608452,-0.354035,1,0.001000
0.167950,1.000000,0.912254,-0.888383,-7.682349,-7.608452,-0.354035,1,0.001000
0.168000,1.000000,0.910065,0.368559,-7.608452,-7.608452,-0.301662,1,0.001000
0.168050,1.000000,0.905868,0.368559,-7.527046,-7.608452,-0.301662,1,0.001000
0.168100,1.000000,0.899503,0.368559,-7.438212,-7.608452,-0.301662,1,0.001000
0.168150,1.000000,0.890813,0.368559,-7.342037,-7.608452,-0.301662,1,0.001000
0.168200,1.000000,0.879645,0.368559,-7.238616,-7.608452,-0.301662,1,0.001000
0.168250,1.000000,0.865854,0.368559,-7.128052,-7.608452,-0.301662,1,0.001000
0.168300,1.000000,0.849295,0.368559,-7.010453,-7.608452,-0.301662,1,0.001000
0.168350,1.000000,0.829830,0.368559,-6.885936,-7.608452,-0.301662,1,0.001000
0.168400,1.000000,0.807325,0.368559,-6.754623,-7.608452,-0.301662,1,0.001000
0.168450,1.000000,0.781652,0.368559,-6.616645,-7.608452,-0.301662,1,0.001000
0.168500,1.000000,0.752688,0.368559,-6.472136,-7.608452,-0.301662,1,0.001000
0.168550,1.000000,0.720313,0.368559,-6.321240,-7.608452,-0.301662,1,0.001000
0.168600,1.000000,0.684414,0.368559,-6.164106,-7.608452,-0.301662,1,0.001000
0.168650,1.000000,0.644884,0.368559,-6.000889,-7.608452,-0.301662,1,0.001000
0.168700,1.000000,0.601619,0.368559,-5.831749,-7.608452,-0.301662,1,0.001000
0.168750,1.000000,0.554523,0.368559,-5.656854,-7.608452,-0.301662,1,0.001000
0.168800,1.000000,0.503503,0.368559,-5.476377,-7.608452,-0.301662,1,0.001000
0.168850,1.000000,0.448475,0.368559,-5.290495,-7.608452,-0.301662,1,0.001000
0.168900,1.000000,0.389356,0.368559,-5.099392,-7.608452,-0.301662,1,0.001000
0.168950,1.000000,0.326073,0.368559,-4.903256,-7.608452,-0.301662,1,0.001000
0.169000,1.000000,0.363890,1.675706,-4.702282,-4.702282,-0.126107,1,0.001000
0.169050,1.000000,0.396094,1.675706,-4.496667,-4.702282,-0.126107,1,0.001000
0.169100,1.000000,0.422643,1.675706,-4.286614,-4.702282,-0.126107,1,0.001000
0.169150,1.000000,0.443504,1.675706,-4.072331,-4.702282,-0.126107,1,0.001000
0.169200,1.000000,0.458647,1.675706,-3.854029,-4.702282,-0.126107,1,0.001000
0.169250,1.000000,0.468047,1.675706,-3.631924,-4.702282,-0.126107,1,0.001000
0.169300,1.000000,0.471688,1.675706,-3.406234,-4.702282,-0.126107,1,0.001000
0.169350,1.000000,0.469557,1.675706,-3.177183,-4.702282,-0.126107,1,0.001000
0.169400,1.000000,0.461648,1.675706,-2.944996,-4.702282,-0.126107,1,0.001000
0.169450,1.000000,0.447961,1.675706,-2.709903,-4.702282,-0.126107,1,0.001000
0.169500,1.000000,0.428501,1.675706,-2.472136,-4.702282,-0.126107,1,0.001000
0.169550,1.000000,0.403278,1.675706,-2.231929,-4.702282,-0.126107,1,0.001000
0.169600,1.000000,0.372311,1.675706,-1.989519,-4.702282,-0.126107,1,0.001000
0.169650,1.000000,0.335621,1.675706,-1.745146,-4.702282,-0.126107,1,0.001000
0.169700,1.000000,0.293238,1.675706,-1.499051,-4.702282,-0.126107,1,0.001000
0.169750,1.000000,0.245195,1.675706,-1.251476,-4.702282,-0.126107,1,0.001000
0.169800,1.000000,0.191532,1.675706,-1.002666,-4.702282,-0.126107,1,0.001000
0.169850,1.000000,0.132295,1.675706,-0.752867,-4.702282,-0.126107,1,0.001000
0.169900,1.000000,0.067535,1.675706,-0.502324,-4.702282,-0.126107,1,0.001000
0.169950,1.000000,-0.002691,1.675706,-0.251286,-4.702282,-0.126107,1,0.001000
0.170000,1.000000,0.060687,2.533774,0.000000,0.000000,0.105574,1,0.001000
0.170050,1.000000,0.116990,2.533774,0.251286,0.000000,0.105574,1,0.001000
0.170100,1.000000,0.166314,2.533774,0.502324,0.000000,0.105574,1,0.001000
0.170150,1.000000,0.208758,2.533774,0.752867,0.000000,0.105574,1,0.001000
0.170200,1.000000,0.244426,2.533774,1.002666,0.000000,0.105574,1,0.001000
0.170250,1.000000,0.273428,2.533774,1.251476,0.000000,0.105574,1,0.001000
0.170300,1.000000,0.295878,2.533774,1.499051,0.000000,0.105574,1,0.001000
0.170350,1.000000,0.311896,2.533774,1.745146,0.000000,0.105574,1,0.001000
0.170400,1.000000,0.321603,2.533774,1.989519,0.000000,0.105574,1,0.001000
0.170450,1.000000,0.325129,2.533774,2.231929,0.000000,0.105574,1,0.001000
0.170500,1.000000,0.322606,2.533774,2.472136,0.000000,0.105574,1,0.001000
0.170550,1.000000,0.314170,2.533774,2.709903,0.000000,0.105574,1,0.001000
0.170600,1.000000,0.299963,2.533774,2.944996,0.000000,0.105574,1,0.001000
0.170650,1.000000,0.280128,2.533774,3.177183,0.000000,0.105574,1,0.001000
0.170700,1.000000,0.254815,2.533774,3.406234,0.000000,0.105574,1,0.001000
0.170750,1.000000,0.224176,2.533774,3.631924,0.000000,0.105574,1,0.001000
0.170800,1.000000,0.188367,2.533774,3.854029,0.000000,0.105574,1,0.001000
0.170850,1.000000,0.147549,2.533774,4.072331,0.000000,0.105574,1,0.001000
0.170900,1.000000,0.101883,2.533774,4.286614,0.000000,0.105574,1,0.001000
0.170950,1.000000,0.051537,2.533774,4.496667,0.000000,0.105574,1,0.001000
0.171000,1.000000,0.116268,2.615009,4.702282,4.702282,0.304887,1,0.001000
0.171050,1.000000,0.175166,2.615009,4.903256,4.702282,0.304887,1,0.001000
0.171100,1.000000,0.228424,2.615009,5.099392,4.702282,0.304887,1,0.001000
0.171150,1.000000,0.276238,2.615009,5.290495,4.702282,0.304887,1,0.001000
0.171200,1.000000,0.318808,2.615009,5.476377,4.702282,0.304887,1,0.001000
0.171250,1.000000,0.356334,2.615009,5.656854,4.702282,0.304887,1,0.001000
0.171300,1.000000,0.389018,2.615009,5.831749,4.702282,0.304887,1,0.001000
0.171350,1.000000,0.417066,2.615009,6.000889,4.702282,0.304887,1,0.001000
0.171400,1.000000,0.440682,2.615009,6.164106,4.702282,0.304887,1,0.001000
0.171450,1.000000,0.460075,2.615009,6.321240,4.702282,0.304887,1,0.001000
0.171500,1.000000,0.475453,2.615009,6.472136,4.702282,0.304887,1,0.001000
0.171550,1.000000,0.487026,2.615009,6.616645,4.702282,0.304887,1,0.001000
0.171600,1.000000,0.495005,2.615009,6.754623,4.702282,0.304887,1,0.001000
0.171650,1.000000,0.499601,2.615009,6.885936,4.702282,0.304887,1,0.001000
0.171700,1.000000,0.501027,2.615009,7.010453,4.702282,0.304887,1,0.001000
0.171750,1.000000,0.499495,2.615009,7.128052,4.702282,0.304887,1,0.001000
0.171800,1.000000,0.495218,2.615009,7.238616,4.702282,0.304887,1,0.001000
0.171850,1.000000,0.488409,2.615009,7.342037,4.702282,0.304887,1,0.001000
0.171900,1.000000,0.479281,2.615009,7.438212,4.702282,0.304887,1,0.001000
0.171950,1.000000,0.468046,2.615009,7.527046,4.702282,0.304887,1,0.001000
0.172000,1.000000,0.509405,1.888382,7.608452,7.608452,0.395701,1,0.001000
0.172050,1.000000,0.548400,1.888382,7.682349,7.608452,0.395701,1,0.001000
0.172100,1.000000,0.585249,1.888382,7.748665,7.608452,0.395701,1,0.001000
0.172150,1.000000,0.620171,1.888382,7.807334,7.608452,0.395701,1,0.001000
0.172200,1.000000,0.653382,1.888382,7.858298,7.608452,0.395701,1,0.001000
0.172250,1.000000,0.685098,1.888382,7.901507,7.608452,0.395701,1,0.001000
0.172300,1.000000,0.715532,1.888382,7.936918,7.608452,0.395701,1,0.001000
0.172350,1.000000,0.744896,1.888382,7.964496,7.608452,0.395701,1,0.001000
0.172400,1.000000,0.773401,1.888382,7.984214,7.608452,0.395701,1,0.001000
0.172450,1.000000,0.801253,1.888382,7.996052,7.608452,0.395701,1,0.001000
0.172500,1.000000,0.828658,1.888382,8.000000,7.608452,0.395701,1,0.001000
0.172550,1.000000,0.855819,1.888382,7.996052,7.608452,0.395701,1,0.001000
0.172600,1.000000,0.882937,1.888382,7.984214,7.608452,0.395701,1,0.001000
0.172650,1.000000,0.910209,1.888382,7.964496,7.608452,0.395701,1,0.001000
0.172700,1.000000,0.937829,1.888382,7.936918,7.608452,0.395701,1,0.001000
0.172750,1.000000,0.965989,1.888382,7.901507,7.608452,0.395701,1,0.001000
0.172800,1.000000,0.994878,1.888382,7.858298,7.608452,0.395701,1,0.001000
0.172850,1.000000,1.024679,1.888382,7.807334,7.608452,0.395701,1,0.001000
0.172900,1.000000,1.055575,1.888382,7.748665,7.608452,0.395701,1,0.001000
0.172950,1.000000,1.087743,1.888382,7.682349,7.608452,0.395701,1,0.001000
0.173000,1.000000,1.089932,0.631440,7.608452,7.608452,0.343329,1,0.001000
0.173050,1.000000,1.094129,0.631440,7.527046,7.608452,0.343329,1,0.001000
0.173100,1.000000,1.100494,0.631440,7.438212,7.608452,0.343329,1,0.001000
0.173150,1.000000,1.109184,0.631440,7.342037,7.608452,0.343329,1,0.001000
0.173200,1.000000,1.120352,0.631440,7.238616,7.608452,0.343329,1,0.001000
0.173250,1.000000,1.134143,0.631440,7.128052,7.608452,0.343329,1,0.001000
0.173300,1.000000,1.150702,0.631440,7.010453,7.608452,0.343329,1,0.001000
0.173350,1.000000,1.170167,0.631440,6.885936,7.608452,0.343329,1,0.001000
0.173400,1.000000,1.192672,0.631440,6.754623,7.608452,0.343329,1,0.001000
0.173450,1.000000,1.218345,0.631440,6.616645,7.608452,0.343329,1,0.001000
0.173500,1.000000,1.247310,0.631440,6.472136,7.608452,0.343329,1,0.001000
0.173550,1.000000,1.279684,0.631440,6.321240,7.608452,0.343329,1,0.001000
0.173600,1.000000,1.315583,0.631440,6.164106,7.608452,0.343329,1,0.001000
0.173650,1.000000,1.355113,0.631440,6.000889,7.608452,0.343329,1,0.001000
0.173700,1.000000,1.398378,0.631440,5.831749,7.608452,0.343329,1,0.001000
0.173750,1.000000,1.445474,0.631440,5.656854,7.608452,0.343329,1,0.001000
0.173800,1.000000,1.496494,0.631440,5.476377,7.608452,0.343329,1,0.001000
0.173850,1.000000,1.551523,0.631440,5.290495,7.608452,0.343329,1,0.001000
0.173900,1.000000,1.610641,0.631440,5.099392,7.608452,0.343329,1,0.001000
0.173950,1.000000,1.673924,0.631440,4.903256,7.608452,0.343329,1,0.001000
0.174000,1.000000,1.636107,-0.675707,4.702282,4.702282,0.167774,1,0.001000
0.174050,1.000000,1.603904,-0.675707,4.496667,4.702282,0.167774,1,0.001000
0.174100,1.000000,1.577354,-0.675707,4.286614,4.702282,0.167774,1,0.001000
0.174150,1.000000,1.556493,-0.675707,4.072331,4.702282,0.167774,1,0.001000
0.174200,1.000000,1.541350,-0.675707,3.854029,4.702282,0.167774,1,0.001000
0.174250,1.000000,1.531950,-0.675707,3.631924,4.702282,0.167774,1,0.001000
0.174300,1.000000,1.528309,-0.675707,3.406234,4.702282,0.167774,1,0.001000
0.174350,1.000000,1.530440,-0.675707,3.177183,4.702282,0.167774,1,0.001000
0.174400,1.000000,1.538349,-0.675707,2.944996,4.702282,0.167774,1,0.001000
0.174450,1.000000,1.552036,-0.675707,2.709903,4.702282,0.167774,1,0.001000
0.174500,1.000000,1.571497,-0.675707,2.472136,4.702282,0.167774,1,0.001000
0.174550,1.000000,1.596719,-0.675707,2.231929,4.702282,0.167774,1,0.001000
0.174600,1.000000,1.627687,-0.675707,1.989519,4.702282,0.167774,1,0.001000
0.174650,1.000000,1.664376,-0.675707,1.745146,4.702282,0.167774,1,0.001000
0.174700,1.000000,1.706760,-0.675707,1.499051,4.702282,0.167774,1,0.001000
0.174750,1.000000,1.754803,-0.675707,1.251476,4.702282,0.167774,1,0.001000
0.174800,1.000000,1.808465,-0.675707,1.002666,4.702282,0.167774,1,0.001000
0.174850,1.000000,1.867702,-0.675707,0.752867,4.702282,0.167774,1,0.001000
0.174900,1.000000,1.932462,-0.675707,0.502324,4.702282,0.167774,1,0.001000
0.174950,1.000000,2.002689,-0.675707,0.251286,4.702282,0.167774,1,0.001000
0.175000,1.000000,1.939311,-1.533774,-0.000000,-0.000000,-0.063907,1,0.001000
0.175050,1.000000,1.883007,-1.533774,-0.251286,-0.000000,-0.063907,1,0.001000
0.175100,1.000000,1.833683,-1.533774,-0.502324,-0.000000,-0.063907,1,0.001000
0.175150,1.000000,1.791240,-1.533774,-0.752867,-0.000000,-0.063907,1,0.001000
0.175200,1.000000,1.755571,-1.533774,-1.002666,-0.000000,-0.063907,1,0.001000
0.175250,1.000000,1.726569,-1.533774,-1.251476,-0.000000,-0.063907,1,0.001000
0.175300,1.000000,1.704119,-1.533774,-1.499051,-0.000000,-0.063907,1,0.001000
0.175350,1.000000,1.688102,-1.533774,-1.745146,-0.000000,-0.063907,1,0.001000
0.175400,1.000000,1.678394,-1.533774,-1.989519,-0.000000,-0.063907,1,0.001000
0.175450,1.000000,1.674868,-1.533774,-2.231929,-0.000000,-0.063907,1,0.001000
0.175500,1.000000,1.677391,-1.533774,-2.472136,-0.000000,-0.063907,1,0.001000
0.175550,1.000000,1.685827,-1.533774,-2.709903,-0.000000,-0.063907,1,0.001000
0.175600,1.000000,1.700035,-1.533774,-2.944996,-0.000000,-0.063907,1,0.001000
0.175650,1.000000,1.719870,-1.533774,-3.177183,-0.000000,-0.063907,1,0.001000
0.175700,1.000000,1.745183,-1.533774,-3.406234,-0.000000,-0.063907,1,0.001000
0.175750,1.000000,1.775822,-1.533774,-3.631924,-0.000000,-0.063907,1,0.001000
0.175800,1.000000,1.811630,-1.533774,-3.854029,-0.000000,-0.063907,1,0.001000
0.175850,1.000000,1.852449,-1.533774,-4.072331,-0.000000,-0.063907,1,0.001000
0.175900,1.000000,1.898114,-1.533774,-4.286614,-0.000000,-0.063907,1,0.001000
0.175950,1.000000,1.948460,-1.533774,-4.496667,-0.000000,-0.063907,1,0.001000
0.176000,1.000000,1.883729,-1.615009,-4.702282,-4.702282,-0.263220,1,0.001000
0.176050,1.000000,1.824832,-1.615009,-4.903256,-4.702282,-0.263220,1,0.001000
0.176100,1.000000,1.771574,-1.615009,-5.099392,-4.702282,-0.263220,1,0.001000
0.176150,1.000000,1.723759,-1.615009,-5.290495,-4.702282,-0.263220,1,0.001000
0.176200,1.000000,1.681189,-1.615009,-5.476377,-4.702282,-0.263220,1,0.001000
0.176250,1.000000,1.643664,-1.615009,-5.656854,-4.702282,-0.263220,1,0.001000
0.176300,1.000000,1.610979,-1.615009,-5.831749,-4.702282,-0.263220,1,0.001000
0.176350,1.000000,1.582932,-1.615009,-6.000889,-4.702282,-0.263220,1,0.001000
0.176400,1.000000,1.559316,-1.615009,-6.164106,-4.702282,-0.263220,1,0.001000
0.176450,1.000000,1.539923,-1.615009,-6.321240,-4.702282,-0.263220,1,0.001000
0.176500,1.000000,1.524545,-1.615009,-6.472136,-4.702282,-0.263220,1,0.001000
0.176550,1.000000,1.512972,-1.615009,-6.616645,-4.702282,-0.263220,1,0.001000
0.176600,1.000000,1.504993,-1.615009,-6.754623,-4.702282,-0.263220,1,0.001000
0.176650,1.000000,1.500397,-1.615009,-6.885936,-4.702282,-0.263220,1,0.001000
0.176700,1.000000,1.498971,-1.615009,-7.010453,-4.702282,-0.263220,1,0.001000
0.176750,1.000000,1.500503,-1.615009,-7.128052,-4.702282,-0.263220,1,0.001000
0.176800,1.000000,1.504780,-1.615009,-7.238616,-4.702282,-0.263220,1,0.001000
0.176850,1.000000,1.511589,-1.615009,-7.342037,-4.702282,-0.263220,1,0.001000
0.176900,1.000000,1.520717,-1.615009,-7.438212,-4.702282,-0.263220,1,0.001000
0.176950,1.000000,1.531952,-1.615009,-7.527046,-4.702282,-0.263220,1,0.001000
0.177000,1.000000,1.490593,-0.888383,-7.608452,-7.608452,-0.354035,1,0.001000
0.177050,1.000000,1.451598,-0.888383,-7.682349,-7.608452,-0.354035,1,0.001000
0.177100,1.000000,1.414749,-0.888383,-7.748665,-7.608452,-0.354035,1,0.001000
0.177150,1.000000,1.379827,-0.888383,-7.807334,-7.608452,-0.354035,1,0.001000
0.177200,1.000000,1.346616,-0.888383,-7.858298,-7.608452,-0.354035,1,0.001000
0.177250,1.000000,1.314900,-0.888383,-7.901507,-7.608452,-0.354035,1,0.001000
0.177300,1.000000,1.284466,-0.888383,-7.936918,-7.608452,-0.354035,1,0.001000
0.177350,1.000000,1.255101,-0.888383,-7.964496,-7.608452,-0.354035,1,0.001000
0.177400,1.000000,1.226597,-0.888383,-7.984214,-7.608452,-0.354035,1,0.001000
0.177450,1.000000,1.198745,-0.888383,-7.996052,-7.608452,-0.354035,1,0.001000
0.177500,1.000000,1.171340,-0.888383,-8.000000,-7.608452,-0.354035,1,0.001000
0.177550,1.000000,1.144179,-0.888383,-7.996052,-7.608452,-0.354035,1,0.001000
0.177600,1.000000,1.117061,-0.888383,-7.984214,-7.608452,-0.354035,1,0.001000
0.177650,1.000000,1.089789,-0.888383,-7.964496,-7.608452,-0.354035,1,0.001000
0.177700,1.000000,1.062169,-0.888383,-7.936918,-7.608452,-0.354035,1,0.001000
0.177750,1.000000,1.034009,-0.888383,-7.901507,-7.608452,-0.354035,1,0.001000
0.177800,1.000000,1.005120,-0.888383,-7.858298,-7.608452,-0.354035,1,0.001000
0.177850,1.000000,0.975319,-0.888383,-7.807334,-7.608452,-0.354035,1,0.001000
0.177900,1.000000,0.944423,-0.888383,-7.748665,-7.608452,-0.354035,1,0.001000
0.177950,1.000000,0.912255,-0.888383,-7.682349,-7.608452,-0.354035,1,0.001000
0.178000,1.000000,0.910066,0.368559,-7.608452,-7.608452,-0.301662,1,0.001000
0.178050,1.000000,0.905869,0.368559,-7.527046,-7.608452,-0.301662,1,0.001000
0.178100,1.000000,0.899504,0.368559,-7.438212,-7.608452,-0.301662,1,0.001000
0.178150,1.000000,0.890814,0.368559,-7.342037,-7.608452,-0.301662,1,0.001000
0.178200,1.000000,0.879646,0.368559,-7.238616,-7.608452,-0.301662,1,0.001000
0.178250,1.000000,0.865855,0.368559,-7.128052,-7.608452,-0.301662,1,0.001000
0.178300,1.000000,0.849296,0.368559,-7.010453,-7.608452,-0.301662,1,0.001000
0.178350,1.000000,0.829831,0.368559,-6.885936,-7.608452,-0.301662,1,0.001000
0.178400,1.000000,0.807326,0.368559,-6.754623,-7.608452,-0.301662,1,0.001000
0.178450,1.000000,0.781653,0.368559,-6.616645,-7.608452,-0.301662,1,0.001000
0.178500,1.000000,0.752689,0.368559,-6.472136,-7.608452,-0.301662,1,0.001000
0.178550,1.000000,0.720314,0.368559,-6.321240,-7.608452,-0.301662,1,0.001000
0.178600,1.000000,0.684415,0.368559,-6.164106,-7.608452,-0.301662,1,0.001000
0.178650,1.000000,0.644885,0.368559,-6.000889,-7.608452,-0.301662,1,0.001000
0.178700,1.000000,0.601620,0.368559,-5.831749,-7.608452,-0.301662,1,0.001000
0.178750,1.000000,0.554524,0.368559,-5.656854,-7.608452,-0.301662,1,0.001000
0.178800,1.000000,0.503504,0.368559,-5.476377,-7.608452,-0.301662,1,0.001000
0.178850,1.000000,0.448476,0.368559,-5.290495,-7.608452,-0.301662,1,0.001000
0.178900,1.000000,0.389357,0.368559,-5.099392,-7.608452,-0.301662,1,0.001000
0.178950,1.000000,0.326074,0.368559,-4.903256,-7.608452,-0.301662,1,0.001000
0.179000,1.000000,0.363891,1.675706,-4.702282,-4.702282,-0.126107,1,0.001000
0.179050,1.000000,0.396095,1.675706,-4.496667,-4.702282,-0.126107,1,0.001000
0.179100,1.000000,0.422644,1.675706,-4.286614,-4.702282,-0.126107,1,0.001000
0.179150,1.000000,0.443505,1.675706,-4.072331,-4.702282,-0.126107,1,0.001000
0.179200,1.000000,0.458648,1.675706,-3.854029,-4.702282,-0.126107,1,0.001000
0.179250,1.000000,0.468048,1.675706,-3.631924,-4.702282,-0.126107,1,0.001000
0.179300,1.000000,0.471689,1.675706,-3.406234,-4.702282,-0.126107,1,0.001000
0.179350,1.000000,0.469558,1.675706,-3.177183,-4.702282,-0.126107,1,0.001000
0.179400,1.000000,0.461649,1.675706,-2.944996,-4.702282,-0.126107,1,0.001000
0.179450,1.000000,0.447962,1.675706,-2.709903,-4.702282,-0.126107,1,0.001000
0.179500,1.000000,0.428501,1.675706,-2.472136,-4.702282,-0.126107,1,0.001000
0.179550,1.000000,0.403279,1.675706,-2.231929,-4.702282,-0.126107,1,0.001000
0.179600,1.000000,0.372312,1.675706,-1.989519,-4.702282,-0.126107,1,0.001000
0.179650,1.000000,0.335622,1.675706,-1.745146,-4.702282,-0.126107,1,0.001000
0.179700,1.000000,0.293239,1.675706,-1.499051,-4.702282,-0.126107,1,0.001000
0.179750,1.000000,0.245196,1.675706,-1.251476,-4.702282,-0.126107,1,0.001000
0.179800,1.000000,0.191533,1.675706,-1.002666,-4.702282,-0.126107,1,0.001000
0.179850,1.000000,0.132296,1.675706,-0.752867,-4.702282,-0.126107,1,0.001000
0.179900,1.000000,0.067536,1.675706,-0.502324,-4.702282,-0.126107,1,0.001000
0.179950,1.000000,-0.002690,1.675706,-0.251286,-4.702282,-0.126107,1,0.001000
0.180000,1.000000,0.060688,2.533774,0.000000,0.000000,0.105574,1,0.001000
0.180050,1.000000,0.116991,2.533774,0.251286,0.000000,0.105574,1,0.001000
0.180100,1.000000,0.166315,2.533774,0.502324,0.000000,0.105574,1,0.001000
0.180150,1.000000,0.208759,2.533774,0.752867,0.000000,0.105574,1,0.001000
0.180200,1.000000,0.244427,2.533774,1.002666,0.000000,0.105574,1,0.001000
0.180250,1.000000,0.273429,2.533774,1.251476,0.000000,0.105574,1,0.001000
0.180300,1.000000,0.295879,2.533774,1.499051,0.000000,0.105574,1,0.001000
0.180350,1.000000,0.311896,2.533774,1.745146,0.000000,0.105574,1,0.001000
0.180400,1.000000,0.321604,2.533774,1.989519,0.000000,0.105574,1,0.001000
0.180450,1.000000,0.325130,2.533774,2.231929,0.000000,0.105574,1,0.001000
0.180500,1.000000,0.322607,2.533774,2.472136,0.000000,0.105574,1,0.001000
0.180550,1.000000,0.314171,2.533774,2.709903,0.000000,0.105574,1,0.001000
0.180600,1.000000,0.299963,2.533774,2.944996,0.000000,0.105574,1,0.001000
0.180650,1.000000,0.280129,2.533774,3.177183,0.000000,0.105574,1,0.001000
0.180700,1.000000,0.254816,2.533774,3.406234,0.000000,0.105574,1,0.001000
0.180750,1.000000,0.224177,2.533774,3.631924,0.000000,0.105574,1,0.001000
0.180800,1.000000,0.188368,2.533774,3.854029,0.000000,0.105574,1,0.001000
0.180850,1.000000,0.147550,2.533774,4.072331,0.000000,0.105574,1,0.001000
0.180900,1.000000,0.101884,2.533774,4.286614,0.000000,0.105574,1,0.001000
0.180950,1.000000,0.051538,2.533774,4.496667,0.000000,0.105574,1,0.001000
0.181000,1.000000,0.116269,2.615009,4.702282,4.702282,0.304887,1,0.001000
0.181050,1.000000,0.175167,2.615009,4.903256,4.702282,0.304887,1,0.001000
0.181100,1.000000,0.228425,2.615009,5.099392,4.702282,0.304887,1,0.001000
0.181150,1.000000,0.276239,2.615009,5.290495,4.702282,0.304887,1,0.001000
0.181200,1.000000,0.318809,2.615009,5.476377,4.702282,0.304887,1,0.001000
0.181250,1.000000,0.356335,2.615009,5.656854,4.702282,0.304887,1,0.001000
0.181300,1.000000,0.389019,2.615009,5.831749,4.702282,0.304887,1,0.001000
0.181350,1.000000,0.417067,2.615009,6.000889,4.702282,0.304887,1,0.001000
0.181400,1.000000,0.440683,2.615009,6.164106,4.702282,0.304887,1,0.001000
0.181450,1.000000,0.460076,2.615009,6.321240,4.702282,0.304887,1,0.001000
0.181500,1.000000,0.475453,2.615009,6.472136,4.702282,0.304887,1,0.001000
0.181550,1.000000,0.487026,2.615009,6.616645,4.702282,0.304887,1,0.001000
0.181600,1.000000,0.495005,2.615009,6.754623,4.702282,0.304887,1,0.001000
0.181650,1.000000,0.499602,2.615009,6.885936,4.702282,0.304887,1,0.001000
0.181700,1.000000,0.501028,2.615009,7.010453,4.702282,0.304887,1,0.001000
0.181750,1.000000,0.499496,2.615009,7.128052,4.702282,0.304887,1,0.001000
0.181800,1.000000,0.495219,2.615009,7.238616,4.702282,0.304887,1,0.001000
0.181850,1.000000,0.488410,2.615009,7.342037,4.702282,0.304887,1,0.001000
0.181900,1.000000,0.479282,2.615009,7.438212,4.702282,0.304887,1,0.001000
0.181950,1.000000,0.468047,2.615009,7.527046,4.702282,0.304887,1,0.001000
0.182000,1.000000,0.509406,1.888382,7.608452,7.608452,0.395701,1,0.001000
0.182050,1.000000,0.548400,1.888382,7.682349,7.608452,0.395701,1,0.001000
0.182100,1.000000,0.585250,1.888382,7.748665,7.608452,0.395701,1,0.001000
0.182150,1.000000,0.620171,1.888382,7.807334,7.608452,0.395701,1,0.001000
0.182200,1.000000,0.653383,1.888382,7.858298,7.608452,0.395701,1,0.001000
0.182250,1.000000,0.685099,1.888382,7.901507,7.608452,0.395701,1,0.001000
0.182300,1.000000,0.715533,1.888382,7.936918,7.608452,0.395701,1,0.001000
0.182350,1.000000,0.744897,1.888382,7.964496,7.608452,0.395701,1,0.001000
0.182400,1.000000,0.773401,1.888382,7.984214,7.608452,0.395701,1,0.001000
0.182450,1.000000,0.801253,1.888382,7.996052,7.608452,0.395701,1,0.001000
0.182500,1.000000,0.828659,1.888382,8.000000,7.608452,0.395701,1,0.001000
0.182550,1.000000,0.855820,1.888382,7.996052,7.608452,0.395701,1,0.001000
0.182600,1.000000,0.882938,1.888382,7.984214,7.608452,0.395701,1,0.001000
0.182650,1.000000,0.910209,1.888382,7.964496,7.608452,0.395701,1,0.001000
0.182700,1.000000,0.937830,1.888382,7.936918,7.608452,0.395701,1,0.001000
0.182750,1.000000,0.965990,1.888382,7.901507,7.608452,0.395701,1,0.001000
0.182800,1.000000,0.994879,1.888382,7.858298,7.608452,0.395701,1,0.001000
0.182850,1.000000,1.024680,1.888382,7.807334,7.608452,0.395701,1,0.001000
0.182900,1.000000,1.055576,1.888382,7.748665,7.608452,0.395701,1,0.001000
0.182950,1.000000,1.087743,1.888382,7.682349,7.608452,0.395701,1,0.001000
0.183000,1.000000,1.089933,0.631441,7.608452,7.608452,0.343329,1,0.001000
0.183050,1.000000,1.094130,0.631441,7.527046,7.608452,0.343329,1,0.001000
0.183100,1.000000,1.100495,0.631441,7.438212,7.608452,0.343329,1,0.001000
0.183150,1.000000,1.109185,0.631441,7.342037,7.608452,0.343329,1,0.001000
0.183200,1.000000,1.120352,0.631441,7.238616,7.608452,0.343329,1,0.001000
0.183250,1.000000,1.134144,0.631441,7.128052,7.608452,0.343329,1,0.001000
0.183300,1.000000,1.150703,0.631441,7.010453,7.608452,0.343329,1,0.001000
0.183350,1.000000,1.170168,0.631441,6.885936,7.608452,0.343329,1,0.001000
0.183400,1.000000,1.192673,0.631441,6.754623,7.608452,0.343329,1,0.001000
0.183450,1.000000,1.218346,0.631441,6.616645,7.608452,0.343329,1,0.001000
0.183500,1.000000,1.247310,0.631441,6.472136,7.608452,0.343329,1,0.001000
0.183550,1.000000,1.279685,0.631441,6.321240,7.608452,0.343329,1,0.001000
0.183600,1.000000,1.315584,0.631441,6.164106,7.608452,0.343329,1,0.001000
0.183650,1.000000,1.355114,0.631441,6.000889,7.608452,0.343329,1,0.001000
0.183700,1.000000,1.398379,0.631441,5.831749,7.608452,0.343329,1,0.001000
0.183750,1.000000,1.445475,0.631441,5.656854,7.608452,0.343329,1,0.001000
0.183800,1.000000,1.496494,0.631441,5.476377,7.608452,0.343329,1,0.001000
0.183850,1.000000,1.551523,0.631441,5.290495,7.608452,0.343329,1,0.001000
0.183900,1.000000,1.610642,0.631441,5.099392,7.608452,0.343329,1,0.001000
0.183950,1.000000,1.673925,0.631441,4.903256,7.608452,0.343329,1,0.001000
0.184000,1.000000,1.636108,-0.675707,4.702282,4.702282,0.167774,1,0.001000
0.184050,1.000000,1.603904,-0.675707,4.496667,4.702282,0.167774,1,0.001000
0.184100,1.000000,1.577354,-0.675707,4.286614,4.702282,0.167774,1,0.001000
0.184150,1.000000,1.556494,-0.675707,4.072331,4.702282,0.167774,1,0.001000
0.184200,1.000000,1.541351,-0.675707,3.854029,4.702282,0.167774,1,0.001000
0.184250,1.000000,1.531950,-0.675707,3.631924,4.702282,0.167774,1,0.001000
0.184300,1.000000,1.528310,-0.675707,3.406234,4.702282,0.167774,1,0.001000
0.184350,1.000000,1.530441,-0.675707,3.177183,4.702282,0.167774,1,0.001000
0.184400,1.000000,1.538349,-0.675707,2.944996,4.702282,0.167774,1,0.001000
0.184450,1.000000,1.552037,-0.675707,2.709903,4.702282,0.167774,1,0.001000
0.184500,1.000000,1.571497,-0.675707,2.472136,4.702282,0.167774,1,0.001000
0.184550,1.000000,1.596720,-0.675707,2.231929,4.702282,0.167774,1,0.001000
0.184600,1.000000,1.627687,-0.675707,1.989519,4.702282,0.167774,1,0.001000
0.184650,1.000000,1.664377,-0.675707,1.745146,4.702282,0.167774,1,0.001000
0.184700,1.000000,1.706760,-0.675707,1.499051,4.702282,0.167774,1,0.001000
0.184750,1.000000,1.754803,-0.675707,1.251476,4.702282,0.167774,1,0.001000
0.184800,1.000000,1.808466,-0.675707,1.002666,4.702282,0.167774,1,0.001000
0.184850,1.000000,1.867703,-0.675707,0.752867,4.702282,0.167774,1,0.001000
0.184900,1.000000,1.932463,-0.675707,0.502324,4.702282,0.167774,1,0.001000
0.184950,1.000000,2.002689,-0.675707,0.251286,4.702282,0.167774,1,0.001000
0.185000,1.000000,1.939311,-1.533774,0.000000,0.000000,-0.063907,1,0.001000
0.185050,1.000000,1.883008,-1.533774,-0.251286,0.000000,-0.063907,1,0.001000
0.185100,1.000000,1.833684,-1.533774,-0.502324,0.000000,-0.063907,1,0.001000
0.185150,1.000000,1.791240,-1.533774,-0.752867,0.000000,-0.063907,1,0.001000
0.185200,1.000000,1.755572,-1.533774,-1.002666,0.000000,-0.063907,1,0.001000
0.185250,1.000000,1.726570,-1.533774,-1.251476,0.000000,-0.063907,1,0.001000
0.185300,1.000000,1.704120,-1.533774,-1.499051,0.000000,-0.063907,1,0.001000
0.185350,1.000000,1.688102,-1.533774,-1.745146,0.000000,-0.063907,1,0.001000
0.185400,1.000000,1.678395,-1.533774,-1.989519,0.000000,-0.063907,1,0.001000
0.185450,1.000000,1.674869,-1.533774,-2.231929,0.000000,-0.063907,1,0.001000
0.185500,1.000000,1.677392,-1.533774,-2.472136,0.000000,-0.063907,1,0.001000
0.185550,1.000000,1.685828,-1.533774,-2.709903,0.000000,-0.063907,1,0.001000
0.185600,1.000000,1.700035,-1.533774,-2.944996,0.000000,-0.063907,1,0.001000
0.185650,1.000000,1.719870,-1.533774,-3.177183,0.000000,-0.063907,1,0.001000
0.185700,1.000000,1.745183,-1.533774,-3.406234,0.000000,-0.063907,1,0.001000
0.185750,1.000000,1.775822,-1.533774,-3.631924,0.000000,-0.063907,1,0.001000
0.185800,1.000000,1.811631,-1.533774,-3.854029,0.000000,-0.063907,1,0.001000
0.185850,1.000000,1.852449,-1.533774,-4.072331,0.000000,-0.063907,1,0.001000
0.185900,1.000000,1.898115,-1.533774,-4.286614,0.000000,-0.063907,1,0.001000
0.185950,1.000000,1.948461,-1.533774,-4.496667,0.000000,-0.063907,1,0.001000
0.186000,1.000000,1.883730,-1.615009,-4.702282,-4.702282,-0.263220,1,0.001000
0.186050,1.000000,1.824832,-1.615009,-4.903256,-4.702282,-0.263220,1,0.001000
0.186100,1.000000,1.771574,-1.615009,-5.099392,-4.702282,-0.263220,1,0.001000
0.186150,1.000000,1.723760,-1.615009,-5.290495,-4.702282,-0.263220,1,0.001000
0.186200,1.000000,1.681190,-1.615009,-5.476377,-4.702282,-0.263220,1,0.001000
0.186250,1.000000,1.643664,-1.615009,-5.656854,-4.702282,-0.263220,1,0.001000
0.186300,1.000000,1.610980,-1.615009,-5.831749,-4.702282,-0.263220,1,0.001000
0.186350,1.000000,1.582932,-1.615009,-6.000889,-4.702282,-0.263220,1,0.001000
0.186400,1.000000,1.559316,-1.615009,-6.164106,-4.702282,-0.263220,1,0.001000
0.186450,1.000000,1.539923,-1.615009,-6.321240,-4.702282,-0.263220,1,0.001000
0.186500,1.000000,1.524546,-1.615009,-6.472136,-4.702282,-0.263220,1,0.001000
0.186550,1.000000,1.512973,-1.615009,-6.616645,-4.702282,-0.263220,1,0.001000
0.186600,1.000000,1.504994,-1.615009,-6.754623,-4.702282,-0.263220,1,0.001000
0.186650,1.000000,1.500397,-1.615009,-6.885936,-4.702282,-0.263220,1,0.001000
0.186700,1.000000,1.498971,-1.615009,-7.010453,-4.702282,-0.263220,1,0.001000
0.186750,1.000000,1.500503,-1.615009,-7.128052,-4.702282,-0.263220,1,0.001000
0.186800,1.000000,1.504780,-1.615009,-7.238616,-4.702282,-0.263220,1,0.001000
0.186850,1.000000,1.511589,-1.615009,-7.342037,-4.702282,-0.263220,1,0.001000
0.186900,1.000000,1.520717,-1.615009,-7.438212,-4.702282,-0.263220,1,0.001000
0.186950,1.000000,1.531952,-1.615009,-7.527046,-4.702282,-0.263220,1,0.001000
0.187000,1.000000,1.490593,-0.888382,-7.608452,-7.608452,-0.354035,1,0.001000
0.187050,1.000000,1.451599,-0.888382,-7.682349,-7.608452,-0.354035,1,0.001000
0.187100,1.000000,1.414749,-0.888382,-7.748665,-7.608452,-0.354035,1,0.001000
0.187150,1.000000,1.379828,-0.888382,-7.807334,-7.608452,-0.354035,1,0.001000
0.187200,1.000000,1.346616,-0.888382,-7.858298,-7.608452,-0.354035,1,0.001000
0.187250,1.000000,1.314900,-0.888382,-7.901507,-7.608452,-0.354035,1,0.001000
0.187300,1.000000,1.284466,-0.888382,-7.936918,-7.608452,-0.354035,1,0.001000
0.187350,1.000000,1.255102,-0.888382,-7.964496,-7.608452,-0.354035,1,0.001000
0.187400,1.000000,1.226598,-0.888382,-7.984214,-7.608452,-0.354035,1,0.001000
0.187450,1.000000,1.198746,-0.888382,-7.996052,-7.608452,-0.354035,1,0.001000
0.187500,1.000000,1.171340,-0.888382,-8.000000,-7.608452,-0.354035,1,0.001000
0.187550,1.000000,1.144179,-0.888382,-7.996052,-7.608452,-0.354035,1,0.001000
0.187600,1.000000,1.117061,-0.888382,-7.984214,-7.608452,-0.354035,1,0.001000
0.187650,1.000000,1.089790,-0.888382,-7.964496,-7.608452,-0.354035,1,0.001000
0.187700,1.000000,1.062169,-0.888382,-7.936918,-7.608452,-0.354035,1,0.001000
0.187750,1.000000,1.034009,-0.888382,-7.901507,-7.608452,-0.354035,1,0.001000
0.187800,1.000000,1.005120,-0.888382,-7.858298,-7.608452,-0.354035,1,0.001000
0.187850,1.000000,0.975319,-0.888382,-7.807334,-7.608452,-0.354035,1,0.001000
0.187900,1.000000,0.944423,-0.888382,-7.748665,-7.608452,-0.354035,1,0.001000
0.187950,1.000000,0.912256,-0.888382,-7.682349,-7.608452,-0.354035,1,0.001000
0.188000,1.000000,0.910067,0.368559,-7.608452,-7.608452,-0.301662,1,0.001000
0.188050,1.000000,0.905870,0.368559,-7.527046,-7.608452,-0.301662,1,0.001000
0.188100,1.000000,0.899504,0.368559,-7.438212,-7.608452,-0.301662,1,0.001000
0.188150,1.000000,0.890814,0.368559,-7.342037,-7.608452,-0.301662,1,0.001000
0.188200,1.000000,0.879647,0.368559,-7.238616,-7.608452,-0.301662,1,0.001000
0.188250,1.000000,0.865855,0.368559,-7.128052,-7.608452,-0.301662,1,0.001000
0.188300,1.000000,0.849296,0.368559,-7.010453,-7.608452,-0.301662,1,0.001000
0.188350,1.000000,0.829831,0.368559,-6.885936,-7.608452,-0.301662,1,0.001000
0.188400,1.000000,0.807326,0.368559,-6.754623,-7.608452,-0.301662,1,0.001000
0.188450,1.000000,0.781654,0.368559,-6.616645,-7.608452,-0.301662,1,0.001000
0.188500,1.000000,0.752689,0.368559,-6.472136,-7.608452,-0.301662,1,0.001000
0.188550,1.000000,0.720314,0.368559,-6.321240,-7.608452,-0.301662,1,0.001000
0.188600,1.000000,0.684415,0.368559,-6.164106,-7.608452,-0.301662,1,0.001000
0.188650,1.000000,0.644885,0.368559,-6.000889,-7.608452,-0.301662,1,0.001000
0.188700,1.000000,0.601620,0.368559,-5.831749,-7.608452,-0.301662,1,0.001000
0.188750,1.000000,0.554524,0.368559,-5.656854,-7.608452,-0.301662,1,0.001000
0.188800,1.000000,0.503505,0.368559,-5.476377,-7.608452,-0.301662,1,0.001000
0.188850,1.000000,0.448476,0.368559,-5.290495,-7.608452,-0.301662,1,0.001000
0.188900,1.000000,0.389358,0.368559,-5.099392,-7.608452,-0.301662,1,0.001000
0.188950,1.000000,0.326075,0.368559,-4.903256,-7.608452,-0.301662,1,0.001000
0.189000,1.000000,0.363891,1.675706,-4.702282,-4.702282,-0.126107,1,0.001000
0.189050,1.000000,0.396095,1.675706,-4.496667,-4.702282,-0.126107,1,0.001000
0.189100,1.000000,0.422645,1.675706,-4.286614,-4.702282,-0.126107,1,0.001000
0.189150,1.000000,0.443506,1.675706,-4.072331,-4.702282,-0.126107,1,0.001000
0.189200,1.000000,0.458648,1.675706,-3.854029,-4.702282,-0.126107,1,0.001000
0.189250,1.000000,0.468049,1.675706,-3.631924,-4.702282,-0.126107,1,0.001000
0.189300,1.000000,0.471690,1.675706,-3.406234,-4.702282,-0.126107,1,0.001000
0.189350,1.000000,0.469559,1.675706,-3.177183,-4.702282,-0.126107,1,0.001000
0.189400,1.000000,0.461650,1.675706,-2.944996,-4.702282,-0.126107,1,0.001000
0.189450,1.000000,0.447962,1.675706,-2.709903,-4.702282,-0.126107,1,0.001000
0.189500,1.000000,0.428502,1.675706,-2.472136,-4.702282,-0.126107,1,0.001000
0.189550,1.000000,0.403279,1.675706,-2.231929,-4.702282,-0.126107,1,0.001000
0.189600,1.000000,0.372312,1.675706,-1.989519,-4.702282,-0.126107,1,0.001000
0.189650,1.000000,0.335622,1.675706,-1.745146,-4.702282,-0.126107,1,0.001000
0.189700,1.000000,0.293239,1.675706,-1.499051,-4.702282,-0.126107,1,0.001000
0.189750,1.000000,0.245196,1.675706,-1.251476,-4.702282,-0.126107,1,0.001000
0.189800,1.000000,0.191533,1.675706,-1.002666,-4.702282,-0.126107,1,0.001000
0.189850,1.000000,0.132296,1.675706,-0.752867,-4.702282,-0.126107,1,0.001000
0.189900,1.000000,0.067536,1.675706,-0.502324,-4.702282,-0.126107,1,0.001000
0.189950,1.000000,-0.002690,1.675706,-0.251286,-4.702282,-0.126107,1,0.001000
0.190000,1.000000,0.060688,2.533774,0.000000,0.000000,0.105574,1,0.001000
0.190050,1.000000,0.116991,2.533774,0.251286,0.000000,0.105574,1,0.001000
0.190100,1.000000,0.166315,2.533774,0.502324,0.000000,0.105574,1,0.001000
0.190150,1.000000,0.208759,2.533774,0.752867,0.000000,0.105574,1,0.001000
0.190200,1.000000,0.244427,2.533774,1.002666,0.000000,0.105574,1,0.001000
0.190250,1.000000,0.273429,2.533774,1.251476,0.000000,0.105574,1,0.001000
0.190300,1.000000,0.295880,2.533774,1.499051,0.000000,0.105574,1,0.001000
0.190350,1.000000,0.311897,2.533774,1.745146,0.000000,0.105574,1,0.001000
0.190400,1.000000,0.321605,2.533774,1.989519,0.000000,0.105574,1,0.001000
0.190450,1.000000,0.325131,2.533774,2.231929,0.000000,0.105574,1,0.001000
0.190500,1.000000,0.322607,2.533774,2.472136,0.000000,0.105574,1,0.001000
0.190550,1.000000,0.314172,2.533774,2.709903,0.000000,0.105574,1,0.001000
0.190600,1.000000,0.299964,2.533774,2.944996,0.000000,0.105574,1,0.001000
0.190650,1.000000,0.280129,2.533774,3.177183,0.000000,0.105574,1,0.001000
0.190700,1.000000,0.254816,2.533774,3.406234,0.000000,0.105574,1,0.001000
0.190750,1.000000,0.224177,2.533774,3.631924,0.000000,0.105574,1,0.001000
0.190800,1.000000,0.188368,2.533774,3.854029,0.000000,0.105574,1,0.001000
0.190850,1.000000,0.147550,2.533774,4.072331,0.000000,0.105574,1,0.001000
0.190900,1.000000,0.101884,2.533774,4.286614,0.000000,0.105574,1,0.001000
0.190950,1.000000,0.051539,2.533774,4.496667,0.000000,0.105574,1,0.001000
0.191000,1.000000,0.116270,2.615009,4.702282,4.702282,0.304887,1,0.001000
0.191050,1.000000,0.175167,2.615009,4.903256,4.702282,0.304887,1,0.001000
0.191100,1.000000,0.228425,2.615009,5.099392,4.702282,0.304887,1,0.001000
0.191150,1.000000,0.276240,2.615009,5.290495,4.702282,0.304887,1,0.001000
0.191200,1.000000,0.318809,2.615009,5.476377,4.702282,0.304887,1,0.001000
0.191250,1.000000,0.356335,2.615009,5.656854,4.702282,0.304887,1,0.001000
0.191300,1.000000,0.389020,2.615009,5.831749,4.702282,0.304887,1,0.001000
0.191350,1.000000,0.417067,2.615009,6.000889,4.702282,0.304887,1,0.001000
0.191400,1.000000,0.440683,2.615009,6.164106,4.702282,0.304887,1,0.001000
0.191450,1.000000,0.460076,2.615009,6.321240,4.702282,0.304887,1,0.001000
0.191500,1.000000,0.475454,2.615009,6.472136,4.702282,0.304887,1,0.001000
0.191550,1.000000,0.487027,2.615009,6.616645,4.702282,0.304887,1,0.001000
0.191600,1.000000,0.495006,2.615009,6.754623,4.702282,0.304887,1,0.001000
0.191650,1.000000,0.499602,2.615009,6.885936,4.702282,0.304887,1,0.001000
0.191700,1.000000,0.501028,2.615009,7.010453,4.702282,0.304887,1,0.001000
0.191750,1.000000,0.499496,2.615009,7.128052,4.702282,0.304887,1,0.001000
0.191800,1.000000,0.495219,2.615009,7.238616,4.702282,0.304887,1,0.001000
0.191850,1.000000,0.488410,2.615009,7.342037,4.702282,0.304887,1,0.001000
0.191900,1.000000,0.479282,2.615009,7.438212,4.702282,0.304887,1,0.001000
0.191950,1.000000,0.468047,2.615009,7.527046,4.702282,0.304887,1,0.001000
0.192000,1.000000,0.509406,1.888382,7.608452,7.608452,0.395701,1,0.001000
0.192050,1.000000,0.548401,1.888382,7.682349,7.608452,0.395701,1,0.001000
0.192100,1.000000,0.585250,1.888382,7.748665,7.608452,0.395701,1,0.001000
0.192150,1.000000,0.620172,1.888382,7.807334,7.608452,0.395701,1,0.001000
0.192200,1.000000,0.653383,1.888382,7.858298,7.608452,0.395701,1,0.001000
0.192250,1.000000,0.685099,1.888382,7.901507,7.608452,0.395701,1,0.001000
0.192300,1.000000,0.715533,1.888382,7.936918,7.608452,0.395701,1,0.001000
0.192350,1.000000,0.744897,1.888382,7.964496,7.608452,0.395701,1,0.001000
0.192400,1.000000,0.773402,1.888382,7.984214,7.608452,0.395701,1,0.001000
0.192450,1.000000,0.801254,1.888382,7.996052,7.608452,0.395701,1,0.001000
0.192500,1.000000,0.828659,1.888382,8.000000,7.608452,0.395701,1,0.001000
0.192550,1.000000,0.855820,1.888382,7.996052,7.608452,0.395701,1,0.001000
0.192600,1.000000,0.882938,1.888382,7.984214,7.608452,0.395701,1,0.001000
0.192650,1.000000,0.910210,1.888382,7.964496,7.608452,0.395701,1,0.001000
0.192700,1.000000,0.937830,1.888382,7.936918,7.608452,0.395701,1,0.001000
0.192750,1.000000,0.965990,1.888382,7.901507,7.608452,0.395701,1,0.001000
0.192800,1.000000,0.994879,1.888382,7.858298,7.608452,0.395701,1,0.001000
0.192850,1.000000,1.024680,1.888382,7.807334,7.608452,0.395701,1,0.001000
0.192900,1.000000,1.055576,1.888382,7.748665,7.608452,0.395701,1,0.001000
0.192950,1.000000,1.087744,1.888382,7.682349,7.608452,0.395701,1,0.001000
0.193000,1.000000,1.089933,0.631441,7.608452,7.608452,0.343329,1,0.001000
0.193050,1.000000,1.094130,0.631441,7.527046,7.608452,0.343329,1,0.001000
0.193100,1.000000,1.100495,0.631441,7.438212,7.608452,0.343329,1,0.001000
0.193150,1.000000,1.109185,0.631441,7.342037,7.608452,0.343329,1,0.001000
0.193200,1.000000,1.120353,0.631441,7.238616,7.608452,0.343329,1,0.001000
0.193250,1.000000,1.134144,0.631441,7.128052,7.608452,0.343329,1,0.001000
0.193300,1.000000,1.150703,0.631441,7.010453,7.608452,0.343329,1,0.001000
0.193350,1.000000,1.170168,0.631441,6.885936,7.608452,0.343329,1,0.001000
0.193400,1.000000,1.192673,0.631441,6.754623,7.608452,0.343329,1,0.001000
0.193450,1.000000,1.218346,0.631441,6.616645,7.608452,0.343329,1,0.001000
0.193500,1.000000,1.247310,0.631441,6.472136,7.608452,0.343329,1,0.001000
0.193550,1.000000,1.279685,0.631441,6.321240,7.608452,0.343329,1,0.001000
0.193600,1.000000,1.315584,0.631441,6.164106,7.608452,0.343329,1,0.001000
0.193650,1.000000,1.355114,0.631441,6.000889,7.608452,0.343329,1,0.001000
0.193700,1.000000,1.398379,0.631441,5.831749,7.608452,0.343329,1,0.001000
0.193750,1.000000,1.445475,0.631441,5.656854,7.608452,0.343329,1,0.001000
0.193800,1.000000,1.496495,0.631441,5.476377,7.608452,0.343329,1,0.001000
0.193850,1.000000,1.551523,0.631441,5.290495,7.608452,0.343329,1,0.001000
0.193900,1.000000,1.610642,0.631441,5.099392,7.608452,0.343329,1,0.001000
0.193950,1.000000,1.673925,0.631441,4.903256,7.608452,0.343329,1,0.001000
0.194000,1.000000,1.636108,-0.675707,4.702282,4.702282,0.167774,1,0.001000
0.194050,1.000000,1.603904,-0.675707,4.496667,4.702282,0.167774,1,0.001000
0.194100,1.000000,1.577355,-0.675707,4.286614,4.702282,0.167774,1,0.001000
0.194150,1.000000,1.556494,-0.675707,4.072331,4.702282,0.167774,1,0.001000
0.194200,1.000000,1.541351,-0.675707,3.854029,4.702282,0.167774,1,0.001000
0.194250,1.000000,1.531951,-0.675707,3.631924,4.702282,0.167774,1,0.001000
0.194300,1.000000,1.528310,-0.675707,3.406234,4.702282,0.167774,1,0.001000
0.194350,1.000000,1.530441,-0.675707,3.177183,4.702282,0.167774,1,0.001000
0.194400,1.000000,1.538350,-0.675707,2.944996,4.702282,0.167774,1,0.001000
0.194450,1.000000,1.552037,-0.675707,2.709903,4.702282,0.167774,1,0.001000
0.194500,1.000000,1.571498,-0.675707,2.472136,4.702282,0.167774,1,0.001000
0.194550,1.000000,1.596720,-0.675707,2.231929,4.702282,0.167774,1,0.001000
0.194600,1.000000,1.627688,-0.675707,1.989519,4.702282,0.167774,1,0.001000
0.194650,1.000000,1.664377,-0.675707,1.745146,4.702282,0.167774,1,0.001000
0.194700,1.000000,1.706761,-0.675707,1.499051,4.702282,0.167774,1,0.001000
0.194750,1.000000,1.754804,-0.675707,1.251476,4.702282,0.167774,1,0.001000
0.194800,1.000000,1.808466,-0.675707,1.002666,4.702282,0.167774,1,0.001000
0.194850,1.000000,1.867703,-0.675707,0.752867,4.702282,0.167774,1,0.001000
0.194900,1.000000,1.932463,-0.675707,0.502324,4.702282,0.167774,1,0.001000
0.194950,1.000000,2.002690,-0.675707,0.251286,4.702282,0.167774,1,0.001000
0.195000,1.000000,1.939312,-1.533774,-0.000000,-0.000000,-0.063907,1,0.001000
0.195050,1.000000,1.883008,-1.533774,-0.251286,-0.000000,-0.063907,1,0.001000
0.195100,1.000000,1.833684,-1.533774,-0.502324,-0.000000,-0.063907,1,0.001000
0.195150,1.000000,1.791240,-1.533774,-0.752867,-0.000000,-0.063907,1,0.001000
0.195200,1.000000,1.755572,-1.533774,-1.002666,-0.000000,-0.063907,1,0.001000
0.195250,1.000000,1.726570,-1.533774,-1.251476,-0.000000,-0.063907,1,0.001000
0.195300,1.000000,1.704120,-1.533774,-1.499051,-0.000000,-0.063907,1,0.001000
0.195350,1.000000,1.688103,-1.533774,-1.745146,-0.000000,-0.063907,1,0.001000
0.195400,1.000000,1.678395,-1.533774,-1.989519,-0.000000,-0.063907,1,0.001000
0.195450,1.000000,1.674869,-1.533774,-2.231929,-0.000000,-0.063907,1,0.001000
0.195500,1.000000,1.677392,-1.533774,-2.472136,-0.000000,-0.063907,1,0.001000
0.195550,1.000000,1.685828,-1.533774,-2.709903,-0.000000,-0.063907,1,0.001000
0.195600,1.000000,1.700036,-1.533774,-2.944996,-0.000000,-0.063907,1,0.001000
0.195650,1.000000,1.719870,-1.533774,-3.177183,-0.000000,-0.063907,1,0.001000
0.195700,1.000000,1.745184,-1.533774,-3.406234,-0.000000,-0.063907,1,0.001000
0.195750,1.000000,1.775823,-1.533774,-3.631924,-0.000000,-0.063907,1,0.001000
0.195800,1.000000,1.811631,-1.533774,-3.854029,-0.000000,-0.063907,1,0.001000
0.195850,1.000000,1.852450,-1.533774,-4.072331,-0.000000,-0.063907,1,0.001000
0.195900,1.000000,1.898115,-1.533774,-4.286614,-0.000000,-0.063907,1,0.001000
0.195950,1.000000,1.948461,-1.533774,-4.496667,-0.000000,-0.063907,1,0.001000
0.196000,1.000000,1.883730,-1.615009,-4.702282,-4.702282,-0.263220,1,0.001000
0.196050,1.000000,1.824832,-1.615009,-4.903256,-4.702282,-0.263220,1,0.001000
0.196100,1.000000,1.771575,-1.615009,-5.099392,-4.702282,-0.263220,1,0.001000
0.196150,1.000000,1.723760,-1.615009,-5.290495,-4.702282,-0.263220,1,0.001000
0.196200,1.000000,1.681190,-1.615009,-5.476377,-4.702282,-0.263220,1,0.001000
0.196250,1.000000,1.643664,-1.615009,-5.656854,-4.702282,-0.263220,1,0.001000
0.196300,1.000000,1.610980,-1.615009,-5.831749,-4.702282,-0.263220,1,0.001000
0.196350,1.000000,1.582933,-1.615009,-6.000889,-4.702282,-0.263220,1,0.001000
0.196400,1.000000,1.559316,-1.615009,-6.164106,-4.702282,-0.263220,1,0.001000
0.196450,1.000000,1.539924,-1.615009,-6.321240,-4.702282,-0.263220,1,0.001000
0.196500,1.000000,1.524546,-1.615009,-6.472136,-4.702282,-0.263220,1,0.001000
0.196550,1.000000,1.512973,-1.615009,-6.616645,-4.702282,-0.263220,1,0.001000
0.196600,1.000000,1.504994,-1.615009,-6.754623,-4.702282,-0.263220,1,0.001000
0.196650,1.000000,1.500398,-1.615009,-6.885936,-4.702282,-0.263220,1,0.001000
0.196700,1.000000,1.498972,-1.615009,-7.010453,-4.702282,-0.263220,1,0.001000
0.196750,1.000000,1.500504,-1.615009,-7.128052,-4.702282,-0.263220,1,0.001000
0.196800,1.000000,1.504780,-1.615009,-7.238616,-4.702282,-0.263220,1,0.001000
0.196850,1.000000,1.511589,-1.615009,-7.342037,-4.702282,-0.263220,1,0.001000
0.196900,1.000000,1.520717,-1.615009,-7.438212,-4.702282,-0.263220,1,0.001000
0.196950,1.000000,1.531952,-1.615009,-7.527046,-4.702282,-0.263220,1,0.001000
0.197000,1.000000,1.490593,-0.888382,-7.608452,-7.608452,-0.354035,1,0.001000
0.197050,1.000000,1.451599,-0.888382,-7.682349,-7.608452,-0.354035,1,0.001000
0.197100,1.000000,1.414750,-0.888382,-7.748665,-7.608452,-0.354035,1,0.001000
0.197150,1.000000,1.379828,-0.888382,-7.807334,-7.608452,-0.354035,1,0.001000
0.197200,1.000000,1.346617,-0.888382,-7.858298,-7.608452,-0.354035,1,0.001000
0.197250,1.000000,1.314901,-0.888382,-7.901507,-7.608452,-0.354035,1,0.001000
0.197300,1.000000,1.284466,-0.888382,-7.936918,-7.608452,-0.354035,1,0.001000
0.197350,1.000000,1.255102,-0.888382,-7.964496,-7.608452,-0.354035,1,0.001000
0.197400,1.000000,1.226598,-0.888382,-7.984214,-7.608452,-0.354035,1,0.001000
0.197450,1.000000,1.198746,-0.888382,-7.996052,-7.608452,-0.354035,1,0.001000
0.197500,1.000000,1.171341,-0.888382,-8.000000,-7.608452,-0.354035,1,0.001000
0.197550,1.000000,1.144179,-0.888382,-7.996052,-7.608452,-0.354035,1,0.001000
0.197600,1.000000,1.117062,-0.888382,-7.984214,-7.608452,-0.354035,1,0.001000
0.197650,1.000000,1.089790,-0.888382,-7.964496,-7.608452,-0.354035,1,0.001000
0.197700,1.000000,1.062170,-0.888382,-7.936918,-7.608452,-0.354035,1,0.001000
0.197750,1.000000,1.034009,-0.888382,-7.901507,-7.608452,-0.354035,1,0.001000
0.197800,1.000000,1.005121,-0.888382,-7.858298,-7.608452,-0.354035,1,0.001000
0.197850,1.000000,0.975319,-0.888382,-7.807334,-7.608452,-0.354035,1,0.001000
0.197900,1.000000,0.944423,-0.888382,-7.748665,-7.608452,-0.354035,1,0.001000
0.197950,1.000000,0.912256,-0.888382,-7.682349,-7.608452,-0.354035,1,0.001000
0.198000,1.000000,0.910067,0.368559,-7.608452,-7.608452,-0.301662,1,0.001000
0.198050,1.000000,0.905870,0.368559,-7.527046,-7.608452,-0.301662,1,0.001000
0.198100,1.000000,0.899504,0.368559,-7.438212,-7.608452,-0.301662,1,0.001000
0.198150,1.000000,0.890814,0.368559,-7.342037,-7.608452,-0.301662,1,0.001000
0.198200,1.000000,0.879647,0.368559,-7.238616,-7.608452,-0.301662,1,0.001000
0.198250,1.000000,0.865855,0.368559,-7.128052,-7.608452,-0.301662,1,0.001000
0.198300,1.000000,0.849296,0.368559,-7.010453,-7.608452,-0.301662,1,0.001000
0.198350,1.000000,0.829831,0.368559,-6.885936,-7.608452,-0.301662,1,0.001000
0.198400,1.000000,0.807327,0.368559,-6.754623,-7.608452,-0.301662,1,0.001000
0.198450,1.000000,0.781654,0.368559,-6.616645,-7.608452,-0.301662,1,0.001000
0.198500,1.000000,0.752689,0.368559,-6.472136,-7.608452,-0.301662,1,0.001000
0.198550,1.000000,0.720314,0.368559,-6.321240,-7.608452,-0.301662,1,0.001000
0.198600,1.000000,0.684416,0.368559,-6.164106,-7.608452,-0.301662,1,0.001000
0.198650,1.000000,0.644885,0.368559,-6.000889,-7.608452,-0.301662,1,0.001000
0.198700,1.000000,0.601621,0.368559,-5.831749,-7.608452,-0.301662,1,0.001000
0.198750,1.000000,0.554524,0.368559,-5.656854,-7.608452,-0.301662,1,0.001000
0.198800,1.000000,0.503505,0.368559,-5.476377,-7.608452,-0.301662,1,0.001000
0.198850,1.000000,0.448476,0.368559,-5.290495,-7.608452,-0.301662,1,0.001000
0.198900,1.000000,0.389358,0.368559,-5.099392,-7.608452,-0.301662,1,0.001000
0.198950,1.000000,0.326075,0.368559,-4.903256,-7.608452,-0.301662,1,0.001000
0.199000,1.000000,0.363892,1.675707,-4.702282,-4.702282,-0.126107,1,0.001000
0.199050,1.000000,0.396095,1.675707,-4.496667,-4.702282,-0.126107,1,0.001000
0.199100,1.000000,0.422645,1.675707,-4.286614,-4.702282,-0.126107,1,0.001000
0.199150,1.000000,0.443506,1.675707,-4.072331,-4.702282,-0.126107,1,0.001000
0.199200,1.000000,0.458648,1.675707,-3.854029,-4.702282,-0.126107,1,0.001000
0.199250,1.000000,0.468049,1.675707,-3.631924,-4.702282,-0.126107,1,0.001000
0.199300,1.000000,0.471690,1.675707,-3.406234,-4.702282,-0.126107,1,0.001000
0.199350,1.000000,0.469559,1.675707,-3.177183,-4.702282,-0.126107,1,0.001000
0.199400,1.000000,0.461650,1.675707,-2.944996,-4.702282,-0.126107,1,0.001000
0.199450,1.000000,0.447962,1.675707,-2.709903,-4.702282,-0.126107,1,0.001000
0.199500,1.000000,0.428502,1.675707,-2.472136,-4.702282,-0.126107,1,0.001000
0.199550,1.000000,0.403280,1.675707,-2.231929,-4.702282,-0.126107,1,0.001000
0.199600,1.000000,0.372312,1.675707,-1.989519,-4.702282,-0.126107,1,0.001000
0.199650,1.000000,0.335622,1.675707,-1.745146,-4.702282,-0.126107,1,0.001000
0.199700,1.000000,0.293239,1.675707,-1.499051,-4.702282,-0.126107,1,0.001000
0.199750,1.000000,0.245196,1.675707,-1.251476,-4.702282,-0.126107,1,0.001000
0.199800,1.000000,0.191533,1.675707,-1.002666,-4.702282,-0.126107,1,0.001000
0.199850,1.000000,0.132297,1.675707,-0.752867,-4.702282,-0.126107,1,0.001000
0.199900,1.000000,0.067537,1.675707,-0.502324,-4.702282,-0.126107,1,0.001000
0.199950,1.000000,-0.002690,1.675707,-0.251286,-4.702282,-0.126107,1,0.001000
0.200000,1.000000,0.060688,2.533774,0.000000,0.000000,0.105574,1,0.001000
0.200050,1.000000,0.116992,2.533774,0.251286,0.000000,0.105574,1,0.001000
0.200100,1.000000,0.166316,2.533774,0.502324,0.000000,0.105574,1,0.001000
0.200150,1.000000,0.208759,2.533774,0.752867,0.000000,0.105574,1,0.001000
0.200200,1.000000,0.244427,2.533774,1.002666,0.000000,0.105574,1,0.001000
0.200250,1.000000,0.273430,2.533774,1.251476,0.000000,0.105574,1,0.001000
0.200300,1.000000,0.295880,2.533774,1.499051,0.000000,0.105574,1,0.001000
0.200350,1.000000,0.311897,2.533774,1.745146,0.000000,0.105574,1,0.001000
0.200400,1.000000,0.321605,2.533774,1.989519,0.000000,0.105574,1,0.001000
0.200450,1.000000,0.325131,2.533774,2.231929,0.000000,0.105574,1,0.001000
0.200500,1.000000,0.322608,2.533774,2.472136,0.000000,0.105574,1,0.001000
0.200550,1.000000,0.314172,2.533774,2.709903,0.000000,0.105574,1,0.001000
0.200600,1.000000,0.299964,2.533774,2.944996,0.000000,0.105574,1,0.001000
0.200650,1.000000,0.280129,2.533774,3.177183,0.000000,0.105574,1,0.001000
0.200700,1.000000,0.254816,2.533774,3.406234,0.000000,0.105574,1,0.001000
0.200750,1.000000,0.224177,2.533774,3.631924,0.000000,0.105574,1,0.001000
0.200800,1.000000,0.188369,2.533774,3.854029,0.000000,0.105574,1,0.001000
0.200850,1.000000,0.147550,2.533774,4.072331,0.000000,0.105574,1,0.001000
0.200900,1.000000,0.101885,2.533774,4.286614,0.000000,0.105574,1,0.001000
0.200950,1.000000,0.051539,2.533774,4.496667,0.000000,0.105574,1,0.001000
0.201000,1.000000,0.116270,2.615009,4.702282,4.702282,0.304887,1,0.001000
0.201050,1.000000,0.175167,2.615009,4.903256,4.702282,0.304887,1,0.001000
0.201100,1.000000,0.228425,2.615009,5.099392,4.702282,0.304887,1,0.001000
0.201150,1.000000,0.276240,2.615009,5.290495,4.702282,0.304887,1,0.001000
0.201200,1.000000,0.318810,2.615009,5.476377,4.702282,0.304887,1,0.001000
0.201250,1.000000,0.356335,2.615009,5.656854,4.702282,0.304887,1,0.001000
0.201300,1.000000,0.389020,2.615009,5.831749,4.702282,0.304887,1,0.001000
0.201350,1.000000,0.417067,2.615009,6.000889,4.702282,0.304887,1,0.001000
0.201400,1.000000,0.440683,2.615009,6.164106,4.702282,0.304887,1,0.001000
0.201450,1.000000,0.460076,2.615009,6.321240,4.702282,0.304887,1,0.001000
0.201500,1.000000,0.475454,2.615009,6.472136,4.702282,0.304887,1,0.001000
0.201550,1.000000,0.487027,2.615009,6.616645,4.702282,0.304887,1,0.001000
0.201600,1.000000,0.495006,2.615009,6.754623,4.702282,0.304887,1,0.001000
0.201650,1.000000,0.499602,2.615009,6.885936,4.702282,0.304887,1,0.001000
0.201700,1.000000,0.501028,2.615009,7.010453,4.702282,0.304887,1,0.001000
0.201750,1.000000,0.499496,2.615009,7.128052,4.702282,0.304887,1,0.001000
0.201800,1.000000,0.495219,2.615009,7.238616,4.702282,0.304887,1,0.001000
0.201850,1.000000,0.488410,2.615009,7.342037,4.702282,0.304887,1,0.001000
0.201900,1.000000,0.479282,2.615009,7.438212,4.702282,0.304887,1,0.001000
0.201950,1.000000,0.468047,2.615009,7.527046,4.702282,0.304887,1,0.001000
0.202000,1.000000,0.509406,1.888382,7.608452,7.608452,0.395701,1,0.001000
0.202050,1.000000,0.548401,1.888382,7.682349,7.608452,0.395701,1,0.001000
0.202100,1.000000,0.585250,1.888382,7.748665,7.608452,0.395701,1,0.001000
0.202150,1.000000,0.620172,1.888382,7.807334,7.608452,0.395701,1,0.001000
0.202200,1.000000,0.653383,1.888382,7.858298,7.608452,0.395701,1,0.001000
0.202250,1.000000,0.685099,1.888382,7.901507,7.608452,0.395701,1,0.001000
0.202300,1.000000,0.715533,1.888382,7.936918,7.608452,0.395701,1,0.001000
0.202350,1.000000,0.744898,1.888382,7.964496,7.608452,0.395701,1,0.001000
0.202400,1.000000,0.773402,1.888382,7.984214,7.608452,0.395701,1,0.001000
0.202450,1.000000,0.801254,1.888382,7.996052,7.608452,0.395701,1,0.001000
0.202500,1.000000,0.828659,1.888382,8.000000,7.608452,0.395701,1,0.001000
0.202550,1.000000,0.855820,1.888382,7.996052,7.608452,0.395701,1,0.001000
0.202600,1.000000,0.882938,1.888382,7.984214,7.608452,0.395701,1,0.001000
0.202650,1.000000,0.910210,1.888382,7.964496,7.608452,0.395701,1,0.001000
0.202700,1.000000,0.937830,1.888382,7.936918,7.608452,0.395701,1,0.001000
0.202750,1.000000,0.965991,1.888382,7.901507,7.608452,0.395701,1,0.001000
0.202800,1.000000,0.994879,1.888382,7.858298,7.608452,0.395701,1,0.001000
0.202850,1.000000,1.024681,1.888382,7.807334,7.608452,0.395701,1,0.001000
0.202900,1.000000,1.055576,1.888382,7.748665,7.608452,0.395701,1,0.001000
0.202950,1.000000,1.087744,1.888382,7.682349,7.608452,0.395701,1,0.001000
0.203000,1.000000,1.089933,0.631441,7.608452,7.608452,0.343329,1,0.001000
0.203050,1.000000,1.094130,0.631441,7.527046,7.608452,0.343329,1,0.001000
0.203100,1.000000,1.100495,0.631441,7.438212,7.608452,0.343329,1,0.001000
0.203150,1.000000,1.109186,0.631441,7.342037,7.608452,0.343329,1,0.001000
0.203200,1.000000,1.120353,0.631441,7.238616,7.608452,0.343329,1,0.001000
0.203250,1.000000,1.134144,0.631441,7.128052,7.608452,0.343329,1,0.001000
0.203300,1.000000,1.150703,0.631441,7.010453,7.608452,0.343329,1,0.001000
0.203350,1.000000,1.170169,0.631441,6.885936,7.608452,0.343329,1,0.001000
0.203400,1.000000,1.192673,0.631441,6.754623,7.608452,0.343329,1,0.001000
0.203450,1.000000,1.218346,0.631441,6.616645,7.608452,0.343329,1,0.001000
0.203500,1.000000,1.247311,0.631441,6.472136,7.608452,0.343329,1,0.001000
0.203550,1.000000,1.279686,0.631441,6.321240,7.608452,0.343329,1,0.001000
0.203600,1.000000,1.315584,0.631441,6.164106,7.608452,0.343329,1,0.001000
0.203650,1.000000,1.355114,0.631441,6.000889,7.608452,0.343329,1,0.001000
0.203700,1.000000,1.398379,0.631441,5.831749,7.608452,0.343329,1,0.001000
0.203750,1.000000,1.445475,0.631441,5.656854,7.608452,0.343329,1,0.001000
0.203800,1.000000,1.496495,0.631441,5.476377,7.608452,0.343329,1,0.001000
0.203850,1.000000,1.551524,0.631441,5.290495,7.608452,0.343329,1,0.001000
0.203900,1.000000,1.610642,0.631441,5.099392,7.608452,0.343329,1,0.001000
0.203950,1.000000,1.673925,0.631441,4.903256,7.608452,0.343329,1,0.001000
0.204000,1.000000,1.636108,-0.675707,4.702282,4.702282,0.167774,1,0.001000
0.204050,1.000000,1.603905,-0.675707,4.496667,4.702282,0.167774,1,0.001000
0.204100,1.000000,1.577355,-0.675707,4.286614,4.702282,0.167774,1,0.001000
0.204150,1.000000,1.556494,-0.675707,4.072331,4.702282,0.167774,1,0.001000
0.204200,1.000000,1.541351,-0.675707,3.854029,4.702282,0.167774,1,0.001000
0.204250,1.000000,1.531951,-0.675707,3.631924,4.702282,0.167774,1,0.001000
0.204300,1.000000,1.528310,-0.675707,3.406234,4.702282,0.167774,1,0.001000
0.204350,1.000000,1.530441,-0.675707,3.177183,4.702282,0.167774,1,0.001000
0.204400,1.000000,1.538350,-0.675707,2.944996,4.702282,0.167774,1,0.001000
0.204450,1.000000,1.552037,-0.675707,2.709903,4.702282,0.167774,1,0.001000
0.204500,1.000000,1.571498,-0.675707,2.472136,4.702282,0.167774,1,0.001000
0.204550,1.000000,1.596720,-0.675707,2.231929,4.702282,0.167774,1,0.001000
0.204600,1.000000,1.627688,-0.675707,1.989519,4.702282,0.167774,1,0.001000
0.204650,1.000000,1.664377,-0.675707,1.745146,4.702282,0.167774,1,0.001000
0.204700,1.000000,1.706761,-0.675707,1.499051,4.702282,0.167774,1,0.001000
0.204750,1.000000,1.754804,-0.675707,1.251476,4.702282,0.167774,1,0.001000
0.204800,1.000000,1.808466,-0.675707,1.002666,4.702282,0.167774,1,0.001000
0.204850,1.000000,1.867703,-0.675707,0.752867,4.702282,0.167774,1,0.001000
0.204900,1.000000,1.932463,-0.675707,0.502324,4.702282,0.167774,1,0.001000
0.204950,1.000000,2.002690,-0.675707,0.251286,4.702282,0.167774,1,0.001000
0.205000,1.000000,1.939312,-1.533774,-0.000000,-0.000000,-0.063907,1,0.001000
0.205050,1.000000,1.883008,-1.533774,-0.251286,-0.000000,-0.063907,1,0.001000
0.205100,1.000000,1.833684,-1.533774,-0.502324,-0.000000,-0.063907,1,0.001000
0.205150,1.000000,1.791241,-1.533774,-0.752867,-0.000000,-0.063907,1,0.001000
0.205200,1.000000,1.755572,-1.533774,-1.002666,-0.000000,-0.063907,1,0.001000
0.205250,1.000000,1.726570,-1.533774,-1.251476,-0.000000,-0.063907,1,0.001000
0.205300,1.000000,1.704120,-1.533774,-1.499051,-0.000000,-0.063907,1,0.001000
0.205350,1.000000,1.688103,-1.533774,-1.745146,-0.000000,-0.063907,1,0.001000
0.205400,1.000000,1.678395,-1.533774,-1.989519,-0.000000,-0.063907,1,0.001000
0.205450,1.000000,1.674869,-1.533774,-2.231929,-0.000000,-0.063907,1,0.001000
0.205500,1.000000,1.677392,-1.533774,-2.472136,-0.000000,-0.063907,1,0.001000
0.205550,1.000000,1.685828,-1.533774,-2.709903,-0.000000,-0.063907,1,0.001000
0.205600,1.000000,1.700036,-1.533774,-2.944996,-0.000000,-0.063907,1,0.001000
0.205650,1.000000,1.719871,-1.533774,-3.177183,-0.000000,-0.063907,1,0.001000
0.205700,1.000000,1.745184,-1.533774,-3.406234,-0.000000,-0.063907,1,0.001000
0.205750,1.000000,1.775823,-1.533774,-3.631924,-0.000000,-0.063907,1,0.001000
0.205800,1.000000,1.811631,-1.533774,-3.854029,-0.000000,-0.063907,1,0.001000
0.205850,1.000000,1.852450,-1.533774,-4.072331,-0.000000,-0.063907,1,0.001000
0.205900,1.000000,1.898115,-1.533774,-4.286614,-0.000000,-0.063907,1,0.001000
0.205950,1.000000,1.948461,-1.533774,-4.496667,-0.000000,-0.063907,1,0.001000
0.206000,1.000000,1.883730,-1.615009,-4.702282,-4.702282,-0.263220,1,0.001000
0.206050,1.000000,1.824833,-1.615009,-4.903256,-4.702282,-0.263220,1,0.001000
0.206100,1.000000,1.771575,-1.615009,-5.099392,-4.702282,-0.263220,1,0.001000
0.206150,1.000000,1.723760,-1.615009,-5.290495,-4.702282,-0.263220,1,0.001000
0.206200,1.000000,1.681190,-1.615009,-5.476377,-4.702282,-0.263220,1,0.001000
0.206250,1.000000,1.643664,-1.615009,-5.656854,-4.702282,-0.263220,1,0.001000
0.206300,1.000000,1.610980,-1.615009,-5.831749,-4.702282,-0.263220,1,0.001000
0.206350,1.000000,1.582933,-1.615009,-6.000889,-4.702282,-0.263220,1,0.001000
0.206400,1.000000,1.559316,-1.615009,-6.164106,-4.702282,-0.263220,1,0.001000
0.206450,1.000000,1.539924,-1.615009,-6.321240,-4.702282,-0.263220,1,0.001000
0.206500,1.000000,1.524546,-1.615009,-6.472136,-4.702282,-0.263220,1,0.001000
0.206550,1.000000,1.512973,-1.615009,-6.616645,-4.702282,-0.263220,1,0.001000
0.206600,1.000000,1.504994,-1.615009,-6.754623,-4.702282,-0.263220,1,0.001000
0.206650,1.000000,1.500398,-1.615009,-6.885936,-4.702282,-0.263220,1,0.001000
0.206700,1.000000,1.498972,-1.615009,-7.010453,-4.702282,-0.263220,1,0.001000
0.206750,1.000000,1.500504,-1.615009,-7.128052,-4.702282,-0.263220,1,0.001000
0.206800,1.000000,1.504781,-1.615009,-7.238616,-4.702282,-0.263220,1,0.001000
0.206850,1.000000,1.511589,-1.615009,-7.342037,-4.702282,-0.263220,1,0.001000
0.206900,1.000000,1.520718,-1.615009,-7.438212,-4.702282,-0.263220,1,0.001000
0.206950,1.000000,1.531952,-1.615009,-7.527046,-4.702282,-0.263220,1,0.001000
0.207000,1.000000,1.490594,-0.888382,-7.608452,-7.608452,-0.354035,1,0.001000
0.207050,1.000000,1.451599,-0.888382,-7.682349,-7.608452,-0.354035,1,0.001000
0.207100,1.000000,1.414750,-0.888382,-7.748665,-7.608452,-0.354035,1,0.001000
0.207150,1.000000,1.379828,-0.888382,-7.807334,-7.608452,-0.354035,1,0.001000
0.207200,1.000000,1.346617,-0.888382,-7.858298,-7.608452,-0.354035,1,0.001000
0.207250,1.000000,1.314901,-0.888382,-7.901507,-7.608452,-0.354035,1,0.001000
0.207300,1.000000,1.284467,-0.888382,-7.936918,-7.608452,-0.354035,1,0.001000
0.207350,1.000000,1.255102,-0.888382,-7.964496,-7.608452,-0.354035,1,0.001000
0.207400,1.000000,1.226598,-0.888382,-7.984214,-7.608452,-0.354035,1,0.001000
0.207450,1.000000,1.198746,-0.888382,-7.996052,-7.608452,-0.354035,1,0.001000
0.207500,1.000000,1.171341,-0.888382,-8.000000,-7.608452,-0.354035,1,0.001000
0.207550,1.000000,1.144179,-0.888382,-7.996052,-7.608452,-0.354035,1,0.001000
0.207600,1.000000,1.117062,-0.888382,-7.984214,-7.608452,-0.354035,1,0.001000
0.207650,1.000000,1.089790,-0.888382,-7.964496,-7.608452,-0.354035,1,0.001000
0.207700,1.000000,1.062170,-0.888382,-7.936918,-7.608452,-0.354035,1,0.001000
0.207750,1.000000,1.034009,-0.888382,-7.901507,-7.608452,-0.354035,1,0.001000
0.207800,1.000000,1.005121,-0.888382,-7.858298,-7.608452,-0.354035,1,0.001000
0.207850,1.000000,0.975319,-0.888382,-7.807334,-7.608452,-0.354035,1,0.001000
0.207900,1.000000,0.944424,-0.888382,-7.748665,-7.608452,-0.354035,1,0.001000
0.207950,1.000000,0.912256,-0.888382,-7.682349,-7.608452,-0.354035,1,0.001000
0.208000,1.000000,0.910067,0.368559,-7.608452,-7.608452,-0.301662,1,0.001000
0.208050,1.000000,0.905870,0.368559,-7.527046,-7.608452,-0.301662,1,0.001000
0.208100,1.000000,0.899504,0.368559,-7.438212,-7.608452,-0.301662,1,0.001000
0.208150,1.000000,0.890814,0.368559,-7.342037,-7.608452,-0.301662,1,0.001000
0.208200,1.000000,0.879647,0.368559,-7.238616,-7.608452,-0.301662,1,0.001000
0.208250,1.000000,0.865856,0.368559,-7.128052,-7.608452,-0.301662,1,0.001000
0.208300,1.000000,0.849296,0.368559,-7.010453,-7.608452,-0.301662,1,0.001000
0.208350,1.000000,0.829831,0.368559,-6.885936,-7.608452,-0.301662,1,0.001000
0.208400,1.000000,0.807327,0.368559,-6.754623,-7.608452,-0.301662,1,0.001000
0.208450,1.000000,0.781654,0.368559,-6.616645,-7.608452,-0.301662,1,0.001000
0.208500,1.000000,0.752689,0.368559,-6.472136,-7.608452,-0.301662,1,0.001000
0.208550,1.000000,0.720314,0.368559,-6.321240,-7.608452,-0.301662,1,0.001000
0.208600,1.000000,0.684416,0.368559,-6.164106,-7.608452,-0.301662,1,0.001000
0.208650,1.000000,0.644885,0.368559,-6.000889,-7.608452,-0.301662,1,0.001000
0.208700,1.000000,0.601621,0.368559,-5.831749,-7.608452,-0.301662,1,0.001000
0.208750,1.000000,0.554525,0.368559,-5.656854,-7.608452,-0.301662,1,0.001000
0.208800,1.000000,0.503505,0.368559,-5.476377,-7.608452,-0.301662,1,0.001000
0.208850,1.000000,0.448476,0.368559,-5.290495,-7.608452,-0.301662,1,0.001000
0.208900,1.000000,0.389358,0.368559,-5.099392,-7.608452,-0.301662,1,0.001000
0.208950,1.000000,0.326075,0.368559,-4.903256,-7.608452,-0.301662,1,0.001000
0.209000,1.000000,0.363892,1.675707,-4.702282,-4.702282,-0.126107,1,0.001000
0.209050,1.000000,0.396095,1.675707,-4.496667,-4.702282,-0.126107,1,0.001000
0.209100,1.000000,0.422645,1.675707,-4.286614,-4.702282,-0.126107,1,0.001000
0.209150,1.000000,0.443506,1.675707,-4.072331,-4.702282,-0.126107,1,0.001000
0.209200,1.000000,0.458648,1.675707,-3.854029,-4.702282,-0.126107,1,0.001000
0.209250,1.000000,0.468049,1.675707,-3.631924,-4.702282,-0.126107,1,0.001000
0.209300,1.000000,0.471690,1.675707,-3.406234,-4.702282,-0.126107,1,0.001000
0.209350,1.000000,0.469559,1.675707,-3.177183,-4.702282,-0.126107,1,0.001000
0.209400,1.000000,0.461650,1.675707,-2.944996,-4.702282,-0.126107,1,0.001000
0.209450,1.000000,0.447963,1.675707,-2.709903,-4.702282,-0.126107,1,0.001000
0.209500,1.000000,0.428502,1.675707,-2.472136,-4.702282,-0.126107,1,0.001000
0.209550,1.000000,0.403280,1.675707,-2.231929,-4.702282,-0.126107,1,0.001000
0.209600,1.000000,0.372312,1.675707,-1.989519,-4.702282,-0.126107,1,0.001000
0.209650,1.000000,0.335623,1.675707,-1.745146,-4.702282,-0.126107,1,0.001000
0.209700,1.000000,0.293239,1.675707,-1.499051,-4.702282,-0.126107,1,0.001000
0.209750,1.000000,0.245196,1.675707,-1.251476,-4.702282,-0.126107,1,0.001000
0.209800,1.000000,0.191533,1.675707,-1.002666,-4.702282,-0.126107,1,0.001000
0.209850,1.000000,0.132297,1.675707,-0.752867,-4.702282,-0.126107,1,0.001000
0.209900,1.000000,0.067537,1.675707,-0.502324,-4.702282,-0.126107,1,0.001000
0.209950,1.000000,-0.002690,1.675707,-0.251286,-4.702282,-0.126107,1,0.001000
0.210000,1.000000,0.060688,2.533774,0.000000,0.000000,0.105574,1,0.001000
0.210050,1.000000,0.116992,2.533774,0.251286,0.000000,0.105574,1,0.001000
0.210100,1.000000,0.166316,2.533774,0.502324,0.000000,0.105574,1,0.001000
0.210150,1.000000,0.208759,2.533774,0.752867,0.000000,0.105574,1,0.001000
0.210200,1.000000,0.244428,2.533774,1.002666,0.000000,0.105574,1,0.001000
0.210250,1.000000,0.273430,2.533774,1.251476,0.000000,0.105574,1,0.001000
0.210300,1.000000,0.295880,2.533774,1.499051,0.000000,0.105574,1,0.001000
0.210350,1.000000,0.311897,2.533774,1.745146,0.000000,0.105574,1,0.001000
0.210400,1.000000,0.321605,2.533774,1.989519,0.000000,0.105574,1,0.001000
0.210450,1.000000,0.325131,2.533774,2.231929,0.000000,0.105574,1,0.001000
0.210500,1.000000,0.322608,2.533774,2.472136,0.000000,0.105574,1,0.001000
0.210550,1.000000,0.314172,2.533774,2.709903,0.000000,0.105574,1,0.001000
0.210600,1.000000,0.299964,2.533774,2.944996,0.000000,0.105574,1,0.001000
0.210650,1.000000,0.280129,2.533774,3.177183,0.000000,0.105574,1,0.001000
0.210700,1.000000,0.254816,2.533774,3.406234,0.000000,0.105574,1,0.001000
0.210750,1.000000,0.224177,2.533774,3.631924,0.000000,0.105574,1,0.001000
0.210800,1.000000,0.188369,2.533774,3.854029,0.000000,0.105574,1,0.001000
0.210850,1.000000,0.147550,2.533774,4.072331,0.000000,0.105574,1,0.001000
0.210900,1.000000,0.101885,2.533774,4.286614,0.000000,0.105574,1,0.001000
0.210950,1.000000,0.051539,2.533774,4.496667,0.000000,0.105574,1,0.001000
0.211000,1.000000,0.116270,2.615009,4.702282,4.702282,0.304887,1,0.001000
0.211050,1.000000,0.175167,2.615009,4.903256,4.702282,0.304887,1,0.001000
0.211100,1.000000,0.228425,2.615009,5.099392,4.702282,0.304887,1,0.001000
0.211150,1.000000,0.276240,2.615009,5.290495,4.702282,0.304887,1,0.001000
0.211200,1.000000,0.318810,2.615009,5.476377,4.702282,0.304887,1,0.001000
0.211250,1.000000,0.356335,2.615009,5.656854,4.702282,0.304887,1,0.001000
0.211300,1.000000,0.389020,2.615009,5.831749,4.702282,0.304887,1,0.001000
0.211350,1.000000,0.417067,2.615009,6.000889,4.702282,0.304887,1,0.001000
0.211400,1.000000,0.440683,2.615009,6.164106,4.702282,0.304887,1,0.001000
0.211450,1.000000,0.460076,2.615009,6.321240,4.702282,0.304887,1,0.001000
0.211500,1.000000,0.475454,2.615009,6.472136,4.702282,0.304887,1,0.001000
0.211550,1.000000,0.487027,2.615009,6.616645,4.702282,0.304887,1,0.001000
0.211600,1.000000,0.495006,2.615009,6.754623,4.702282,0.304887,1,0.001000
0.211650,1.000000,0.499602,2.615009,6.885936,4.702282,0.304887,1,0.001000
0.211700,1.000000,0.501028,2.615009,7.010453,4.702282,0.304887,1,0.001000
0.211750,1.000000,0.499496,2.615009,7.128052,4.702282,0.304887,1,0.001000
0.211800,1.000000,0.495219,2.615009,7.238616,4.702282,0.304887,1,0.001000
0.211850,1.000000,0.488410,2.615009,7.342037,4.702282,0.304887,1,0.001000
0.211900,1.000000,0.479282,2.615009,7.438212,4.702282,0.304887,1,0.001000
0.211950,1.000000,0.468047,2.615009,7.527046,4.702282,0.304887,1,0.001000
0.212000,1.000000,0.509406,1.888382,7.608452,7.608452,0.395701,1,0.001000
0.212050,1.000000,0.548401,1.888382,7.682349,7.608452,0.395701,1,0.001000
0.212100,1.000000,0.585250,1.888382,7.748665,7.608452,0.395701,1,0.001000
0.212150,1.000000,0.620172,1.888382,7.807334,7.608452,0.395701,1,0.001000
0.212200,1.000000,0.653383,1.888382,7.858298,7.608452,0.395701,1,0.001000
0.212250,1.000000,0.685099,1.888382,7.901507,7.608452,0.395701,1,0.001000
0.212300,1.000000,0.715533,1.888382,7.936918,7.608452,0.395701,1,0.001000
0.212350,1.000000,0.744898,1.888382,7.964496,7.608452,0.395701,1,0.001000
0.212400,1.000000,0.773402,1.888382,7.984214,7.608452,0.395701,1,0.001000
0.212450,1.000000,0.801254,1.888382,7.996052,7.608452,0.395701,1,0.001000
0.212500,1.000000,0.828659,1.888382,8.000000,7.608452,0.395701,1,0.001000
0.212550,1.000000,0.855820,1.888382,7.996052,7.608452,0.395701,1,0.001000
0.212600,1.000000,0.882938,1.888382,7.984214,7.608452,0.395701,1,0.001000
0.212650,1.000000,0.910210,1.888382,7.964496,7.608452,0.395701,1,0.001000
0.212700,1.000000,0.937830,1.888382,7.936918,7.608452,0.395701,1,0.001000
0.212750,1.000000,0.965991,1.888382,7.901507,7.608452,0.395701,1,0.001000
0.212800,1.000000,0.994879,1.888382,7.858298,7.608452,0.395701,1,0.001000
0.212850,1.000000,1.024681,1.888382,7.807334,7.608452,0.395701,1,0.001000
0.212900,1.000000,1.055576,1.888382,7.748665,7.608452,0.395701,1,0.001000
0.212950,1.000000,1.087744,1.888382,7.682349,7.608452,0.395701,1,0.001000
0.213000,1.000000,1.089933,0.631441,7.608452,7.608452,0.343329,1,0.001000
0.213050,1.000000,1.094130,0.631441,7.527046,7.608452,0.343329,1,0.001000
0.213100,1.000000,1.100495,0.631441,7.438212,7.608452,0.343329,1,0.001000
0.213150,1.000000,1.109186,0.631441,7.342037,7.608452,0.343329,1,0.001000
0.213200,1.000000,1.120353,0.631441,7.238616,7.608452,0.343329,1,0.001000
0.213250,1.000000,1.134144,0.631441,7.128052,7.608452,0.343329,1,0.001000
0.213300,1.000000,1.150703,0.631441,7.010453,7.608452,0.343329,1,0.001000
0.213350,1.000000,1.170169,0.631441,6.885936,7.608452,0.343329,1,0.001000
0.213400,1.000000,1.192673,0.631441,6.754623,7.608452,0.343329,1,0.001000
0.213450,1.000000,1.218346,0.631441,6.616645,7.608452,0.343329,1,0.001000
0.213500,1.000000,1.247311,0.631441,6.472136,7.608452,0.343329,1,0.001000
0.213550,1.000000,1.279686,0.631441,6.321240,7.608452,0.343329,1,0.001000
0.213600,1.000000,1.315584,0.631441,6.164106,7.608452,0.343329,1,0.001000
0.213650,1.000000,1.355114,0.631441,6.000889,7.608452,0.343329,1,0.001000
0.213700,1.000000,1.398379,0.631441,5.831749,7.608452,0.343329,1,0.001000
0.213750,1.000000,1.445475,0.631441,5.656854,7.608452,0.343329,1,0.001000
0.213800,1.000000,1.496495,0.631441,5.476377,7.608452,0.343329,1,0.001000
0.213850,1.000000,1.551524,0.631441,5.290495,7.608452,0.343329,1,0.001000
0.213900,1.000000,1.610642,0.631441,5.099392,7.608452,0.343329,1,0.001000
0.213950,1.000000,1.673925,0.631441,4.903256,7.608452,0.343329,1,0.001000
0.214000,1.000000,1.636108,-0.675707,4.702282,4.702282,0.167774,1,0.001000
0.214050,1.000000,1.603905,-0.675707,4.496667,4.702282,0.167774,1,0.001000
0.214100,1.000000,1.577355,-0.675707,4.286614,4.702282,0.167774,1,0.001000
0.214150,1.000000,1.556494,-0.675707,4.072331,4.702282,0.167774,1,0.001000
0.214200,1.000000,1.541351,-0.675707,3.854029,4.702282,0.167774,1,0.001000
0.214250,1.000000,1.531951,-0.675707,3.631924,4.702282,0.167774,1,0.001000
0.214300,1.000000,1.528310,-0.675707,3.406234,4.702282,0.167774,1,0.001000
0.214350,1.000000,1.530441,-0.675707,3.177183,4.702282,0.167774,1,0.001000
0.214400,1.000000,1.538350,-0.675707,2.944996,4.702282,0.167774,1,0.001000
0.214450,1.000000,1.552037,-0.675707,2.709903,4.702282,0.167774,1,0.001000
0.214500,1.000000,1.571498,-0.675707,2.472136,4.702282,0.167774,1,0.001000
0.214550,1.000000,1.596720,-0.675707,2.231929,4.702282,0.167774,1,0.001000
0.214600,1.000000,1.627688,-0.675707,1.989519,4.702282,0.167774,1,0.001000
0.214650,1.000000,1.664377,-0.675707,1.745146,4.702282,0.167774,1,0.001000
0.214700,1.000000,1.706761,-0.675707,1.499051,4.702282,0.167774,1,0.001000
0.214750,1.000000,1.754804,-0.675707,1.251476,4.702282,0.167774,1,0.001000
0.214800,1.000000,1.808466,-0.675707,1.002666,4.702282,0.167774,1,0.001000
0.214850,1.000000,1.867703,-0.675707,0.752867,4.702282,0.167774,1,0.001000
0.214900,1.000000,1.932463,-0.675707,0.502324,4.702282,0.167774,1,0.001000
0.214950,1.000000,2.002690,-0.675707,0.251286,4.702282,0.167774,1,0.001000
0.215000,1.000000,1.939312,-1.533774,0.000000,0.000000,-0.063907,1,0.001000
0.215050,1.000000,1.883008,-1.533774,-0.251286,0.000000,-0.063907,1,0.001000
0.215100,1.000000,1.833684,-1.533774,-0.502324,0.000000,-0.063907,1,0.001000
0.215150,1.000000,1.791241,-1.533774,-0.752867,0.000000,-0.063907,1,0.001000
0.215200,1.000000,1.755572,-1.533774,-1.002666,0.000000,-0.063907,1,0.001000
0.215250,1.000000,1.726570,-1.533774,-1.251476,0.000000,-0.063907,1,0.001000
0.215300,1.000000,1.704120,-1.533774,-1.499051,0.000000,-0.063907,1,0.001000
0.215350,1.000000,1.688103,-1.533774,-1.745146,0.000000,-0.063907,1,0.001000
0.215400,1.000000,1.678395,-1.533774,-1.989519,0.000000,-0.063907,1,0.001000
0.215450,1.000000,1.674869,-1.533774,-2.231929,0.000000,-0.063907,1,0.001000
0.215500,1.000000,1.677392,-1.533774,-2.472136,0.000000,-0.063907,1,0.001000
0.215550,1.000000,1.685828,-1.533774,-2.709903,0.000000,-0.063907,1,0.001000
0.215600,1.000000,1.700036,-1.533774,-2.944996,0.000000,-0.063907,1,0.001000
0.215650,1.000000,1.719871,-1.533774,-3.177183,0.000000,-0.063907,1,0.001000
0.215700,1.000000,1.745184,-1.533774,-3.406234,0.000000,-0.063907,1,0.001000
0.215750,1.000000,1.775823,-1.533774,-3.631924,0.000000,-0.063907,1,0.001000
0.215800,1.000000,1.811631,-1.533774,-3.854029,0.000000,-0.063907,1,0.001000
0.215850,1.000000,1.852450,-1.533774,-4.072331,0.000000,-0.063907,1,0.001000
0.215900,1.000000,1.898115,-1.533774,-4.286614,0.000000,-0.063907,1,0.001000
0.215950,1.000000,1.948461,-1.533774,-4.496667,0.000000,-0.063907,1,0.001000
0.216000,1.000000,1.883730,-1.615009,-4.702282,-4.702282,-0.263220,1,0.001000
0.216050,1.000000,1.824833,-1.615009,-4.903256,-4.702282,-0.263220,1,0.001000
0.216100,1.000000,1.771575,-1.615009,-5.099392,-4.702282,-0.263220,1,0.001000
0.216150,1.000000,1.723760,-1.615009,-5.290495,-4.702282,-0.263220,1,0.001000
0.216200,1.000000,1.681190,-1.615009,-5.476377,-4.702282,-0.263220,1,0.001000
0.216250,1.000000,1.643664,-1.615009,-5.656854,-4.702282,-0.263220,1,0.001000
0.216300,1.000000,1.610980,-1.615009,-5.831749,-4.702282,-0.263220,1,0.001000
0.216350,1.000000,1.582933,-1.615009,-6.000889,-4.702282,-0.263220,1,0.001000
0.216400,1.000000,1.559317,-1.615009,-6.164106,-4.702282,-0.263220,1,0.001000
0.216450,1.000000,1.539924,-1.615009,-6.321240,-4.702282,-0.263220,1,0.001000
0.216500,1.000000,1.524546,-1.615009,-6.472136,-4.702282,-0.263220,1,0.001000
0.216550,1.000000,1.512973,-1.615009,-6.616645,-4.702282,-0.263220,1,0.001000
0.216600,1.000000,1.504994,-1.615009,-6.754623,-4.702282,-0.263220,1,0.001000
0.216650,1.000000,1.500398,-1.615009,-6.885936,-4.702282,-0.263220,1,0.001000
0.216700,1.000000,1.498972,-1.615009,-7.010453,-4.702282,-0.263220,1,0.001000
0.216750,1.000000,1.500504,-1.615009,-7.128052,-4.702282,-0.263220,1,0.001000
0.216800,1.000000,1.504781,-1.615009,-7.238616,-4.702282,-0.263220,1,0.001000
0.216850,1.000000,1.511589,-1.615009,-7.342037,-4.702282,-0.263220,1,0.001000
0.216900,1.000000,1.520718,-1.615009,-7.438212,-4.702282,-0.263220,1,0.001000
0.216950,1.000000,1.531953,-1.615009,-7.527046,-4.702282,-0.263220,1,0.001000
0.217000,1.000000,1.490594,-0.888382,-7.608452,-7.608452,-0.354035,1,0.001000
0.217050,1.000000,1.451599,-0.888382,-7.682349,-7.608452,-0.354035,1,0.001000
0.217100,1.000000,1.414750,-0.888382,-7.748665,-7.608452,-0.354035,1,0.001000
0.217150,1.000000,1.379828,-0.888382,-7.807334,-7.608452,-0.354035,1,0.001000
0.217200,1.000000,1.346617,-0.888382,-7.858298,-7.608452,-0.354035,1,0.001000
0.217250,1.000000,1.314901,-0.888382,-7.901507,-7.608452,-0.354035,1,0.001000
0.217300,1.000000,1.284467,-0.888382,-7.936918,-7.608452,-0.354035,1,0.001000
0.217350,1.000000,1.255102,-0.888382,-7.964496,-7.608452,-0.354035,1,0.001000
0.217400,1.000000,1.226598,-0.888382,-7.984214,-7.608452,-0.354035,1,0.001000
0.217450,1.000000,1.198746,-0.888382,-7.996052,-7.608452,-0.354035,1,0.001000
0.217500,1.000000,1.171341,-0.888382,-8.000000,-7.608452,-0.354035,1,0.001000
0.217550,1.000000,1.144179,-0.888382,-7.996052,-7.608452,-0.354035,1,0.001000
0.217600,1.000000,1.117062,-0.888382,-7.984214,-7.608452,-0.354035,1,0.001000
0.217650,1.000000,1.089790,-0.888382,-7.964496,-7.608452,-0.354035,1,0.001000
0.217700,1.000000,1.062170,-0.888382,-7.936918,-7.608452,-0.354035,1,0.001000
0.217750,1.000000,1.034009,-0.888382,-7.901507,-7.608452,-0.354035,1,0.001000
0.217800,1.000000,1.005121,-0.888382,-7.858298,-7.608452,-0.354035,1,0.001000
0.217850,1.000000,0.975319,-0.888382,-7.807334,-7.608452,-0.354035,1,0.001000
0.217900,1.000000,0.944424,-0.888382,-7.748665,-7.608452,-0.354035,1,0.001000
0.217950,1.000000,0.912256,-0.888382,-7.682349,-7.608452,-0.354035,1,0.001000
0.218000,1.000000,0.910067,0.368559,-7.608452,-7.608452,-0.301662,1,0.001000
0.218050,1.000000,0.905870,0.368559,-7.527046,-7.608452,-0.301662,1,0.001000
0.218100,1.000000,0.899505,0.368559,-7.438212,-7.608452,-0.301662,1,0.001000
0.218150,1.000000,0.890814,0.368559,-7.342037,-7.608452,-0.301662,1,0.001000
0.218200,1.000000,0.879647,0.368559,-7.238616,-7.608452,-0.301662,1,0.001000
0.218250,1.000000,0.865856,0.368559,-7.128052,-7.608452,-0.301662,1,0.001000
0.218300,1.000000,0.849296,0.368559,-7.010453,-7.608452,-0.301662,1,0.001000
0.218350,1.000000,0.829831,0.368559,-6.885936,-7.608452,-0.301662,1,0.001000
0.218400,1.000000,0.807327,0.368559,-6.754623,-7.608452,-0.301662,1,0.001000
0.218450,1.000000,0.781654,0.368559,-6.616645,-7.608452,-0.301662,1,0.001000
0.218500,1.000000,0.752689,0.368559,-6.472136,-7.608452,-0.301662,1,0.001000
0.218550,1.000000,0.720314,0.368559,-6.321240,-7.608452,-0.301662,1,0.001000
0.218600,1.000000,0.684416,0.368559,-6.164106,-7.608452,-0.301662,1,0.001000
0.218650,1.000000,0.644885,0.368559,-6.000889,-7.608452,-0.301662,1,0.001000
0.218700,1.000000,0.601621,0.368559,-5.831749,-7.608452,-0.301662,1,0.001000
0.218750,1.000000,0.554525,0.368559,-5.656854,-7.608452,-0.301662,1,0.001000
0.218800,1.000000,0.503505,0.368559,-5.476377,-7.608452,-0.301662,1,0.001000
0.218850,1.000000,0.448476,0.368559,-5.290495,-7.608452,-0.301662,1,0.001000
0.218900,1.000000,0.389358,0.368559,-5.099392,-7.608452,-0.301662,1,0.001000
0.218950,1.000000,0.326075,0.368559,-4.903256,-7.608452,-0.301662,1,0.001000
0.219000,1.000000,0.363892,1.675707,-4.702282,-4.702282,-0.126107,1,0.001000
0.219050,1.000000,0.396095,1.675707,-4.496667,-4.702282,-0.126107,1,0.001000
0.219100,1.000000,0.422645,1.675707,-4.286614,-4.702282,-0.126107,1,0.001000
0.219150,1.000000,0.443506,1.675707,-4.072331,-4.702282,-0.126107,1,0.001000
0.219200,1.000000,0.458648,1.675707,-3.854029,-4.702282,-0.126107,1,0.001000
0.219250,1.000000,0.468049,1.675707,-3.631924,-4.702282,-0.126107,1,0.001000
0.219300,1.000000,0.471690,1.675707,-3.406234,-4.702282,-0.126107,1,0.001000
0.219350,1.000000,0.469559,1.675707,-3.177183,-4.702282,-0.126107,1,0.001000
0.219400,1.000000,0.461650,1.675707,-2.944996,-4.702282,-0.126107,1,0.001000
0.219450,1.000000,0.447963,1.675707,-2.709903,-4.702282,-0.126107,1,0.001000
0.219500,1.000000,0.428502,1.675707,-2.472136,-4.702282,-0.126107,1,0.001000
0.219550,1.000000,0.403280,1.675707,-2.231929,-4.702282,-0.126107,1,0.001000
0.219600,1.000000,0.372312,1.675707,-1.989519,-4.702282,-0.126107,1,0.001000
0.219650,1.000000,0.335623,1.675707,-1.745146,-4.702282,-0.126107,1,0.001000
0.219700,1.000000,0.293239,1.675707,-1.499051,-4.702282,-0.126107,1,0.001000
0.219750,1.000000,0.245196,1.675707,-1.251476,-4.702282,-0.126107,1,0.001000
0.219800,1.000000,0.191534,1.675707,-1.002666,-4.702282,-0.126107,1,0.001000
0.219850,1.000000,0.132297,1.675707,-0.752867,-4.702282,-0.126107,1,0.001000
0.219900,1.000000,0.067537,1.675707,-0.502324,-4.702282,-0.126107,1,0.001000
0.219950,1.000000,-0.002690,1.675707,-0.251286,-4.702282,-0.126107,1,0.001000
0.220000,1.000000,0.060688,2.533774,0.000000,0.000000,0.105574,1,0.001000
0.220050,1.000000,0.116992,2.533774,0.251286,0.000000,0.105574,1,0.001000
0.220100,1.000000,0.166316,2.533774,0.502324,0.000000,0.105574,1,0.001000
0.220150,1.000000,0.208759,2.533774,0.752867,0.000000,0.105574,1,0.001000
0.220200,1.000000,0.244428,2.533774,1.002666,0.000000,0.105574,1,0.001000
0.220250,1.000000,0.273430,2.533774,1.251476,0.000000,0.105574,1,0.001000
0.220300,1.000000,0.295880,2.533774,1.499051,0.000000,0.105574,1,0.001000
0.220350,1.000000,0.311897,2.533774,1.745146,0.000000,0.105574,1,0.001000
0.220400,1.000000,0.321605,2.533774,1.989519,0.000000,0.105574,1,0.001000
0.220450,1.000000,0.325131,2.533774,2.231929,0.000000,0.105574,1,0.001000
0.220500,1.000000,0.322608,2.533774,2.472136,0.000000,0.105574,1,0.001000
0.220550,1.000000,0.314172,2.533774,2.709903,0.000000,0.105574,1,0.001000
0.220600,1.000000,0.299964,2.533774,2.944996,0.000000,0.105574,1,0.001000
0.220650,1.000000,0.280129,2.533774,3.177183,0.000000,0.105574,1,0.001000
0.220700,1.000000,0.254816,2.533774,3.406234,0.000000,0.105574,1,0.001000
0.220750,1.000000,0.224177,2.533774,3.631924,0.000000,0.105574,1,0.001000
0.220800,1.000000,0.188369,2.533774,3.854029,0.000000,0.105574,1,0.001000
0.220850,1.000000,0.147550,2.533774,4.072331,0.000000,0.105574,1,0.001000
0.220900,1.000000,0.101885,2.533774,4.286614,0.000000,0.105574,1,0.001000
0.220950,1.000000,0.051539,2.533774,4.496667,0.000000,0.105574,1,0.001000
0.221000,1.000000,0.116270,2.615009,4.702282,4.702282,0.304887,1,0.001000
0.221050,1.000000,0.175167,2.615009,4.903256,4.702282,0.304887,1,0.001000
0.221100,1.000000,0.228425,2.615009,5.099392,4.702282,0.304887,1,0.001000
0.221150,1.000000,0.276240,2.615009,5.290495,4.702282,0.304887,1,0.001000
0.221200,1.000000,0.318810,2.615009,5.476377,4.702282,0.304887,1,0.001000
0.221250,1.000000,0.356335,2.615009,5.656854,4.702282,0.304887,1,0.001000
0.221300,1.000000,0.389020,2.615009,5.831749,4.702282,0.304887,1,0.001000
0.221350,1.000000,0.417067,2.615009,6.000889,4.702282,0.304887,1,0.001000
0.221400,1.000000,0.440683,2.615009,6.164106,4.702282,0.304887,1,0.001000
0.221450,1.000000,0.460076,2.615009,6.321240,4.702282,0.304887,1,0.001000
0.221500,1.000000,0.475454,2.615009,6.472136,4.702282,0.304887,1,0.001000
0.221550,1.000000,0.487027,2.615009,6.616645,4.702282,0.304887,1,0.001000
0.221600,1.000000,0.495006,2.615009,6.754623,4.702282,0.304887,1,0.001000
0.221650,1.000000,0.499602,2.615009,6.885936,4.702282,0.304887,1,0.001000
0.221700,1.000000,0.501028,2.615009,7.010453,4.702282,0.304887,1,0.001000
0.221750,1.000000,0.499496,2.615009,7.128052,4.702282,0.304887,1,0.001000
0.221800,1.000000,0.495219,2.615009,7.238616,4.702282,0.304887,1,0.001000
0.221850,1.000000,0.488410,2.615009,7.342037,4.702282,0.304887,1,0.001000
0.221900,1.000000,0.479282,2.615009,7.438212,4.702282,0.304887,1,0.001000
0.221950,1.000000,0.468047,2.615009,7.527046,4.702282,0.304887,1,0.001000
0.222000,1.000000,0.509406,1.888382,7.608452,7.608452,0.395701,1,0.001000
0.222050,1.000000,0.548401,1.888382,7.682349,7.608452,0.395701,1,0.001000
0.222100,1.000000,0.585250,1.888382,7.748665,7.608452,0.395701,1,0.001000
0.222150,1.000000,0.620172,1.888382,7.807334,7.608452,0.395701,1,0.001000
0.222200,1.000000,0.653383,1.888382,7.858298,7.608452,0.395701,1,0.001000
0.222250,1.000000,0.685099,1.888382,7.901507,7.608452,0.395701,1,0.001000
0.222300,1.000000,0.715533,1.888382,7.936918,7.608452,0.395701,1,0.001000
0.222350,1.000000,0.744898,1.888382,7.964496,7.608452,0.395701,1,0.001000
0.222400,1.000000,0.773402,1.888382,7.984214,7.608452,0.395701,1,0.001000
0.222450,1.000000,0.801254,1.888382,7.996052,7.608452,0.395701,1,0.001000
0.222500,1.000000,0.828659,1.888382,8.000000,7.608452,0.395701,1,0.001000
0.222550,1.000000,0.855820,1.888382,7.996052,7.608452,0.395701,1,0.001000
0.222600,1.000000,0.882938,1.888382,7.984214,7.608452,0.395701,1,0.001000
0.222650,1.000000,0.910210,1.888382,7.964496,7.608452,0.395701,1,0.001000
0.222700,1.000000,0.937830,1.888382,7.936918,7.608452,0.395701,1,0.001000
0.222750,1.000000,0.965991,1.888382,7.901507,7.608452,0.395701,1,0.001000
0.222800,1.000000,0.994879,1.888382,7.858298,7.608452,0.395701,1,0.001000
0.222850,1.000000,1.024681,1.888382,7.807334,7.608452,0.395701,1,0.001000
0.222900,1.000000,1.055576,1.888382,7.748665,7.608452,0.395701,1,0.001000
0.222950,1.000000,1.087744,1.888382,7.682349,7.608452,0.395701,1,0.001000
0.223000,1.000000,1.089933,0.631441,7.608452,7.608452,0.343329,1,0.001000
0.223050,1.000000,1.094130,0.631441,7.527046,7.608452,0.343329,1,0.001000
0.223100,1.000000,1.100495,0.631441,7.438212,7.608452,0.343329,1,0.001000
0.223150,1.000000,1.109186,0.631441,7.342037,7.608452,0.343329,1,0.001000
0.223200,1.000000,1.120353,0.631441,7.238616,7.608452,0.343329,1,0.001000
0.223250,1.000000,1.134144,0.631441,7.128052,7.608452,0.343329,1,0.001000
0.223300,1.000000,1.150704,0.631441,7.010453,7.608452,0.343329,1,0.001000
0.223350,1.000000,1.170169,0.631441,6.885936,7.608452,0.343329,1,0.001000
0.223400,1.000000,1.192673,0.631441,6.754623,7.608452,0.343329,1,0.001000
0.223450,1.000000,1.218346,0.631441,6.616645,7.608452,0.343329,1,0.001000
0.223500,1.000000,1.247311,0.631441,6.472136,7.608452,0.343329,1,0.001000
0.223550,1.000000,1.279686,0.631441,6.321240,7.608452,0.343329,1,0.001000
0.223600,1.000000,1.315584,0.631441,6.164106,7.608452,0.343329,1,0.001000
0.223650,1.000000,1.355115,0.631441,6.000889,7.608452,0.343329,1,0.001000
0.223700,1.000000,1.398379,0.631441,5.831749,7.608452,0.343329,1,0.001000
0.223750,1.000000,1.445475,0.631441,5.656854,7.608452,0.343329,1,0.001000
0.223800,1.000000,1.496495,0.631441,5.476377,7.608452,0.343329,1,0.001000
0.223850,1.000000,1.551524,0.631441,5.290495,7.608452,0.343329,1,0.001000
0.223900,1.000000,1.610642,0.631441,5.099392,7.608452,0.343329,1,0.001000
0.223950,1.000000,1.673925,0.631441,4.903256,7.608452,0.343329,1,0.001000
0.224000,1.000000,1.636108,-0.675707,4.702282,4.702282,0.167774,1,0.001000
0.224050,1.000000,1.603905,-0.675707,4.496667,4.702282,0.167774,1,0.001000
0.224100,1.000000,1.577355,-0.675707,4.286614,4.702282,0.167774,1,0.001000
0.224150,1.000000,1.556494,-0.675707,4.072331,4.702282,0.167774,1,0.001000
0.224200,1.000000,1.541351,-0.675707,3.854029,4.702282,0.167774,1,0.001000
0.224250,1.000000,1.531951,-0.675707,3.631924,4.702282,0.167774,1,0.001000
0.224300,1.000000,1.528310,-0.675707,3.406234,4.702282,0.167774,1,0.001000
0.224350,1.000000,1.530441,-0.675707,3.177183,4.702282,0.167774,1,0.001000
0.224400,1.000000,1.538350,-0.675707,2.944996,4.702282,0.167774,1,0.001000
0.224450,1.000000,1.552037,-0.675707,2.709903,4.702282,0.167774,1,0.001000
0.224500,1.000000,1.571498,-0.675707,2.472136,4.702282,0.167774,1,0.001000
0.224550,1.000000,1.596720,-0.675707,2.231929,4.702282,0.167774,1,0.001000
0.224600,1.000000,1.627688,-0.675707,1.989519,4.702282,0.167774,1,0.001000
0.224650,1.000000,1.664377,-0.675707,1.745146,4.702282,0.167774,1,0.001000
0.224700,1.000000,1.706761,-0.675707,1.499051,4.702282,0.167774,1,0.001000
0.224750,1.000000,1.754804,-0.675707,1.251476,4.702282,0.167774,1,0.001000
0.224800,1.000000,1.808466,-0.675707,1.002666,4.702282,0.167774,1,0.001000
0.224850,1.000000,1.867703,-0.675707,0.752867,4.702282,0.167774,1,0.001000
0.224900,1.000000,1.932463,-0.675707,0.502324,4.702282,0.167774,1,0.001000
0.224950,1.000000,2.002690,-0.675707,0.251286,4.702282,0.167774,1,0.001000
0.225000,1.000000,1.939312,-1.533774,0.000000,0.000000,-0.063907,1,0.001000
0.225050,1.000000,1.883008,-1.533774,-0.251286,0.000000,-0.063907,1,0.001000
0.225100,1.000000,1.833684,-1.533774,-0.502324,0.000000,-0.063907,1,0.001000
0.225150,1.000000,1.791241,-1.533774,-0.752867,0.000000,-0.063907,1,0.001000
0.225200,1.000000,1.755572,-1.533774,-1.002666,0.000000,-0.063907,1,0.001000
0.225250,1.000000,1.726570,-1.533774,-1.251476,0.000000,-0.063907,1,0.001000
0.225300,1.000000,1.704120,-1.533774,-1.499051,0.000000,-0.063907,1,0.001000
0.225350,1.000000,1.688103,-1.533774,-1.745146,0.000000,-0.063907,1,0.001000
0.225400,1.000000,1.678395,-1.533774,-1.989519,0.000000,-0.063907,1,0.001000
0.225450,1.000000,1.674869,-1.533774,-2.231929,0.000000,-0.063907,1,0.001000
0.225500,1.000000,1.677392,-1.533774,-2.472136,0.000000,-0.063907,1,0.001000
0.225550,1.000000,1.685828,-1.533774,-2.709903,0.000000,-0.063907,1,0.001000
0.225600,1.000000,1.700036,-1.533774,-2.944996,0.000000,-0.063907,1,0.001000
0.225650,1.000000,1.719871,-1.533774,-3.177183,0.000000,-0.063907,1,0.001000
0.225700,1.000000,1.745184,-1.533774,-3.406234,0.000000,-0.063907,1,0.001000
0.225750,1.000000,1.775823,-1.533774,-3.631924,0.000000,-0.063907,1,0.001000
0.225800,1.000000,1.811631,-1.533774,-3.854029,0.000000,-0.063907,1,0.001000
0.225850,1.000000,1.852450,-1.533774,-4.072331,0.000000,-0.063907,1,0.001000
0.225900,1.000000,1.898115,-1.533774,-4.286614,0.000000,-0.063907,1,0.001000
0.225950,1.000000,1.948461,-1.533774,-4.496667,0.000000,-0.063907,1,0.001000
0.226000,1.000000,1.883730,-1.615009,-4.702282,-4.702282,-0.263220,1,0.001000
0.226050,1.000000,1.824833,-1.615009,-4.903256,-4.702282,-0.263220,1,0.001000
0.226100,1.000000,1.771575,-1.615009,-5.099392,-4.702282,-0.263220,1,0.001000
0.226150,1.000000,1.723760,-1.615009,-5.290495,-4.702282,-0.263220,1,0.001000
0.226200,1.000000,1.681190,-1.615009,-5.476377,-4.702282,-0.263220,1,0.001000
0.226250,1.000000,1.643665,-1.615009,-5.656854,-4.702282,-0.263220,1,0.001000
0.226300,1.000000,1.610980,-1.615009,-5.831749,-4.702282,-0.263220,1,0.001000
0.226350,1.000000,1.582933,-1.615009,-6.000889,-4.702282,-0.263220,1,0.001000
0.226400,1.000000,1.559317,-1.615009,-6.164106,-4.702282,-0.263220,1,0.001000
0.226450,1.000000,1.539924,-1.615009,-6.321240,-4.702282,-0.263220,1,0.001000
0.226500,1.000000,1.524546,-1.615009,-6.472136,-4.702282,-0.263220,1,0.001000
0.226550,1.000000,1.512973,-1.615009,-6.616645,-4.702282,-0.263220,1,0.001000
0.226600,1.000000,1.504994,-1.615009,-6.754623,-4.702282,-0.263220,1,0.001000
0.226650,1.000000,1.500398,-1.615009,-6.885936,-4.702282,-0.263220,1,0.001000
0.226700,1.000000,1.498972,-1.615009,-7.010453,-4.702282,-0.263220,1,0.001000
0.226750,1.000000,1.500504,-1.615009,-7.128052,-4.702282,-0.263220,1,0.001000
0.226800,1.000000,1.504781,-1.615009,-7.238616,-4.702282,-0.263220,1,0.001000
0.226850,1.000000,1.511589,-1.615009,-7.342037,-4.702282,-0.263220,1,0.001000
0.226900,1.000000,1.520718,-1.615009,-7.438212,-4.702282,-0.263220,1,0.001000
0.226950,1.000000,1.531953,-1.615009,-7.527046,-4.702282,-0.263220,1,0.001000
0.227000,1.000000,1.490594,-0.888382,-7.608452,-7.608452,-0.354035,1,0.001000
0.227050,1.000000,1.451599,-0.888382,-7.682349,-7.608452,-0.354035,1,0.001000
0.227100,1.000000,1.414750,-0.888382,-7.748665,-7.608452,-0.354035,1,0.001000
0.227150,1.000000,1.379828,-0.888382,-7.807334,-7.608452,-0.354035,1,0.001000
0.227200,1.000000,1.346617,-0.888382,-7.858298,-7.608452,-0.354035,1,0.001000
0.227250,1.000000,1.314901,-0.888382,-7.901507,-7.608452,-0.354035,1,0.001000
0.227300,1.000000,1.284467,-0.888382,-7.936918,-7.608452,-0.354035,1,0.001000
0.227350,1.000000,1.255102,-0.888382,-7.964496,-7.608452,-0.354035,1,0.001000
0.227400,1.000000,1.226598,-0.888382,-7.984214,-7.608452,-0.354035,1,0.001000
0.227450,1.000000,1.198746,-0.888382,-7.996052,-7.608452,-0.354035,1,0.001000
0.227500,1.000000,1.171341,-0.888382,-8.000000,-7.608452,-0.354035,1,0.001000
0.227550,1.000000,1.144179,-0.888382,-7.996052,-7.608452,-0.354035,1,0.001000
0.227600,1.000000,1.117062,-0.888382,-7.984214,-7.608452,-0.354035,1,0.001000
0.227650,1.000000,1.089790,-0.888382,-7.964496,-7.608452,-0.354035,1,0.001000
0.227700,1.000000,1.062170,-0.888382,-7.936918,-7.608452,-0.354035,1,0.001000
0.227750,1.000000,1.034009,-0.888382,-7.901507,-7.608452,-0.354035,1,0.001000
0.227800,1.000000,1.005121,-0.888382,-7.858298,-7.608452,-0.354035,1,0.001000
0.227850,1.000000,0.975319,-0.888382,-7.807334,-7.608452,-0.354035,1,0.001000
0.227900,1.000000,0.944424,-0.888382,-7.748665,-7.608452,-0.354035,1,0.001000
0.227950,1.000000,0.912256,-0.888382,-7.682349,-7.608452,-0.354035,1,0.001000
0.228000,1.000000,0.910067,0.368559,-7.608452,-7.608452,-0.301662,1,0.001000
0.228050,1.000000,0.905870,0.368559,-7.527046,-7.608452,-0.301662,1,0.001000
0.228100,1.000000,0.899505,0.368559,-7.438212,-7.608452,-0.301662,1,0.001000
0.228150,1.000000,0.890814,0.368559,-7.342037,-7.608452,-0.301662,1,0.001000
0.228200,1.000000,0.879647,0.368559,-7.238616,-7.608452,-0.301662,1,0.001000
0.228250,1.000000,0.865856,0.368559,-7.128052,-7.608452,-0.301662,1,0.001000
0.228300,1.000000,0.849296,0.368559,-7.010453,-7.608452,-0.301662,1,0.001000
0.228350,1.000000,0.829831,0.368559,-6.885936,-7.608452,-0.301662,1,0.001000
0.228400,1.000000,0.807327,0.368559,-6.754623,-7.608452,-0.301662,1,0.001000
0.228450,1.000000,0.781654,0.368559,-6.616645,-7.608452,-0.301662,1,0.001000
0.228500,1.000000,0.752689,0.368559,-6.472136,-7.608452,-0.301662,1,0.001000
0.228550,1.000000,0.720314,0.368559,-6.321240,-7.608452,-0.301662,1,0.001000
0.228600,1.000000,0.684416,0.368559,-6.164106,-7.608452,-0.301662,1,0.001000
0.228650,1.000000,0.644885,0.368559,-6.000889,-7.608452,-0.301662,1,0.001000
0.228700,1.000000,0.601621,0.368559,-5.831749,-7.608452,-0.301662,1,0.001000
0.228750,1.000000,0.554525,0.368559,-5.656854,-7.608452,-0.301662,1,0.001000
0.228800,1.000000,0.503505,0.368559,-5.476377,-7.608452,-0.301662,1,0.001000
0.228850,1.000000,0.448476,0.368559,-5.290495,-7.608452,-0.301662,1,0.001000
0.228900,1.000000,0.389358,0.368559,-5.099392,-7.608452,-0.301662,1,0.001000
0.228950,1.000000,0.326075,0.368559,-4.903256,-7.608452,-0.301662,1,0.001000
0.229000,1.000000,0.363892,1.675707,-4.702282,-4.702282,-0.126107,1,0.001000
0.229050,1.000000,0.396095,1.675707,-4.496667,-4.702282,-0.126107,1,0.001000
0.229100,1.000000,0.422645,1.675707,-4.286614,-4.702282,-0.126107,1,0.001000
0.229150,1.000000,0.443506,1.675707,-4.072331,-4.702282,-0.126107,1,0.001000
0.229200,1.000000,0.458648,1.675707,-3.854029,-4.702282,-0.126107,1,0.001000
0.229250,1.000000,0.468049,1.675707,-3.631924,-4.702282,-0.126107,1,0.001000
0.229300,1.000000,0.471690,1.675707,-3.406234,-4.702282,-0.126107,1,0.001000
0.229350,1.000000,0.469559,1.675707,-3.177183,-4.702282,-0.126107,1,0.001000
0.229400,1.000000,0.461650,1.675707,-2.944996,-4.702282,-0.126107,1,0.001000
0.229450,1.000000,0.447963,1.675707,-2.709903,-4.702282,-0.126107,1,0.001000
0.229500,1.000000,0.428502,1.675707,-2.472136,-4.702282,-0.126107,1,0.001000
0.229550,1.000000,0.403280,1.675707,-2.231929,-4.702282,-0.126107,1,0.001000
0.229600,1.000000,0.372312,1.675707,-1.989519,-4.702282,-0.126107,1,0.001000
0.229650,1.000000,0.335623,1.675707,-1.745146,-4.702282,-0.126107,1,0.001000
0.229700,1.000000,0.293239,1.675707,-1.499051,-4.702282,-0.126107,1,0.001000
0.229750,1.000000,0.245196,1.675707,-1.251476,-4.702282,-0.126107,1,0.001000
0.229800,1.000000,0.191534,1.675707,-1.002666,-4.702282,-0.126107,1,0.001000
0.229850,1.000000,0.132297,1.675707,-0.752867,-4.702282,-0.126107,1,0.001000
0.229900,1.000000,0.067537,1.675707,-0.502324,-4.702282,-0.126107,1,0.001000
0.229950,1.000000,-0.002690,1.675707,-0.251286,-4.702282,-0.126107,1,0.001000
0.230000,1.000000,0.060688,2.533774,0.000000,0.000000,0.105574,1,0.001000
0.230050,1.000000,0.116992,2.533774,0.251286,0.000000,0.105574,1,0.001000
0.230100,1.000000,0.166316,2.533774,0.502324,0.000000,0.105574,1,0.001000
0.230150,1.000000,0.208759,2.533774,0.752867,0.000000,0.105574,1,0.001000
0.230200,1.000000,0.244428,2.533774,1.002666,0.000000,0.105574,1,0.001000
0.230250,1.000000,0.273430,2.533774,1.251476,0.000000,0.105574,1,0.001000
0.230300,1.000000,0.295880,2.533774,1.499051,0.000000,0.105574,1,0.001000
0.230350,1.000000,0.311897,2.533774,1.745146,0.000000,0.105574,1,0.001000
0.230400,1.000000,0.321605,2.533774,1.989519,0.000000,0.105574,1,0.001000
0.230450,1.000000,0.325131,2.533774,2.231929,0.000000,0.105574,1,0.001000
0.230500,1.000000,0.322608,2.533774,2.472136,0.000000,0.105574,1,0.001000
0.230550,1.000000,0.314172,2.533774,2.709903,0.000000,0.105574,1,0.001000
0.230600,1.000000,0.299964,2.533774,2.944996,0.000000,0.105574,1,0.001000
0.230650,1.000000,0.280129,2.533774,3.177183,0.000000,0.105574,1,0.001000
0.230700,1.000000,0.254816,2.533774,3.406234,0.000000,0.105574,1,0.001000
0.230750,1.000000,0.224177,2.533774,3.631924,0.000000,0.105574,1,0.001000
0.230800,1.000000,0.188369,2.533774,3.854029,0.000000,0.105574,1,0.001000
0.230850,1.000000,0.147550,2.533774,4.072331,0.000000,0.105574,1,0.001000
0.230900,1.000000,0.101885,2.533774,4.286614,0.000000,0.105574,1,0.001000
0.230950,1.000000,0.051539,2.533774,4.496667,0.000000,0.105574,1,0.001000
0.231000,1.000000,0.116270,2.615009,4.702282,4.702282,0.304887,1,0.001000
0.231050,1.000000,0.175167,2.615009,4.903256,4.702282,0.304887,1,0.001000
0.231100,1.000000,0.228425,2.615009,5.099392,4.702282,0.304887,1,0.001000
0.231150,1.000000,0.276240,2.615009,5.290495,4.702282,0.304887,1,0.001000
0.231200,1.000000,0.318810,2.615009,5.476377,4.702282,0.304887,1,0.001000
0.231250,1.000000,0.356335,2.615009,5.656854,4.702282,0.304887,1,0.001000
0.231300,1.000000,0.389020,2.615009,5.831749,4.702282,0.304887,1,0.001000
0.231350,1.000000,0.417067,2.615009,6.000889,4.702282,0.304887,1,0.001000
0.231400,1.000000,0.440683,2.615009,6.164106,4.702282,0.304887,1,0.001000
0.231450,1.000000,0.460076,2.615009,6.321240,4.702282,0.304887,1,0.001000
0.231500,1.000000,0.475454,2.615009,6.472136,4.702282,0.304887,1,0.001000
0.231550,1.000000,0.487027,2.615009,6.616645,4.702282,0.304887,1,0.001000
0.231600,1.000000,0.495006,2.615009,6.754623,4.702282,0.304887,1,0.001000
0.231650,1.000000,0.499602,2.615009,6.885936,4.702282,0.304887,1,0.001000
0.231700,1.000000,0.501028,2.615009,7.010453,4.702282,0.304887,1,0.001000
0.231750,1.000000,0.499496,2.615009,7.128052,4.702282,0.304887,1,0.001000
0.231800,1.000000,0.495219,2.615009,7.238616,4.702282,0.304887,1,0.001000
0.231850,1.000000,0.488411,2.615009,7.342037,4.702282,0.304887,1,0.001000
0.231900,1.000000,0.479282,2.615009,7.438212,4.702282,0.304887,1,0.001000
0.231950,1.000000,0.468047,2.615009,7.527046,4.702282,0.304887,1,0.001000
0.232000,1.000000,0.509406,1.888382,7.608452,7.608452,0.395701,1,0.001000
0.232050,1.000000,0.548401,1.888382,7.682349,7.608452,0.395701,1,0.001000
0.232100,1.000000,0.585250,1.888382,7.748665,7.608452,0.395701,1,0.001000
0.232150,1.000000,0.620172,1.888382,7.807334,7.608452,0.395701,1,0.001000
0.232200,1.000000,0.653383,1.888382,7.858298,7.608452,0.395701,1,0.001000
0.232250,1.000000,0.685099,1.888382,7.901507,7.608452,0.395701,1,0.001000
0.232300,1.000000,0.715533,1.888382,7.936918,7.608452,0.395701,1,0.001000
0.232350,1.000000,0.744898,1.888382,7.964496,7.608452,0.395701,1,0.001000
0.232400,1.000000,0.773402,1.888382,7.984214,7.608452,0.395701,1,0.001000
0.232450,1.000000,0.801254,1.888382,7.996052,7.608452,0.395701,1,0.001000
0.232500,1.000000,0.828659,1.888382,8.000000,7.608452,0.395701,1,0.001000
0.232550,1.000000,0.855821,1.888382,7.996052,7.608452,0.395701,1,0.001000
0.232600,1.000000,0.882938,1.888382,7.984214,7.608452,0.395701,1,0.001000
0.232650,1.000000,0.910210,1.888382,7.964496,7.608452,0.395701,1,0.001000
0.232700,1.000000,0.937830,1.888382,7.936918,7.608452,0.395701,1,0.001000
0.232750,1.000000,0.965991,1.888382,7.901507,7.608452,0.395701,1,0.001000
0.232800,1.000000,0.994879,1.888382,7.858298,7.608452,0.395701,1,0.001000
0.232850,1.000000,1.024681,1.888382,7.807334,7.608452,0.395701,1,0.001000
0.232900,1.000000,1.055576,1.888382,7.748665,7.608452,0.395701,1,0.001000
0.232950,1.000000,1.087744,1.888382,7.682349,7.608452,0.395701,1,0.001000
0.233000,1.000000,1.089933,0.631441,7.608452,7.608452,0.343329,1,0.001000
0.233050,1.000000,1.094130,0.631441,7.527046,7.608452,0.343329,1,0.001000
0.233100,1.000000,1.100495,0.631441,7.438212,7.608452,0.343329,1,0.001000
0.233150,1.000000,1.109186,0.631441,7.342037,7.608452,0.343329,1,0.001000
0.233200,1.000000,1.120353,0.631441,7.238616,7.608452,0.343329,1,0.001000
0.233250,1.000000,1.134144,0.631441,7.128052,7.608452,0.343329,1,0.001000
0.233300,1.000000,1.150704,0.631441,7.010453,7.608452,0.343329,1,0.001000
0.233350,1.000000,1.170169,0.631441,6.885936,7.608452,0.343329,1,0.001000
0.233400,1.000000,1.192673,0.631441,6.754623,7.608452,0.343329,1,0.001000
0.233450,1.000000,1.218346,0.631441,6.616645,7.608452,0.343329,1,0.001000
0.233500,1.000000,1.247311,0.631441,6.472136,7.608452,0.343329,1,0.001000
0.233550,1.000000,1.279686,0.631441,6.321240,7.608452,0.343329,1,0.001000
0.233600,1.000000,1.315584,0.631441,6.164106,7.608452,0.343329,1,0.001000
0.233650,1.000000,1.355115,0.631441,6.000889,7.608452,0.343329,1,0.001000
0.233700,1.000000,1.398379,0.631441,5.831749,7.608452,0.343329,1,0.001000
0.233750,1.000000,1.445475,0.631441,5.656854,7.608452,0.343329,1,0.001000
0.233800,1.000000,1.496495,0.631441,5.476377,7.608452,0.343329,1,0.001000
0.233850,1.000000,1.551524,0.631441,5.290495,7.608452,0.343329,1,0.001000
0.233900,1.000000,1.610642,0.631441,5.099392,7.608452,0.343329,1,0.001000
0.233950,1.000000,1.673925,0.631441,4.903256,7.608452,0.343329,1,0.001000
0.234000,1.000000,1.636108,-0.675707,4.702282,4.702282,0.167774,1,0.001000
0.234050,1.000000,1.603905,-0.675707,4.496667,4.702282,0.167774,1,0.001000
0.234100,1.000000,1.577355,-0.675707,4.286614,4.702282,0.167774,1,0.001000
0.234150,1.000000,1.556494,-0.675707,4.072331,4.702282,0.167774,1,0.001000
0.234200,1.000000,1.541352,-0.675707,3.854029,4.702282,0.167774,1,0.001000
0.234250,1.000000,1.531951,-0.675707,3.631924,4.702282,0.167774,1,0.001000
0.234300,1.000000,1.528310,-0.675707,3.406234,4.702282,0.167774,1,0.001000
0.234350,1.000000,1.530441,-0.675707,3.177183,4.702282,0.167774,1,0.001000
0.234400,1.000000,1.538350,-0.675707,2.944996,4.702282,0.167774,1,0.001000
0.234450,1.000000,1.552037,-0.675707,2.709903,4.702282,0.167774,1,0.001000
0.234500,1.000000,1.571498,-0.675707,2.472136,4.702282,0.167774,1,0.001000
0.234550,1.000000,1.596720,-0.675707,2.231929,4.702282,0.167774,1,0.001000
0.234600,1.000000,1.627688,-0.675707,1.989519,4.702282,0.167774,1,0.001000
0.234650,1.000000,1.664377,-0.675707,1.745146,4.702282,0.167774,1,0.001000
0.234700,1.000000,1.706761,-0.675707,1.499051,4.702282,0.167774,1,0.001000
0.234750,1.000000,1.754804,-0.675707,1.251476,4.702282,0.167774,1,0.001000
0.234800,1.000000,1.808466,-0.675707,1.002666,4.702282,0.167774,1,0.001000
0.234850,1.000000,1.867703,-0.675707,0.752867,4.702282,0.167774,1,0.001000
0.234900,1.000000,1.932463,-0.675707,0.502324,4.702282,0.167774,1,0.001000
0.234950,1.000000,2.002690,-0.675707,0.251286,4.702282,0.167774,1,0.001000
0.235000,1.000000,1.939312,-1.533774,-0.000000,-0.000000,-0.063907,1,0.001000
0.235050,1.000000,1.883008,-1.533774,-0.251286,-0.000000,-0.063907,1,0.001000
0.235100,1.000000,1.833684,-1.533774,-0.502324,-0.000000,-0.063907,1,0.001000
0.235150,1.000000,1.791241,-1.533774,-0.752867,-0.000000,-0.063907,1,0.001000
0.235200,1.000000,1.755572,-1.533774,-1.002666,-0.000000,-0.063907,1,0.001000
0.235250,1.000000,1.726570,-1.533774,-1.251476,-0.000000,-0.063907,1,0.001000
0.235300,1.000000,1.704120,-1.533774,-1.499051,-0.000000,-0.063907,1,0.001000
0.235350,1.000000,1.688103,-1.533774,-1.745146,-0.000000,-0.063907,1,0.001000
0.235400,1.000000,1.678395,-1.533774,-1.989519,-0.000000,-0.063907,1,0.001000
0.235450,1.000000,1.674869,-1.533774,-2.231929,-0.000000,-0.063907,1,0.001000
0.235500,1.000000,1.677392,-1.533774,-2.472136,-0.000000,-0.063907,1,0.001000
0.235550,1.000000,1.685828,-1.533774,-2.709903,-0.000000,-0.063907,1,0.001000
0.235600,1.000000,1.700036,-1.533774,-2.944996,-0.000000,-0.063907,1,0.001000
0.235650,1.000000,1.719871,-1.533774,-3.177183,-0.000000,-0.063907,1,0.001000
0.235700,1.000000,1.745184,-1.533774,-3.406234,-0.000000,-0.063907,1,0.001000
0.235750,1.000000,1.775823,-1.533774,-3.631924,-0.000000,-0.063907,1,0.001000
0.235800,1.000000,1.811631,-1.533774,-3.854029,-0.000000,-0.063907,1,0.001000
0.235850,1.000000,1.852450,-1.533774,-4.072331,-0.000000,-0.063907,1,0.001000
0.235900,1.000000,1.898115,-1.533774,-4.286614,-0.000000,-0.063907,1,0.001000
0.235950,1.000000,1.948461,-1.533774,-4.496667,-0.000000,-0.063907,1,0.001000
0.236000,1.000000,1.883730,-1.615009,-4.702282,-4.702282,-0.263220,1,0.001000
0.236050,1.000000,1.824833,-1.615009,-4.903256,-4.702282,-0.263220,1,0.001000
0.236100,1.000000,1.771575,-1.615009,-5.099392,-4.702282,-0.263220,1,0.001000
0.236150,1.000000,1.723760,-1.615009,-5.290495,-4.702282,-0.263220,1,0.001000
0.236200,1.000000,1.681190,-1.615009,-5.476377,-4.702282,-0.263220,1,0.001000
0.236250,1.000000,1.643665,-1.615009,-5.656854,-4.702282,-0.263220,1,0.001000
0.236300,1.000000,1.610980,-1.615009,-5.831749,-4.702282,-0.263220,1,0.001000
0.236350,1.000000,1.582933,-1.615009,-6.000889,-4.702282,-0.263220,1,0.001000
0.236400,1.000000,1.559317,-1.615009,-6.164106,-4.702282,-0.263220,1,0.001000
0.236450,1.000000,1.539924,-1.615009,-6.321240,-4.702282,-0.263220,1,0.001000
0.236500,1.000000,1.524546,-1.615009,-6.472136,-4.702282,-0.263220,1,0.001000
0.236550,1.000000,1.512973,-1.615009,-6.616645,-4.702282,-0.263220,1,0.001000
0.236600,1.000000,1.504994,-1.615009,-6.754623,-4.702282,-0.263220,1,0.001000
0.236650,1.000000,1.500398,-1.615009,-6.885936,-4.702282,-0.263220,1,0.001000
0.236700,1.000000,1.498972,-1.615009,-7.010453,-4.702282,-0.263220,1,0.001000
0.236750,1.000000,1.500504,-1.615009,-7.128052,-4.702282,-0.263220,1,0.001000
0.236800,1.000000,1.504781,-1.615009,-7.238616,-4.702282,-0.263220,1,0.001000
0.236850,1.000000,1.511589,-1.615009,-7.342037,-4.702282,-0.263220,1,0.001000
0.236900,1.000000,1.520718,-1.615009,-7.438212,-4.702282,-0.263220,1,0.001000
0.236950,1.000000,1.531953,-1.615009,-7.527046,-4.702282,-0.263220,1,0.001000
0.237000,1.000000,1.490594,-0.888382,-7.608452,-7.608452,-0.354035,1,0.001000
0.237050,1.000000,1.451599,-0.888382,-7.682349,-7.608452,-0.354035,1,0.001000
0.237100,1.000000,1.414750,-0.888382,-7.748665,-7.608452,-0.354035,1,0.001000
0.237150,1.000000,1.379828,-0.888382,-7.807334,-7.608452,-0.354035,1,0.001000
0.237200,1.000000,1.346617,-0.888382,-7.858298,-7.608452,-0.354035,1,0.001000
0.237250,1.000000,1.314901,-0.888382,-7.901507,-7.608452,-0.354035,1,0.001000
0.237300,1.000000,1.284467,-0.888382,-7.936918,-7.608452,-0.354035,1,0.001000
0.237350,1.000000,1.255102,-0.888382,-7.964496,-7.608452,-0.354035,1,0.001000
0.237400,1.000000,1.226598,-0.888382,-7.984214,-7.608452,-0.354035,1,0.001000
0.237450,1.000000,1.198746,-0.888382,-7.996052,-7.608452,-0.354035,1,0.001000
0.237500,1.000000,1.171341,-0.888382,-8.000000,-7.608452,-0.354035,1,0.001000
0.237550,1.000000,1.144179,-0.888382,-7.996052,-7.608452,-0.354035,1,0.001000
0.237600,1.000000,1.117062,-0.888382,-7.984214,-7.608452,-0.354035,1,0.001000
0.237650,1.000000,1.089790,-0.888382,-7.964496,-7.608452,-0.354035,1,0.001000
0.237700,1.000000,1.062170,-0.888382,-7.936918,-7.608452,-0.354035,1,0.001000
0.237750,1.000000,1.034009,-0.888382,-7.901507,-7.608452,-0.354035,1,0.001000
0.237800,1.000000,1.005121,-0.888382,-7.858298,-7.608452,-0.354035,1,0.001000
0.237850,1.000000,0.975319,-0.888382,-7.807334,-7.608452,-0.354035,1,0.001000
0.237900,1.000000,0.944424,-0.888382,-7.748665,-7.608452,-0.354035,1,0.001000
0.237950,1.000000,0.912256,-0.888382,-7.682349,-7.608452,-0.354035,1,0.001000
0.238000,1.000000,0.910067,0.368559,-7.608452,-7.608452,-0.301662,1,0.001000
0.238050,1.000000,0.905870,0.368559,-7.527046,-7.608452,-0.301662,1,0.001000
0.238100,1.000000,0.899505,0.368559,-7.438212,-7.608452,-0.301662,1,0.001000
0.238150,1.000000,0.890814,0.368559,-7.342037,-7.608452,-0.301662,1,0.001000
0.238200,1.000000,0.879647,0.368559,-7.238616,-7.608452,-0.301662,1,0.001000
0.238250,1.000000,0.865856,0.368559,-7.128052,-7.608452,-0.301662,1,0.001000
0.238300,1.000000,0.849296,0.368559,-7.010453,-7.608452,-0.301662,1,0.001000
0.238350,1.000000,0.829831,0.368559,-6.885936,-7.608452,-0.301662,1,0.001000
0.238400,1.000000,0.807327,0.368559,-6.754623,-7.608452,-0.301662,1,0.001000
0.238450,1.000000,0.781654,0.368559,-6.616645,-7.608452,-0.301662,1,0.001000
0.238500,1.000000,0.752689,0.368559,-6.472136,-7.608452,-0.301662,1,0.001000
0.238550,1.000000,0.720314,0.368559,-6.321240,-7.608452,-0.301662,1,0.001000
0.238600,1.000000,0.684416,0.368559,-6.164106,-7.608452,-0.301662,1,0.001000
0.238650,1.000000,0.644885,0.368559,-6.000889,-7.608452,-0.301662,1,0.001000
0.238700,1.000000,0.601621,0.368559,-5.831749,-7.608452,-0.301662,1,0.001000
0.238750,1.000000,0.554525,0.368559,-5.656854,-7.608452,-0.301662,1,0.001000
0.238800,1.000000,0.503505,0.368559,-5.476377,-7.608452,-0.301662,1,0.001000
0.238850,1.000000,0.448476,0.368559,-5.290495,-7.608452,-0.301662,1,0.001000
0.238900,1.000000,0.389358,0.368559,-5.099392,-7.608452,-0.301662,1,0.001000
0.238950,1.000000,0.326075,0.368559,-4.903256,-7.608452,-0.301662,1,0.001000
0.239000,1.000000,0.363892,1.675707,-4.702282,-4.702282,-0.126107,1,0.001000
0.239050,1.000000,0.396095,1.675707,-4.496667,-4.702282,-0.126107,1,0.001000
0.239100,1.000000,0.422645,1.675707,-4.286614,-4.702282,-0.126107,1,0.001000
0.239150,1.000000,0.443506,1.675707,-4.072331,-4.702282,-0.126107,1,0.001000
0.239200,1.000000,0.458648,1.675707,-3.854029,-4.702282,-0.126107,1,0.001000
0.239250,1.000000,0.468049,1.675707,-3.631924,-4.702282,-0.126107,1,0.001000
0.239300,1.000000,0.471690,1.675707,-3.406234,-4.702282,-0.126107,1,0.001000
0.239350,1.000000,0.469559,1.675707,-3.177183,-4.702282,-0.126107,1,0.001000
0.239400,1.000000,0.461650,1.675707,-2.944996,-4.702282,-0.126107,1,0.001000
0.239450,1.000000,0.447963,1.675707,-2.709903,-4.702282,-0.126107,1,0.001000
0.239500,1.000000,0.428502,1.675707,-2.472136,-4.702282,-0.126107,1,0.001000
0.239550,1.000000,0.403280,1.675707,-2.231929,-4.702282,-0.126107,1,0.001000
0.239600,1.000000,0.372312,1.675707,-1.989519,-4.702282,-0.126107,1,0.001000
0.239650,1.000000,0.335623,1.675707,-1.745146,-4.702282,-0.126107,1,0.001000
0.239700,1.000000,0.293239,1.675707,-1.499051,-4.702282,-0.126107,1,0.001000
0.239750,1.000000,0.245196,1.675707,-1.251476,-4.702282,-0.126107,1,0.001000
0.239800,1.000000,0.191534,1.675707,-1.002666,-4.702282,-0.126107,1,0.001000
0.239850,1.000000,0.132297,1.675707,-0.752867,-4.702282,-0.126107,1,0.001000
0.239900,1.000000,0.067537,1.675707,-0.502324,-4.702282,-0.126107,1,0.001000
0.239950,1.000000,-0.002690,1.675707,-0.251286,-4.702282,-0.126107,1,0.001000
0.240000,1.000000,0.060688,2.533774,0.000000,0.000000,0.105574,1,0.001000
0.240050,1.000000,0.116992,2.533774,0.251286,0.000000,0.105574,1,0.001000
0.240100,1.000000,0.166316,2.533774,0.502324,0.000000,0.105574,1,0.001000
0.240150,1.000000,0.208759,2.533774,0.752867,0.000000,0.105574,1,0.001000
0.240200,1.000000,0.244428,2.533774,1.002666,0.000000,0.105574,1,0.001000
0.240250,1.000000,0.273430,2.533774,1.251476,0.000000,0.105574,1,0.001000
0.240300,1.000000,0.295880,2.533774,1.499051,0.000000,0.105574,1,0.001000
0.240350,1.000000,0.311897,2.533774,1.745146,0.000000,0.105574,1,0.001000
0.240400,1.000000,0.321605,2.533774,1.989519,0.000000,0.105574,1,0.001000
0.240450,1.000000,0.325131,2.533774,2.231929,0.000000,0.105574,1,0.001000
0.240500,1.000000,0.322608,2.533774,2.472136,0.000000,0.105574,1,0.001000
0.240550,1.000000,0.314172,2.533774,2.709903,0.000000,0.105574,1,0.001000
0.240600,1.000000,0.299964,2.533774,2.944996,0.000000,0.105574,1,0.001000
0.240650,1.000000,0.280129,2.533774,3.177183,0.000000,0.105574,1,0.001000
0.240700,1.000000,0.254816,2.533774,3.406234,0.000000,0.105574,1,0.001000
0.240750,1.000000,0.224177,2.533774,3.631924,0.000000,0.105574,1,0.001000
0.240800,1.000000,0.188369,2.533774,3.854029,0.000000,0.105574,1,0.001000
0.240850,1.000000,0.147550,2.533774,4.072331,0.000000,0.105574,1,0.001000
0.240900,1.000000,0.101885,2.533774,4.286614,0.000000,0.105574,1,0.001000
0.240950,1.000000,0.051539,2.533774,4.496667,0.000000,0.105574,1,0.001000
0.241000,1.000000,0.116270,2.615009,4.702282,4.702282,0.304887,1,0.001000
0.241050,1.000000,0.175167,2.615009,4.903256,4.702282,0.304887,1,0.001000
0.241100,1.000000,0.228425,2.615009,5.099392,4.702282,0.304887,1,0.001000
0.241150,1.000000,0.276240,2.615009,5.290495,4.702282,0.304887,1,0.001000
0.241200,1.000000,0.318810,2.615009,5.476377,4.702282,0.304887,1,0.001000
0.241250,1.000000,0.356335,2.615009,5.656854,4.702282,0.304887,1,0.001000
0.241300,1.000000,0.389020,2.615009,5.831749,4.702282,0.304887,1,0.001000
0.241350,1.000000,0.417067,2.615009,6.000889,4.702282,0.304887,1,0.001000
0.241400,1.000000,0.440683,2.615009,6.164106,4.702282,0.304887,1,0.001000
0.241450,1.000000,0.460076,2.615009,6.321240,4.702282,0.304887,1,0.001000
0.241500,1.000000,0.475454,2.615009,6.472136,4.702282,0.304887,1,0.001000
0.241550,1.000000,0.487027,2.615009,6.616645,4.702282,0.304887,1,0.001000
0.241600,1.000000,0.495006,2.615009,6.754623,4.702282,0.304887,1,0.001000
0.241650,1.000000,0.499602,2.615009,6.885936,4.702282,0.304887,1,0.001000
0.241700,1.000000,0.501028,2.615009,7.010453,4.702282,0.304887,1,0.001000
0.241750,1.000000,0.499496,2.615009,7.128052,4.702282,0.304887,1,0.001000
0.241800,1.000000,0.495219,2.615009,7.238616,4.702282,0.304887,1,0.001000
0.241850,1.000000,0.488411,2.615009,7.342037,4.702282,0.304887,1,0.001000
0.241900,1.000000,0.479282,2.615009,7.438212,4.702282,0.304887,1,0.001000
0.241950,1.000000,0.468047,2.615009,7.527046,4.702282,0.304887,1,0.001000
0.242000,1.000000,0.509406,1.888382,7.608452,7.608452,0.395701,1,0.001000
0.242050,1.000000,0.548401,1.888382,7.682349,7.608452,0.395701,1,0.001000
0.242100,1.000000,0.585250,1.888382,7.748665,7.608452,0.395701,1,0.001000
0.242150,1.000000,0.620172,1.888382,7.807334,7.608452,0.395701,1,0.001000
0.242200,1.000000,0.653383,1.888382,7.858298,7.608452,0.395701,1,0.001000
0.242250,1.000000,0.685099,1.888382,7.901507,7.608452,0.395701,1,0.001000
0.242300,1.000000,0.715533,1.888382,7.936918,7.608452,0.395701,1,0.001000
0.242350,1.000000,0.744898,1.888382,7.964496,7.608452,0.395701,1,0.001000
0.242400,1.000000,0.773402,1.888382,7.984214,7.608452,0.395701,1,0.001000
0.242450,1.000000,0.801254,1.888382,7.996052,7.608452,0.395701,1,0.001000
0.242500,1.000000,0.828659,1.888382,8.000000,7.608452,0.395701,1,0.001000
0.242550,1.000000,0.855821,1.888382,7.996052,7.608452,0.395701,1,0.001000
0.242600,1.000000,0.882938,1.888382,7.984214,7.608452,0.395701,1,0.001000
0.242650,1.000000,0.910210,1.888382,7.964496,7.608452,0.395701,1,0.001000
0.242700,1.000000,0.937830,1.888382,7.936918,7.608452,0.395701,1,0.001000
0.242750,1.000000,0.965991,1.888382,7.901507,7.608452,0.395701,1,0.001000
0.242800,1.000000,0.994879,1.888382,7.858298,7.608452,0.395701,1,0.001000
0.242850,1.000000,1.024681,1.888382,7.807334,7.608452,0.395701,1,0.001000
0.242900,1.000000,1.055576,1.888382,7.748665,7.608452,0.395701,1,0.001000
0.242950,1.000000,1.087744,1.888382,7.682349,7.608452,0.395701,1,0.001000
0.243000,1.000000,1.089933,0.631441,7.608452,7.608452,0.343329,1,0.001000
0.243050,1.000000,1.094130,0.631441,7.527046,7.608452,0.343329,1,0.001000
0.243100,1.000000,1.100495,0.631441,7.438212,7.608452,0.343329,1,0.001000
0.243150,1.000000,1.109186,0.631441,7.342037,7.608452,0.343329,1,0.001000
0.243200,1.000000,1.120353,0.631441,7.238616,7.608452,0.343329,1,0.001000
0.243250,1.000000,1.134144,0.631441,7.128052,7.608452,0.343329,1,0.001000
0.243300,1.000000,1.150704,0.631441,7.010453,7.608452,0.343329,1,0.001000
0.243350,1.000000,1.170169,0.631441,6.885936,7.608452,0.343329,1,0.001000
0.243400,1.000000,1.192673,0.631441,6.754623,7.608452,0.343329,1,0.001000
0.243450,1.000000,1.218346,0.631441,6.616645,7.608452,0.343329,1,0.001000
0.243500,1.000000,1.247311,0.631441,6.472136,7.608452,0.343329,1,0.001000
0.243550,1.000000,1.279686,0.631441,6.321240,7.608452,0.343329,1,0.001000
0.243600,1.000000,1.315584,0.631441,6.164106,7.608452,0.343329,1,0.001000
0.243650,1.000000,1.355115,0.631441,6.000889,7.608452,0.343329,1,0.001000
0.243700,1.000000,1.398379,0.631441,5.831749,7.608452,0.343329,1,0.001000
0.243750,1.000000,1.445475,0.631441,5.656854,7.608452,0.343329,1,0.001000
0.243800,1.000000,1.496495,0.631441,5.476377,7.608452,0.343329,1,0.001000
0.243850,1.000000,1.551524,0.631441,5.290495,7.608452,0.343329,1,0.001000
0.243900,1.000000,1.610642,0.631441,5.099392,7.608452,0.343329,1,0.001000
0.243950,1.000000,1.673925,0.631441,4.903256,7.608452,0.343329,1,0.001000
0.244000,1.000000,1.636108,-0.675707,4.702282,4.702282,0.167774,1,0.001000
0.244050,1.000000,1.603905,-0.675707,4.496667,4.702282,0.167774,1,0.001000
0.244100,1.000000,1.577355,-0.675707,4.286614,4.702282,0.167774,1,0.001000
0.244150,1.000000,1.556494,-0.675707,4.072331,4.702282,0.167774,1,0.001000
0.244200,1.000000,1.541352,-0.675707,3.854029,4.702282,0.167774,1,0.001000
0.244250,1.000000,1.531951,-0.675707,3.631924,4.702282,0.167774,1,0.001000
0.244300,1.000000,1.528310,-0.675707,3.406234,4.702282,0.167774,1,0.001000
0.244350,1.000000,1.530441,-0.675707,3.177183,4.702282,0.167774,1,0.001000
0.244400,1.000000,1.538350,-0.675707,2.944996,4.702282,0.167774,1,0.001000
0.244450,1.000000,1.552037,-0.675707,2.709903,4.702282,0.167774,1,0.001000
0.244500,1.000000,1.571498,-0.675707,2.472136,4.702282,0.167774,1,0.001000
0.244550,1.000000,1.596720,-0.675707,2.231929,4.702282,0.167774,1,0.001000
0.244600,1.000000,1.627688,-0.675707,1.989519,4.702282,0.167774,1,0.001000
0.244650,1.000000,1.664377,-0.675707,1.745146,4.702282,0.167774,1,0.001000
0.244700,1.000000,1.706761,-0.675707,1.499051,4.702282,0.167774,1,0.001000
0.244750,1.000000,1.754804,-0.675707,1.251476,4.702282,0.167774,1,0.001000
0.244800,1.000000,1.808466,-0.675707,1.002666,4.702282,0.167774,1,0.001000
0.244850,1.000000,1.867703,-0.675707,0.752867,4.702282,0.167774,1,0.001000
0.244900,1.000000,1.932463,-0.675707,0.502324,4.702282,0.167774,1,0.001000
0.244950,1.000000,2.002690,-0.675707,0.251286,4.702282,0.167774,1,0.001000
0.245000,1.000000,1.939312,-1.533774,-0.000000,-0.000000,-0.063907,1,0.001000
0.245050,1.000000,1.883008,-1.533774,-0.251286,-0.000000,-0.063907,1,0.001000
0.245100,1.000000,1.833684,-1.533774,-0.502324,-0.000000,-0.063907,1,0.001000
0.245150,1.000000,1.791241,-1.533774,-0.752867,-0.000000,-0.063907,1,0.001000
0.245200,1.000000,1.755572,-1.533774,-1.002666,-0.000000,-0.063907,1,0.001000
0.245250,1.000000,1.726570,-1.533774,-1.251476,-0.000000,-0.063907,1,0.001000
0.245300,1.000000,1.704120,-1.533774,-1.499051,-0.000000,-0.063907,1,0.001000
0.245350,1.000000,1.688103,-1.533774,-1.745146,-0.000000,-0.063907,1,0.001000
0.245400,1.000000,1.678395,-1.533774,-1.989519,-0.000000,-0.063907,1,0.001000
0.245450,1.000000,1.674869,-1.533774,-2.231929,-0.000000,-0.063907,1,0.001000
0.245500,1.000000,1.677392,-1.533774,-2.472136,-0.000000,-0.063907,1,0.001000
0.245550,1.000000,1.685828,-1.533774,-2.709903,-0.000000,-0.063907,1,0.001000
0.245600,1.000000,1.700036,-1.533774,-2.944996,-0.000000,-0.063907,1,0.001000
0.245650,1.000000,1.719871,-1.533774,-3.177183,-0.000000,-0.063907,1,0.001000
0.245700,1.000000,1.745184,-1.533774,-3.406234,-0.000000,-0.063907,1,0.001000
0.245750,1.000000,1.775823,-1.533774,-3.631924,-0.000000,-0.063907,1,0.001000
0.245800,1.000000,1.811631,-1.533774,-3.854029,-0.000000,-0.063907,1,0.001000
0.245850,1.000000,1.852450,-1.533774,-4.072331,-0.000000,-0.063907,1,0.001000
0.245900,1.000000,1.898115,-1.533774,-4.286614,-0.000000,-0.063907,1,0.001000
0.245950,1.000000,1.948461,-1.533774,-4.496667,-0.000000,-0.063907,1,0.001000
0.246000,1.000000,1.883730,-1.615009,-4.702282,-4.702282,-0.263220,1,0.001000
0.246050,1.000000,1.824833,-1.615009,-4.903256,-4.702282,-0.263220,1,0.001000
0.246100,1.000000,1.771575,-1.615009,-5.099392,-4.702282,-0.263220,1,0.001000
0.246150,1.000000,1.723760,-1.615009,-5.290495,-4.702282,-0.263220,1,0.001000
0.246200,1.000000,1.681190,-1.615009,-5.476377,-4.702282,-0.263220,1,0.001000
0.246250,1.000000,1.643665,-1.615009,-5.656854,-4.702282,-0.263220,1,0.001000
0.246300,1.000000,1.610980,-1.615009,-5.831749,-4.702282,-0.263220,1,0.001000
0.246350,1.000000,1.582933,-1.615009,-6.000889,-4.702282,-0.263220,1,0.001000
0.246400,1.000000,1.559317,-1.615009,-6.164106,-4.702282,-0.263220,1,0.001000
0.246450,1.000000,1.539924,-1.615009,-6.321240,-4.702282,-0.263220,1,0.001000
0.246500,1.000000,1.524546,-1.615009,-6.472136,-4.702282,-0.263220,1,0.001000
0.246550,1.000000,1.512973,-1.615009,-6.616645,-4.702282,-0.263220,1,0.001000
0.246600,1.000000,1.504994,-1.615009,-6.754623,-4.702282,-0.263220,1,0.001000
0.246650,1.000000,1.500398,-1.615009,-6.885936,-4.702282,-0.263220,1,0.001000
0.246700,1.000000,1.498972,-1.615009,-7.010453,-4.702282,-0.263220,1,0.001000
0.246750,1.000000,1.500504,-1.615009,-7.128052,-4.702282,-0.263220,1,0.001000
0.246800,1.000000,1.504781,-1.615009,-7.238616,-4.702282,-0.263220,1,0.001000
0.246850,1.000000,1.511589,-1.615009,-7.342037,-4.702282,-0.263220,1,0.001000
0.246900,1.000000,1.520718,-1.615009,-7.438212,-4.702282,-0.263220,1,0.001000
0.246950,1.000000,1.531953,-1.615009,-7.527046,-4.702282,-0.263220,1,0.001000
0.247000,1.000000,1.490594,-0.888382,-7.608452,-7.608452,-0.354035,1,0.001000
0.247050,1.000000,1.451599,-0.888382,-7.682349,-7.608452,-0.354035,1,0.001000
0.247100,1.000000,1.414750,-0.888382,-7.748665,-7.608452,-0.354035,1,0.001000
0.247150,1.000000,1.379828,-0.888382,-7.807334,-7.608452,-0.354035,1,0.001000
0.247200,1.000000,1.346617,-0.888382,-7.858298,-7.608452,-0.354035,1,0.001000
0.247250,1.000000,1.314901,-0.888382,-7.901507,-7.608452,-0.354035,1,0.001000
0.247300,1.000000,1.284467,-0.888382,-7.936918,-7.608452,-0.354035,1,0.001000
0.247350,1.000000,1.255102,-0.888382,-7.964496,-7.608452,-0.354035,1,0.001000
0.247400,1.000000,1.226598,-0.888382,-7.984214,-7.608452,-0.354035,1,0.001000
0.247450,1.000000,1.198746,-0.888382,-7.996052,-7.608452,-0.354035,1,0.001000
0.247500,1.000000,1.171341,-0.888382,-8.000000,-7.608452,-0.354035,1,0.001000
0.247550,1.000000,1.144179,-0.888382,-7.996052,-7.608452,-0.354035,1,0.001000
0.247600,1.000000,1.117062,-0.888382,-7.984214,-7.608452,-0.354035,1,0.001000
0.247650,1.000000,1.089790,-0.888382,-7.964496,-7.608452,-0.354035,1,0.001000
0.247700,1.000000,1.062170,-0.888382,-7.936918,-7.608452,-0.354035,1,0.001000
0.247750,1.000000,1.034009,-0.888382,-7.901507,-7.608452,-0.354035,1,0.001000
0.247800,1.000000,1.005121,-0.888382,-7.858298,-7.608452,-0.354035,1,0.001000
0.247850,1.000000,0.975319,-0.888382,-7.807334,-7.608452,-0.354035,1,0.001000
0.247900,1.000000,0.944424,-0.888382,-7.748665,-7.608452,-0.354035,1,0.001000
0.247950,1.000000,0.912256,-0.888382,-7.682349,-7.608452,-0.354035,1,0.001000
0.248000,1.000000,0.910067,0.368559,-7.608452,-7.608452,-0.301662,1,0.001000
0.248050,1.000000,0.905870,0.368559,-7.527046,-7.608452,-0.301662,1,0.001000
0.248100,1.000000,0.899505,0.368559,-7.438212,-7.608452,-0.301662,1,0.001000
0.248150,1.000000,0.890814,0.368559,-7.342037,-7.608452,-0.301662,1,0.001000
0.248200,1.000000,0.879647,0.368559,-7.238616,-7.608452,-0.301662,1,0.001000
0.248250,1.000000,0.865856,0.368559,-7.128052,-7.608452,-0.301662,1,0.001000
0.248300,1.000000,0.849296,0.368559,-7.010453,-7.608452,-0.301662,1,0.001000
0.248350,1.000000,0.829831,0.368559,-6.885936,-7.608452,-0.301662,1,0.001000
0.248400,1.000000,0.807327,0.368559,-6.754623,-7.608452,-0.301662,1,0.001000
0.248450,1.000000,0.781654,0.368559,-6.616645,-7.608452,-0.301662,1,0.001000
0.248500,1.000000,0.752689,0.368559,-6.472136,-7.608452,-0.301662,1,0.001000
0.248550,1.000000,0.720314,0.368559,-6.321240,-7.608452,-0.301662,1,0.001000
0.248600,1.000000,0.684416,0.368559,-6.164106,-7.608452,-0.301662,1,0.001000
0.248650,1.000000,0.644885,0.368559,-6.000889,-7.608452,-0.301662,1,0.001000
0.248700,1.000000,0.601621,0.368559,-5.831749,-7.608452,-0.301662,1,0.001000
0.248750,1.000000,0.554525,0.368559,-5.656854,-7.608452,-0.301662,1,0.001000
0.248800,1.000000,0.503505,0.368559,-5.476377,-7.608452,-0.301662,1,0.001000
0.248850,1.000000,0.448476,0.368559,-5.290495,-7.608452,-0.301662,1,0.001000
0.248900,1.000000,0.389358,0.368559,-5.099392,-7.608452,-0.301662,1,0.001000
0.248950,1.000000,0.326075,0.368559,-4.903256,-7.608452,-0.301662,1,0.001000
0.249000,1.000000,0.363892,1.675707,-4.702282,-4.702282,-0.126107,1,0.001000
0.249050,1.000000,0.396095,1.675707,-4.496667,-4.702282,-0.126107,1,0.001000
0.249100,1.000000,0.422645,1.675707,-4.286614,-4.702282,-0.126107,1,0.001000
0.249150,1.000000,0.443506,1.675707,-4.072331,-4.702282,-0.126107,1,0.001000
0.249200,1.000000,0.458648,1.675707,-3.854029,-4.702282,-0.126107,1,0.001000
0.249250,1.000000,0.468049,1.675707,-3.631924,-4.702282,-0.126107,1,0.001000
0.249300,1.000000,0.471690,1.675707,-3.406234,-4.702282,-0.126107,1,0.001000
0.249350,1.000000,0.469559,1.675707,-3.177183,-4.702282,-0.126107,1,0.001000
0.249400,1.000000,0.461650,1.675707,-2.944996,-4.702282,-0.126107,1,0.001000
0.249450,1.000000,0.447963,1.675707,-2.709903,-4.702282,-0.126107,1,0.001000
0.249500,1.000000,0.428502,1.675707,-2.472136,-4.702282,-0.126107,1,0.001000
0.249550,1.000000,0.403280,1.675707,-2.231929,-4.702282,-0.126107,1,0.001000
0.249600,1.000000,0.372312,1.675707,-1.989519,-4.702282,-0.126107,1,0.001000
0.249650,1.000000,0.335623,1.675707,-1.745146,-4.702282,-0.126107,1,0.001000
0.249700,1.000000,0.293239,1.675707,-1.499051,-4.702282,-0.126107,1,0.001000
0.249750,1.000000,0.245196,1.675707,-1.251476,-4.702282,-0.126107,1,0.001000
0.249800,1.000000,0.191534,1.675707,-1.002666,-4.702282,-0.126107,1,0.001000
0.249850,1.000000,0.132297,1.675707,-0.752867,-4.702282,-0.126107,1,0.001000
0.249900,1.000000,0.067537,1.675707,-0.502324,-4.702282,-0.126107,1,0.001000
0.249950,1.000000,-0.002690,1.675707,-0.251286,-4.702282,-0.126107,1,0.001000
0.250000,1.000000,0.060688,2.533774,0.000000,0.000000,0.105574,1,0.001000
0.250050,1.000000,0.116992,2.533774,0.251286,0.000000,0.105574,1,0.001000
0.250100,1.000000,0.166316,2.533774,0.502324,0.000000,0.105574,1,0.001000
0.250150,1.000000,0.208759,2.533774,0.752867,0.000000,0.105574,1,0.001000
0.250200,1.000000,0.244428,2.533774,1.002666,0.000000,0.105574,1,0.001000
0.250250,1.000000,0.273430,2.533774,1.251476,0.000000,0.105574,1,0.001000
0.250300,1.000000,0.295880,2.533774,1.499051,0.000000,0.105574,1,0.001000
0.250350,1.000000,0.311897,2.533774,1.745146,0.000000,0.105574,1,0.001000
0.250400,1.000000,0.321605,2.533774,1.989519,0.000000,0.105574,1,0.001000
0.250450,1.000000,0.325131,2.533774,2.231929,0.000000,0.105574,1,0.001000
0.250500,1.000000,0.322608,2.533774,2.472136,0.000000,0.105574,1,0.001000
0.250550,1.000000,0.314172,2.533774,2.709903,0.000000,0.105574,1,0.001000
0.250600,1.000000,0.299964,2.533774,2.944996,0.000000,0.105574,1,0.001000
0.250650,1.000000,0.280129,2.533774,3.177183,0.000000,0.105574,1,0.001000
0.250700,1.000000,0.254816,2.533774,3.406234,0.000000,0.105574,1,0.001000
0.250750,1.000000,0.224177,2.533774,3.631924,0.000000,0.105574,1,0.001000
0.250800,1.000000,0.188369,2.533774,3.854029,0.000000,0.105574,1,0.001000
0.250850,1.000000,0.147550,2.533774,4.072331,0.000000,0.105574,1,0.001000
0.250900,1.000000,0.101885,2.533774,4.286614,0.000000,0.105574,1,0.001000
0.250950,1.000000,0.051539,2.533774,4.496667,0.000000,0.105574,1,0.001000
0.251000,1.000000,0.116270,2.615009,4.702282,4.702282,0.304887,1,0.001000
0.251050,1.000000,0.175167,2.615009,4.903256,4.702282,0.304887,1,0.001000
0.251100,1.000000,0.228425,2.615009,5.099392,4.702282,0.304887,1,0.001000
0.251150,1.000000,0.276240,2.615009,5.290495,4.702282,0.304887,1,0.001000
0.251200,1.000000,0.318810,2.615009,5.476377,4.702282,0.304887,1,0.001000
0.251250,1.000000,0.356335,2.615009,5.656854,4.702282,0.304887,1,0.001000
0.251300,1.000000,0.389020,2.615009,5.831749,4.702282,0.304887,1,0.001000
0.251350,1.000000,0.417067,2.615009,6.000889,4.702282,0.304887,1,0.001000
0.251400,1.000000,0.440683,2.615009,6.164106,4.702282,0.304887,1,0.001000
0.251450,1.000000,0.460076,2.615009,6.321240,4.702282,0.304887,1,0.001000
0.251500,1.000000,0.475454,2.615009,6.472136,4.702282,0.304887,1,0.001000
0.251550,1.000000,0.487027,2.615009,6.616645,4.702282,0.304887,1,0.001000
0.251600,1.000000,0.495006,2.615009,6.754623,4.702282,0.304887,1,0.001000
0.251650,1.000000,0.499602,2.615009,6.885936,4.702282,0.304887,1,0.001000
0.251700,1.000000,0.501028,2.615009,7.010453,4.702282,0.304887,1,0.001000
0.251750,1.000000,0.499496,2.615009,7.128052,4.702282,0.304887,1,0.001000
0.251800,1.000000,0.495219,2.615009,7.238616,4.702282,0.304887,1,0.001000
0.251850,1.000000,0.488411,2.615009,7.342037,4.702282,0.304887,1,0.001000
0.251900,1.000000,0.479282,2.615009,7.438212,4.702282,0.304887,1,0.001000
0.251950,1.000000,0.468047,2.615009,7.527046,4.702282,0.304887,1,0.001000
0.252000,1.000000,0.509406,1.888382,7.608452,7.608452,0.395701,1,0.001000
0.252050,1.000000,0.548401,1.888382,7.682349,7.608452,0.395701,1,0.001000
0.252100,1.000000,0.585250,1.888382,7.748665,7.608452,0.395701,1,0.001000
0.252150,1.000000,0.620172,1.888382,7.807334,7.608452,0.395701,1,0.001000
0.252200,1.000000,0.653383,1.888382,7.858298,7.608452,0.395701,1,0.001000
0.252250,1.000000,0.685099,1.888382,7.901507,7.608452,0.395701,1,0.001000
0.252300,1.000000,0.715533,1.888382,7.936918,7.608452,0.395701,1,0.001000
0.252350,1.000000,0.744898,1.888382,7.964496,7.608452,0.395701,1,0.001000
0.252400,1.000000,0.773402,1.888382,7.984214,7.608452,0.395701,1,0.001000
0.252450,1.000000,0.801254,1.888382,7.996052,7.608452,0.395701,1,0.001000
0.252500,1.000000,0.828659,1.888382,8.000000,7.608452,0.395701,1,0.001000
0.252550,1.000000,0.855821,1.888382,7.996052,7.608452,0.395701,1,0.001000
0.252600,1.000000,0.882938,1.888382,7.984214,7.608452,0.395701,1,0.001000
0.252650,1.000000,0.910210,1.888382,7.964496,7.608452,0.395701,1,0.001000
0.252700,1.000000,0.937830,1.888382,7.936918,7.608452,0.395701,1,0.001000
0.252750,1.000000,0.965991,1.888382,7.901507,7.608452,0.395701,1,0.001000
0.252800,1.000000,0.994879,1.888382,7.858298,7.608452,0.395701,1,0.001000
0.252850,1.000000,1.024681,1.888382,7.807334,7.608452,0.395701,1,0.001000
0.252900,1.000000,1.055576,1.888382,7.748665,7.608452,0.395701,1,0.001000
0.252950,1.000000,1.087744,1.888382,7.682349,7.608452,0.395701,1,0.001000
0.253000,1.000000,1.089933,0.631441,7.608452,7.608452,0.343329,1,0.001000
0.253050,1.000000,1.094130,0.631441,7.527046,7.608452,0.343329,1,0.001000
0.253100,1.000000,1.100495,0.631441,7.438212,7.608452,0.343329,1,0.001000
0.253150,1.000000,1.109186,0.631441,7.342037,7.608452,0.343329,1,0.001000
0.253200,1.000000,1.120353,0.631441,7.238616,7.608452,0.343329,1,0.001000
0.253250,1.000000,1.134144,0.631441,7.128052,7.608452,0.343329,1,0.001000
0.253300,1.000000,1.150704,0.631441,7.010453,7.608452,0.343329,1,0.001000
0.253350,1.000000,1.170169,0.631441,6.885936,7.608452,0.343329,1,0.001000
0.253400,1.000000,1.192673,0.631441,6.754623,7.608452,0.343329,1,0.001000
0.253450,1.000000,1.218346,0.631441,6.616645,7.608452,0.343329,1,0.001000
0.253500,1.000000,1.247311,0.631441,6.472136,7.608452,0.343329,1,0.001000
0.253550,1.000000,1.279686,0.631441,6.321240,7.608452,0.343329,1,0.001000
0.253600,1.000000,1.315584,0.631441,6.164106,7.608452,0.343329,1,0.001000
0.253650,1.000000,1.355115,0.631441,6.000889,7.608452,0.343329,1,0.001000
0.253700,1.000000,1.398379,0.631441,5.831749,7.608452,0.343329,1,0.001000
0.253750,1.000000,1.445475,0.631441,5.656854,7.608452,0.343329,1,0.001000
0.253800,1.000000,1.496495,0.631441,5.476377,7.608452,0.343329,1,0.001000
0.253850,1.000000,1.551524,0.631441,5.290495,7.608452,0.343329,1,0.001000
0.253900,1.000000,1.610642,0.631441,5.099392,7.608452,0.343329,1,0.001000
0.253950,1.000000,1.673925,0.631441,4.903256,7.608452,0.343329,1,0.001000
0.254000,1.000000,1.636108,-0.675707,4.702282,4.702282,0.167774,1,0.001000
0.254050,1.000000,1.603905,-0.675707,4.496667,4.702282,0.167774,1,0.001000
0.254100,1.000000,1.577355,-0.675707,4.286614,4.702282,0.167774,1,0.001000
0.254150,1.000000,1.556494,-0.675707,4.072331,4.702282,0.167774,1,0.001000
0.254200,1.000000,1.541352,-0.675707,3.854029,4.702282,0.167774,1,0.001000
0.254250,1.000000,1.531951,-0.675707,3.631924,4.702282,0.167774,1,0.001000
0.254300,1.000000,1.528310,-0.675707,3.406234,4.702282,0.167774,1,0.001000
0.254350,1.000000,1.530441,-0.675707,3.177183,4.702282,0.167774,1,0.001000
0.254400,1.000000,1.538350,-0.675707,2.944996,4.702282,0.167774,1,0.001000
0.254450,1.000000,1.552037,-0.675707,2.709903,4.702282,0.167774,1,0.001000
0.254500,1.000000,1.571498,-0.675707,2.472136,4.702282,0.167774,1,0.001000
0.254550,1.000000,1.596720,-0.675707,2.231929,4.702282,0.167774,1,0.001000
0.254600,1.000000,1.627688,-0.675707,1.989519,4.702282,0.167774,1,0.001000
0.254650,1.000000,1.664377,-0.675707,1.745146,4.702282,0.167774,1,0.001000
0.254700,1.000000,1.706761,-0.675707,1.499051,4.702282,0.167774,1,0.001000
0.254750,1.000000,1.754804,-0.675707,1.251476,4.702282,0.167774,1,0.001000
0.254800,1.000000,1.808466,-0.675707,1.002666,4.702282,0.167774,1,0.001000
0.254850,1.000000,1.867703,-0.675707,0.752867,4.702282,0.167774,1,0.001000
0.254900,1.000000,1.932463,-0.675707,0.502324,4.702282,0.167774,1,0.001000
0.254950,1.000000,2.002690,-0.675707,0.251286,4.702282,0.167774,1,0.001000
0.255000,1.000000,1.939312,-1.533774,0.000000,0.000000,-0.063907,1,0.001000
0.255050,1.000000,1.883008,-1.533774,-0.251286,0.000000,-0.063907,1,0.001000
0.255100,1.000000,1.833684,-1.533774,-0.502324,0.000000,-0.063907,1,0.001000
0.255150,1.000000,1.791241,-1.533774,-0.752867,0.000000,-0.063907,1,0.001000
0.255200,1.000000,1.755572,-1.533774,-1.002666,0.000000,-0.063907,1,0.001000
0.255250,1.000000,1.726570,-1.533774,-1.251476,0.000000,-0.063907,1,0.001000
0.255300,1.000000,1.704120,-1.533774,-1.499051,0.000000,-0.063907,1,0.001000
0.255350,1.000000,1.688103,-1.533774,-1.745146,0.000000,-0.063907,1,0.001000
0.255400,1.000000,1.678395,-1.533774,-1.989519,0.000000,-0.063907,1,0.001000
0.255450,1.000000,1.674869,-1.533774,-2.231929,0.000000,-0.063907,1,0.001000
0.255500,1.000000,1.677392,-1.533774,-2.472136,0.000000,-0.063907,1,0.001000
0.255550,1.000000,1.685828,-1.533774,-2.709903,0.000000,-0.063907,1,0.001000
0.255600,1.000000,1.700036,-1.533774,-2.944996,0.000000,-0.063907,1,0.001000
0.255650,1.000000,1.719871,-1.533774,-3.177183,0.000000,-0.063907,1,0.001000
0.255700,1.000000,1.745184,-1.533774,-3.406234,0.000000,-0.063907,1,0.001000
0.255750,1.000000,1.775823,-1.533774,-3.631924,0.000000,-0.063907,1,0.001000
0.255800,1.000000,1.811631,-1.533774,-3.854029,0.000000,-0.063907,1,0.001000
0.255850,1.000000,1.852450,-1.533774,-4.072331,0.000000,-0.063907,1,0.001000
0.255900,1.000000,1.898115,-1.533774,-4.286614,0.000000,-0.063907,1,0.001000
0.255950,1.000000,1.948461,-1.533774,-4.496667,0.000000,-0.063907,1,0.001000
0.256000,1.000000,1.883730,-1.615009,-4.702282,-4.702282,-0.263220,1,0.001000
0.256050,1.000000,1.824833,-1.615009,-4.903256,-4.702282,-0.263220,1,0.001000
0.256100,1.000000,1.771575,-1.615009,-5.099392,-4.702282,-0.263220,1,0.001000
0.256150,1.000000,1.723760,-1.615009,-5.290495,-4.702282,-0.263220,1,0.001000
0.256200,1.000000,1.681190,-1.615009,-5.476377,-4.702282,-0.263220,1,0.001000
0.256250,1.000000,1.643665,-1.615009,-5.656854,-4.702282,-0.263220,1,0.001000
0.256300,1.000000,1.610980,-1.615009,-5.831749,-4.702282,-0.263220,1,0.001000
0.256350,1.000000,1.582933,-1.615009,-6.000889,-4.702282,-0.263220,1,0.001000
0.256400,1.000000,1.559317,-1.615009,-6.164106,-4.702282,-0.263220,1,0.001000
0.256450,1.000000,1.539924,-1.615009,-6.321240,-4.702282,-0.263220,1,0.001000
0.256500,1.000000,1.524546,-1.615009,-6.472136,-4.702282,-0.263220,1,0.001000
0.256550,1.000000,1.512973,-1.615009,-6.616645,-4.702282,-0.263220,1,0.001000
0.256600,1.000000,1.504994,-1.615009,-6.754623,-4.702282,-0.263220,1,0.001000
0.256650,1.000000,1.500398,-1.615009,-6.885936,-4.702282,-0.263220,1,0.001000
0.256700,1.000000,1.498972,-1.615009,-7.010453,-4.702282,-0.263220,1,0.001000
0.256750,1.000000,1.500504,-1.615009,-7.128052,-4.702282,-0.263220,1,0.001000
0.256800,1.000000,1.504781,-1.615009,-7.238616,-4.702282,-0.263220,1,0.001000
0.256850,1.000000,1.511589,-1.615009,-7.342037,-4.702282,-0.263220,1,0.001000
0.256900,1.000000,1.520718,-1.615009,-7.438212,-4.702282,-0.263220,1,0.001000
0.256950,1.000000,1.531953,-1.615009,-7.527046,-4.702282,-0.263220,1,0.001000
0.257000,1.000000,1.490594,-0.888382,-7.608452,-7.608452,-0.354035,1,0.001000
0.257050,1.000000,1.451599,-0.888382,-7.682349,-7.608452,-0.354035,1,0.001000
0.257100,1.000000,1.414750,-0.888382,-7.748665,-7.608452,-0.354035,1,0.001000
0.257150,1.000000,1.379828,-0.888382,-7.807334,-7.608452,-0.354035,1,0.001000
0.257200,1.000000,1.346617,-0.888382,-7.858298,-7.608452,-0.354035,1,0.001000
0.257250,1.000000,1.314901,-0.888382,-7.901507,-7.608452,-0.354035,1,0.001000
0.257300,1.000000,1.284467,-0.888382,-7.936918,-7.608452,-0.354035,1,0.001000
0.257350,1.000000,1.255102,-0.888382,-7.964496,-7.608452,-0.354035,1,0.001000
0.257400,1.000000,1.226598,-0.888382,-7.984214,-7.608452,-0.354035,1,0.001000
0.257450,1.000000,1.198746,-0.888382,-7.996052,-7.608452,-0.354035,1,0.001000
0.257500,1.000000,1.171341,-0.888382,-8.000000,-7.608452,-0.354035,1,0.001000
0.257550,1.000000,1.144179,-0.888382,-7.996052,-7.608452,-0.354035,1,0.001000
0.257600,1.000000,1.117062,-0.888382,-7.984214,-7.608452,-0.354035,1,0.001000
0.257650,1.000000,1.089790,-0.888382,-7.964496,-7.608452,-0.354035,1,0.001000
0.257700,1.000000,1.062170,-0.888382,-7.936918,-7.608452,-0.354035,1,0.001000
0.257750,1.000000,1.034009,-0.888382,-7.901507,-7.608452,-0.354035,1,0.001000
0.257800,1.000000,1.005121,-0.888382,-7.858298,-7.608452,-0.354035,1,0.001000
0.257850,1.000000,0.975319,-0.888382,-7.807334,-7.608452,-0.354035,1,0.001000
0.257900,1.000000,0.944424,-0.888382,-7.748665,-7.608452,-0.354035,1,0.001000
0.257950,1.000000,0.912256,-0.888382,-7.682349,-7.608452,-0.354035,1,0.001000
0.258000,1.000000,0.910067,0.368559,-7.608452,-7.608452,-0.301662,1,0.001000
0.258050,1.000000,0.905870,0.368559,-7.527046,-7.608452,-0.301662,1,0.001000
0.258100,1.000000,0.899505,0.368559,-7.438212,-7.608452,-0.301662,1,0.001000
0.258150,1.000000,0.890814,0.368559,-7.342037,-7.608452,-0.301662,1,0.001000
0.258200,1.000000,0.879647,0.368559,-7.238616,-7.608452,-0.301662,1,0.001000
0.258250,1.000000,0.865856,0.368559,-7.128052,-7.608452,-0.301662,1,0.001000
0.258300,1.000000,0.849296,0.368559,-7.010453,-7.608452,-0.301662,1,0.001000
0.258350,1.000000,0.829831,0.368559,-6.885936,-7.608452,-0.301662,1,0.001000
0.258400,1.000000,0.807327,0.368559,-6.754623,-7.608452,-0.301662,1,0.001000
0.258450,1.000000,0.781654,0.368559,-6.616645,-7.608452,-0.301662,1,0.001000
0.258500,1.000000,0.752689,0.368559,-6.472136,-7.608452,-0.301662,1,0.001000
0.258550,1.000000,0.720314,0.368559,-6.321240,-7.608452,-0.301662,1,0.001000
0.258600,1.000000,0.684416,0.368559,-6.164106,-7.608452,-0.301662,1,0.001000
0.258650,1.000000,0.644885,0.368559,-6.000889,-7.608452,-0.301662,1,0.001000
0.258700,1.000000,0.601621,0.368559,-5.831749,-7.608452,-0.301662,1,0.001000
0.258750,1.000000,0.554525,0.368559,-5.656854,-7.608452,-0.301662,1,0.001000
0.258800,1.000000,0.503505,0.368559,-5.476377,-7.608452,-0.301662,1,0.001000
0.258850,1.000000,0.448476,0.368559,-5.290495,-7.608452,-0.301662,1,0.001000
0.258900,1.000000,0.389358,0.368559,-5.099392,-7.608452,-0.301662,1,0.001000
0.258950,1.000000,0.326075,0.368559,-4.903256,-7.608452,-0.301662,1,0.001000
0.259000,1.000000,0.363892,1.675707,-4.702282,-4.702282,-0.126107,1,0.001000
0.259050,1.000000,0.396095,1.675707,-4.496667,-4.702282,-0.126107,1,0.001000
0.259100,1.000000,0.422645,1.675707,-4.286614,-4.702282,-0.126107,1,0.001000
0.259150,1.000000,0.443506,1.675707,-4.072331,-4.702282,-0.126107,1,0.001000
0.259200,1.000000,0.458648,1.675707,-3.854029,-4.702282,-0.126107,1,0.001000
0.259250,1.000000,0.468049,1.675707,-3.631924,-4.702282,-0.126107,1,0.001000
0.259300,1.000000,0.471690,1.675707,-3.406234,-4.702282,-0.126107,1,0.001000
0.259350,1.000000,0.469559,1.675707,-3.177183,-4.702282,-0.126107,1,0.001000
0.259400,1.000000,0.461650,1.675707,-2.944996,-4.702282,-0.126107,1,0.001000
0.259450,1.000000,0.447963,1.675707,-2.709903,-4.702282,-0.126107,1,0.001000
0.259500,1.000000,0.428502,1.675707,-2.472136,-4.702282,-0.126107,1,0.001000
0.259550,1.000000,0.403280,1.675707,-2.231929,-4.702282,-0.126107,1,0.001000
0.259600,1.000000,0.372312,1.675707,-1.989519,-4.702282,-0.126107,1,0.001000
0.259650,1.000000,0.335623,1.675707,-1.745146,-4.702282,-0.126107,1,0.001000
0.259700,1.000000,0.293239,1.675707,-1.499051,-4.702282,-0.126107,1,0.001000
0.259750,1.000000,0.245196,1.675707,-1.251476,-4.702282,-0.126107,1,0.001000
0.259800,1.000000,0.191534,1.675707,-1.002666,-4.702282,-0.126107,1,0.001000
0.259850,1.000000,0.132297,1.675707,-0.752867,-4.702282,-0.126107,1,0.001000
0.259900,1.000000,0.067537,1.675707,-0.502324,-4.702282,-0.126107,1,0.001000
0.259950,1.000000,-0.002690,1.675707,-0.251286,-4.702282,-0.126107,1,0.001000
0.260000,1.000000,0.060688,2.533774,0.000000,0.000000,0.105574,1,0.001000
0.260050,1.000000,0.116992,2.533774,0.251286,0.000000,0.105574,1,0.001000
0.260100,1.000000,0.166316,2.533774,0.502324,0.000000,0.105574,1,0.001000
0.260150,1.000000,0.208759,2.533774,0.752867,0.000000,0.105574,1,0.001000
0.260200,1.000000,0.244428,2.533774,1.002666,0.000000,0.105574,1,0.001000
0.260250,1.000000,0.273430,2.533774,1.251476,0.000000,0.105574,1,0.001000
0.260300,1.000000,0.295880,2.533774,1.499051,0.000000,0.105574,1,0.001000
0.260350,1.000000,0.311897,2.533774,1.745146,0.000000,0.105574,1,0.001000
0.260400,1.000000,0.321605,2.533774,1.989519,0.000000,0.105574,1,0.001000
0.260450,1.000000,0.325131,2.533774,2.231929,0.000000,0.105574,1,0.001000
0.260500,1.000000,0.322608,2.533774,2.472136,0.000000,0.105574,1,0.001000
0.260550,1.000000,0.314172,2.533774,2.709903,0.000000,0.105574,1,0.001000
0.260600,1.000000,0.299964,2.533774,2.944996,0.000000,0.105574,1,0.001000
0.260650,1.000000,0.280129,2.533774,3.177183,0.000000,0.105574,1,0.001000
0.260700,1.000000,0.254816,2.533774,3.406234,0.000000,0.105574,1,0.001000
0.260750,1.000000,0.224177,2.533774,3.631924,0.000000,0.105574,1,0.001000
0.260800,1.000000,0.188369,2.533774,3.854029,0.000000,0.105574,1,0.001000
0.260850,1.000000,0.147550,2.533774,4.072331,0.000000,0.105574,1,0.001000
0.260900,1.000000,0.101885,2.533774,4.286614,0.000000,0.105574,1,0.001000
0.260950,1.000000,0.051539,2.533774,4.496667,0.000000,0.105574,1,0.001000
0.261000,1.000000,0.116270,2.615009,4.702282,4.702282,0.304887,1,0.001000
0.261050,1.000000,0.175167,2.615009,4.903256,4.702282,0.304887,1,0.001000
0.261100,1.000000,0.228425,2.615009,5.099392,4.702282,0.304887,1,0.001000
0.261150,1.000000,0.276240,2.615009,5.290495,4.702282,0.304887,1,0.001000
0.261200,1.000000,0.318810,2.615009,5.476377,4.702282,0.304887,1,0.001000
0.261250,1.000000,0.356335,2.615009,5.656854,4.702282,0.304887,1,0.001000
0.261300,1.000000,0.389020,2.615009,5.831749,4.702282,0.304887,1,0.001000
0.261350,1.000000,0.417067,2.615009,6.000889,4.702282,0.304887,1,0.001000
0.261400,1.000000,0.440683,2.615009,6.164106,4.702282,0.304887,1,0.001000
0.261450,1.000000,0.460076,2.615009,6.321240,4.702282,0.304887,1,0.001000
0.261500,1.000000,0.475454,2.615009,6.472136,4.702282,0.304887,1,0.001000
0.261550,1.000000,0.487027,2.615009,6.616645,4.702282,0.304887,1,0.001000
0.261600,1.000000,0.495006,2.615009,6.754623,4.702282,0.304887,1,0.001000
0.261650,1.000000,0.499602,2.615009,6.885936,4.702282,0.304887,1,0.001000
0.261700,1.000000,0.501028,2.615009,7.010453,4.702282,0.304887,1,0.001000
0.261750,1.000000,0.499496,2.615009,7.128052,4.702282,0.304887,1,0.001000
0.261800,1.000000,0.495219,2.615009,7.238616,4.702282,0.304887,1,0.001000
0.261850,1.000000,0.488411,2.615009,7.342037,4.702282,0.304887,1,0.001000
0.261900,1.000000,0.479282,2.615009,7.438212,4.702282,0.304887,1,0.001000
0.261950,1.000000,0.468047,2.615009,7.527046,4.702282,0.304887,1,0.001000
0.262000,1.000000,0.509406,1.888382,7.608452,7.608452,0.395701,1,0.001000
0.262050,1.000000,0.548401,1.888382,7.682349,7.608452,0.395701,1,0.001000
0.262100,1.000000,0.585250,1.888382,7.748665,7.608452,0.395701,1,0.001000
0.262150,1.000000,0.620172,1.888382,7.807334,7.608452,0.395701,1,0.001000
0.262200,1.000000,0.653383,1.888382,7.858298,7.608452,0.395701,1,0.001000
0.262250,1.000000,0.685099,1.888382,7.901507,7.608452,0.395701,1,0.001000
0.262300,1.000000,0.715533,1.888382,7.936918,7.608452,0.395701,1,0.001000
0.262350,1.000000,0.744898,1.888382,7.964496,7.608452,0.395701,1,0.001000
0.262400,1.000000,0.773402,1.888382,7.984214,7.608452,0.395701,1,0.001000
0.262450,1.000000,0.801254,1.888382,7.996052,7.608452,0.395701,1,0.001000
0.262500,1.000000,0.828659,1.888382,8.000000,7.608452,0.395701,1,0.001000
0.262550,1.000000,0.855821,1.888382,7.996052,7.608452,0.395701,1,0.001000
0.262600,1.000000,0.882938,1.888382,7.984214,7.608452,0.395701,1,0.001000
0.262650,1.000000,0.910210,1.888382,7.964496,7.608452,0.395701,1,0.001000
0.262700,1.000000,0.937830,1.888382,7.936918,7.608452,0.395701,1,0.001000
0.262750,1.000000,0.965991,1.888382,7.901507,7.608452,0.395701,1,0.001000
0.262800,1.000000,0.994879,1.888382,7.858298,7.608452,0.395701,1,0.001000
0.262850,1.000000,1.024681,1.888382,7.807334,7.608452,0.395701,1,0.001000
0.262900,1.000000,1.055576,1.888382,7.748665,7.608452,0.395701,1,0.001000
0.262950,1.000000,1.087744,1.888382,7.682349,7.608452,0.395701,1,0.001000
0.263000,1.000000,1.089933,0.631441,7.608452,7.608452,0.343329,1,0.001000
0.263050,1.000000,1.094130,0.631441,7.527046,7.608452,0.343329,1,0.001000
0.263100,1.000000,1.100495,0.631441,7.438212,7.608452,0.343329,1,0.001000
0.263150,1.000000,1.109186,0.631441,7.342037,7.608452,0.343329,1,0.001000
0.263200,1.000000,1.120353,0.631441,7.238616,7.608452,0.343329,1,0.001000
0.263250,1.000000,1.134144,0.631441,7.128052,7.608452,0.343329,1,0.001000
0.263300,1.000000,1.150704,0.631441,7.010453,7.608452,0.343329,1,0.001000
0.263350,1.000000,1.170169,0.631441,6.885936,7.608452,0.343329,1,0.001000
0.263400,1.000000,1.192673,0.631441,6.754623,7.608452,0.343329,1,0.001000
0.263450,1.000000,1.218346,0.631441,6.616645,7.608452,0.343329,1,0.001000
0.263500,1.000000,1.247311,0.631441,6.472136,7.608452,0.343329,1,0.001000
0.263550,1.000000,1.279686,0.631441,6.321240,7.608452,0.343329,1,0.001000
0.263600,1.000000,1.315584,0.631441,6.164106,7.608452,0.343329,1,0.001000
0.263650,1.000000,1.355115,0.631441,6.000889,7.608452,0.343329,1,0.001000
0.263700,1.000000,1.398379,0.631441,5.831749,7.608452,0.343329,1,0.001000
0.263750,1.000000,1.445475,0.631441,5.656854,7.608452,0.343329,1,0.001000
0.263800,1.000000,1.496495,0.631441,5.476377,7.608452,0.343329,1,0.001000
0.263850,1.000000,1.551524,0.631441,5.290495,7.608452,0.343329,1,0.001000
0.263900,1.000000,1.610642,0.631441,5.099392,7.608452,0.343329,1,0.001000
0.263950,1.000000,1.673925,0.631441,4.903256,7.608452,0.343329,1,0.001000
0.264000,1.000000,1.636108,-0.675707,4.702282,4.702282,0.167774,1,0.001000
0.264050,1.000000,1.603905,-0.675707,4.496667,4.702282,0.167774,1,0.001000
0.264100,1.000000,1.577355,-0.675707,4.286614,4.702282,0.167774,1,0.001000
0.264150,1.000000,1.556494,-0.675707,4.072331,4.702282,0.167774,1,0.001000
0.264200,1.000000,1.541352,-0.675707,3.854029,4.702282,0.167774,1,0.001000
0.264250,1.000000,1.531951,-0.675707,3.631924,4.702282,0.167774,1,0.001000
0.264300,1.000000,1.528310,-0.675707,3.406234,4.702282,0.167774,1,0.001000
0.264350,1.000000,1.530441,-0.675707,3.177183,4.702282,0.167774,1,0.001000
0.264400,1.000000,1.538350,-0.675707,2.944996,4.702282,0.167774,1,0.001000
0.264450,1.000000,1.552037,-0.675707,2.709903,4.702282,0.167774,1,0.001000
0.264500,1.000000,1.571498,-0.675707,2.472136,4.702282,0.167774,1,0.001000
0.264550,1.000000,1.596720,-0.675707,2.231929,4.702282,0.167774,1,0.001000
0.264600,1.000000,1.627688,-0.675707,1.989519,4.702282,0.167774,1,0.001000
0.264650,1.000000,1.664377,-0.675707,1.745146,4.702282,0.167774,1,0.001000
0.264700,1.000000,1.706761,-0.675707,1.499051,4.702282,0.167774,1,0.001000
0.264750,1.000000,1.754804,-0.675707,1.251476,4.702282,0.167774,1,0.001000
0.264800,1.000000,1.808466,-0.675707,1.002666,4.702282,0.167774,1,0.001000
0.264850,1.000000,1.867703,-0.675707,0.752867,4.702282,0.167774,1,0.001000
0.264900,1.000000,1.932463,-0.675707,0.502324,4.702282,0.167774,1,0.001000
0.264950,1.000000,2.002690,-0.675707,0.251286,4.702282,0.167774,1,0.001000
0.265000,1.000000,1.939312,-1.533774,0.000000,0.000000,-0.063907,1,0.001000
0.265050,1.000000,1.883008,-1.533774,-0.251286,0.000000,-0.063907,1,0.001000
0.265100,1.000000,1.833684,-1.533774,-0.502324,0.000000,-0.063907,1,0.001000
0.265150,1.000000,1.791241,-1.533774,-0.752867,0.000000,-0.063907,1,0.001000
0.265200,1.000000,1.755572,-1.533774,-1.002666,0.000000,-0.063907,1,0.001000
0.265250,1.000000,1.726570,-1.533774,-1.251476,0.000000,-0.063907,1,0.001000
0.265300,1.000000,1.704120,-1.533774,-1.499051,0.000000,-0.063907,1,0.001000
0.265350,1.000000,1.688103,-1.533774,-1.745146,0.000000,-0.063907,1,0.001000
0.265400,1.000000,1.678395,-1.533774,-1.989519,0.000000,-0.063907,1,0.001000
0.265450,1.000000,1.674869,-1.533774,-2.231929,0.000000,-0.063907,1,0.001000
0.265500,1.000000,1.677392,-1.533774,-2.472136,0.000000,-0.063907,1,0.001000
0.265550,1.000000,1.685828,-1.533774,-2.709903,0.000000,-0.063907,1,0.001000
0.265600,1.000000,1.700036,-1.533774,-2.944996,0.000000,-0.063907,1,0.001000
0.265650,1.000000,1.719871,-1.533774,-3.177183,0.000000,-0.063907,1,0.001000
0.265700,1.000000,1.745184,-1.533774,-3.406234,0.000000,-0.063907,1,0.001000
0.265750,1.000000,1.775823,-1.533774,-3.631924,0.000000,-0.063907,1,0.001000
0.265800,1.000000,1.811631,-1.533774,-3.854029,0.000000,-0.063907,1,0.001000
0.265850,1.000000,1.852450,-1.533774,-4.072331,0.000000,-0.063907,1,0.001000
0.265900,1.000000,1.898115,-1.533774,-4.286614,0.000000,-0.063907,1,0.001000
0.265950,1.000000,1.948461,-1.533774,-4.496667,0.000000,-0.063907,1,0.001000
0.266000,1.000000,1.883730,-1.615009,-4.702282,-4.702282,-0.263220,1,0.001000
0.266050,1.000000,1.824833,-1.615009,-4.903256,-4.702282,-0.263220,1,0.001000
0.266100,1.000000,1.771575,-1.615009,-5.099392,-4.702282,-0.263220,1,0.001000
0.266150,1.000000,1.723760,-1.615009,-5.290495,-4.702282,-0.263220,1,0.001000
0.266200,1.000000,1.681190,-1.615009,-5.476377,-4.702282,-0.263220,1,0.001000
0.266250,1.000000,1.643665,-1.615009,-5.656854,-4.702282,-0.263220,1,0.001000
0.266300,1.000000,1.610980,-1.615009,-5.831749,-4.702282,-0.263220,1,0.001000
0.266350,1.000000,1.582933,-1.615009,-6.000889,-4.702282,-0.263220,1,0.001000
0.266400,1.000000,1.559317,-1.615009,-6.164106,-4.702282,-0.263220,1,0.001000
0.266450,1.000000,1.539924,-1.615009,-6.321240,-4.702282,-0.263220,1,0.001000
0.266500,1.000000,1.524546,-1.615009,-6.472136,-4.702282,-0.263220,1,0.001000
0.266550,1.000000,1.512973,-1.615009,-6.616645,-4.702282,-0.263220,1,0.001000
0.266600,1.000000,1.504994,-1.615009,-6.754623,-4.702282,-0.263220,1,0.001000
0.266650,1.000000,1.500398,-1.615009,-6.885936,-4.702282,-0.263220,1,0.001000
0.266700,1.000000,1.498972,-1.615009,-7.010453,-4.702282,-0.263220,1,0.001000
0.266750,1.000000,1.500504,-1.615009,-7.128052,-4.702282,-0.263220,1,0.001000
0.266800,1.000000,1.504781,-1.615009,-7.238616,-4.702282,-0.263220,1,0.001000
0.266850,1.000000,1.511589,-1.615009,-7.342037,-4.702282,-0.263220,1,0.001000
0.266900,1.000000,1.520718,-1.615009,-7.438212,-4.702282,-0.263220,1,0.001000
0.266950,1.000000,1.531953,-1.615009,-7.527046,-4.702282,-0.263220,1,0.001000
0.267000,1.000000,1.490594,-0.888382,-7.608452,-7.608452,-0.354035,1,0.001000
0.267050,1.000000,1.451599,-0.888382,-7.682349,-7.608452,-0.354035,1,0.001000
0.267100,1.000000,1.414750,-0.888382,-7.748665,-7.608452,-0.354035,1,0.001000
0.267150,1.000000,1.379828,-0.888382,-7.807334,-7.608452,-0.354035,1,0.001000
0.267200,1.000000,1.346617,-0.888382,-7.858298,-7.608452,-0.354035,1,0.001000
0.267250,1.000000,1.314901,-0.888382,-7.901507,-7.608452,-0.354035,1,0.001000
0.267300,1.000000,1.284467,-0.888382,-7.936918,-7.608452,-0.354035,1,0.001000
0.267350,1.000000,1.255102,-0.888382,-7.964496,-7.608452,-0.354035,1,0.001000
0.267400,1.000000,1.226598,-0.888382,-7.984214,-7.608452,-0.354035,1,0.001000
0.267450,1.000000,1.198746,-0.888382,-7.996052,-7.608452,-0.354035,1,0.001000
0.267500,1.000000,1.171341,-0.888382,-8.000000,-7.608452,-0.354035,1,0.001000
0.267550,1.000000,1.144179,-0.888382,-7.996052,-7.608452,-0.354035,1,0.001000
0.267600,1.000000,1.117062,-0.888382,-7.984214,-7.608452,-0.354035,1,0.001000
0.267650,1.000000,1.089790,-0.888382,-7.964496,-7.608452,-0.354035,1,0.001000
0.267700,1.000000,1.062170,-0.888382,-7.936918,-7.608452,-0.354035,1,0.001000
0.267750,1.000000,1.034009,-0.888382,-7.901507,-7.608452,-0.354035,1,0.001000
0.267800,1.000000,1.005121,-0.888382,-7.858298,-7.608452,-0.354035,1,0.001000
0.267850,1.000000,0.975319,-0.888382,-7.807334,-7.608452,-0.354035,1,0.001000
0.267900,1.000000,0.944424,-0.888382,-7.748665,-7.608452,-0.354035,1,0.001000
0.267950,1.000000,0.912256,-0.888382,-7.682349,-7.608452,-0.354035,1,0.001000
0.268000,1.000000,0.910067,0.368559,-7.608452,-7.608452,-0.301662,1,0.001000
0.268050,1.000000,0.905870,0.368559,-7.527046,-7.608452,-0.301662,1,0.001000
0.268100,1.000000,0.899505,0.368559,-7.438212,-7.608452,-0.301662,1,0.001000
0.268150,1.000000,0.890814,0.368559,-7.342037,-7.608452,-0.301662,1,0.001000
0.268200,1.000000,0.879647,0.368559,-7.238616,-7.608452,-0.301662,1,0.001000
0.268250,1.000000,0.865856,0.368559,-7.128052,-7.608452,-0.301662,1,0.001000
0.268300,1.000000,0.849296,0.368559,-7.010453,-7.608452,-0.301662,1,0.001000
0.268350,1.000000,0.829831,0.368559,-6.885936,-7.608452,-0.301662,1,0.001000
0.268400,1.000000,0.807327,0.368559,-6.754623,-7.608452,-0.301662,1,0.001000
0.268450,1.000000,0.781654,0.368559,-6.616645,-7.608452,-0.301662,1,0.001000
0.268500,1.000000,0.752689,0.368559,-6.472136,-7.608452,-0.301662,1,0.001000
0.268550,1.000000,0.720314,0.368559,-6.321240,-7.608452,-0.301662,1,0.001000
0.268600,1.000000,0.684416,0.368559,-6.164106,-7.608452,-0.301662,1,0.001000
0.268650,1.000000,0.644885,0.368559,-6.000889,-7.608452,-0.301662,1,0.001000
0.268700,1.000000,0.601621,0.368559,-5.831749,-7.608452,-0.301662,1,0.001000
0.268750,1.000000,0.554525,0.368559,-5.656854,-7.608452,-0.301662,1,0.001000
0.268800,1.000000,0.503505,0.368559,-5.476377,-7.608452,-0.301662,1,0.001000
0.268850,1.000000,0.448476,0.368559,-5.290495,-7.608452,-0.301662,1,0.001000
0.268900,1.000000,0.389358,0.368559,-5.099392,-7.608452,-0.301662,1,0.001000
0.268950,1.000000,0.326075,0.368559,-4.903256,-7.608452,-0.301662,1,0.001000
0.269000,1.000000,0.363892,1.675707,-4.702282,-4.702282,-0.126107,1,0.001000
0.269050,1.000000,0.396095,1.675707,-4.496667,-4.702282,-0.126107,1,0.001000
0.269100,1.000000,0.422645,1.675707,-4.286614,-4.702282,-0.126107,1,0.001000
0.269150,1.000000,0.443506,1.675707,-4.072331,-4.702282,-0.126107,1,0.001000
0.269200,1.000000,0.458648,1.675707,-3.854029,-4.702282,-0.126107,1,0.001000
0.269250,1.000000,0.468049,1.675707,-3.631924,-4.702282,-0.126107,1,0.001000
0.269300,1.000000,0.471690,1.675707,-3.406234,-4.702282,-0.126107,1,0.001000
0.269350,1.000000,0.469559,1.675707,-3.177183,-4.702282,-0.126107,1,0.001000
0.269400,1.000000,0.461650,1.675707,-2.944996,-4.702282,-0.126107,1,0.001000
0.269450,1.000000,0.447963,1.675707,-2.709903,-4.702282,-0.126107,1,0.001000
0.269500,1.000000,0.428502,1.675707,-2.472136,-4.702282,-0.126107,1,0.001000
0.269550,1.000000,0.403280,1.675707,-2.231929,-4.702282,-0.126107,1,0.001000
0.269600,1.000000,0.372312,1.675707,-1.989519,-4.702282,-0.126107,1,0.001000
0.269650,1.000000,0.335623,1.675707,-1.745146,-4.702282,-0.126107,1,0.001000
0.269700,1.000000,0.293239,1.675707,-1.499051,-4.702282,-0.126107,1,0.001000
0.269750,1.000000,0.245196,1.675707,-1.251476,-4.702282,-0.126107,1,0.001000
0.269800,1.000000,0.191534,1.675707,-1.002666,-4.702282,-0.126107,1,0.001000
0.269850,1.000000,0.132297,1.675707,-0.752867,-4.702282,-0.126107,1,0.001000
0.269900,1.000000,0.067537,1.675707,-0.502324,-4.702282,-0.126107,1,0.001000
0.269950,1.000000,-0.002690,1.675707,-0.251286,-4.702282,-0.126107,1,0.001000
0.270000,1.000000,0.060688,2.533774,0.000000,0.000000,0.105574,1,0.001000
0.270050,1.000000,0.116992,2.533774,0.251286,0.000000,0.105574,1,0.001000
0.270100,1.000000,0.166316,2.533774,0.502324,0.000000,0.105574,1,0.001000
0.270150,1.000000,0.208759,2.533774,0.752867,0.000000,0.105574,1,0.001000
0.270200,1.000000,0.244428,2.533774,1.002666,0.000000,0.105574,1,0.001000
0.270250,1.000000,0.273430,2.533774,1.251476,0.000000,0.105574,1,0.001000
0.270300,1.000000,0.295880,2.533774,1.499051,0.000000,0.105574,1,0.001000
0.270350,1.000000,0.311897,2.533774,1.745146,0.000000,0.105574,1,0.001000
0.270400,1.000000,0.321605,2.533774,1.989519,0.000000,0.105574,1,0.001000
0.270450,1.000000,0.325131,2.533774,2.231929,0.000000,0.105574,1,0.001000
0.270500,1.000000,0.322608,2.533774,2.472136,0.000000,0.105574,1,0.001000
0.270550,1.000000,0.314172,2.533774,2.709903,0.000000,0.105574,1,0.001000
0.270600,1.000000,0.299964,2.533774,2.944996,0.000000,0.105574,1,0.001000
0.270650,1.000000,0.280129,2.533774,3.177183,0.000000,0.105574,1,0.001000
0.270700,1.000000,0.254816,2.533774,3.406234,0.000000,0.105574,1,0.001000
0.270750,1.000000,0.224177,2.533774,3.631924,0.000000,0.105574,1,0.001000
0.270800,1.000000,0.188369,2.533774,3.854029,0.000000,0.105574,1,0.001000
0.270850,1.000000,0.147550,2.533774,4.072331,0.000000,0.105574,1,0.001000
0.270900,1.000000,0.101885,2.533774,4.286614,0.000000,0.105574,1,0.001000
0.270950,1.000000,0.051539,2.533774,4.496667,0.000000,0.105574,1,0.001000
0.271000,1.000000,0.116270,2.615009,4.702282,4.702282,0.304887,1,0.001000
0.271050,1.000000,0.175167,2.615009,4.903256,4.702282,0.304887,1,0.001000
0.271100,1.000000,0.228425,2.615009,5.099392,4.702282,0.304887,1,0.001000
0.271150,1.000000,0.276240,2.615009,5.290495,4.702282,0.304887,1,0.001000
0.271200,1.000000,0.318810,2.615009,5.476377,4.702282,0.304887,1,0.001000
0.271250,1.000000,0.356335,2.615009,5.656854,4.702282,0.304887,1,0.001000
0.271300,1.000000,0.389020,2.615009,5.831749,4.702282,0.304887,1,0.001000
0.271350,1.000000,0.417067,2.615009,6.000889,4.702282,0.304887,1,0.001000
0.271400,1.000000,0.440683,2.615009,6.164106,4.702282,0.304887,1,0.001000
0.271450,1.000000,0.460076,2.615009,6.321240,4.702282,0.304887,1,0.001000
0.271500,1.000000,0.475454,2.615009,6.472136,4.702282,0.304887,1,0.001000
0.271550,1.000000,0.487027,2.615009,6.616645,4.702282,0.304887,1,0.001000
0.271600,1.000000,0.495006,2.615009,6.754623,4.702282,0.304887,1,0.001000
0.271650,1.000000,0.499602,2.615009,6.885936,4.702282,0.304887,1,0.001000
0.271700,1.000000,0.501028,2.615009,7.010453,4.702282,0.304887,1,0.001000
0.271750,1.000000,0.499496,2.615009,7.128052,4.702282,0.304887,1,0.001000
0.271800,1.000000,0.495219,2.615009,7.238616,4.702282,0.304887,1,0.001000
0.271850,1.000000,0.488411,2.615009,7.342037,4.702282,0.304887,1,0.001000
0.271900,1.000000,0.479282,2.615009,7.438212,4.702282,0.304887,1,0.001000
0.271950,1.000000,0.468047,2.615009,7.527046,4.702282,0.304887,1,0.001000
0.272000,1.000000,0.509406,1.888382,7.608452,7.608452,0.395701,1,0.001000
0.272050,1.000000,0.548401,1.888382,7.682349,7.608452,0.395701,1,0.001000
0.272100,1.000000,0.585250,1.888382,7.748665,7.608452,0.395701,1,0.001000
0.272150,1.000000,0.620172,1.888382,7.807334,7.608452,0.395701,1,0.001000
0.272200,1.000000,0.653383,1.888382,7.858298,7.608452,0.395701,1,0.001000
0.272250,1.000000,0.685099,1.888382,7.901507,7.608452,0.395701,1,0.001000
0.272300,1.000000,0.715533,1.888382,7.936918,7.608452,0.395701,1,0.001000
0.272350,1.000000,0.744898,1.888382,7.964496,7.608452,0.395701,1,0.001000
0.272400,1.000000,0.773402,1.888382,7.984214,7.608452,0.395701,1,0.001000
0.272450,1.000000,0.801254,1.888382,7.996052,7.608452,0.395701,1,0.001000
0.272500,1.000000,0.828659,1.888382,8.000000,7.608452,0.395701,1,0.001000
0.272550,1.000000,0.855821,1.888382,7.996052,7.608452,0.395701,1,0.001000
0.272600,1.000000,0.882938,1.888382,7.984214,7.608452,0.395701,1,0.001000
0.272650,1.000000,0.910210,1.888382,7.964496,7.608452,0.395701,1,0.001000
0.272700,1.000000,0.937830,1.888382,7.936918,7.608452,0.395701,1,0.001000
0.272750,1.000000,0.965991,1.888382,7.901507,7.608452,0.395701,1,0.001000
0.272800,1.000000,0.994879,1.888382,7.858298,7.608452,0.395701,1,0.001000
0.272850,1.000000,1.024681,1.888382,7.807334,7.608452,0.395701,1,0.001000
0.272900,1.000000,1.055576,1.888382,7.748665,7.608452,0.395701,1,0.001000
0.272950,1.000000,1.087744,1.888382,7.682349,7.608452,0.395701,1,0.001000
0.273000,1.000000,1.089933,0.631441,7.608452,7.608452,0.343329,1,0.001000
0.273050,1.000000,1.094130,0.631441,7.527046,7.608452,0.343329,1,0.001000
0.273100,1.000000,1.100495,0.631441,7.438212,7.608452,0.343329,1,0.001000
0.273150,1.000000,1.109186,0.631441,7.342037,7.608452,0.343329,1,0.001000
0.273200,1.000000,1.120353,0.631441,7.238616,7.608452,0.343329,1,0.001000
0.273250,1.000000,1.134144,0.631441,7.128052,7.608452,0.343329,1,0.001000
0.273300,1.000000,1.150704,0.631441,7.010453,7.608452,0.343329,1,0.001000
0.273350,1.000000,1.170169,0.631441,6.885936,7.608452,0.343329,1,0.001000
0.273400,1.000000,1.192673,0.631441,6.754623,7.608452,0.343329,1,0.001000
0.273450,1.000000,1.218346,0.631441,6.616645,7.608452,0.343329,1,0.001000
0.273500,1.000000,1.247311,0.631441,6.472136,7.608452,0.343329,1,0.001000
0.273550,1.000000,1.279686,0.631441,6.321240,7.608452,0.343329,1,0.001000
0.273600,1.000000,1.315584,0.631441,6.164106,7.608452,0.343329,1,0.001000
0.273650,1.000000,1.355115,0.631441,6.000889,7.608452,0.343329,1,0.001000
0.273700,1.000000,1.398379,0.631441,5.831749,7.608452,0.343329,1,0.001000
0.273750,1.000000,1.445475,0.631441,5.656854,7.608452,0.343329,1,0.001000
0.273800,1.000000,1.496495,0.631441,5.476377,7.608452,0.343329,1,0.001000
0.273850,1.000000,1.551524,0.631441,5.290495,7.608452,0.343329,1,0.001000
0.273900,1.000000,1.610642,0.631441,5.099392,7.608452,0.343329,1,0.001000
0.273950,1.000000,1.673925,0.631441,4.903256,7.608452,0.343329,1,0.001000
0.274000,1.000000,1.636108,-0.675707,4.702282,4.702282,0.167774,1,0.001000
0.274050,1.000000,1.603905,-0.675707,4.496667,4.702282,0.167774,1,0.001000
0.274100,1.000000,1.577355,-0.675707,4.286614,4.702282,0.167774,1,0.001000
0.274150,1.000000,1.556494,-0.675707,4.072331,4.702282,0.167774,1,0.001000
0.274200,1.000000,1.541352,-0.675707,3.854029,4.702282,0.167774,1,0.001000
0.274250,1.000000,1.531951,-0.675707,3.631924,4.702282,0.167774,1,0.001000
0.274300,1.000000,1.528310,-0.675707,3.406234,4.702282,0.167774,1,0.001000
0.274350,1.000000,1.530441,-0.675707,3.177183,4.702282,0.167774,1,0.001000
0.274400,1.000000,1.538350,-0.675707,2.944996,4.702282,0.167774,1,0.001000
0.274450,1.000000,1.552037,-0.675707,2.709903,4.702282,0.167774,1,0.001000
0.274500,1.000000,1.571498,-0.675707,2.472136,4.702282,0.167774,1,0.001000
0.274550,1.000000,1.596720,-0.675707,2.231929,4.702282,0.167774,1,0.001000
0.274600,1.000000,1.627688,-0.675707,1.989519,4.702282,0.167774,1,0.001000
0.274650,1.000000,1.664377,-0.675707,1.745146,4.702282,0.167774,1,0.001000
0.274700,1.000000,1.706761,-0.675707,1.499051,4.702282,0.167774,1,0.001000
0.274750,1.000000,1.754804,-0.675707,1.251476,4.702282,0.167774,1,0.001000
0.274800,1.000000,1.808466,-0.675707,1.002666,4.702282,0.167774,1,0.001000
0.274850,1.000000,1.867703,-0.675707,0.752867,4.702282,0.167774,1,0.001000
0.274900,1.000000,1.932463,-0.675707,0.502324,4.702282,0.167774,1,0.001000
0.274950,1.000000,2.002690,-0.675707,0.251286,4.702282,0.167774,1,0.001000
0.275000,1.000000,1.939312,-1.533774,-0.000000,-0.000000,-0.063907,1,0.001000
0.275050,1.000000,1.883008,-1.533774,-0.251286,-0.000000,-0.063907,1,0.001000
0.275100,1.000000,1.833684,-1.533774,-0.502324,-0.000000,-0.063907,1,0.001000
0.275150,1.000000,1.791241,-1.533774,-0.752867,-0.000000,-0.063907,1,0.001000
0.275200,1.000000,1.755572,-1.533774,-1.002666,-0.000000,-0.063907,1,0.001000
0.275250,1.000000,1.726570,-1.533774,-1.251476,-0.000000,-0.063907,1,0.001000
0.275300,1.000000,1.704120,-1.533774,-1.499051,-0.000000,-0.063907,1,0.001000
0.275350,1.000000,1.688103,-1.533774,-1.745146,-0.000000,-0.063907,1,0.001000
0.275400,1.000000,1.678395,-1.533774,-1.989519,-0.000000,-0.063907,1,0.001000
0.275450,1.000000,1.674869,-1.533774,-2.231929,-0.000000,-0.063907,1,0.001000
0.275500,1.000000,1.677392,-1.533774,-2.472136,-0.000000,-0.063907,1,0.001000
0.275550,1.000000,1.685828,-1.533774,-2.709903,-0.000000,-0.063907,1,0.001000
0.275600,1.000000,1.700036,-1.533774,-2.944996,-0.000000,-0.063907,1,0.001000
0.275650,1.000000,1.719871,-1.533774,-3.177183,-0.000000,-0.063907,1,0.001000
0.275700,1.000000,1.745184,-1.533774,-3.406234,-0.000000,-0.063907,1,0.001000
0.275750,1.000000,1.775823,-1.533774,-3.631924,-0.000000,-0.063907,1,0.001000
0.275800,1.000000,1.811631,-1.533774,-3.854029,-0.000000,-0.063907,1,0.001000
0.275850,1.000000,1.852450,-1.533774,-4.072331,-0.000000,-0.063907,1,0.001000
0.275900,1.000000,1.898115,-1.533774,-4.286614,-0.000000,-0.063907,1,0.001000
0.275950,1.000000,1.948461,-1.533774,-4.496667,-0.000000,-0.063907,1,0.001000
0.276000,1.000000,1.883730,-1.615009,-4.702282,-4.702282,-0.263220,1,0.001000
0.276050,1.000000,1.824833,-1.615009,-4.903256,-4.702282,-0.263220,1,0.001000
0.276100,1.000000,1.771575,-1.615009,-5.099392,-4.702282,-0.263220,1,0.001000
0.276150,1.000000,1.723760,-1.615009,-5.290495,-4.702282,-0.263220,1,0.001000
0.276200,1.000000,1.681190,-1.615009,-5.476377,-4.702282,-0.263220,1,0.001000
0.276250,1.000000,1.643665,-1.615009,-5.656854,-4.702282,-0.263220,1,0.001000
0.276300,1.000000,1.610980,-1.615009,-5.831749,-4.702282,-0.263220,1,0.001000
0.276350,1.000000,1.582933,-1.615009,-6.000889,-4.702282,-0.263220,1,0.001000
0.276400,1.000000,1.559317,-1.615009,-6.164106,-4.702282,-0.263220,1,0.001000
0.276450,1.000000,1.539924,-1.615009,-6.321240,-4.702282,-0.263220,1,0.001000
0.276500,1.000000,1.524546,-1.615009,-6.472136,-4.702282,-0.263220,1,0.001000
0.276550,1.000000,1.512973,-1.615009,-6.616645,-4.702282,-0.263220,1,0.001000
0.276600,1.000000,1.504994,-1.615009,-6.754623,-4.702282,-0.263220,1,0.001000
0.276650,1.000000,1.500398,-1.615009,-6.885936,-4.702282,-0.263220,1,0.001000
0.276700,1.000000,1.498972,-1.615009,-7.010453,-4.702282,-0.263220,1,0.001000
0.276750,1.000000,1.500504,-1.615009,-7.128052,-4.702282,-0.263220,1,0.001000
0.276800,1.000000,1.504781,-1.615009,-7.238616,-4.702282,-0.263220,1,0.001000
0.276850,1.000000,1.511589,-1.615009,-7.342037,-4.702282,-0.263220,1,0.001000
0.276900,1.000000,1.520718,-1.615009,-7.438212,-4.702282,-0.263220,1,0.001000
0.276950,1.000000,1.531953,-1.615009,-7.527046,-4.702282,-0.263220,1,0.001000
0.277000,1.000000,1.490594,-0.888382,-7.608452,-7.608452,-0.354035,1,0.001000
0.277050,1.000000,1.451599,-0.888382,-7.682349,-7.608452,-0.354035,1,0.001000
0.277100,1.000000,1.414750,-0.888382,-7.748665,-7.608452,-0.354035,1,0.001000
0.277150,1.000000,1.379828,-0.888382,-7.807334,-7.608452,-0.354035,1,0.001000
0.277200,1.000000,1.346617,-0.888382,-7.858298,-7.608452,-0.354035,1,0.001000
0.277250,1.000000,1.314901,-0.888382,-7.901507,-7.608452,-0.354035,1,0.001000
0.277300,1.000000,1.284467,-0.888382,-7.936918,-7.608452,-0.354035,1,0.001000
0.277350,1.000000,1.255102,-0.888382,-7.964496,-7.608452,-0.354035,1,0.001000
0.277400,1.000000,1.226598,-0.888382,-7.984214,-7.608452,-0.354035,1,0.001000
0.277450,1.000000,1.198746,-0.888382,-7.996052,-7.608452,-0.354035,1,0.001000
0.277500,1.000000,1.171341,-0.888382,-8.000000,-7.608452,-0.354035,1,0.001000
0.277550,1.000000,1.144179,-0.888382,-7.996052,-7.608452,-0.354035,1,0.001000
0.277600,1.000000,1.117062,-0.888382,-7.984214,-7.608452,-0.354035,1,0.001000
0.277650,1.000000,1.089790,-0.888382,-7.964496,-7.608452,-0.354035,1,0.001000
0.277700,1.000000,1.062170,-0.888382,-7.936918,-7.608452,-0.354035,1,0.001000
0.277750,1.000000,1.034009,-0.888382,-7.901507,-7.608452,-0.354035,1,0.001000
0.277800,1.000000,1.005121,-0.888382,-7.858298,-7.608452,-0.354035,1,0.001000
0.277850,1.000000,0.975319,-0.888382,-7.807334,-7.608452,-0.354035,1,0.001000
0.277900,1.000000,0.944424,-0.888382,-7.748665,-7.608452,-0.354035,1,0.001000
0.277950,1.000000,0.912256,-0.888382,-7.682349,-7.608452,-0.354035,1,0.001000
0.278000,1.000000,0.910067,0.368559,-7.608452,-7.608452,-0.301662,1,0.001000
0.278050,1.000000,0.905870,0.368559,-7.527046,-7.608452,-0.301662,1,0.001000
0.278100,1.000000,0.899505,0.368559,-7.438212,-7.608452,-0.301662,1,0.001000
0.278150,1.000000,0.890814,0.368559,-7.342037,-7.608452,-0.301662,1,0.001000
0.278200,1.000000,0.879647,0.368559,-7.238616,-7.608452,-0.301662,1,0.001000
0.278250,1.000000,0.865856,0.368559,-7.128052,-7.608452,-0.301662,1,0.001000
0.278300,1.000000,0.849296,0.368559,-7.010453,-7.608452,-0.301662,1,0.001000
0.278350,1.000000,0.829831,0.368559,-6.885936,-7.608452,-0.301662,1,0.001000
0.278400,1.000000,0.807327,0.368559,-6.754623,-7.608452,-0.301662,1,0.001000
0.278450,1.000000,0.781654,0.368559,-6.616645,-7.608452,-0.301662,1,0.001000
0.278500,1.000000,0.752689,0.368559,-6.472136,-7.608452,-0.301662,1,0.001000
0.278550,1.000000,0.720314,0.368559,-6.321240,-7.608452,-0.301662,1,0.001000
0.278600,1.000000,0.684416,0.368559,-6.164106,-7.608452,-0.301662,1,0.001000
0.278650,1.000000,0.644885,0.368559,-6.000889,-7.608452,-0.301662,1,0.001000
0.278700,1.000000,0.601621,0.368559,-5.831749,-7.608452,-0.301662,1,0.001000
0.278750,1.000000,0.554525,0.368559,-5.656854,-7.608452,-0.301662,1,0.001000
0.278800,1.000000,0.503505,0.368559,-5.476377,-7.608452,-0.301662,1,0.001000
0.278850,1.000000,0.448476,0.368559,-5.290495,-7.608452,-0.301662,1,0.001000
0.278900,1.000000,0.389358,0.368559,-5.099392,-7.608452,-0.301662,1,0.001000
0.278950,1.000000,0.326075,0.368559,-4.903256,-7.608452,-0.301662,1,0.001000
0.279000,1.000000,0.363892,1.675707,-4.702282,-4.702282,-0.126107,1,0.001000
0.279050,1.000000,0.396095,1.675707,-4.496667,-4.702282,-0.126107,1,0.001000
0.279100,1.000000,0.422645,1.675707,-4.286614,-4.702282,-0.126107,1,0.001000
0.279150,1.000000,0.443506,1.675707,-4.072331,-4.702282,-0.126107,1,0.001000
0.279200,1.000000,0.458648,1.675707,-3.854029,-4.702282,-0.126107,1,0.001000
0.279250,1.000000,0.468049,1.675707,-3.631924,-4.702282,-0.126107,1,0.001000
0.279300,1.000000,0.471690,1.675707,-3.406234,-4.702282,-0.126107,1,0.001000
0.279350,1.000000,0.469559,1.675707,-3.177183,-4.702282,-0.126107,1,0.001000
0.279400,1.000000,0.461650,1.675707,-2.944996,-4.702282,-0.126107,1,0.001000
0.279450,1.000000,0.447963,1.675707,-2.709903,-4.702282,-0.126107,1,0.001000
0.279500,1.000000,0.428502,1.675707,-2.472136,-4.702282,-0.126107,1,0.001000
0.279550,1.000000,0.403280,1.675707,-2.231929,-4.702282,-0.126107,1,0.001000
0.279600,1.000000,0.372312,1.675707,-1.989519,-4.702282,-0.126107,1,0.001000
0.279650,1.000000,0.335623,1.675707,-1.745146,-4.702282,-0.126107,1,0.001000
0.279700,1.000000,0.293239,1.675707,-1.499051,-4.702282,-0.126107,1,0.001000
0.279750,1.000000,0.245196,1.675707,-1.251476,-4.702282,-0.126107,1,0.001000
0.279800,1.000000,0.191534,1.675707,-1.002666,-4.702282,-0.126107,1,0.001000
0.279850,1.000000,0.132297,1.675707,-0.752867,-4.702282,-0.126107,1,0.001000
0.279900,1.000000,0.067537,1.675707,-0.502324,-4.702282,-0.126107,1,0.001000
0.279950,1.000000,-0.002690,1.675707,-0.251286,-4.702282,-0.126107,1,0.001000
0.280000,1.000000,0.060688,2.533774,0.000000,0.000000,0.105574,1,0.001000
0.280050,1.000000,0.116992,2.533774,0.251286,0.000000,0.105574,1,0.001000
0.280100,1.000000,0.166316,2.533774,0.502324,0.000000,0.105574,1,0.001000
0.280150,1.000000,0.208759,2.533774,0.752867,0.000000,0.105574,1,0.001000
0.280200,1.000000,0.244428,2.533774,1.002666,0.000000,0.105574,1,0.001000
0.280250,1.000000,0.273430,2.533774,1.251476,0.000000,0.105574,1,0.001000
0.280300,1.000000,0.295880,2.533774,1.499051,0.000000,0.105574,1,0.001000
0.280350,1.000000,0.311897,2.533774,1.745146,0.000000,0.105574,1,0.001000
0.280400,1.000000,0.321605,2.533774,1.989519,0.000000,0.105574,1,0.001000
0.280450,1.000000,0.325131,2.533774,2.231929,0.000000,0.105574,1,0.001000
0.280500,1.000000,0.322608,2.533774,2.472136,0.000000,0.105574,1,0.001000
0.280550,1.000000,0.314172,2.533774,2.709903,0.000000,0.105574,1,0.001000
0.280600,1.000000,0.299964,2.533774,2.944996,0.000000,0.105574,1,0.001000
0.280650,1.000000,0.280129,2.533774,3.177183,0.000000,0.105574,1,0.001000
0.280700,1.000000,0.254816,2.533774,3.406234,0.000000,0.105574,1,0.001000
0.280750,1.000000,0.224177,2.533774,3.631924,0.000000,0.105574,1,0.001000
0.280800,1.000000,0.188369,2.533774,3.854029,0.000000,0.105574,1,0.001000
0.280850,1.000000,0.147550,2.533774,4.072331,0.000000,0.105574,1,0.001000
0.280900,1.000000,0.101885,2.533774,4.286614,0.000000,0.105574,1,0.001000
0.280950,1.000000,0.051539,2.533774,4.496667,0.000000,0.105574,1,0.001000
0.281000,1.000000,0.116270,2.615009,4.702282,4.702282,0.304887,1,0.001000
0.281050,1.000000,0.175167,2.615009,4.903256,4.702282,0.304887,1,0.001000
0.281100,1.000000,0.228425,2.615009,5.099392,4.702282,0.304887,1,0.001000
0.281150,1.000000,0.276240,2.615009,5.290495,4.702282,0.304887,1,0.001000
0.281200,1.000000,0.318810,2.615009,5.476377,4.702282,0.304887,1,0.001000
0.281250,1.000000,0.356335,2.615009,5.656854,4.702282,0.304887,1,0.001000
0.281300,1.000000,0.389020,2.615009,5.831749,4.702282,0.304887,1,0.001000
0.281350,1.000000,0.417067,2.615009,6.000889,4.702282,0.304887,1,0.001000
0.281400,1.000000,0.440683,2.615009,6.164106,4.702282,0.304887,1,0.001000
0.281450,1.000000,0.460076,2.615009,6.321240,4.702282,0.304887,1,0.001000
0.281500,1.000000,0.475454,2.615009,6.472136,4.702282,0.304887,1,0.001000
0.281550,1.000000,0.487027,2.615009,6.616645,4.702282,0.304887,1,0.001000
0.281600,1.000000,0.495006,2.615009,6.754623,4.702282,0.304887,1,0.001000
0.281650,1.000000,0.499602,2.615009,6.885936,4.702282,0.304887,1,0.001000
0.281700,1.000000,0.501028,2.615009,7.010453,4.702282,0.304887,1,0.001000
0.281750,1.000000,0.499496,2.615009,7.128052,4.702282,0.304887,1,0.001000
0.281800,1.000000,0.495219,2.615009,7.238616,4.702282,0.304887,1,0.001000
0.281850,1.000000,0.488411,2.615009,7.342037,4.702282,0.304887,1,0.001000
0.281900,1.000000,0.479282,2.615009,7.438212,4.702282,0.304887,1,0.001000
0.281950,1.000000,0.468047,2.615009,7.527046,4.702282,0.304887,1,0.001000
0.282000,1.000000,0.509406,1.888382,7.608452,7.608452,0.395701,1,0.001000
0.282050,1.000000,0.548401,1.888382,7.682349,7.608452,0.395701,1,0.001000
0.282100,1.000000,0.585250,1.888382,7.748665,7.608452,0.395701,1,0.001000
0.282150,1.000000,0.620172,1.888382,7.807334,7.608452,0.395701,1,0.001000
0.282200,1.000000,0.653383,1.888382,7.858298,7.608452,0.395701,1,0.001000
0.282250,1.000000,0.685099,1.888382,7.901507,7.608452,0.395701,1,0.001000
0.282300,1.000000,0.715533,1.888382,7.936918,7.608452,0.395701,1,0.001000
0.282350,1.000000,0.744898,1.888382,7.964496,7.608452,0.395701,1,0.001000
0.282400,1.000000,0.773402,1.888382,7.984214,7.608452,0.395701,1,0.001000
0.282450,1.000000,0.801254,1.888382,7.996052,7.608452,0.395701,1,0.001000
0.282500,1.000000,0.828659,1.888382,8.000000,7.608452,0.395701,1,0.001000
0.282550,1.000000,0.855821,1.888382,7.996052,7.608452,0.395701,1,0.001000
0.282600,1.000000,0.882938,1.888382,7.984214,7.608452,0.395701,1,0.001000
0.282650,1.000000,0.910210,1.888382,7.964496,7.608452,0.395701,1,0.001000
0.282700,1.000000,0.937830,1.888382,7.936918,7.608452,0.395701,1,0.001000
0.282750,1.000000,0.965991,1.888382,7.901507,7.608452,0.395701,1,0.001000
0.282800,1.000000,0.994879,1.888382,7.858298,7.608452,0.395701,1,0.001000
0.282850,1.000000,1.024681,1.888382,7.807334,7.608452,0.395701,1,0.001000
0.282900,1.000000,1.055576,1.888382,7.748665,7.608452,0.395701,1,0.001000
0.282950,1.000000,1.087744,1.888382,7.682349,7.608452,0.395701,1,0.001000
0.283000,1.000000,1.089933,0.631441,7.608452,7.608452,0.343329,1,0.001000
0.283050,1.000000,1.094130,0.631441,7.527046,7.608452,0.343329,1,0.001000
0.283100,1.000000,1.100495,0.631441,7.438212,7.608452,0.343329,1,0.001000
0.283150,1.000000,1.109186,0.631441,7.342037,7.608452,0.343329,1,0.001000
0.283200,1.000000,1.120353,0.631441,7.238616,7.608452,0.343329,1,0.001000
0.283250,1.000000,1.134144,0.631441,7.128052,7.608452,0.343329,1,0.001000
0.283300,1.000000,1.150704,0.631441,7.010453,7.608452,0.343329,1,0.001000
0.283350,1.000000,1.170169,0.631441,6.885936,7.608452,0.343329,1,0.001000
0.283400,1.000000,1.192673,0.631441,6.754623,7.608452,0.343329,1,0.001000
0.283450,1.000000,1.218346,0.631441,6.616645,7.608452,0.343329,1,0.001000
0.283500,1.000000,1.247311,0.631441,6.472136,7.608452,0.343329,1,0.001000
0.283550,1.000000,1.279686,0.631441,6.321240,7.608452,0.343329,1,0.001000
0.283600,1.000000,1.315584,0.631441,6.164106,7.608452,0.343329,1,0.001000
0.283650,1.000000,1.355115,0.631441,6.000889,7.608452,0.343329,1,0.001000
0.283700,1.000000,1.398379,0.631441,5.831749,7.608452,0.343329,1,0.001000
0.283750,1.000000,1.445475,0.631441,5.656854,7.608452,0.343329,1,0.001000
0.283800,1.000000,1.496495,0.631441,5.476377,7.608452,0.343329,1,0.001000
0.283850,1.000000,1.551524,0.631441,5.290495,7.608452,0.343329,1,0.001000
0.283900,1.000000,1.610642,0.631441,5.099392,7.608452,0.343329,1,0.001000
0.283950,1.000000,1.673925,0.631441,4.903256,7.608452,0.343329,1,0.001000
0.284000,1.000000,1.636108,-0.675707,4.702282,4.702282,0.167774,1,0.001000
0.284050,1.000000,1.603905,-0.675707,4.496667,4.702282,0.167774,1,0.001000
0.284100,1.000000,1.577355,-0.675707,4.286614,4.702282,0.167774,1,0.001000
0.284150,1.000000,1.556494,-0.675707,4.072331,4.702282,0.167774,1,0.001000
0.284200,1.000000,1.541352,-0.675707,3.854029,4.702282,0.167774,1,0.001000
0.284250,1.000000,1.531951,-0.675707,3.631924,4.702282,0.167774,1,0.001000
0.284300,1.000000,1.528310,-0.675707,3.406234,4.702282,0.167774,1,0.001000
0.284350,1.000000,1.530441,-0.675707,3.177183,4.702282,0.167774,1,0.001000
0.284400,1.000000,1.538350,-0.675707,2.944996,4.702282,0.167774,1,0.001000
0.284450,1.000000,1.552037,-0.675707,2.709903,4.702282,0.167774,1,0.001000
0.284500,1.000000,1.571498,-0.675707,2.472136,4.702282,0.167774,1,0.001000
0.284550,1.000000,1.596720,-0.675707,2.231929,4.702282,0.167774,1,0.001000
0.284600,1.000000,1.627688,-0.675707,1.989519,4.702282,0.167774,1,0.001000
0.284650,1.000000,1.664377,-0.675707,1.745146,4.702282,0.167774,1,0.001000
0.284700,1.000000,1.706761,-0.675707,1.499051,4.702282,0.167774,1,0.001000
0.284750,1.000000,1.754804,-0.675707,1.251476,4.702282,0.167774,1,0.001000
0.284800,1.000000,1.808466,-0.675707,1.002666,4.702282,0.167774,1,0.001000
0.284850,1.000000,1.867703,-0.675707,0.752867,4.702282,0.167774,1,0.001000
0.284900,1.000000,1.932463,-0.675707,0.502324,4.702282,0.167774,1,0.001000
0.284950,1.000000,2.002690,-0.675707,0.251286,4.702282,0.167774,1,0.001000
0.285000,1.000000,1.939312,-1.533774,-0.000000,-0.000000,-0.063907,1,0.001000
0.285050,1.000000,1.883008,-1.533774,-0.251286,-0.000000,-0.063907,1,0.001000
0.285100,1.000000,1.833684,-1.533774,-0.502324,-0.000000,-0.063907,1,0.001000
0.285150,1.000000,1.791241,-1.533774,-0.752867,-0.000000,-0.063907,1,0.001000
0.285200,1.000000,1.755572,-1.533774,-1.002666,-0.000000,-0.063907,1,0.001000
0.285250,1.000000,1.726570,-1.533774,-1.251476,-0.000000,-0.063907,1,0.001000
0.285300,1.000000,1.704120,-1.533774,-1.499051,-0.000000,-0.063907,1,0.001000
0.285350,1.000000,1.688103,-1.533774,-1.745146,-0.000000,-0.063907,1,0.001000
0.285400,1.000000,1.678395,-1.533774,-1.989519,-0.000000,-0.063907,1,0.001000
0.285450,1.000000,1.674869,-1.533774,-2.231929,-0.000000,-0.063907,1,0.001000
0.285500,1.000000,1.677392,-1.533774,-2.472136,-0.000000,-0.063907,1,0.001000
0.285550,1.000000,1.685828,-1.533774,-2.709903,-0.000000,-0.063907,1,0.001000
0.285600,1.000000,1.700036,-1.533774,-2.944996,-0.000000,-0.063907,1,0.001000
0.285650,1.000000,1.719871,-1.533774,-3.177183,-0.000000,-0.063907,1,0.001000
0.285700,1.000000,1.745184,-1.533774,-3.406234,-0.000000,-0.063907,1,0.001000
0.285750,1.000000,1.775823,-1.533774,-3.631924,-0.000000,-0.063907,1,0.001000
0.285800,1.000000,1.811631,-1.533774,-3.854029,-0.000000,-0.063907,1,0.001000
0.285850,1.000000,1.852450,-1.533774,-4.072331,-0.000000,-0.063907,1,0.001000
0.285900,1.000000,1.898115,-1.533774,-4.286614,-0.000000,-0.063907,1,0.001000
0.285950,1.000000,1.948461,-1.533774,-4.496667,-0.000000,-0.063907,1,0.001000
0.286000,1.000000,1.883730,-1.615009,-4.702282,-4.702282,-0.263220,1,0.001000
0.286050,1.000000,1.824833,-1.615009,-4.903256,-4.702282,-0.263220,1,0.001000
0.286100,1.000000,1.771575,-1.615009,-5.099392,-4.702282,-0.263220,1,0.001000
0.286150,1.000000,1.723760,-1.615009,-5.290495,-4.702282,-0.263220,1,0.001000
0.286200,1.000000,1.681190,-1.615009,-5.476377,-4.702282,-0.263220,1,0.001000
0.286250,1.000000,1.643665,-1.615009,-5.656854,-4.702282,-0.263220,1,0.001000
0.286300,1.000000,1.610980,-1.615009,-5.831749,-4.702282,-0.263220,1,0.001000
0.286350,1.000000,1.582933,-1.615009,-6.000889,-4.702282,-0.263220,1,0.001000
0.286400,1.000000,1.559317,-1.615009,-6.164106,-4.702282,-0.263220,1,0.001000
0.286450,1.000000,1.539924,-1.615009,-6.321240,-4.702282,-0.263220,1,0.001000
0.286500,1.000000,1.524546,-1.615009,-6.472136,-4.702282,-0.263220,1,0.001000
0.286550,1.000000,1.512973,-1.615009,-6.616645,-4.702282,-0.263220,1,0.001000
0.286600,1.000000,1.504994,-1.615009,-6.754623,-4.702282,-0.263220,1,0.001000
0.286650,1.000000,1.500398,-1.615009,-6.885936,-4.702282,-0.263220,1,0.001000
0.286700,1.000000,1.498972,-1.615009,-7.010453,-4.702282,-0.263220,1,0.001000
0.286750,1.000000,1.500504,-1.615009,-7.128052,-4.702282,-0.263220,1,0.001000
0.286800,1.000000,1.504781,-1.615009,-7.238616,-4.702282,-0.263220,1,0.001000
0.286850,1.000000,1.511589,-1.615009,-7.342037,-4.702282,-0.263220,1,0.001000
0.286900,1.000000,1.520718,-1.615009,-7.438212,-4.702282,-0.263220,1,0.001000
0.286950,1.000000,1.531953,-1.615009,-7.527046,-4.702282,-0.263220,1,0.001000
0.287000,1.000000,1.490594,-0.888382,-7.608452,-7.608452,-0.354035,1,0.001000
0.287050,1.000000,1.451599,-0.888382,-7.682349,-7.608452,-0.354035,1,0.001000
0.287100,1.000000,1.414750,-0.888382,-7.748665,-7.608452,-0.354035,1,0.001000
0.287150,1.000000,1.379828,-0.888382,-7.807334,-7.608452,-0.354035,1,0.001000
0.287200,1.000000,1.346617,-0.888382,-7.858298,-7.608452,-0.354035,1,0.001000
0.287250,1.000000,1.314901,-0.888382,-7.901507,-7.608452,-0.354035,1,0.001000
0.287300,1.000000,1.284467,-0.888382,-7.936918,-7.608452,-0.354035,1,0.001000
0.287350,1.000000,1.255102,-0.888382,-7.964496,-7.608452,-0.354035,1,0.001000
0.287400,1.000000,1.226598,-0.888382,-7.984214,-7.608452,-0.354035,1,0.001000
0.287450,1.000000,1.198746,-0.888382,-7.996052,-7.608452,-0.354035,1,0.001000
0.287500,1.000000,1.171341,-0.888382,-8.000000,-7.608452,-0.354035,1,0.001000
0.287550,1.000000,1.144179,-0.888382,-7.996052,-7.608452,-0.354035,1,0.001000
0.287600,1.000000,1.117062,-0.888382,-7.984214,-7.608452,-0.354035,1,0.001000
0.287650,1.000000,1.089790,-0.888382,-7.964496,-7.608452,-0.354035,1,0.001000
0.287700,1.000000,1.062170,-0.888382,-7.936918,-7.608452,-0.354035,1,0.001000
0.287750,1.000000,1.034009,-0.888382,-7.901507,-7.608452,-0.354035,1,0.001000
0.287800,1.000000,1.005121,-0.888382,-7.858298,-7.608452,-0.354035,1,0.001000
0.287850,1.000000,0.975319,-0.888382,-7.807334,-7.608452,-0.354035,1,0.001000
0.287900,1.000000,0.944424,-0.888382,-7.748665,-7.608452,-0.354035,1,0.001000
0.287950,1.000000,0.912256,-0.888382,-7.682349,-7.608452,-0.354035,1,0.001000
0.288000,1.000000,0.910067,0.368559,-7.608452,-7.608452,-0.301662,1,0.001000
0.288050,1.000000,0.905870,0.368559,-7.527046,-7.608452,-0.301662,1,0.001000
0.288100,1.000000,0.899505,0.368559,-7.438212,-7.608452,-0.301662,1,0.001000
0.288150,1.000000,0.890814,0.368559,-7.342037,-7.608452,-0.301662,1,0.001000
0.288200,1.000000,0.879647,0.368559,-7.238616,-7.608452,-0.301662,1,0.001000
0.288250,1.000000,0.865856,0.368559,-7.128052,-7.608452,-0.301662,1,0.001000
0.288300,1.000000,0.849296,0.368559,-7.010453,-7.608452,-0.301662,1,0.001000
0.288350,1.000000,0.829831,0.368559,-6.885936,-7.608452,-0.301662,1,0.001000
0.288400,1.000000,0.807327,0.368559,-6.754623,-7.608452,-0.301662,1,0.001000
0.288450,1.000000,0.781654,0.368559,-6.616645,-7.608452,-0.301662,1,0.001000
0.288500,1.000000,0.752689,0.368559,-6.472136,-7.608452,-0.301662,1,0.001000
0.288550,1.000000,0.720314,0.368559,-6.321240,-7.608452,-0.301662,1,0.001000
0.288600,1.000000,0.684416,0.368559,-6.164106,-7.608452,-0.301662,1,0.001000
0.288650,1.000000,0.644885,0.368559,-6.000889,-7.608452,-0.301662,1,0.001000
0.288700,1.000000,0.601621,0.368559,-5.831749,-7.608452,-0.301662,1,0.001000
0.288750,1.000000,0.554525,0.368559,-5.656854,-7.608452,-0.301662,1,0.001000
0.288800,1.000000,0.503505,0.368559,-5.476377,-7.608452,-0.301662,1,0.001000
0.288850,1.000000,0.448476,0.368559,-5.290495,-7.608452,-0.301662,1,0.001000
0.288900,1.000000,0.389358,0.368559,-5.099392,-7.608452,-0.301662,1,0.001000
0.288950,1.000000,0.326075,0.368559,-4.903256,-7.608452,-0.301662,1,0.001000
0.289000,1.000000,0.363892,1.675707,-4.702282,-4.702282,-0.126107,1,0.001000
0.289050,1.000000,0.396095,1.675707,-4.496667,-4.702282,-0.126107,1,0.001000
0.289100,1.000000,0.422645,1.675707,-4.286614,-4.702282,-0.126107,1,0.001000
0.289150,1.000000,0.443506,1.675707,-4.072331,-4.702282,-0.126107,1,0.001000
0.289200,1.000000,0.458648,1.675707,-3.854029,-4.702282,-0.126107,1,0.001000
0.289250,1.000000,0.468049,1.675707,-3.631924,-4.702282,-0.126107,1,0.001000
0.289300,1.000000,0.471690,1.675707,-3.406234,-4.702282,-0.126107,1,0.001000
0.289350,1.000000,0.469559,1.675707,-3.177183,-4.702282,-0.126107,1,0.001000
0.289400,1.000000,0.461650,1.675707,-2.944996,-4.702282,-0.126107,1,0.001000
0.289450,1.000000,0.447963,1.675707,-2.709903,-4.702282,-0.126107,1,0.001000
0.289500,1.000000,0.428502,1.675707,-2.472136,-4.702282,-0.126107,1,0.001000
0.289550,1.000000,0.403280,1.675707,-2.231929,-4.702282,-0.126107,1,0.001000
0.289600,1.000000,0.372312,1.675707,-1.989519,-4.702282,-0.126107,1,0.001000
0.289650,1.000000,0.335623,1.675707,-1.745146,-4.702282,-0.126107,1,0.001000
0.289700,1.000000,0.293239,1.675707,-1.499051,-4.702282,-0.126107,1,0.001000
0.289750,1.000000,0.245196,1.675707,-1.251476,-4.702282,-0.126107,1,0.001000
0.289800,1.000000,0.191534,1.675707,-1.002666,-4.702282,-0.126107,1,0.001000
0.289850,1.000000,0.132297,1.675707,-0.752867,-4.702282,-0.126107,1,0.001000
0.289900,1.000000,0.067537,1.675707,-0.502324,-4.702282,-0.126107,1,0.001000
0.289950,1.000000,-0.002690,1.675707,-0.251286,-4.702282,-0.126107,1,0.001000
0.290000,1.000000,0.060688,2.533774,0.000000,0.000000,0.105574,1,0.001000
0.290050,1.000000,0.116992,2.533774,0.251286,0.000000,0.105574,1,0.001000
0.290100,1.000000,0.166316,2.533774,0.502324,0.000000,0.105574,1,0.001000
0.290150,1.000000,0.208759,2.533774,0.752867,0.000000,0.105574,1,0.001000
0.290200,1.000000,0.244428,2.533774,1.002666,0.000000,0.105574,1,0.001000
0.290250,1.000000,0.273430,2.533774,1.251476,0.000000,0.105574,1,0.001000
0.290300,1.000000,0.295880,2.533774,1.499051,0.000000,0.105574,1,0.001000
0.290350,1.000000,0.311897,2.533774,1.745146,0.000000,0.105574,1,0.001000
0.290400,1.000000,0.321605,2.533774,1.989519,0.000000,0.105574,1,0.001000
0.290450,1.000000,0.325131,2.533774,2.231929,0.000000,0.105574,1,0.001000
0.290500,1.000000,0.322608,2.533774,2.472136,0.000000,0.105574,1,0.001000
0.290550,1.000000,0.314172,2.533774,2.709903,0.000000,0.105574,1,0.001000
0.290600,1.000000,0.299964,2.533774,2.944996,0.000000,0.105574,1,0.001000
0.290650,1.000000,0.280129,2.533774,3.177183,0.000000,0.105574,1,0.001000
0.290700,1.000000,0.254816,2.533774,3.406234,0.000000,0.105574,1,0.001000
0.290750,1.000000,0.224177,2.533774,3.631924,0.000000,0.105574,1,0.001000
0.290800,1.000000,0.188369,2.533774,3.854029,0.000000,0.105574,1,0.001000
0.290850,1.000000,0.147550,2.533774,4.072331,0.000000,0.105574,1,0.001000
0.290900,1.000000,0.101885,2.533774,4.286614,0.000000,0.105574,1,0.001000
0.290950,1.000000,0.051539,2.533774,4.496667,0.000000,0.105574,1,0.001000
0.291000,1.000000,0.116270,2.615009,4.702282,4.702282,0.304887,1,0.001000
0.291050,1.000000,0.175167,2.615009,4.903256,4.702282,0.304887,1,0.001000
0.291100,1.000000,0.228425,2.615009,5.099392,4.702282,0.304887,1,0.001000
0.291150,1.000000,0.276240,2.615009,5.290495,4.702282,0.304887,1,0.001000
0.291200,1.000000,0.318810,2.615009,5.476377,4.702282,0.304887,1,0.001000
0.291250,1.000000,0.356335,2.615009,5.656854,4.702282,0.304887,1,0.001000
0.291300,1.000000,0.389020,2.615009,5.831749,4.702282,0.304887,1,0.001000
0.291350,1.000000,0.417067,2.615009,6.000889,4.702282,0.304887,1,0.001000
0.291400,1.000000,0.440683,2.615009,6.164106,4.702282,0.304887,1,0.001000
0.291450,1.000000,0.460076,2.615009,6.321240,4.702282,0.304887,1,0.001000
0.291500,1.000000,0.475454,2.615009,6.472136,4.702282,0.304887,1,0.001000
0.291550,1.000000,0.487027,2.615009,6.616645,4.702282,0.304887,1,0.001000
0.291600,1.000000,0.495006,2.615009,6.754623,4.702282,0.304887,1,0.001000
0.291650,1.000000,0.499602,2.615009,6.885936,4.702282,0.304887,1,0.001000
0.291700,1.000000,0.501028,2.615009,7.010453,4.702282,0.304887,1,0.001000
0.291750,1.000000,0.499496,2.615009,7.128052,4.702282,0.304887,1,0.001000
0.291800,1.000000,0.495219,2.615009,7.238616,4.702282,0.304887,1,0.001000
0.291850,1.000000,0.488411,2.615009,7.342037,4.702282,0.304887,1,0.001000
0.291900,1.000000,0.479282,2.615009,7.438212,4.702282,0.304887,1,0.001000
0.291950,1.000000,0.468047,2.615009,7.527046,4.702282,0.304887,1,0.001000
0.292000,1.000000,0.509406,1.888382,7.608452,7.608452,0.395701,1,0.001000
0.292050,1.000000,0.548401,1.888382,7.682349,7.608452,0.395701,1,0.001000
0.292100,1.000000,0.585250,1.888382,7.748665,7.608452,0.395701,1,0.001000
0.292150,1.000000,0.620172,1.888382,7.807334,7.608452,0.395701,1,0.001000
0.292200,1.000000,0.653383,1.888382,7.858298,7.608452,0.395701,1,0.001000
0.292250,1.000000,0.685099,1.888382,7.901507,7.608452,0.395701,1,0.001000
0.292300,1.000000,0.715533,1.888382,7.936918,7.608452,0.395701,1,0.001000
0.292350,1.000000,0.744898,1.888382,7.964496,7.608452,0.395701,1,0.001000
0.292400,1.000000,0.773402,1.888382,7.984214,7.608452,0.395701,1,0.001000
0.292450,1.000000,0.801254,1.888382,7.996052,7.608452,0.395701,1,0.001000
0.292500,1.000000,0.828659,1.888382,8.000000,7.608452,0.395701,1,0.001000
0.292550,1.000000,0.855821,1.888382,7.996052,7.608452,0.395701,1,0.001000
0.292600,1.000000,0.882938,1.888382,7.984214,7.608452,0.395701,1,0.001000
0.292650,1.000000,0.910210,1.888382,7.964496,7.608452,0.395701,1,0.001000
0.292700,1.000000,0.937830,1.888382,7.936918,7.608452,0.395701,1,0.001000
0.292750,1.000000,0.965991,1.888382,7.901507,7.608452,0.395701,1,0.001000
0.292800,1.000000,0.994879,1.888382,7.858298,7.608452,0.395701,1,0.001000
0.292850,1.000000,1.024681,1.888382,7.807334,7.608452,0.395701,1,0.001000
0.292900,1.000000,1.055576,1.888382,7.748665,7.608452,0.395701,1,0.001000
0.292950,1.000000,1.087744,1.888382,7.682349,7.608452,0.395701,1,0.001000
0.293000,1.000000,1.089933,0.631441,7.608452,7.608452,0.343329,1,0.001000
0.293050,1.000000,1.094130,0.631441,7.527046,7.608452,0.343329,1,0.001000
0.293100,1.000000,1.100495,0.631441,7.438212,7.608452,0.343329,1,0.001000
0.293150,1.000000,1.109186,0.631441,7.342037,7.608452,0.343329,1,0.001000
0.293200,1.000000,1.120353,0.631441,7.238616,7.608452,0.343329,1,0.001000
0.293250,1.000000,1.134144,0.631441,7.128052,7.608452,0.343329,1,0.001000
0.293300,1.000000,1.150704,0.631441,7.010453,7.608452,0.343329,1,0.001000
0.293350,1.000000,1.170169,0.631441,6.885936,7.608452,0.343329,1,0.001000
0.293400,1.000000,1.192673,0.631441,6.754623,7.608452,0.343329,1,0.001000
0.293450,1.000000,1.218346,0.631441,6.616645,7.608452,0.343329,1,0.001000
0.293500,1.000000,1.247311,0.631441,6.472136,7.608452,0.343329,1,0.001000
0.293550,1.000000,1.279686,0.631441,6.321240,7.608452,0.343329,1,0.001000
0.293600,1.000000,1.315584,0.631441,6.164106,7.608452,0.343329,1,0.001000
0.293650,1.000000,1.355115,0.631441,6.000889,7.608452,0.343329,1,0.001000
0.293700,1.000000,1.398379,0.631441,5.831749,7.608452,0.343329,1,0.001000
0.293750,1.000000,1.445475,0.631441,5.656854,7.608452,0.343329,1,0.001000
0.293800,1.000000,1.496495,0.631441,5.476377,7.608452,0.343329,1,0.001000
0.293850,1.000000,1.551524,0.631441,5.290495,7.608452,0.343329,1,0.001000
0.293900,1.000000,1.610642,0.631441,5.099392,7.608452,0.343329,1,0.001000
0.293950,1.000000,1.673925,0.631441,4.903256,7.608452,0.343329,1,0.001000
0.294000,1.000000,1.636108,-0.675707,4.702282,4.702282,0.167774,1,0.001000
0.294050,1.000000,1.603905,-0.675707,4.496667,4.702282,0.167774,1,0.001000
0.294100,1.000000,1.577355,-0.675707,4.286614,4.702282,0.167774,1,0.001000
0.294150,1.000000,1.556494,-0.675707,4.072331,4.702282,0.167774,1,0.001000
0.294200,1.000000,1.541352,-0.675707,3.854029,4.702282,0.167774,1,0.001000
0.294250,1.000000,1.531951,-0.675707,3.631924,4.702282,0.167774,1,0.001000
0.294300,1.000000,1.528310,-0.675707,3.406234,4.702282,0.167774,1,0.001000
0.294350,1.000000,1.530441,-0.675707,3.177183,4.702282,0.167774,1,0.001000
0.294400,1.000000,1.538350,-0.675707,2.944996,4.702282,0.167774,1,0.001000
0.294450,1.000000,1.552037,-0.675707,2.709903,4.702282,0.167774,1,0.001000
0.294500,1.000000,1.571498,-0.675707,2.472136,4.702282,0.167774,1,0.001000
0.294550,1.000000,1.596720,-0.675707,2.231929,4.702282,0.167774,1,0.001000
0.294600,1.000000,1.627688,-0.675707,1.989519,4.702282,0.167774,1,0.001000
0.294650,1.000000,1.664377,-0.675707,1.745146,4.702282,0.167774,1,0.001000
0.294700,1.000000,1.706761,-0.675707,1.499051,4.702282,0.167774,1,0.001000
0.294750,1.000000,1.754804,-0.675707,1.251476,4.702282,0.167774,1,0.001000
0.294800,1.000000,1.808466,-0.675707,1.002666,4.702282,0.167774,1,0.001000
0.294850,1.000000,1.867703,-0.675707,0.752867,4.702282,0.167774,1,0.001000
0.294900,1.000000,1.932463,-0.675707,0.502324,4.702282,0.167774,1,0.001000
0.294950,1.000000,2.002690,-0.675707,0.251286,4.702282,0.167774,1,0.001000
0.295000,1.000000,1.939312,-1.533774,-0.000000,-0.000000,-0.063907,1,0.001000
0.295050,1.000000,1.883008,-1.533774,-0.251286,-0.000000,-0.063907,1,0.001000
0.295100,1.000000,1.833684,-1.533774,-0.502324,-0.000000,-0.063907,1,0.001000
0.295150,1.000000,1.791241,-1.533774,-0.752867,-0.000000,-0.063907,1,0.001000
0.295200,1.000000,1.755572,-1.533774,-1.002666,-0.000000,-0.063907,1,0.001000
0.295250,1.000000,1.726570,-1.533774,-1.251476,-0.000000,-0.063907,1,0.001000
0.295300,1.000000,1.704120,-1.533774,-1.499051,-0.000000,-0.063907,1,0.001000
0.295350,1.000000,1.688103,-1.533774,-1.745146,-0.000000,-0.063907,1,0.001000
0.295400,1.000000,1.678395,-1.533774,-1.989519,-0.000000,-0.063907,1,0.001000
0.295450,1.000000,1.674869,-1.533774,-2.231929,-0.000000,-0.063907,1,0.001000
0.295500,1.000000,1.677392,-1.533774,-2.472136,-0.000000,-0.063907,1,0.001000
0.295550,1.000000,1.685828,-1.533774,-2.709903,-0.000000,-0.063907,1,0.001000
0.295600,1.000000,1.700036,-1.533774,-2.944996,-0.000000,-0.063907,1,0.001000
0.295650,1.000000,1.719871,-1.533774,-3.177183,-0.000000,-0.063907,1,0.001000
0.295700,1.000000,1.745184,-1.533774,-3.406234,-0.000000,-0.063907,1,0.001000
0.295750,1.000000,1.775823,-1.533774,-3.631924,-0.000000,-0.063907,1,0.001000
0.295800,1.000000,1.811631,-1.533774,-3.854029,-0.000000,-0.063907,1,0.001000
0.295850,1.000000,1.852450,-1.533774,-4.072331,-0.000000,-0.063907,1,0.001000
0.295900,1.000000,1.898115,-1.533774,-4.286614,-0.000000,-0.063907,1,0.001000
0.295950,1.000000,1.948461,-1.533774,-4.496667,-0.000000,-0.063907,1,0.001000
0.296000,1.000000,1.883730,-1.615009,-4.702282,-4.702282,-0.263220,1,0.001000
0.296050,1.000000,1.824833,-1.615009,-4.903256,-4.702282,-0.263220,1,0.001000
0.296100,1.000000,1.771575,-1.615009,-5.099392,-4.702282,-0.263220,1,0.001000
0.296150,1.000000,1.723760,-1.615009,-5.290495,-4.702282,-0.263220,1,0.001000
0.296200,1.000000,1.681190,-1.615009,-5.476377,-4.702282,-0.263220,1,0.001000
0.296250,1.000000,1.643665,-1.615009,-5.656854,-4.702282,-0.263220,1,0.001000
0.296300,1.000000,1.610980,-1.615009,-5.831749,-4.702282,-0.263220,1,0.001000
0.296350,1.000000,1.582933,-1.615009,-6.000889,-4.702282,-0.263220,1,0.001000
0.296400,1.000000,1.559317,-1.615009,-6.164106,-4.702282,-0.263220,1,0.001000
0.296450,1.000000,1.539924,-1.615009,-6.321240,-4.702282,-0.263220,1,0.001000
0.296500,1.000000,1.524546,-1.615009,-6.472136,-4.702282,-0.263220,1,0.001000
0.296550,1.000000,1.512973,-1.615009,-6.616645,-4.702282,-0.263220,1,0.001000
0.296600,1.000000,1.504994,-1.615009,-6.754623,-4.702282,-0.263220,1,0.001000
0.296650,1.000000,1.500398,-1.615009,-6.885936,-4.702282,-0.263220,1,0.001000
0.296700,1.000000,1.498972,-1.615009,-7.010453,-4.702282,-0.263220,1,0.001000
0.296750,1.000000,1.500504,-1.615009,-7.128052,-4.702282,-0.263220,1,0.001000
0.296800,1.000000,1.504781,-1.615009,-7.238616,-4.702282,-0.263220,1,0.001000
0.296850,1.000000,1.511589,-1.615009,-7.342037,-4.702282,-0.263220,1,0.001000
0.296900,1.000000,1.520718,-1.615009,-7.438212,-4.702282,-0.263220,1,0.001000
0.296950,1.000000,1.531953,-1.615009,-7.527046,-4.702282,-0.263220,1,0.001000
0.297000,1.000000,1.490594,-0.888382,-7.608452,-7.608452,-0.354035,1,0.001000
0.297050,1.000000,1.451599,-0.888382,-7.682349,-7.608452,-0.354035,1,0.001000
0.297100,1.000000,1.414750,-0.888382,-7.748665,-7.608452,-0.354035,1,0.001000
0.297150,1.000000,1.379828,-0.888382,-7.807334,-7.608452,-0.354035,1,0.001000
0.297200,1.000000,1.346617,-0.888382,-7.858298,-7.608452,-0.354035,1,0.001000
0.297250,1.000000,1.314901,-0.888382,-7.901507,-7.608452,-0.354035,1,0.001000
0.297300,1.000000,1.284467,-0.888382,-7.936918,-7.608452,-0.354035,1,0.001000
0.297350,1.000000,1.255102,-0.888382,-7.964496,-7.608452,-0.354035,1,0.001000
0.297400,1.000000,1.226598,-0.888382,-7.984214,-7.608452,-0.354035,1,0.001000
0.297450,1.000000,1.198746,-0.888382,-7.996052,-7.608452,-0.354035,1,0.001000
0.297500,1.000000,1.171341,-0.888382,-8.000000,-7.608452,-0.354035,1,0.001000
0.297550,1.000000,1.144179,-0.888382,-7.996052,-7.608452,-0.354035,1,0.001000
0.297600,1.000000,1.117062,-0.888382,-7.984214,-7.608452,-0.354035,1,0.001000
0.297650,1.000000,1.089790,-0.888382,-7.964496,-7.608452,-0.354035,1,0.001000
0.297700,1.000000,1.062170,-0.888382,-7.936918,-7.608452,-0.354035,1,0.001000
0.297750,1.000000,1.034009,-0.888382,-7.901507,-7.608452,-0.354035,1,0.001000
0.297800,1.000000,1.005121,-0.888382,-7.858298,-7.608452,-0.354035,1,0.001000
0.297850,1.000000,0.975319,-0.888382,-7.807334,-7.608452,-0.354035,1,0.001000
0.297900,1.000000,0.944424,-0.888382,-7.748665,-7.608452,-0.354035,1,0.001000
0.297950,1.000000,0.912256,-0.888382,-7.682349,-7.608452,-0.354035,1,0.001000
0.298000,1.000000,0.910067,0.368559,-7.608452,-7.608452,-0.301662,1,0.001000
0.298050,1.000000,0.905870,0.368559,-7.527046,-7.608452,-0.301662,1,0.001000
0.298100,1.000000,0.899505,0.368559,-7.438212,-7.608452,-0.301662,1,0.001000
0.298150,1.000000,0.890814,0.368559,-7.342037,-7.608452,-0.301662,1,0.001000
0.298200,1.000000,0.879647,0.368559,-7.238616,-7.608452,-0.301662,1,0.001000
0.298250,1.000000,0.865856,0.368559,-7.128052,-7.608452,-0.301662,1,0.001000
0.298300,1.000000,0.849296,0.368559,-7.010453,-7.608452,-0.301662,1,0.001000
0.298350,1.000000,0.829831,0.368559,-6.885936,-7.608452,-0.301662,1,0.001000
0.298400,1.000000,0.807327,0.368559,-6.754623,-7.608452,-0.301662,1,0.001000
0.298450,1.000000,0.781654,0.368559,-6.616645,-7.608452,-0.301662,1,0.001000
0.298500,1.000000,0.752689,0.368559,-6.472136,-7.608452,-0.301662,1,0.001000
0.298550,1.000000,0.720314,0.368559,-6.321240,-7.608452,-0.301662,1,0.001000
0.298600,1.000000,0.684416,0.368559,-6.164106,-7.608452,-0.301662,1,0.001000
0.298650,1.000000,0.644885,0.368559,-6.000889,-7.608452,-0.301662,1,0.001000
0.298700,1.000000,0.601621,0.368559,-5.831749,-7.608452,-0.301662,1,0.001000
0.298750,1.000000,0.554525,0.368559,-5.656854,-7.608452,-0.301662,1,0.001000
0.298800,1.000000,0.503505,0.368559,-5.476377,-7.608452,-0.301662,1,0.001000
0.298850,1.000000,0.448476,0.368559,-5.290495,-7.608452,-0.301662,1,0.001000
0.298900,1.000000,0.389358,0.368559,-5.099392,-7.608452,-0.301662,1,0.001000
0.298950,1.000000,0.326075,0.368559,-4.903256,-7.608452,-0.301662,1,0.001000
0.299000,1.000000,0.363892,1.675707,-4.702282,-4.702282,-0.126107,1,0.001000
0.299050,1.000000,0.396095,1.675707,-4.496667,-4.702282,-0.126107,1,0.001000
0.299100,1.000000,0.422645,1.675707,-4.286614,-4.702282,-0.126107,1,0.001000
0.299150,1.000000,0.443506,1.675707,-4.072331,-4.702282,-0.126107,1,0.001000
0.299200,1.000000,0.458648,1.675707,-3.854029,-4.702282,-0.126107,1,0.001000
0.299250,1.000000,0.468049,1.675707,-3.631924,-4.702282,-0.126107,1,0.001000
0.299300,1.000000,0.471690,1.675707,-3.406234,-4.702282,-0.126107,1,0.001000
0.299350,1.000000,0.469559,1.675707,-3.177183,-4.702282,-0.126107,1,0.001000
0.299400,1.000000,0.461650,1.675707,-2.944996,-4.702282,-0.126107,1,0.001000
0.299450,1.000000,0.447963,1.675707,-2.709903,-4.702282,-0.126107,1,0.001000
0.299500,1.000000,0.428502,1.675707,-2.472136,-4.702282,-0.126107,1,0.001000
0.299550,1.000000,0.403280,1.675707,-2.231929,-4.702282,-0.126107,1,0.001000
0.299600,1.000000,0.372312,1.675707,-1.989519,-4.702282,-0.126107,1,0.001000
0.299650,1.000000,0.335623,1.675707,-1.745146,-4.702282,-0.126107,1,0.001000
0.299700,1.000000,0.293239,1.675707,-1.499051,-4.702282,-0.126107,1,0.001000
0.299750,1.000000,0.245196,1.675707,-1.251476,-4.702282,-0.126107,1,0.001000
0.299800,1.000000,0.191534,1.675707,-1.002666,-4.702282,-0.126107,1,0.001000
0.299850,1.000000,0.132297,1.675707,-0.752867,-4.702282,-0.126107,1,0.001000
0.299900,1.000000,0.067537,1.675707,-0.502324,-4.702282,-0.126107,1,0.001000
0.299950,1.000000,-0.002690,1.675707,-0.251286,-4.702282,-0.126107,1,0.001000
0.300000,1.000000,0.060688,2.533774,0.000000,0.000000,0.105574,1,0.001000
0.300050,1.000000,0.116992,2.533774,0.251286,0.000000,0.105574,1,0.001000
0.300100,1.000000,0.166316,2.533774,0.502324,0.000000,0.105574,1,0.001000
0.300150,1.000000,0.208759,2.533774,0.752867,0.000000,0.105574,1,0.001000
0.300200,1.000000,0.244428,2.533774,1.002666,0.000000,0.105574,1,0.001000
0.300250,1.000000,0.273430,2.533774,1.251476,0.000000,0.105574,1,0.001000
0.300300,1.000000,0.295880,2.533774,1.499051,0.000000,0.105574,1,0.001000
0.300350,1.000000,0.311897,2.533774,1.745146,0.000000,0.105574,1,0.001000
0.300400,1.000000,0.321605,2.533774,1.989519,0.000000,0.105574,1,0.001000
0.300450,1.000000,0.325131,2.533774,2.231929,0.000000,0.105574,1,0.001000
0.300500,1.000000,0.322608,2.533774,2.472136,0.000000,0.105574,1,0.001000
0.300550,1.000000,0.314172,2.533774,2.709903,0.000000,0.105574,1,0.001000
0.300600,1.000000,0.299964,2.533774,2.944996,0.000000,0.105574,1,0.001000
0.300650,1.000000,0.280129,2.533774,3.177183,0.000000,0.105574,1,0.001000
0.300700,1.000000,0.254816,2.533774,3.406234,0.000000,0.105574,1,0.001000
0.300750,1.000000,0.224177,2.533774,3.631924,0.000000,0.105574,1,0.001000
0.300800,1.000000,0.188369,2.533774,3.854029,0.000000,0.105574,1,0.001000
0.300850,1.000000,0.147550,2.533774,4.072331,0.000000,0.105574,1,0.001000
0.300900,1.000000,0.101885,2.533774,4.286614,0.000000,0.105574,1,0.001000
0.300950,1.000000,0.051539,2.533774,4.496667,0.000000,0.105574,1,0.001000
0.301000,1.000000,0.116270,2.615009,4.702282,4.702282,0.304887,1,0.001000
0.301050,1.000000,0.175167,2.615009,4.903256,4.702282,0.304887,1,0.001000
0.301100,1.000000,0.228425,2.615009,5.099392,4.702282,0.304887,1,0.001000
0.301150,1.000000,0.276240,2.615009,5.290495,4.702282,0.304887,1,0.001000
0.301200,1.000000,0.318810,2.615009,5.476377,4.702282,0.304887,1,0.001000
0.301250,1.000000,0.356335,2.615009,5.656854,4.702282,0.304887,1,0.001000
0.301300,1.000000,0.389020,2.615009,5.831749,4.702282,0.304887,1,0.001000
0.301350,1.000000,0.417067,2.615009,6.000889,4.702282,0.304887,1,0.001000
0.301400,1.000000,0.440683,2.615009,6.164106,4.702282,0.304887,1,0.001000
0.301450,1.000000,0.460076,2.615009,6.321240,4.702282,0.304887,1,0.001000
0.301500,1.000000,0.475454,2.615009,6.472136,4.702282,0.304887,1,0.001000
0.301550,1.000000,0.487027,2.615009,6.616645,4.702282,0.304887,1,0.001000
0.301600,1.000000,0.495006,2.615009,6.754623,4.702282,0.304887,1,0.001000
0.301650,1.000000,0.499602,2.615009,6.885936,4.702282,0.304887,1,0.001000
0.301700,1.000000,0.501028,2.615009,7.010453,4.702282,0.304887,1,0.001000
0.301750,1.000000,0.499496,2.615009,7.128052,4.702282,0.304887,1,0.001000
0.301800,1.000000,0.495219,2.615009,7.238616,4.702282,0.304887,1,0.001000
0.301850,1.000000,0.488411,2.615009,7.342037,4.702282,0.304887,1,0.001000
0.301900,1.000000,0.479282,2.615009,7.438212,4.702282,0.304887,1,0.001000
0.301950,1.000000,0.468047,2.615009,7.527046,4.702282,0.304887,1,0.001000
0.302000,1.000000,0.509406,1.888382,7.608452,7.608452,0.395701,1,0.001000
0.302050,1.000000,0.548401,1.888382,7.682349,7.608452,0.395701,1,0.001000
0.302100,1.000000,0.585250,1.888382,7.748665,7.608452,0.395701,1,0.001000
0.302150,1.000000,0.620172,1.888382,7.807334,7.608452,0.395701,1,0.001000
0.302200,1.000000,0.653383,1.888382,7.858298,7.608452,0.395701,1,0.001000
0.302250,1.000000,0.685099,1.888382,7.901507,7.608452,0.395701,1,0.001000
0.302300,1.000000,0.715533,1.888382,7.936918,7.608452,0.395701,1,0.001000
0.302350,1.000000,0.744898,1.888382,7.964496,7.608452,0.395701,1,0.001000
0.302400,1.000000,0.773402,1.888382,7.984214,7.608452,0.395701,1,0.001000
0.302450,1.000000,0.801254,1.888382,7.996052,7.608452,0.395701,1,0.001000
0.302500,1.000000,0.828659,1.888382,8.000000,7.608452,0.395701,1,0.001000
0.302550,1.000000,0.855821,1.888382,7.996052,7.608452,0.395701,1,0.001000
0.302600,1.000000,0.882938,1.888382,7.984214,7.608452,0.395701,1,0.001000
0.302650,1.000000,0.910210,1.888382,7.964496,7.608452,0.395701,1,0.001000
0.302700,1.000000,0.937830,1.888382,7.936918,7.608452,0.395701,1,0.001000
0.302750,1.000000,0.965991,1.888382,7.901507,7.608452,0.395701,1,0.001000
0.302800,1.000000,0.994879,1.888382,7.858298,7.608452,0.395701,1,0.001000
0.302850,1.000000,1.024681,1.888382,7.807334,7.608452,0.395701,1,0.001000
0.302900,1.000000,1.055576,1.888382,7.748665,7.608452,0.395701,1,0.001000
0.302950,1.000000,1.087744,1.888382,7.682349,7.608452,0.395701,1,0.001000
0.303000,1.000000,1.089933,0.631441,7.608452,7.608452,0.343329,1,0.001000
0.303050,1.000000,1.094130,0.631441,7.527046,7.608452,0.343329,1,0.001000
0.303100,1.000000,1.100495,0.631441,7.438212,7.608452,0.343329,1,0.001000
0.303150,1.000000,1.109186,0.631441,7.342037,7.608452,0.343329,1,0.001000
0.303200,1.000000,1.120353,0.631441,7.238616,7.608452,0.343329,1,0.001000
0.303250,1.000000,1.134144,0.631441,7.128052,7.608452,0.343329,1,0.001000
0.303300,1.000000,1.150704,0.631441,7.010453,7.608452,0.343329,1,0.001000
0.303350,1.000000,1.170169,0.631441,6.885936,7.608452,0.343329,1,0.001000
0.303400,1.000000,1.192673,0.631441,6.754623,7.608452,0.343329,1,0.001000
0.303450,1.000000,1.218346,0.631441,6.616645,7.608452,0.343329,1,0.001000
0.303500,1.000000,1.247311,0.631441,6.472136,7.608452,0.343329,1,0.001000
0.303550,1.000000,1.279686,0.631441,6.321240,7.608452,0.343329,1,0.001000
0.303600,1.000000,1.315584,0.631441,6.164106,7.608452,0.343329,1,0.001000
0.303650,1.000000,1.355115,0.631441,6.000889,7.608452,0.343329,1,0.001000
0.303700,1.000000,1.398379,0.631441,5.831749,7.608452,0.343329,1,0.001000
0.303750,1.000000,1.445475,0.631441,5.656854,7.608452,0.343329,1,0.001000
0.303800,1.000000,1.496495,0.631441,5.476377,7.608452,0.343329,1,0.001000
0.303850,1.000000,1.551524,0.631441,5.290495,7.608452,0.343329,1,0.001000
0.303900,1.000000,1.610642,0.631441,5.099392,7.608452,0.343329,1,0.001000
0.303950,1.000000,1.673925,0.631441,4.903256,7.608452,0.343329,1,0.001000
0.304000,1.000000,1.636108,-0.675707,4.702282,4.702282,0.167774,1,0.001000
0.304050,1.000000,1.603905,-0.675707,4.496667,4.702282,0.167774,1,0.001000
0.304100,1.000000,1.577355,-0.675707,4.286614,4.702282,0.167774,1,0.001000
0.304150,1.000000,1.556494,-0.675707,4.072331,4.702282,0.167774,1,0.001000
0.304200,1.000000,1.541352,-0.675707,3.854029,4.702282,0.167774,1,0.001000
0.304250,1.000000,1.531951,-0.675707,3.631924,4.702282,0.167774,1,0.001000
0.304300,1.000000,1.528310,-0.675707,3.406234,4.702282,0.167774,1,0.001000
0.304350,1.000000,1.530441,-0.675707,3.177183,4.702282,0.167774,1,0.001000
0.304400,1.000000,1.538350,-0.675707,2.944996,4.702282,0.167774,1,0.001000
0.304450,1.000000,1.552037,-0.675707,2.709903,4.702282,0.167774,1,0.001000
0.304500,1.000000,1.571498,-0.675707,2.472136,4.702282,0.167774,1,0.001000
0.304550,1.000000,1.596720,-0.675707,2.231929,4.702282,0.167774,1,0.001000
0.304600,1.000000,1.627688,-0.675707,1.989519,4.702282,0.167774,1,0.001000
0.304650,1.000000,1.664377,-0.675707,1.745146,4.702282,0.167774,1,0.001000
0.304700,1.000000,1.706761,-0.675707,1.499051,4.702282,0.167774,1,0.001000
0.304750,1.000000,1.754804,-0.675707,1.251476,4.702282,0.167774,1,0.001000
0.304800,1.000000,1.808466,-0.675707,1.002666,4.702282,0.167774,1,0.001000
0.304850,1.000000,1.867703,-0.675707,0.752867,4.702282,0.167774,1,0.001000
0.304900,1.000000,1.932463,-0.675707,0.502324,4.702282,0.167774,1,0.001000
0.304950,1.000000,2.002690,-0.675707,0.251286,4.702282,0.167774,1,0.001000
0.305000,1.000000,1.939312,-1.533774,0.000000,0.000000,-0.063907,1,0.001000
0.305050,1.000000,1.883008,-1.533774,-0.251286,0.000000,-0.063907,1,0.001000
0.305100,1.000000,1.833684,-1.533774,-0.502324,0.000000,-0.063907,1,0.001000
0.305150,1.000000,1.791241,-1.533774,-0.752867,0.000000,-0.063907,1,0.001000
0.305200,1.000000,1.755572,-1.533774,-1.002666,0.000000,-0.063907,1,0.001000
0.305250,1.000000,1.726570,-1.533774,-1.251476,0.000000,-0.063907,1,0.001000
0.305300,1.000000,1.704120,-1.533774,-1.499051,0.000000,-0.063907,1,0.001000
0.305350,1.000000,1.688103,-1.533774,-1.745146,0.000000,-0.063907,1,0.001000
0.305400,1.000000,1.678395,-1.533774,-1.989519,0.000000,-0.063907,1,0.001000
0.305450,1.000000,1.674869,-1.533774,-2.231929,0.000000,-0.063907,1,0.001000
0.305500,1.000000,1.677392,-1.533774,-2.472136,0.000000,-0.063907,1,0.001000
0.305550,1.000000,1.685828,-1.533774,-2.709903,0.000000,-0.063907,1,0.001000
0.305600,1.000000,1.700036,-1.533774,-2.944996,0.000000,-0.063907,1,0.001000
0.305650,1.000000,1.719871,-1.533774,-3.177183,0.000000,-0.063907,1,0.001000
0.305700,1.000000,1.745184,-1.533774,-3.406234,0.000000,-0.063907,1,0.001000
0.305750,1.000000,1.775823,-1.533774,-3.631924,0.000000,-0.063907,1,0.001000
0.305800,1.000000,1.811631,-1.533774,-3.854029,0.000000,-0.063907,1,0.001000
0.305850,1.000000,1.852450,-1.533774,-4.072331,0.000000,-0.063907,1,0.001000
0.305900,1.000000,1.898115,-1.533774,-4.286614,0.000000,-0.063907,1,0.001000
0.305950,1.000000,1.948461,-1.533774,-4.496667,0.000000,-0.063907,1,0.001000
0.306000,1.000000,1.883730,-1.615009,-4.702282,-4.702282,-0.263220,1,0.001000
0.306050,1.000000,1.824833,-1.615009,-4.903256,-4.702282,-0.263220,1,0.001000
0.306100,1.000000,1.771575,-1.615009,-5.099392,-4.702282,-0.263220,1,0.001000
0.306150,1.000000,1.723760,-1.615009,-5.290495,-4.702282,-0.263220,1,0.001000
0.306200,1.000000,1.681190,-1.615009,-5.476377,-4.702282,-0.263220,1,0.001000
0.306250,1.000000,1.643665,-1.615009,-5.656854,-4.702282,-0.263220,1,0.001000
0.306300,1.000000,1.610980,-1.615009,-5.831749,-4.702282,-0.263220,1,0.001000
0.306350,1.000000,1.582933,-1.615009,-6.000889,-4.702282,-0.263220,1,0.001000
0.306400,1.000000,1.559317,-1.615009,-6.164106,-4.702282,-0.263220,1,0.001000
0.306450,1.000000,1.539924,-1.615009,-6.321240,-4.702282,-0.263220,1,0.001000
0.306500,1.000000,1.524546,-1.615009,-6.472136,-4.702282,-0.263220,1,0.001000
0.306550,1.000000,1.512973,-1.615009,-6.616645,-4.702282,-0.263220,1,0.001000
0.306600,1.000000,1.504994,-1.615009,-6.754623,-4.702282,-0.263220,1,0.001000
0.306650,1.000000,1.500398,-1.615009,-6.885936,-4.702282,-0.263220,1,0.001000
0.306700,1.000000,1.498972,-1.615009,-7.010453,-4.702282,-0.263220,1,0.001000
0.306750,1.000000,1.500504,-1.615009,-7.128052,-4.702282,-0.263220,1,0.001000
0.306800,1.000000,1.504781,-1.615009,-7.238616,-4.702282,-0.263220,1,0.001000
0.306850,1.000000,1.511589,-1.615009,-7.342037,-4.702282,-0.263220,1,0.001000
0.306900,1.000000,1.520718,-1.615009,-7.438212,-4.702282,-0.263220,1,0.001000
0.306950,1.000000,1.531953,-1.615009,-7.527046,-4.702282,-0.263220,1,0.001000
0.307000,1.000000,1.490594,-0.888382,-7.608452,-7.608452,-0.354035,1,0.001000
0.307050,1.000000,1.451599,-0.888382,-7.682349,-7.608452,-0.354035,1,0.001000
0.307100,1.000000,1.414750,-0.888382,-7.748665,-7.608452,-0.354035,1,0.001000
0.307150,1.000000,1.379828,-0.888382,-7.807334,-7.608452,-0.354035,1,0.001000
0.307200,1.000000,1.346617,-0.888382,-7.858298,-7.608452,-0.354035,1,0.001000
0.307250,1.000000,1.314901,-0.888382,-7.901507,-7.608452,-0.354035,1,0.001000
0.307300,1.000000,1.284467,-0.888382,-7.936918,-7.608452,-0.354035,1,0.001000
0.307350,1.000000,1.255102,-0.888382,-7.964496,-7.608452,-0.354035,1,0.001000
0.307400,1.000000,1.226598,-0.888382,-7.984214,-7.608452,-0.354035,1,0.001000
0.307450,1.000000,1.198746,-0.888382,-7.996052,-7.608452,-0.354035,1,0.001000
0.307500,1.000000,1.171341,-0.888382,-8.000000,-7.608452,-0.354035,1,0.001000
0.307550,1.000000,1.144179,-0.888382,-7.996052,-7.608452,-0.354035,1,0.001000
0.307600,1.000000,1.117062,-0.888382,-7.984214,-7.608452,-0.354035,1,0.001000
0.307650,1.000000,1.089790,-0.888382,-7.964496,-7.608452,-0.354035,1,0.001000
0.307700,1.000000,1.062170,-0.888382,-7.936918,-7.608452,-0.354035,1,0.001000
0.307750,1.000000,1.034009,-0.888382,-7.901507,-7.608452,-0.354035,1,0.001000
0.307800,1.000000,1.005121,-0.888382,-7.858298,-7.608452,-0.354035,1,0.001000
0.307850,1.000000,0.975319,-0.888382,-7.807334,-7.608452,-0.354035,1,0.001000
0.307900,1.000000,0.944424,-0.888382,-7.748665,-7.608452,-0.354035,1,0.001000
0.307950,1.000000,0.912256,-0.888382,-7.682349,-7.608452,-0.354035,1,0.001000
0.308000,1.000000,0.910067,0.368559,-7.608452,-7.608452,-0.301662,1,0.001000
0.308050,1.000000,0.905870,0.368559,-7.527046,-7.608452,-0.301662,1,0.001000
0.308100,1.000000,0.899505,0.368559,-7.438212,-7.608452,-0.301662,1,0.001000
0.308150,1.000000,0.890814,0.368559,-7.342037,-7.608452,-0.301662,1,0.001000
0.308200,1.000000,0.879647,0.368559,-7.238616,-7.608452,-0.301662,1,0.001000
0.308250,1.000000,0.865856,0.368559,-7.128052,-7.608452,-0.301662,1,0.001000
0.308300,1.000000,0.849296,0.368559,-7.010453,-7.608452,-0.301662,1,0.001000
0.308350,1.000000,0.829831,0.368559,-6.885936,-7.608452,-0.301662,1,0.001000
0.308400,1.000000,0.807327,0.368559,-6.754623,-7.608452,-0.301662,1,0.001000
0.308450,1.000000,0.781654,0.368559,-6.616645,-7.608452,-0.301662,1,0.001000
0.308500,1.000000,0.752689,0.368559,-6.472136,-7.608452,-0.301662,1,0.001000
0.308550,1.000000,0.720314,0.368559,-6.321240,-7.608452,-0.301662,1,0.001000
0.308600,1.000000,0.684416,0.368559,-6.164106,-7.608452,-0.301662,1,0.001000
0.308650,1.000000,0.644885,0.368559,-6.000889,-7.608452,-0.301662,1,0.001000
0.308700,1.000000,0.601621,0.368559,-5.831749,-7.608452,-0.301662,1,0.001000
0.308750,1.000000,0.554525,0.368559,-5.656854,-7.608452,-0.301662,1,0.001000
0.308800,1.000000,0.503505,0.368559,-5.476377,-7.608452,-0.301662,1,0.001000
0.308850,1.000000,0.448476,0.368559,-5.290495,-7.608452,-0.301662,1,0.001000
0.308900,1.000000,0.389358,0.368559,-5.099392,-7.608452,-0.301662,1,0.001000
0.308950,1.000000,0.326075,0.368559,-4.903256,-7.608452,-0.301662,1,0.001000
0.309000,1.000000,0.363892,1.675707,-4.702282,-4.702282,-0.126107,1,0.001000
0.309050,1.000000,0.396095,1.675707,-4.496667,-4.702282,-0.126107,1,0.001000
0.309100,1.000000,0.422645,1.675707,-4.286614,-4.702282,-0.126107,1,0.001000
0.309150,1.000000,0.443506,1.675707,-4.072331,-4.702282,-0.126107,1,0.001000
0.309200,1.000000,0.458648,1.675707,-3.854029,-4.702282,-0.126107,1,0.001000
0.309250,1.000000,0.468049,1.675707,-3.631924,-4.702282,-0.126107,1,0.001000
0.309300,1.000000,0.471690,1.675707,-3.406234,-4.702282,-0.126107,1,0.001000
0.309350,1.000000,0.469559,1.675707,-3.177183,-4.702282,-0.126107,1,0.001000
0.309400,1.000000,0.461650,1.675707,-2.944996,-4.702282,-0.126107,1,0.001000
0.309450,1.000000,0.447963,1.675707,-2.709903,-4.702282,-0.126107,1,0.001000
0.309500,1.000000,0.428502,1.675707,-2.472136,-4.702282,-0.126107,1,0.001000
0.309550,1.000000,0.403280,1.675707,-2.231929,-4.702282,-0.126107,1,0.001000
0.309600,1.000000,0.372312,1.675707,-1.989519,-4.702282,-0.126107,1,0.001000
0.309650,1.000000,0.335623,1.675707,-1.745146,-4.702282,-0.126107,1,0.001000
0.309700,1.000000,0.293239,1.675707,-1.499051,-4.702282,-0.126107,1,0.001000
0.309750,1.000000,0.245196,1.675707,-1.251476,-4.702282,-0.126107,1,0.001000
0.309800,1.000000,0.191534,1.675707,-1.002666,-4.702282,-0.126107,1,0.001000
0.309850,1.000000,0.132297,1.675707,-0.752867,-4.702282,-0.126107,1,0.001000
0.309900,1.000000,0.067537,1.675707,-0.502324,-4.702282,-0.126107,1,0.001000
0.309950,1.000000,-0.002690,1.675707,-0.251286,-4.702282,-0.126107,1,0.001000
0.310000,1.000000,0.060688,2.533774,0.000000,0.000000,0.105574,1,0.001000
0.310050,1.000000,0.116992,2.533774,0.251286,0.000000,0.105574,1,0.001000
0.310100,1.000000,0.166316,2.533774,0.502324,0.000000,0.105574,1,0.001000
0.310150,1.000000,0.208759,2.533774,0.752867,0.000000,0.105574,1,0.001000
0.310200,1.000000,0.244428,2.533774,1.002666,0.000000,0.105574,1,0.001000
0.310250,1.000000,0.273430,2.533774,1.251476,0.000000,0.105574,1,0.001000
0.310300,1.000000,0.295880,2.533774,1.499051,0.000000,0.105574,1,0.001000
0.310350,1.000000,0.311897,2.533774,1.745146,0.000000,0.105574,1,0.001000
0.310400,1.000000,0.321605,2.533774,1.989519,0.000000,0.105574,1,0.001000
0.310450,1.000000,0.325131,2.533774,2.231929,0.000000,0.105574,1,0.001000
0.310500,1.000000,0.322608,2.533774,2.472136,0.000000,0.105574,1,0.001000
0.310550,1.000000,0.314172,2.533774,2.709903,0.000000,0.105574,1,0.001000
0.310600,1.000000,0.299964,2.533774,2.944996,0.000000,0.105574,1,0.001000
0.310650,1.000000,0.280129,2.533774,3.177183,0.000000,0.105574,1,0.001000
0.310700,1.000000,0.254816,2.533774,3.406234,0.000000,0.105574,1,0.001000
0.310750,1.000000,0.224177,2.533774,3.631924,0.000000,0.105574,1,0.001000
0.310800,1.000000,0.188369,2.533774,3.854029,0.000000,0.105574,1,0.001000
0.310850,1.000000,0.147550,2.533774,4.072331,0.000000,0.105574,1,0.001000
0.310900,1.000000,0.101885,2.533774,4.286614,0.000000,0.105574,1,0.001000
0.310950,1.000000,0.051539,2.533774,4.496667,0.000000,0.105574,1,0.001000
0.311000,1.000000,0.116270,2.615009,4.702282,4.702282,0.304887,1,0.001000
0.311050,1.000000,0.175167,2.615009,4.903256,4.702282,0.304887,1,0.001000
0.311100,1.000000,0.228425,2.615009,5.099392,4.702282,0.304887,1,0.001000
0.311150,1.000000,0.276240,2.615009,5.290495,4.702282,0.304887,1,0.001000
0.311200,1.000000,0.318810,2.615009,5.476377,4.702282,0.304887,1,0.001000
0.311250,1.000000,0.356335,2.615009,5.656854,4.702282,0.304887,1,0.001000
0.311300,1.000000,0.389020,2.615009,5.831749,4.702282,0.304887,1,0.001000
0.311350,1.000000,0.417067,2.615009,6.000889,4.702282,0.304887,1,0.001000
0.311400,1.000000,0.440683,2.615009,6.164106,4.702282,0.304887,1,0.001000
0.311450,1.000000,0.460076,2.615009,6.321240,4.702282,0.304887,1,0.001000
0.311500,1.000000,0.475454,2.615009,6.472136,4.702282,0.304887,1,0.001000
0.311550,1.000000,0.487027,2.615009,6.616645,4.702282,0.304887,1,0.001000
0.311600,1.000000,0.495006,2.615009,6.754623,4.702282,0.304887,1,0.001000
0.311650,1.000000,0.499602,2.615009,6.885936,4.702282,0.304887,1,0.001000
0.311700,1.000000,0.501028,2.615009,7.010453,4.702282,0.304887,1,0.001000
0.311750,1.000000,0.499496,2.615009,7.128052,4.702282,0.304887,1,0.001000
0.311800,1.000000,0.495219,2.615009,7.238616,4.702282,0.304887,1,0.001000
0.311850,1.000000,0.488411,2.615009,7.342037,4.702282,0.304887,1,0.001000
0.311900,1.000000,0.479282,2.615009,7.438212,4.702282,0.304887,1,0.001000
0.311950,1.000000,0.468047,2.615009,7.527046,4.702282,0.304887,1,0.001000
0.312000,1.000000,0.509406,1.888382,7.608452,7.608452,0.395701,1,0.001000
0.312050,1.000000,0.548401,1.888382,7.682349,7.608452,0.395701,1,0.001000
0.312100,1.000000,0.585250,1.888382,7.748665,7.608452,0.395701,1,0.001000
0.312150,1.000000,0.620172,1.888382,7.807334,7.608452,0.395701,1,0.001000
0.312200,1.000000,0.653383,1.888382,7.858298,7.608452,0.395701,1,0.001000
0.312250,1.000000,0.685099,1.888382,7.901507,7.608452,0.395701,1,0.001000
0.312300,1.000000,0.715533,1.888382,7.936918,7.608452,0.395701,1,0.001000
0.312350,1.000000,0.744898,1.888382,7.964496,7.608452,0.395701,1,0.001000
0.312400,1.000000,0.773402,1.888382,7.984214,7.608452,0.395701,1,0.001000
0.312450,1.000000,0.801254,1.888382,7.996052,7.608452,0.395701,1,0.001000
0.312500,1.000000,0.828659,1.888382,8.000000,7.608452,0.395701,1,0.001000
0.312550,1.000000,0.855821,1.888382,7.996052,7.608452,0.395701,1,0.001000
0.312600,1.000000,0.882938,1.888382,7.984214,7.608452,0.395701,1,0.001000
0.312650,1.000000,0.910210,1.888382,7.964496,7.608452,0.395701,1,0.001000
0.312700,1.000000,0.937830,1.888382,7.936918,7.608452,0.395701,1,0.001000
0.312750,1.000000,0.965991,1.888382,7.901507,7.608452,0.395701,1,0.001000
0.312800,1.000000,0.994879,1.888382,7.858298,7.608452,0.395701,1,0.001000
0.312850,1.000000,1.024681,1.888382,7.807334,7.608452,0.395701,1,0.001000
0.312900,1.000000,1.055576,1.888382,7.748665,7.608452,0.395701,1,0.001000
0.312950,1.000000,1.087744,1.888382,7.682349,7.608452,0.395701,1,0.001000
0.313000,1.000000,1.089933,0.631441,7.608452,7.608452,0.343329,1,0.001000
0.313050,1.000000,1.094130,0.631441,7.527046,7.608452,0.343329,1,0.001000
0.313100,1.000000,1.100495,0.631441,7.438212,7.608452,0.343329,1,0.001000
0.313150,1.000000,1.109186,0.631441,7.342037,7.608452,0.343329,1,0.001000
0.313200,1.000000,1.120353,0.631441,7.238616,7.608452,0.343329,1,0.001000
0.313250,1.000000,1.134144,0.631441,7.128052,7.608452,0.343329,1,0.001000
0.313300,1.000000,1.150704,0.631441,7.010453,7.608452,0.343329,1,0.001000
0.313350,1.000000,1.170169,0.631441,6.885936,7.608452,0.343329,1,0.001000
0.313400,1.000000,1.192673,0.631441,6.754623,7.608452,0.343329,1,0.001000
0.313450,1.000000,1.218346,0.631441,6.616645,7.608452,0.343329,1,0.001000
0.313500,1.000000,1.247311,0.631441,6.472136,7.608452,0.343329,1,0.001000
0.313550,1.000000,1.279686,0.631441,6.321240,7.608452,0.343329,1,0.001000
0.313600,1.000000,1.315584,0.631441,6.164106,7.608452,0.343329,1,0.001000
0.313650,1.000000,1.355115,0.631441,6.000889,7.608452,0.343329,1,0.001000
0.313700,1.000000,1.398379,0.631441,5.831749,7.608452,0.343329,1,0.001000
0.313750,1.000000,1.445475,0.631441,5.656854,7.608452,0.343329,1,0.001000
0.313800,1.000000,1.496495,0.631441,5.476377,7.608452,0.343329,1,0.001000
0.313850,1.000000,1.551524,0.631441,5.290495,7.608452,0.343329,1,0.001000
0.313900,1.000000,1.610642,0.631441,5.099392,7.608452,0.343329,1,0.001000
0.313950,1.000000,1.673925,0.631441,4.903256,7.608452,0.343329,1,0.001000
0.314000,1.000000,1.636108,-0.675707,4.702282,4.702282,0.167774,1,0.001000
0.314050,1.000000,1.603905,-0.675707,4.496667,4.702282,0.167774,1,0.001000
0.314100,1.000000,1.577355,-0.675707,4.286614,4.702282,0.167774,1,0.001000
0.314150,1.000000,1.556494,-0.675707,4.072331,4.702282,0.167774,1,0.001000
0.314200,1.000000,1.541352,-0.675707,3.854029,4.702282,0.167774,1,0.001000
0.314250,1.000000,1.531951,-0.675707,3.631924,4.702282,0.167774,1,0.001000
0.314300,1.000000,1.528310,-0.675707,3.406234,4.702282,0.167774,1,0.001000
0.314350,1.000000,1.530441,-0.675707,3.177183,4.702282,0.167774,1,0.001000
0.314400,1.000000,1.538350,-0.675707,2.944996,4.702282,0.167774,1,0.001000
0.314450,1.000000,1.552037,-0.675707,2.709903,4.702282,0.167774,1,0.001000
0.314500,1.000000,1.571498,-0.675707,2.472136,4.702282,0.167774,1,0.001000
0.314550,1.000000,1.596720,-0.675707,2.231929,4.702282,0.167774,1,0.001000
0.314600,1.000000,1.627688,-0.675707,1.989519,4.702282,0.167774,1,0.001000
0.314650,1.000000,1.664377,-0.675707,1.745146,4.702282,0.167774,1,0.001000
0.314700,1.000000,1.706761,-0.675707,1.499051,4.702282,0.167774,1,0.001000
0.314750,1.000000,1.754804,-0.675707,1.251476,4.702282,0.167774,1,0.001000
0.314800,1.000000,1.808466,-0.675707,1.002666,4.702282,0.167774,1,0.001000
0.314850,1.000000,1.867703,-0.675707,0.752867,4.702282,0.167774,1,0.001000
0.314900,1.000000,1.932463,-0.675707,0.502324,4.702282,0.167774,1,0.001000
0.314950,1.000000,2.002690,-0.675707,0.251286,4.702282,0.167774,1,0.001000
0.315000,1.000000,1.939312,-1.533774,-0.000000,-0.000000,-0.063907,1,0.001000
0.315050,1.000000,1.883008,-1.533774,-0.251286,-0.000000,-0.063907,1,0.001000
0.315100,1.000000,1.833684,-1.533774,-0.502324,-0.000000,-0.063907,1,0.001000
0.315150,1.000000,1.791241,-1.533774,-0.752867,-0.000000,-0.063907,1,0.001000
0.315200,1.000000,1.755572,-1.533774,-1.002666,-0.000000,-0.063907,1,0.001000
0.315250,1.000000,1.726570,-1.533774,-1.251476,-0.000000,-0.063907,1,0.001000
0.315300,1.000000,1.704120,-1.533774,-1.499051,-0.000000,-0.063907,1,0.001000
0.315350,1.000000,1.688103,-1.533774,-1.745146,-0.000000,-0.063907,1,0.001000
0.315400,1.000000,1.678395,-1.533774,-1.989519,-0.000000,-0.063907,1,0.001000
0.315450,1.000000,1.674869,-1.533774,-2.231929,-0.000000,-0.063907,1,0.001000
0.315500,1.000000,1.677392,-1.533774,-2.472136,-0.000000,-0.063907,1,0.001000
0.315550,1.000000,1.685828,-1.533774,-2.709903,-0.000000,-0.063907,1,0.001000
0.315600,1.000000,1.700036,-1.533774,-2.944996,-0.000000,-0.063907,1,0.001000
0.315650,1.000000,1.719871,-1.533774,-3.177183,-0.000000,-0.063907,1,0.001000
0.315700,1.000000,1.745184,-1.533774,-3.406234,-0.000000,-0.063907,1,0.001000
0.315750,1.000000,1.775823,-1.533774,-3.631924,-0.000000,-0.063907,1,0.001000
0.315800,1.000000,1.811631,-1.533774,-3.854029,-0.000000,-0.063907,1,0.001000
0.315850,1.000000,1.852450,-1.533774,-4.072331,-0.000000,-0.063907,1,0.001000
0.315900,1.000000,1.898115,-1.533774,-4.286614,-0.000000,-0.063907,1,0.001000
0.315950,1.000000,1.948461,-1.533774,-4.496667,-0.000000,-0.063907,1,0.001000
0.316000,1.000000,1.883730,-1.615009,-4.702282,-4.702282,-0.263220,1,0.001000
0.316050,1.000000,1.824833,-1.615009,-4.903256,-4.702282,-0.263220,1,0.001000
0.316100,1.000000,1.771575,-1.615009,-5.099392,-4.702282,-0.263220,1,0.001000
0.316150,1.000000,1.723760,-1.615009,-5.290495,-4.702282,-0.263220,1,0.001000
0.316200,1.000000,1.681190,-1.615009,-5.476377,-4.702282,-0.263220,1,0.001000
0.316250,1.000000,1.643665,-1.615009,-5.656854,-4.702282,-0.263220,1,0.001000
0.316300,1.000000,1.610980,-1.615009,-5.831749,-4.702282,-0.263220,1,0.001000
0.316350,1.000000,1.582933,-1.615009,-6.000889,-4.702282,-0.263220,1,0.001000
0.316400,1.000000,1.559317,-1.615009,-6.164106,-4.702282,-0.263220,1,0.001000
0.316450,1.000000,1.539924,-1.615009,-6.321240,-4.702282,-0.263220,1,0.001000
0.316500,1.000000,1.524546,-1.615009,-6.472136,-4.702282,-0.263220,1,0.001000
0.316550,1.000000,1.512973,-1.615009,-6.616645,-4.702282,-0.263220,1,0.001000
0.316600,1.000000,1.504994,-1.615009,-6.754623,-4.702282,-0.263220,1,0.001000
0.316650,1.000000,1.500398,-1.615009,-6.885936,-4.702282,-0.263220,1,0.001000
0.316700,1.000000,1.498972,-1.615009,-7.010453,-4.702282,-0.263220,1,0.001000
0.316750,1.000000,1.500504,-1.615009,-7.128052,-4.702282,-0.263220,1,0.001000
0.316800,1.000000,1.504781,-1.615009,-7.238616,-4.702282,-0.263220,1,0.001000
0.316850,1.000000,1.511589,-1.615009,-7.342037,-4.702282,-0.263220,1,0.001000
0.316900,1.000000,1.520718,-1.615009,-7.438212,-4.702282,-0.263220,1,0.001000
0.316950,1.000000,1.531953,-1.615009,-7.527046,-4.702282,-0.263220,1,0.001000
0.317000,1.000000,1.490594,-0.888382,-7.608452,-7.608452,-0.354035,1,0.001000
0.317050,1.000000,1.451599,-0.888382,-7.682349,-7.608452,-0.354035,1,0.001000
0.317100,1.000000,1.414750,-0.888382,-7.748665,-7.608452,-0.354035,1,0.001000
0.317150,1.000000,1.379828,-0.888382,-7.807334,-7.608452,-0.354035,1,0.001000
0.317200,1.000000,1.346617,-0.888382,-7.858298,-7.608452,-0.354035,1,0.001000
0.317250,1.000000,1.314901,-0.888382,-7.901507,-7.608452,-0.354035,1,0.001000
0.317300,1.000000,1.284467,-0.888382,-7.936918,-7.608452,-0.354035,1,0.001000
0.317350,1.000000,1.255102,-0.888382,-7.964496,-7.608452,-0.354035,1,0.001000
0.317400,1.000000,1.226598,-0.888382,-7.984214,-7.608452,-0.354035,1,0.001000
0.317450,1.000000,1.198746,-0.888382,-7.996052,-7.608452,-0.354035,1,0.001000
0.317500,1.000000,1.171341,-0.888382,-8.000000,-7.608452,-0.354035,1,0.001000
0.317550,1.000000,1.144179,-0.888382,-7.996052,-7.608452,-0.354035,1,0.001000
0.317600,1.000000,1.117062,-0.888382,-7.984214,-7.608452,-0.354035,1,0.001000
0.317650,1.000000,1.089790,-0.888382,-7.964496,-7.608452,-0.354035,1,0.001000
0.317700,1.000000,1.062170,-0.888382,-7.936918,-7.608452,-0.354035,1,0.001000
0.317750,1.000000,1.034009,-0.888382,-7.901507,-7.608452,-0.354035,1,0.001000
0.317800,1.000000,1.005121,-0.888382,-7.858298,-7.608452,-0.354035,1,0.001000
0.317850,1.000000,0.975319,-0.888382,-7.807334,-7.608452,-0.354035,1,0.001000
0.317900,1.000000,0.944424,-0.888382,-7.748665,-7.608452,-0.354035,1,0.001000
0.317950,1.000000,0.912256,-0.888382,-7.682349,-7.608452,-0.354035,1,0.001000
0.318000,1.000000,0.910067,0.368559,-7.608452,-7.608452,-0.301662,1,0.001000
0.318050,1.000000,0.905870,0.368559,-7.527046,-7.608452,-0.301662,1,0.001000
0.318100,1.000000,0.899505,0.368559,-7.438212,-7.608452,-0.301662,1,0.001000
0.318150,1.000000,0.890814,0.368559,-7.342037,-7.608452,-0.301662,1,0.001000
0.318200,1.000000,0.879647,0.368559,-7.238616,-7.608452,-0.301662,1,0.001000
0.318250,1.000000,0.865856,0.368559,-7.128052,-7.608452,-0.301662,1,0.001000
0.318300,1.000000,0.849296,0.368559,-7.010453,-7.608452,-0.301662,1,0.001000
0.318350,1.000000,0.829831,0.368559,-6.885936,-7.608452,-0.301662,1,0.001000
0.318400,1.000000,0.807327,0.368559,-6.754623,-7.608452,-0.301662,1,0.001000
0.318450,1.000000,0.781654,0.368559,-6.616645,-7.608452,-0.301662,1,0.001000
0.318500,1.000000,0.752689,0.368559,-6.472136,-7.608452,-0.301662,1,0.001000
0.318550,1.000000,0.720314,0.368559,-6.321240,-7.608452,-0.301662,1,0.001000
0.318600,1.000000,0.684416,0.368559,-6.164106,-7.608452,-0.301662,1,0.001000
0.318650,1.000000,0.644885,0.368559,-6.000889,-7.608452,-0.301662,1,0.001000
0.318700,1.000000,0.601621,0.368559,-5.831749,-7.608452,-0.301662,1,0.001000
0.318750,1.000000,0.554525,0.368559,-5.656854,-7.608452,-0.301662,1,0.001000
0.318800,1.000000,0.503505,0.368559,-5.476377,-7.608452,-0.301662,1,0.001000
0.318850,1.000000,0.448476,0.368559,-5.290495,-7.608452,-0.301662,1,0.001000
0.318900,1.000000,0.389358,0.368559,-5.099392,-7.608452,-0.301662,1,0.001000
0.318950,1.000000,0.326075,0.368559,-4.903256,-7.608452,-0.301662,1,0.001000
0.319000,1.000000,0.363892,1.675707,-4.702282,-4.702282,-0.126107,1,0.001000
0.319050,1.000000,0.396095,1.675707,-4.496667,-4.702282,-0.126107,1,0.001000
0.319100,1.000000,0.422645,1.675707,-4.286614,-4.702282,-0.126107,1,0.001000
0.319150,1.000000,0.443506,1.675707,-4.072331,-4.702282,-0.126107,1,0.001000
0.319200,1.000000,0.458648,1.675707,-3.854029,-4.702282,-0.126107,1,0.001000
0.319250,1.000000,0.468049,1.675707,-3.631924,-4.702282,-0.126107,1,0.001000
0.319300,1.000000,0.471690,1.675707,-3.406234,-4.702282,-0.126107,1,0.001000
0.319350,1.000000,0.469559,1.675707,-3.177183,-4.702282,-0.126107,1,0.001000
0.319400,1.000000,0.461650,1.675707,-2.944996,-4.702282,-0.126107,1,0.001000
0.319450,1.000000,0.447963,1.675707,-2.709903,-4.702282,-0.126107,1,0.001000
0.319500,1.000000,0.428502,1.675707,-2.472136,-4.702282,-0.126107,1,0.001000
0.319550,1.000000,0.403280,1.675707,-2.231929,-4.702282,-0.126107,1,0.001000
0.319600,1.000000,0.372312,1.675707,-1.989519,-4.702282,-0.126107,1,0.001000
0.319650,1.000000,0.335623,1.675707,-1.745146,-4.702282,-0.126107,1,0.001000
0.319700,1.000000,0.293239,1.675707,-1.499051,-4.702282,-0.126107,1,0.001000
0.319750,1.000000,0.245196,1.675707,-1.251476,-4.702282,-0.126107,1,0.001000
0.319800,1.000000,0.191534,1.675707,-1.002666,-4.702282,-0.126107,1,0.001000
0.319850,1.000000,0.132297,1.675707,-0.752867,-4.702282,-0.126107,1,0.001000
0.319900,1.000000,0.067537,1.675707,-0.502324,-4.702282,-0.126107,1,0.001000
0.319950,1.000000,-0.002690,1.675707,-0.251286,-4.702282,-0.126107,1,0.001000
0.320000,1.000000,0.060688,2.533774,-0.000000,-0.000000,0.105574,1,0.001000
0.320050,1.000000,0.116992,2.533774,0.251286,-0.000000,0.105574,1,0.001000
0.320100,1.000000,0.166316,2.533774,0.502324,-0.000000,0.105574,1,0.001000
0.320150,1.000000,0.208759,2.533774,0.752867,-0.000000,0.105574,1,0.001000
0.320200,1.000000,0.244428,2.533774,1.002666,-0.000000,0.105574,1,0.001000
0.320250,1.000000,0.273430,2.533774,1.251476,-0.000000,0.105574,1,0.001000
0.320300,1.000000,0.295880,2.533774,1.499051,-0.000000,0.105574,1,0.001000
0.320350,1.000000,0.311897,2.533774,1.745146,-0.000000,0.105574,1,0.001000
0.320400,1.000000,0.321605,2.533774,1.989519,-0.000000,0.105574,1,0.001000
0.320450,1.000000,0.325131,2.533774,2.231929,-0.000000,0.105574,1,0.001000
0.320500,1.000000,0.322608,2.533774,2.472136,-0.000000,0.105574,1,0.001000
0.320550,1.000000,0.314172,2.533774,2.709903,-0.000000,0.105574,1,0.001000
0.320600,1.000000,0.299964,2.533774,2.944996,-0.000000,0.105574,1,0.001000
0.320650,1.000000,0.280129,2.533774,3.177183,-0.000000,0.105574,1,0.001000
0.320700,1.000000,0.254816,2.533774,3.406234,-0.000000,0.105574,1,0.001000
0.320750,1.000000,0.224177,2.533774,3.631924,-0.000000,0.105574,1,0.001000
0.320800,1.000000,0.188369,2.533774,3.854029,-0.000000,0.105574,1,0.001000
0.320850,1.000000,0.147550,2.533774,4.072331,-0.000000,0.105574,1,0.001000
0.320900,1.000000,0.101885,2.533774,4.286614,-0.000000,0.105574,1,0.001000
0.320950,1.000000,0.051539,2.533774,4.496667,-0.000000,0.105574,1,0.001000
0.321000,1.000000,0.116270,2.615009,4.702282,4.702282,0.304887,1,0.001000
0.321050,1.000000,0.175167,2.615009,4.903256,4.702282,0.304887,1,0.001000
0.321100,1.000000,0.228425,2.615009,5.099392,4.702282,0.304887,1,0.001000
0.321150,1.000000,0.276240,2.615009,5.290495,4.702282,0.304887,1,0.001000
0.321200,1.000000,0.318810,2.615009,5.476377,4.702282,0.304887,1,0.001000
0.321250,1.000000,0.356335,2.615009,5.656854,4.702282,0.304887,1,0.001000
0.321300,1.000000,0.389020,2.615009,5.831749,4.702282,0.304887,1,0.001000
0.321350,1.000000,0.417067,2.615009,6.000889,4.702282,0.304887,1,0.001000
0.321400,1.000000,0.440683,2.615009,6.164106,4.702282,0.304887,1,0.001000
0.321450,1.000000,0.460076,2.615009,6.321240,4.702282,0.304887,1,0.001000
0.321500,1.000000,0.475454,2.615009,6.472136,4.702282,0.304887,1,0.001000
0.321550,1.000000,0.487027,2.615009,6.616645,4.702282,0.304887,1,0.001000
0.321600,1.000000,0.495006,2.615009,6.754623,4.702282,0.304887,1,0.001000
0.321650,1.000000,0.499602,2.615009,6.885936,4.702282,0.304887,1,0.001000
0.321700,1.000000,0.501028,2.615009,7.010453,4.702282,0.304887,1,0.001000
0.321750,1.000000,0.499496,2.615009,7.128052,4.702282,0.304887,1,0.001000
0.321800,1.000000,0.495219,2.615009,7.238616,4.702282,0.304887,1,0.001000
0.321850,1.000000,0.488411,2.615009,7.342037,4.702282,0.304887,1,0.001000
0.321900,1.000000,0.479282,2.615009,7.438212,4.702282,0.304887,1,0.001000
0.321950,1.000000,0.468047,2.615009,7.527046,4.702282,0.304887,1,0.001000
0.322000,1.000000,0.509406,1.888382,7.608452,7.608452,0.395701,1,0.001000
0.322050,1.000000,0.548401,1.888382,7.682349,7.608452,0.395701,1,0.001000
0.322100,1.000000,0.585250,1.888382,7.748665,7.608452,0.395701,1,0.001000
0.322150,1.000000,0.620172,1.888382,7.807334,7.608452,0.395701,1,0.001000
0.322200,1.000000,0.653383,1.888382,7.858298,7.608452,0.395701,1,0.001000
0.322250,1.000000,0.685099,1.888382,7.901507,7.608452,0.395701,1,0.001000
0.322300,1.000000,0.715533,1.888382,7.936918,7.608452,0.395701,1,0.001000
0.322350,1.000000,0.744898,1.888382,7.964496,7.608452,0.395701,1,0.001000
0.322400,1.000000,0.773402,1.888382,7.984214,7.608452,0.395701,1,0.001000
0.322450,1.000000,0.801254,1.888382,7.996052,7.608452,0.395701,1,0.001000
0.322500,1.000000,0.828659,1.888382,8.000000,7.608452,0.395701,1,0.001000
0.322550,1.000000,0.855821,1.888382,7.996052,7.608452,0.395701,1,0.001000
0.322600,1.000000,0.882938,1.888382,7.984214,7.608452,0.395701,1,0.001000
0.322650,1.000000,0.910210,1.888382,7.964496,7.608452,0.395701,1,0.001000
0.322700,1.000000,0.937830,1.888382,7.936918,7.608452,0.395701,1,0.001000
0.322750,1.000000,0.965991,1.888382,7.901507,7.608452,0.395701,1,0.001000
0.322800,1.000000,0.994879,1.888382,7.858298,7.608452,0.395701,1,0.001000
0.322850,1.000000,1.024681,1.888382,7.807334,7.608452,0.395701,1,0.001000
0.322900,1.000000,1.055576,1.888382,7.748665,7.608452,0.395701,1,0.001000
0.322950,1.000000,1.087744,1.888382,7.682349,7.608452,0.395701,1,0.001000
0.323000,1.000000,1.089933,0.631441,7.608452,7.608452,0.343329,1,0.001000
0.323050,1.000000,1.094130,0.631441,7.527046,7.608452,0.343329,1,0.001000
0.323100,1.000000,1.100495,0.631441,7.438212,7.608452,0.343329,1,0.001000
0.323150,1.000000,1.109186,0.631441,7.342037,7.608452,0.343329,1,0.001000
0.323200,1.000000,1.120353,0.631441,7.238616,7.608452,0.343329,1,0.001000
0.323250,1.000000,1.134144,0.631441,7.128052,7.608452,0.343329,1,0.001000
0.323300,1.000000,1.150704,0.631441,7.010453,7.608452,0.343329,1,0.001000
0.323350,1.000000,1.170169,0.631441,6.885936,7.608452,0.343329,1,0.001000
0.323400,1.000000,1.192673,0.631441,6.754623,7.608452,0.343329,1,0.001000
0.323450,1.000000,1.218346,0.631441,6.616645,7.608452,0.343329,1,0.001000
0.323500,1.000000,1.247311,0.631441,6.472136,7.608452,0.343329,1,0.001000
0.323550,1.000000,1.279686,0.631441,6.321240,7.608452,0.343329,1,0.001000
0.323600,1.000000,1.315584,0.631441,6.164106,7.608452,0.343329,1,0.001000
0.323650,1.000000,1.355115,0.631441,6.000889,7.608452,0.343329,1,0.001000
0.323700,1.000000,1.398379,0.631441,5.831749,7.608452,0.343329,1,0.001000
0.323750,1.000000,1.445475,0.631441,5.656854,7.608452,0.343329,1,0.001000
0.323800,1.000000,1.496495,0.631441,5.476377,7.608452,0.343329,1,0.001000
0.323850,1.000000,1.551524,0.631441,5.290495,7.608452,0.343329,1,0.001000
0.323900,1.000000,1.610642,0.631441,5.099392,7.608452,0.343329,1,0.001000
0.323950,1.000000,1.673925,0.631441,4.903256,7.608452,0.343329,1,0.001000
0.324000,1.000000,1.636108,-0.675707,4.702282,4.702282,0.167774,1,0.001000
0.324050,1.000000,1.603905,-0.675707,4.496667,4.702282,0.167774,1,0.001000
0.324100,1.000000,1.577355,-0.675707,4.286614,4.702282,0.167774,1,0.001000
0.324150,1.000000,1.556494,-0.675707,4.072331,4.702282,0.167774,1,0.001000
0.324200,1.000000,1.541352,-0.675707,3.854029,4.702282,0.167774,1,0.001000
0.324250,1.000000,1.531951,-0.675707,3.631924,4.702282,0.167774,1,0.001000
0.324300,1.000000,1.528310,-0.675707,3.406234,4.702282,0.167774,1,0.001000
0.324350,1.000000,1.530441,-0.675707,3.177183,4.702282,0.167774,1,0.001000
0.324400,1.000000,1.538350,-0.675707,2.944996,4.702282,0.167774,1,0.001000
0.324450,1.000000,1.552037,-0.675707,2.709903,4.702282,0.167774,1,0.001000
0.324500,1.000000,1.571498,-0.675707,2.472136,4.702282,0.167774,1,0.001000
0.324550,1.000000,1.596720,-0.675707,2.231929,4.702282,0.167774,1,0.001000
0.324600,1.000000,1.627688,-0.675707,1.989519,4.702282,0.167774,1,0.001000
0.324650,1.000000,1.664377,-0.675707,1.745146,4.702282,0.167774,1,0.001000
0.324700,1.000000,1.706761,-0.675707,1.499051,4.702282,0.167774,1,0.001000
0.324750,1.000000,1.754804,-0.675707,1.251476,4.702282,0.167774,1,0.001000
0.324800,1.000000,1.808466,-0.675707,1.002666,4.702282,0.167774,1,0.001000
0.324850,1.000000,1.867703,-0.675707,0.752867,4.702282,0.167774,1,0.001000
0.324900,1.000000,1.932463,-0.675707,0.502324,4.702282,0.167774,1,0.001000
0.324950,1.000000,2.002690,-0.675707,0.251286,4.702282,0.167774,1,0.001000
0.325000,1.000000,1.939312,-1.533774,-0.000000,-0.000000,-0.063907,1,0.001000
0.325050,1.000000,1.883008,-1.533774,-0.251286,-0.000000,-0.063907,1,0.001000
0.325100,1.000000,1.833684,-1.533774,-0.502324,-0.000000,-0.063907,1,0.001000
0.325150,1.000000,1.791241,-1.533774,-0.752867,-0.000000,-0.063907,1,0.001000
0.325200,1.000000,1.755572,-1.533774,-1.002666,-0.000000,-0.063907,1,0.001000
0.325250,1.000000,1.726570,-1.533774,-1.251476,-0.000000,-0.063907,1,0.001000
0.325300,1.000000,1.704120,-1.533774,-1.499051,-0.000000,-0.063907,1,0.001000
0.325350,1.000000,1.688103,-1.533774,-1.745146,-0.000000,-0.063907,1,0.001000
0.325400,1.000000,1.678395,-1.533774,-1.989519,-0.000000,-0.063907,1,0.001000
0.325450,1.000000,1.674869,-1.533774,-2.231929,-0.000000,-0.063907,1,0.001000
0.325500,1.000000,1.677392,-1.533774,-2.472136,-0.000000,-0.063907,1,0.001000
0.325550,1.000000,1.685828,-1.533774,-2.709903,-0.000000,-0.063907,1,0.001000
0.325600,1.000000,1.700036,-1.533774,-2.944996,-0.000000,-0.063907,1,0.001000
0.325650,1.000000,1.719871,-1.533774,-3.177183,-0.000000,-0.063907,1,0.001000
0.325700,1.000000,1.745184,-1.533774,-3.406234,-0.000000,-0.063907,1,0.001000
0.325750,1.000000,1.775823,-1.533774,-3.631924,-0.000000,-0.063907,1,0.001000
0.325800,1.000000,1.811631,-1.533774,-3.854029,-0.000000,-0.063907,1,0.001000
0.325850,1.000000,1.852450,-1.533774,-4.072331,-0.000000,-0.063907,1,0.001000
0.325900,1.000000,1.898115,-1.533774,-4.286614,-0.000000,-0.063907,1,0.001000
0.325950,1.000000,1.948461,-1.533774,-4.496667,-0.000000,-0.063907,1,0.001000
0.326000,1.000000,1.883730,-1.615009,-4.702282,-4.702282,-0.263220,1,0.001000
0.326050,1.000000,1.824833,-1.615009,-4.903256,-4.702282,-0.263220,1,0.001000
0.326100,1.000000,1.771575,-1.615009,-5.099392,-4.702282,-0.263220,1,0.001000
0.326150,1.000000,1.723760,-1.615009,-5.290495,-4.702282,-0.263220,1,0.001000
0.326200,1.000000,1.681190,-1.615009,-5.476377,-4.702282,-0.263220,1,0.001000
0.326250,1.000000,1.643665,-1.615009,-5.656854,-4.702282,-0.263220,1,0.001000
0.326300,1.000000,1.610980,-1.615009,-5.831749,-4.702282,-0.263220,1,0.001000
0.326350,1.000000,1.582933,-1.615009,-6.000889,-4.702282,-0.263220,1,0.001000
0.326400,1.000000,1.559317,-1.615009,-6.164106,-4.702282,-0.263220,1,0.001000
0.326450,1.000000,1.539924,-1.615009,-6.321240,-4.702282,-0.263220,1,0.001000
0.326500,1.000000,1.524546,-1.615009,-6.472136,-4.702282,-0.263220,1,0.001000
0.326550,1.000000,1.512973,-1.615009,-6.616645,-4.702282,-0.263220,1,0.001000
0.326600,1.000000,1.504994,-1.615009,-6.754623,-4.702282,-0.263220,1,0.001000
0.326650,1.000000,1.500398,-1.615009,-6.885936,-4.702282,-0.263220,1,0.001000
0.326700,1.000000,1.498972,-1.615009,-7.010453,-4.702282,-0.263220,1,0.001000
0.326750,1.000000,1.500504,-1.615009,-7.128052,-4.702282,-0.263220,1,0.001000
0.326800,1.000000,1.504781,-1.615009,-7.238616,-4.702282,-0.263220,1,0.001000
0.326850,1.000000,1.511589,-1.615009,-7.342037,-4.702282,-0.263220,1,0.001000
0.326900,1.000000,1.520718,-1.615009,-7.438212,-4.702282,-0.263220,1,0.001000
0.326950,1.000000,1.531953,-1.615009,-7.527046,-4.702282,-0.263220,1,0.001000
0.327000,1.000000,1.490594,-0.888382,-7.608452,-7.608452,-0.354035,1,0.001000
0.327050,1.000000,1.451599,-0.888382,-7.682349,-7.608452,-0.354035,1,0.001000
0.327100,1.000000,1.414750,-0.888382,-7.748665,-7.608452,-0.354035,1,0.001000
0.327150,1.000000,1.379828,-0.888382,-7.807334,-7.608452,-0.354035,1,0.001000
0.327200,1.000000,1.346617,-0.888382,-7.858298,-7.608452,-0.354035,1,0.001000
0.327250,1.000000,1.314901,-0.888382,-7.901507,-7.608452,-0.354035,1,0.001000
0.327300,1.000000,1.284467,-0.888382,-7.936918,-7.608452,-0.354035,1,0.001000
0.327350,1.000000,1.255102,-0.888382,-7.964496,-7.608452,-0.354035,1,0.001000
0.327400,1.000000,1.226598,-0.888382,-7.984214,-7.608452,-0.354035,1,0.001000
0.327450,1.000000,1.198746,-0.888382,-7.996052,-7.608452,-0.354035,1,0.001000
0.327500,1.000000,1.171341,-0.888382,-8.000000,-7.608452,-0.354035,1,0.001000
0.327550,1.000000,1.144179,-0.888382,-7.996052,-7.608452,-0.354035,1,0.001000
0.327600,1.000000,1.117062,-0.888382,-7.984214,-7.608452,-0.354035,1,0.001000
0.327650,1.000000,1.089790,-0.888382,-7.964496,-7.608452,-0.354035,1,0.001000
0.327700,1.000000,1.062170,-0.888382,-7.936918,-7.608452,-0.354035,1,0.001000
0.327750,1.000000,1.034009,-0.888382,-7.901507,-7.608452,-0.354035,1,0.001000
0.327800,1.000000,1.005121,-0.888382,-7.858298,-7.608452,-0.354035,1,0.001000
0.327850,1.000000,0.975319,-0.888382,-7.807334,-7.608452,-0.354035,1,0.001000
0.327900,1.000000,0.944424,-0.888382,-7.748665,-7.608452,-0.354035,1,0.001000
0.327950,1.000000,0.912256,-0.888382,-7.682349,-7.608452,-0.354035,1,0.001000
0.328000,1.000000,0.910067,0.368559,-7.608452,-7.608452,-0.301662,1,0.001000
0.328050,1.000000,0.905870,0.368559,-7.527046,-7.608452,-0.301662,1,0.001000
0.328100,1.000000,0.899505,0.368559,-7.438212,-7.608452,-0.301662,1,0.001000
0.328150,1.000000,0.890814,0.368559,-7.342037,-7.608452,-0.301662,1,0.001000
0.328200,1.000000,0.879647,0.368559,-7.238616,-7.608452,-0.301662,1,0.001000
0.328250,1.000000,0.865856,0.368559,-7.128052,-7.608452,-0.301662,1,0.001000
0.328300,1.000000,0.849296,0.368559,-7.010453,-7.608452,-0.301662,1,0.001000
0.328350,1.000000,0.829831,0.368559,-6.885936,-7.608452,-0.301662,1,0.001000
0.328400,1.000000,0.807327,0.368559,-6.754623,-7.608452,-0.301662,1,0.001000
0.328450,1.000000,0.781654,0.368559,-6.616645,-7.608452,-0.301662,1,0.001000
0.328500,1.000000,0.752689,0.368559,-6.472136,-7.608452,-0.301662,1,0.001000
0.328550,1.000000,0.720314,0.368559,-6.321240,-7.608452,-0.301662,1,0.001000
0.328600,1.000000,0.684416,0.368559,-6.164106,-7.608452,-0.301662,1,0.001000
0.328650,1.000000,0.644885,0.368559,-6.000889,-7.608452,-0.301662,1,0.001000
0.328700,1.000000,0.601621,0.368559,-5.831749,-7.608452,-0.301662,1,0.001000
0.328750,1.000000,0.554525,0.368559,-5.656854,-7.608452,-0.301662,1,0.001000
0.328800,1.000000,0.503505,0.368559,-5.476377,-7.608452,-0.301662,1,0.001000
0.328850,1.000000,0.448476,0.368559,-5.290495,-7.608452,-0.301662,1,0.001000
0.328900,1.000000,0.389358,0.368559,-5.099392,-7.608452,-0.301662,1,0.001000
0.328950,1.000000,0.326075,0.368559,-4.903256,-7.608452,-0.301662,1,0.001000
0.329000,1.000000,0.363892,1.675707,-4.702282,-4.702282,-0.126107,1,0.001000
0.329050,1.000000,0.396095,1.675707,-4.496667,-4.702282,-0.126107,1,0.001000
0.329100,1.000000,0.422645,1.675707,-4.286614,-4.702282,-0.126107,1,0.001000
0.329150,1.000000,0.443506,1.675707,-4.072331,-4.702282,-0.126107,1,0.001000
0.329200,1.000000,0.458648,1.675707,-3.854029,-4.702282,-0.126107,1,0.001000
0.329250,1.000000,0.468049,1.675707,-3.631924,-4.702282,-0.126107,1,0.001000
0.329300,1.000000,0.471690,1.675707,-3.406234,-4.702282,-0.126107,1,0.001000
0.329350,1.000000,0.469559,1.675707,-3.177183,-4.702282,-0.126107,1,0.001000
0.329400,1.000000,0.461650,1.675707,-2.944996,-4.702282,-0.126107,1,0.001000
0.329450,1.000000,0.447963,1.675707,-2.709903,-4.702282,-0.126107,1,0.001000
0.329500,1.000000,0.428502,1.675707,-2.472136,-4.702282,-0.126107,1,0.001000
0.329550,1.000000,0.403280,1.675707,-2.231929,-4.702282,-0.126107,1,0.001000
0.329600,1.000000,0.372312,1.675707,-1.989519,-4.702282,-0.126107,1,0.001000
0.329650,1.000000,0.335623,1.675707,-1.745146,-4.702282,-0.126107,1,0.001000
0.329700,1.000000,0.293239,1.675707,-1.499051,-4.702282,-0.126107,1,0.001000
0.329750,1.000000,0.245196,1.675707,-1.251476,-4.702282,-0.126107,1,0.001000
0.329800,1.000000,0.191534,1.675707,-1.002666,-4.702282,-0.126107,1,0.001000
0.329850,1.000000,0.132297,1.675707,-0.752867,-4.702282,-0.126107,1,0.001000
0.329900,1.000000,0.067537,1.675707,-0.502324,-4.702282,-0.126107,1,0.001000
0.329950,1.000000,-0.002690,1.675707,-0.251286,-4.702282,-0.126107,1,0.001000
0.330000,1.000000,0.060688,2.533774,-0.000000,-0.000000,0.105574,1,0.001000
0.330050,1.000000,0.116992,2.533774,0.251286,-0.000000,0.105574,1,0.001000
0.330100,1.000000,0.166316,2.533774,0.502324,-0.000000,0.105574,1,0.001000
0.330150,1.000000,0.208759,2.533774,0.752867,-0.000000,0.105574,1,0.001000
0.330200,1.000000,0.244428,2.533774,1.002666,-0.000000,0.105574,1,0.001000
0.330250,1.000000,0.273430,2.533774,1.251476,-0.000000,0.105574,1,0.001000
0.330300,1.000000,0.295880,2.533774,1.499051,-0.000000,0.105574,1,0.001000
0.330350,1.000000,0.311897,2.533774,1.745146,-0.000000,0.105574,1,0.001000
0.330400,1.000000,0.321605,2.533774,1.989519,-0.000000,0.105574,1,0.001000
0.330450,1.000000,0.325131,2.533774,2.231929,-0.000000,0.105574,1,0.001000
0.330500,1.000000,0.322608,2.533774,2.472136,-0.000000,0.105574,1,0.001000
0.330550,1.000000,0.314172,2.533774,2.709903,-0.000000,0.105574,1,0.001000
0.330600,1.000000,0.299964,2.533774,2.944996,-0.000000,0.105574,1,0.001000
0.330650,1.000000,0.280129,2.533774,3.177183,-0.000000,0.105574,1,0.001000
0.330700,1.000000,0.254816,2.533774,3.406234,-0.000000,0.105574,1,0.001000
0.330750,1.000000,0.224177,2.533774,3.631924,-0.000000,0.105574,1,0.001000
0.330800,1.000000,0.188369,2.533774,3.854029,-0.000000,0.105574,1,0.001000
0.330850,1.000000,0.147550,2.533774,4.072331,-0.000000,0.105574,1,0.001000
0.330900,1.000000,0.101885,2.533774,4.286614,-0.000000,0.105574,1,0.001000
0.330950,1.000000,0.051539,2.533774,4.496667,-0.000000,0.105574,1,0.001000
0.331000,1.000000,0.116270,2.615009,4.702282,4.702282,0.304887,1,0.001000
0.331050,1.000000,0.175167,2.615009,4.903256,4.702282,0.304887,1,0.001000
0.331100,1.000000,0.228425,2.615009,5.099392,4.702282,0.304887,1,0.001000
0.331150,1.000000,0.276240,2.615009,5.290495,4.702282,0.304887,1,0.001000
0.331200,1.000000,0.318810,2.615009,5.476377,4.702282,0.304887,1,0.001000
0.331250,1.000000,0.356335,2.615009,5.656854,4.702282,0.304887,1,0.001000
0.331300,1.000000,0.389020,2.615009,5.831749,4.702282,0.304887,1,0.001000
0.331350,1.000000,0.417067,2.615009,6.000889,4.702282,0.304887,1,0.001000
0.331400,1.000000,0.440683,2.615009,6.164106,4.702282,0.304887,1,0.001000
0.331450,1.000000,0.460076,2.615009,6.321240,4.702282,0.304887,1,0.001000
0.331500,1.000000,0.475454,2.615009,6.472136,4.702282,0.304887,1,0.001000
0.331550,1.000000,0.487027,2.615009,6.616645,4.702282,0.304887,1,0.001000
0.331600,1.000000,0.495006,2.615009,6.754623,4.702282,0.304887,1,0.001000
0.331650,1.000000,0.499602,2.615009,6.885936,4.702282,0.304887,1,0.001000
0.331700,1.000000,0.501028,2.615009,7.010453,4.702282,0.304887,1,0.001000
0.331750,1.000000,0.499496,2.615009,7.128052,4.702282,0.304887,1,0.001000
0.331800,1.000000,0.495219,2.615009,7.238616,4.702282,0.304887,1,0.001000
0.331850,1.000000,0.488411,2.615009,7.342037,4.702282,0.304887,1,0.001000
0.331900,1.000000,0.479282,2.615009,7.438212,4.702282,0.304887,1,0.001000
0.331950,1.000000,0.468047,2.615009,7.527046,4.702282,0.304887,1,0.001000
0.332000,1.000000,0.509406,1.888382,7.608452,7.608452,0.395701,1,0.001000
0.332050,1.000000,0.548401,1.888382,7.682349,7.608452,0.395701,1,0.001000
0.332100,1.000000,0.585250,1.888382,7.748665,7.608452,0.395701,1,0.001000
0.332150,1.000000,0.620172,1.888382,7.807334,7.608452,0.395701,1,0.001000
0.332200,1.000000,0.653383,1.888382,7.858298,7.608452,0.395701,1,0.001000
0.332250,1.000000,0.685099,1.888382,7.901507,7.608452,0.395701,1,0.001000
0.332300,1.000000,0.715533,1.888382,7.936918,7.608452,0.395701,1,0.001000
0.332350,1.000000,0.744898,1.888382,7.964496,7.608452,0.395701,1,0.001000
0.332400,1.000000,0.773402,1.888382,7.984214,7.608452,0.395701,1,0.001000
0.332450,1.000000,0.801254,1.888382,7.996052,7.608452,0.395701,1,0.001000
0.332500,1.000000,0.828659,1.888382,8.000000,7.608452,0.395701,1,0.001000
0.332550,1.000000,0.855821,1.888382,7.996052,7.608452,0.395701,1,0.001000
0.332600,1.000000,0.882938,1.888382,7.984214,7.608452,0.395701,1,0.001000
0.332650,1.000000,0.910210,1.888382,7.964496,7.608452,0.395701,1,0.001000
0.332700,1.000000,0.937830,1.888382,7.936918,7.608452,0.395701,1,0.001000
0.332750,1.000000,0.965991,1.888382,7.901507,7.608452,0.395701,1,0.001000
0.332800,1.000000,0.994879,1.888382,7.858298,7.608452,0.395701,1,0.001000
0.332850,1.000000,1.024681,1.888382,7.807334,7.608452,0.395701,1,0.001000
0.332900,1.000000,1.055576,1.888382,7.748665,7.608452,0.395701,1,0.001000
0.332950,1.000000,1.087744,1.888382,7.682349,7.608452,0.395701,1,0.001000
0.333000,1.000000,1.089933,0.631441,7.608452,7.608452,0.343329,1,0.001000
0.333050,1.000000,1.094130,0.631441,7.527046,7.608452,0.343329,1,0.001000
0.333100,1.000000,1.100495,0.631441,7.438212,7.608452,0.343329,1,0.001000
0.333150,1.000000,1.109186,0.631441,7.342037,7.608452,0.343329,1,0.001000
0.333200,1.000000,1.120353,0.631441,7.238616,7.608452,0.343329,1,0.001000
0.333250,1.000000,1.134144,0.631441,7.128052,7.608452,0.343329,1,0.001000
0.333300,1.000000,1.150704,0.631441,7.010453,7.608452,0.343329,1,0.001000
0.333350,1.000000,1.170169,0.631441,6.885936,7.608452,0.343329,1,0.001000
0.333400,1.000000,1.192673,0.631441,6.754623,7.608452,0.343329,1,0.001000
0.333450,1.000000,1.218346,0.631441,6.616645,7.608452,0.343329,1,0.001000
0.333500,1.000000,1.247311,0.631441,6.472136,7.608452,0.343329,1,0.001000
0.333550,1.000000,1.279686,0.631441,6.321240,7.608452,0.343329,1,0.001000
0.333600,1.000000,1.315584,0.631441,6.164106,7.608452,0.343329,1,0.001000
0.333650,1.000000,1.355115,0.631441,6.000889,7.608452,0.343329,1,0.001000
0.333700,1.000000,1.398379,0.631441,5.831749,7.608452,0.343329,1,0.001000
0.333750,1.000000,1.445475,0.631441,5.656854,7.608452,0.343329,1,0.001000
0.333800,1.000000,1.496495,0.631441,5.476377,7.608452,0.343329,1,0.001000
0.333850,1.000000,1.551524,0.631441,5.290495,7.608452,0.343329,1,0.001000
0.333900,1.000000,1.610642,0.631441,5.099392,7.608452,0.343329,1,0.001000
0.333950,1.000000,1.673925,0.631441,4.903256,7.608452,0.343329,1,0.001000
0.334000,1.000000,1.636108,-0.675707,4.702282,4.702282,0.167774,1,0.001000
0.334050,1.000000,1.603905,-0.675707,4.496667,4.702282,0.167774,1,0.001000
0.334100,1.000000,1.577355,-0.675707,4.286614,4.702282,0.167774,1,0.001000
0.334150,1.000000,1.556494,-0.675707,4.072331,4.702282,0.167774,1,0.001000
0.334200,1.000000,1.541352,-0.675707,3.854029,4.702282,0.167774,1,0.001000
0.334250,1.000000,1.531951,-0.675707,3.631924,4.702282,0.167774,1,0.001000
0.334300,1.000000,1.528310,-0.675707,3.406234,4.702282,0.167774,1,0.001000
0.334350,1.000000,1.530441,-0.675707,3.177183,4.702282,0.167774,1,0.001000
0.334400,1.000000,1.538350,-0.675707,2.944996,4.702282,0.167774,1,0.001000
0.334450,1.000000,1.552037,-0.675707,2.709903,4.702282,0.167774,1,0.001000
0.334500,1.000000,1.571498,-0.675707,2.472136,4.702282,0.167774,1,0.001000
0.334550,1.000000,1.596720,-0.675707,2.231929,4.702282,0.167774,1,0.001000
0.334600,1.000000,1.627688,-0.675707,1.989519,4.702282,0.167774,1,0.001000
0.334650,1.000000,1.664377,-0.675707,1.745146,4.702282,0.167774,1,0.001000
0.334700,1.000000,1.706761,-0.675707,1.499051,4.702282,0.167774,1,0.001000
0.334750,1.000000,1.754804,-0.675707,1.251476,4.702282,0.167774,1,0.001000
0.334800,1.000000,1.808466,-0.675707,1.002666,4.702282,0.167774,1,0.001000
0.334850,1.000000,1.867703,-0.675707,0.752867,4.702282,0.167774,1,0.001000
0.334900,1.000000,1.932463,-0.675707,0.502324,4.702282,0.167774,1,0.001000
0.334950,1.000000,2.002690,-0.675707,0.251286,4.702282,0.167774,1,0.001000
0.335000,1.000000,1.939312,-1.533774,-0.000000,-0.000000,-0.063907,1,0.001000
0.335050,1.000000,1.883008,-1.533774,-0.251286,-0.000000,-0.063907,1,0.001000
0.335100,1.000000,1.833684,-1.533774,-0.502324,-0.000000,-0.063907,1,0.001000
0.335150,1.000000,1.791241,-1.533774,-0.752867,-0.000000,-0.063907,1,0.001000
0.335200,1.000000,1.755572,-1.533774,-1.002666,-0.000000,-0.063907,1,0.001000
0.335250,1.000000,1.726570,-1.533774,-1.251476,-0.000000,-0.063907,1,0.001000
0.335300,1.000000,1.704120,-1.533774,-1.499051,-0.000000,-0.063907,1,0.001000
0.335350,1.000000,1.688103,-1.533774,-1.745146,-0.000000,-0.063907,1,0.001000
0.335400,1.000000,1.678395,-1.533774,-1.989519,-0.000000,-0.063907,1,0.001000
0.335450,1.000000,1.674869,-1.533774,-2.231929,-0.000000,-0.063907,1,0.001000
0.335500,1.000000,1.677392,-1.533774,-2.472136,-0.000000,-0.063907,1,0.001000
0.335550,1.000000,1.685828,-1.533774,-2.709903,-0.000000,-0.063907,1,0.001000
0.335600,1.000000,1.700036,-1.533774,-2.944996,-0.000000,-0.063907,1,0.001000
0.335650,1.000000,1.719871,-1.533774,-3.177183,-0.000000,-0.063907,1,0.001000
0.335700,1.000000,1.745184,-1.533774,-3.406234,-0.000000,-0.063907,1,0.001000
0.335750,1.000000,1.775823,-1.533774,-3.631924,-0.000000,-0.063907,1,0.001000
0.335800,1.000000,1.811631,-1.533774,-3.854029,-0.000000,-0.063907,1,0.001000
0.335850,1.000000,1.852450,-1.533774,-4.072331,-0.000000,-0.063907,1,0.001000
0.335900,1.000000,1.898115,-1.533774,-4.286614,-0.000000,-0.063907,1,0.001000
0.335950,1.000000,1.948461,-1.533774,-4.496667,-0.000000,-0.063907,1,0.001000
0.336000,1.000000,1.883730,-1.615009,-4.702282,-4.702282,-0.263220,1,0.001000
0.336050,1.000000,1.824833,-1.615009,-4.903256,-4.702282,-0.263220,1,0.001000
0.336100,1.000000,1.771575,-1.615009,-5.099392,-4.702282,-0.263220,1,0.001000
0.336150,1.000000,1.723760,-1.615009,-5.290495,-4.702282,-0.263220,1,0.001000
0.336200,1.000000,1.681190,-1.615009,-5.476377,-4.702282,-0.263220,1,0.001000
0.336250,1.000000,1.643665,-1.615009,-5.656854,-4.702282,-0.263220,1,0.001000
0.336300,1.000000,1.610980,-1.615009,-5.831749,-4.702282,-0.263220,1,0.001000
0.336350,1.000000,1.582933,-1.615009,-6.000889,-4.702282,-0.263220,1,0.001000
0.336400,1.000000,1.559317,-1.615009,-6.164106,-4.702282,-0.263220,1,0.001000
0.336450,1.000000,1.539924,-1.615009,-6.321240,-4.702282,-0.263220,1,0.001000
0.336500,1.000000,1.524546,-1.615009,-6.472136,-4.702282,-0.263220,1,0.001000
0.336550,1.000000,1.512973,-1.615009,-6.616645,-4.702282,-0.263220,1,0.001000
0.336600,1.000000,1.504994,-1.615009,-6.754623,-4.702282,-0.263220,1,0.001000
0.336650,1.000000,1.500398,-1.615009,-6.885936,-4.702282,-0.263220,1,0.001000
0.336700,1.000000,1.498972,-1.615009,-7.010453,-4.702282,-0.263220,1,0.001000
0.336750,1.000000,1.500504,-1.615009,-7.128052,-4.702282,-0.263220,1,0.001000
0.336800,1.000000,1.504781,-1.615009,-7.238616,-4.702282,-0.263220,1,0.001000
0.336850,1.000000,1.511589,-1.615009,-7.342037,-4.702282,-0.263220,1,0.001000
0.336900,1.000000,1.520718,-1.615009,-7.438212,-4.702282,-0.263220,1,0.001000
0.336950,1.000000,1.531953,-1.615009,-7.527046,-4.702282,-0.263220,1,0.001000
0.337000,1.000000,1.490594,-0.888382,-7.608452,-7.608452,-0.354035,1,0.001000
0.337050,1.000000,1.451599,-0.888382,-7.682349,-7.608452,-0.354035,1,0.001000
0.337100,1.000000,1.414750,-0.888382,-7.748665,-7.608452,-0.354035,1,0.001000
0.337150,1.000000,1.379828,-0.888382,-7.807334,-7.608452,-0.354035,1,0.001000
0.337200,1.000000,1.346617,-0.888382,-7.858298,-7.608452,-0.354035,1,0.001000
0.337250,1.000000,1.314901,-0.888382,-7.901507,-7.608452,-0.354035,1,0.001000
0.337300,1.000000,1.284467,-0.888382,-7.936918,-7.608452,-0.354035,1,0.001000
0.337350,1.000000,1.255102,-0.888382,-7.964496,-7.608452,-0.354035,1,0.001000
0.337400,1.000000,1.226598,-0.888382,-7.984214,-7.608452,-0.354035,1,0.001000
0.337450,1.000000,1.198746,-0.888382,-7.996052,-7.608452,-0.354035,1,0.001000
0.337500,1.000000,1.171341,-0.888382,-8.000000,-7.608452,-0.354035,1,0.001000
0.337550,1.000000,1.144179,-0.888382,-7.996052,-7.608452,-0.354035,1,0.001000
0.337600,1.000000,1.117062,-0.888382,-7.984214,-7.608452,-0.354035,1,0.001000
0.337650,1.000000,1.089790,-0.888382,-7.964496,-7.608452,-0.354035,1,0.001000
0.337700,1.000000,1.062170,-0.888382,-7.936918,-7.608452,-0.354035,1,0.001000
0.337750,1.000000,1.034009,-0.888382,-7.901507,-7.608452,-0.354035,1,0.001000
0.337800,1.000000,1.005121,-0.888382,-7.858298,-7.608452,-0.354035,1,0.001000
0.337850,1.000000,0.975319,-0.888382,-7.807334,-7.608452,-0.354035,1,0.001000
0.337900,1.000000,0.944424,-0.888382,-7.748665,-7.608452,-0.354035,1,0.001000
0.337950,1.000000,0.912256,-0.888382,-7.682349,-7.608452,-0.354035,1,0.001000
0.338000,1.000000,0.910067,0.368559,-7.608452,-7.608452,-0.301662,1,0.001000
0.338050,1.000000,0.905870,0.368559,-7.527046,-7.608452,-0.301662,1,0.001000
0.338100,1.000000,0.899505,0.368559,-7.438212,-7.608452,-0.301662,1,0.001000
0.338150,1.000000,0.890814,0.368559,-7.342037,-7.608452,-0.301662,1,0.001000
0.338200,1.000000,0.879647,0.368559,-7.238616,-7.608452,-0.301662,1,0.001000
0.338250,1.000000,0.865856,0.368559,-7.128052,-7.608452,-0.301662,1,0.001000
0.338300,1.000000,0.849296,0.368559,-7.010453,-7.608452,-0.301662,1,0.001000
0.338350,1.000000,0.829831,0.368559,-6.885936,-7.608452,-0.301662,1,0.001000
0.338400,1.000000,0.807327,0.368559,-6.754623,-7.608452,-0.301662,1,0.001000
0.338450,1.000000,0.781654,0.368559,-6.616645,-7.608452,-0.301662,1,0.001000
0.338500,1.000000,0.752689,0.368559,-6.472136,-7.608452,-0.301662,1,0.001000
0.338550,1.000000,0.720314,0.368559,-6.321240,-7.608452,-0.301662,1,0.001000
0.338600,1.000000,0.684416,0.368559,-6.164106,-7.608452,-0.301662,1,0.001000
0.338650,1.000000,0.644885,0.368559,-6.000889,-7.608452,-0.301662,1,0.001000
0.338700,1.000000,0.601621,0.368559,-5.831749,-7.608452,-0.301662,1,0.001000
0.338750,1.000000,0.554525,0.368559,-5.656854,-7.608452,-0.301662,1,0.001000
0.338800,1.000000,0.503505,0.368559,-5.476377,-7.608452,-0.301662,1,0.001000
0.338850,1.000000,0.448476,0.368559,-5.290495,-7.608452,-0.301662,1,0.001000
0.338900,1.000000,0.389358,0.368559,-5.099392,-7.608452,-0.301662,1,0.001000
0.338950,1.000000,0.326075,0.368559,-4.903256,-7.608452,-0.301662,1,0.001000
0.339000,1.000000,0.363892,1.675707,-4.702282,-4.702282,-0.126107,1,0.001000
0.339050,1.000000,0.396095,1.675707,-4.496667,-4.702282,-0.126107,1,0.001000
0.339100,1.000000,0.422645,1.675707,-4.286614,-4.702282,-0.126107,1,0.001000
0.339150,1.000000,0.443506,1.675707,-4.072331,-4.702282,-0.126107,1,0.001000
0.339200,1.000000,0.458648,1.675707,-3.854029,-4.702282,-0.126107,1,0.001000
0.339250,1.000000,0.468049,1.675707,-3.631924,-4.702282,-0.126107,1,0.001000
0.339300,1.000000,0.471690,1.675707,-3.406234,-4.702282,-0.126107,1,0.001000
0.339350,1.000000,0.469559,1.675707,-3.177183,-4.702282,-0.126107,1,0.001000
0.339400,1.000000,0.461650,1.675707,-2.944996,-4.702282,-0.126107,1,0.001000
0.339450,1.000000,0.447963,1.675707,-2.709903,-4.702282,-0.126107,1,0.001000
0.339500,1.000000,0.428502,1.675707,-2.472136,-4.702282,-0.126107,1,0.001000
0.339550,1.000000,0.403280,1.675707,-2.231929,-4.702282,-0.126107,1,0.001000
0.339600,1.000000,0.372312,1.675707,-1.989519,-4.702282,-0.126107,1,0.001000
0.339650,1.000000,0.335623,1.675707,-1.745146,-4.702282,-0.126107,1,0.001000
0.339700,1.000000,0.293239,1.675707,-1.499051,-4.702282,-0.126107,1,0.001000
0.339750,1.000000,0.245196,1.675707,-1.251476,-4.702282,-0.126107,1,0.001000
0.339800,1.000000,0.191534,1.675707,-1.002666,-4.702282,-0.126107,1,0.001000
0.339850,1.000000,0.132297,1.675707,-0.752867,-4.702282,-0.126107,1,0.001000
0.339900,1.000000,0.067537,1.675707,-0.502324,-4.702282,-0.126107,1,0.001000
0.339950,1.000000,-0.002690,1.675707,-0.251286,-4.702282,-0.126107,1,0.001000
0.340000,1.000000,0.060688,2.533774,0.000000,0.000000,0.105574,1,0.001000
0.340050,1.000000,0.116992,2.533774,0.251286,0.000000,0.105574,1,0.001000
0.340100,1.000000,0.166316,2.533774,0.502324,0.000000,0.105574,1,0.001000
0.340150,1.000000,0.208759,2.533774,0.752867,0.000000,0.105574,1,0.001000
0.340200,1.000000,0.244428,2.533774,1.002666,0.000000,0.105574,1,0.001000
0.340250,1.000000,0.273430,2.533774,1.251476,0.000000,0.105574,1,0.001000
0.340300,1.000000,0.295880,2.533774,1.499051,0.000000,0.105574,1,0.001000
0.340350,1.000000,0.311897,2.533774,1.745146,0.000000,0.105574,1,0.001000
0.340400,1.000000,0.321605,2.533774,1.989519,0.000000,0.105574,1,0.001000
0.340450,1.000000,0.325131,2.533774,2.231929,0.000000,0.105574,1,0.001000
0.340500,1.000000,0.322608,2.533774,2.472136,0.000000,0.105574,1,0.001000
0.340550,1.000000,0.314172,2.533774,2.709903,0.000000,0.105574,1,0.001000
0.340600,1.000000,0.299964,2.533774,2.944996,0.000000,0.105574,1,0.001000
0.340650,1.000000,0.280129,2.533774,3.177183,0.000000,0.105574,1,0.001000
0.340700,1.000000,0.254816,2.533774,3.406234,0.000000,0.105574,1,0.001000
0.340750,1.000000,0.224177,2.533774,3.631924,0.000000,0.105574,1,0.001000
0.340800,1.000000,0.188369,2.533774,3.854029,0.000000,0.105574,1,0.001000
0.340850,1.000000,0.147550,2.533774,4.072331,0.000000,0.105574,1,0.001000
0.340900,1.000000,0.101885,2.533774,4.286614,0.000000,0.105574,1,0.001000
0.340950,1.000000,0.051539,2.533774,4.496667,0.000000,0.105574,1,0.001000
0.341000,1.000000,0.116270,2.615009,4.702282,4.702282,0.304887,1,0.001000
0.341050,1.000000,0.175167,2.615009,4.903256,4.702282,0.304887,1,0.001000
0.341100,1.000000,0.228425,2.615009,5.099392,4.702282,0.304887,1,0.001000
0.341150,1.000000,0.276240,2.615009,5.290495,4.702282,0.304887,1,0.001000
0.341200,1.000000,0.318810,2.615009,5.476377,4.702282,0.304887,1,0.001000
0.341250,1.000000,0.356335,2.615009,5.656854,4.702282,0.304887,1,0.001000
0.341300,1.000000,0.389020,2.615009,5.831749,4.702282,0.304887,1,0.001000
0.341350,1.000000,0.417067,2.615009,6.000889,4.702282,0.304887,1,0.001000
0.341400,1.000000,0.440683,2.615009,6.164106,4.702282,0.304887,1,0.001000
0.341450,1.000000,0.460076,2.615009,6.321240,4.702282,0.304887,1,0.001000
0.341500,1.000000,0.475454,2.615009,6.472136,4.702282,0.304887,1,0.001000
0.341550,1.000000,0.487027,2.615009,6.616645,4.702282,0.304887,1,0.001000
0.341600,1.000000,0.495006,2.615009,6.754623,4.702282,0.304887,1,0.001000
0.341650,1.000000,0.499602,2.615009,6.885936,4.702282,0.304887,1,0.001000
0.341700,1.000000,0.501028,2.615009,7.010453,4.702282,0.304887,1,0.001000
0.341750,1.000000,0.499496,2.615009,7.128052,4.702282,0.304887,1,0.001000
0.341800,1.000000,0.495219,2.615009,7.238616,4.702282,0.304887,1,0.001000
0.341850,1.000000,0.488411,2.615009,7.342037,4.702282,0.304887,1,0.001000
0.341900,1.000000,0.479282,2.615009,7.438212,4.702282,0.304887,1,0.001000
0.341950,1.000000,0.468047,2.615009,7.527046,4.702282,0.304887,1,0.001000
0.342000,1.000000,0.509406,1.888382,7.608452,7.608452,0.395701,1,0.001000
0.342050,1.000000,0.548401,1.888382,7.682349,7.608452,0.395701,1,0.001000
0.342100,1.000000,0.585250,1.888382,7.748665,7.608452,0.395701,1,0.001000
0.342150,1.000000,0.620172,1.888382,7.807334,7.608452,0.395701,1,0.001000
0.342200,1.000000,0.653383,1.888382,7.858298,7.608452,0.395701,1,0.001000
0.342250,1.000000,0.685099,1.888382,7.901507,7.608452,0.395701,1,0.001000
0.342300,1.000000,0.715533,1.888382,7.936918,7.608452,0.395701,1,0.001000
0.342350,1.000000,0.744898,1.888382,7.964496,7.608452,0.395701,1,0.001000
0.342400,1.000000,0.773402,1.888382,7.984214,7.608452,0.395701,1,0.001000
0.342450,1.000000,0.801254,1.888382,7.996052,7.608452,0.395701,1,0.001000
0.342500,1.000000,0.828659,1.888382,8.000000,7.608452,0.395701,1,0.001000
0.342550,1.000000,0.855821,1.888382,7.996052,7.608452,0.395701,1,0.001000
0.342600,1.000000,0.882938,1.888382,7.984214,7.608452,0.395701,1,0.001000
0.342650,1.000000,0.910210,1.888382,7.964496,7.608452,0.395701,1,0.001000
0.342700,1.000000,0.937830,1.888382,7.936918,7.608452,0.395701,1,0.001000
0.342750,1.000000,0.965991,1.888382,7.901507,7.608452,0.395701,1,0.001000
0.342800,1.000000,0.994879,1.888382,7.858298,7.608452,0.395701,1,0.001000
0.342850,1.000000,1.024681,1.888382,7.807334,7.608452,0.395701,1,0.001000
0.342900,1.000000,1.055576,1.888382,7.748665,7.608452,0.395701,1,0.001000
0.342950,1.000000,1.087744,1.888382,7.682349,7.608452,0.395701,1,0.001000
0.343000,1.000000,1.089933,0.631441,7.608452,7.608452,0.343329,1,0.001000
0.343050,1.000000,1.094130,0.631441,7.527046,7.608452,0.343329,1,0.001000
0.343100,1.000000,1.100495,0.631441,7.438212,7.608452,0.343329,1,0.001000
0.343150,1.000000,1.109186,0.631441,7.342037,7.608452,0.343329,1,0.001000
0.343200,1.000000,1.120353,0.631441,7.238616,7.608452,0.343329,1,0.001000
0.343250,1.000000,1.134144,0.631441,7.128052,7.608452,0.343329,1,0.001000
0.343300,1.000000,1.150704,0.631441,7.010453,7.608452,0.343329,1,0.001000
0.343350,1.000000,1.170169,0.631441,6.885936,7.608452,0.343329,1,0.001000
0.343400,1.000000,1.192673,0.631441,6.754623,7.608452,0.343329,1,0.001000
0.343450,1.000000,1.218346,0.631441,6.616645,7.608452,0.343329,1,0.001000
0.343500,1.000000,1.247311,0.631441,6.472136,7.608452,0.343329,1,0.001000
0.343550,1.000000,1.279686,0.631441,6.321240,7.608452,0.343329,1,0.001000
0.343600,1.000000,1.315584,0.631441,6.164106,7.608452,0.343329,1,0.001000
0.343650,1.000000,1.355115,0.631441,6.000889,7.608452,0.343329,1,0.001000
0.343700,1.000000,1.398379,0.631441,5.831749,7.608452,0.343329,1,0.001000
0.343750,1.000000,1.445475,0.631441,5.656854,7.608452,0.343329,1,0.001000
0.343800,1.000000,1.496495,0.631441,5.476377,7.608452,0.343329,1,0.001000
0.343850,1.000000,1.551524,0.631441,5.290495,7.608452,0.343329,1,0.001000
0.343900,1.000000,1.610642,0.631441,5.099392,7.608452,0.343329,1,0.001000
0.343950,1.000000,1.673925,0.631441,4.903256,7.608452,0.343329,1,0.001000
0.344000,1.000000,1.636108,-0.675707,4.702282,4.702282,0.167774,1,0.001000
0.344050,1.000000,1.603905,-0.675707,4.496667,4.702282,0.167774,1,0.001000
0.344100,1.000000,1.577355,-0.675707,4.286614,4.702282,0.167774,1,0.001000
0.344150,1.000000,1.556494,-0.675707,4.072331,4.702282,0.167774,1,0.001000
0.344200,1.000000,1.541352,-0.675707,3.854029,4.702282,0.167774,1,0.001000
0.344250,1.000000,1.531951,-0.675707,3.631924,4.702282,0.167774,1,0.001000
0.344300,1.000000,1.528310,-0.675707,3.406234,4.702282,0.167774,1,0.001000
0.344350,1.000000,1.530441,-0.675707,3.177183,4.702282,0.167774,1,0.001000
0.344400,1.000000,1.538350,-0.675707,2.944996,4.702282,0.167774,1,0.001000
0.344450,1.000000,1.552037,-0.675707,2.709903,4.702282,0.167774,1,0.001000
0.344500,1.000000,1.571498,-0.675707,2.472136,4.702282,0.167774,1,0.001000
0.344550,1.000000,1.596720,-0.675707,2.231929,4.702282,0.167774,1,0.001000
0.344600,1.000000,1.627688,-0.675707,1.989519,4.702282,0.167774,1,0.001000
0.344650,1.000000,1.664377,-0.675707,1.745146,4.702282,0.167774,1,0.001000
0.344700,1.000000,1.706761,-0.675707,1.499051,4.702282,0.167774,1,0.001000
0.344750,1.000000,1.754804,-0.675707,1.251476,4.702282,0.167774,1,0.001000
0.344800,1.000000,1.808466,-0.675707,1.002666,4.702282,0.167774,1,0.001000
0.344850,1.000000,1.867703,-0.675707,0.752867,4.702282,0.167774,1,0.001000
0.344900,1.000000,1.932463,-0.675707,0.502324,4.702282,0.167774,1,0.001000
0.344950,1.000000,2.002690,-0.675707,0.251286,4.702282,0.167774,1,0.001000
0.345000,1.000000,1.939312,-1.533774,-0.000000,-0.000000,-0.063907,1,0.001000
0.345050,1.000000,1.883008,-1.533774,-0.251286,-0.000000,-0.063907,1,0.001000
0.345100,1.000000,1.833684,-1.533774,-0.502324,-0.000000,-0.063907,1,0.001000
0.345150,1.000000,1.791241,-1.533774,-0.752867,-0.000000,-0.063907,1,0.001000
0.345200,1.000000,1.755572,-1.533774,-1.002666,-0.000000,-0.063907,1,0.001000
0.345250,1.000000,1.726570,-1.533774,-1.251476,-0.000000,-0.063907,1,0.001000
0.345300,1.000000,1.704120,-1.533774,-1.499051,-0.000000,-0.063907,1,0.001000
0.345350,1.000000,1.688103,-1.533774,-1.745146,-0.000000,-0.063907,1,0.001000
0.345400,1.000000,1.678395,-1.533774,-1.989519,-0.000000,-0.063907,1,0.001000
0.345450,1.000000,1.674869,-1.533774,-2.231929,-0.000000,-0.063907,1,0.001000
0.345500,1.000000,1.677392,-1.533774,-2.472136,-0.000000,-0.063907,1,0.001000
0.345550,1.000000,1.685828,-1.533774,-2.709903,-0.000000,-0.063907,1,0.001000
0.345600,1.000000,1.700036,-1.533774,-2.944996,-0.000000,-0.063907,1,0.001000
0.345650,1.000000,1.719871,-1.533774,-3.177183,-0.000000,-0.063907,1,0.001000
0.345700,1.000000,1.745184,-1.533774,-3.406234,-0.000000,-0.063907,1,0.001000
0.345750,1.000000,1.775823,-1.533774,-3.631924,-0.000000,-0.063907,1,0.001000
0.345800,1.000000,1.811631,-1.533774,-3.854029,-0.000000,-0.063907,1,0.001000
0.345850,1.000000,1.852450,-1.533774,-4.072331,-0.000000,-0.063907,1,0.001000
0.345900,1.000000,1.898115,-1.533774,-4.286614,-0.000000,-0.063907,1,0.001000
0.345950,1.000000,1.948461,-1.533774,-4.496667,-0.000000,-0.063907,1,0.001000
0.346000,1.000000,1.883730,-1.615009,-4.702282,-4.702282,-0.263220,1,0.001000
0.346050,1.000000,1.824833,-1.615009,-4.903256,-4.702282,-0.263220,1,0.001000
0.346100,1.000000,1.771575,-1.615009,-5.099392,-4.702282,-0.263220,1,0.001000
0.346150,1.000000,1.723760,-1.615009,-5.290495,-4.702282,-0.263220,1,0.001000
0.346200,1.000000,1.681190,-1.615009,-5.476377,-4.702282,-0.263220,1,0.001000
0.346250,1.000000,1.643665,-1.615009,-5.656854,-4.702282,-0.263220,1,0.001000
0.346300,1.000000,1.610980,-1.615009,-5.831749,-4.702282,-0.263220,1,0.001000
0.346350,1.000000,1.582933,-1.615009,-6.000889,-4.702282,-0.263220,1,0.001000
0.346400,1.000000,1.559317,-1.615009,-6.164106,-4.702282,-0.263220,1,0.001000
0.346450,1.000000,1.539924,-1.615009,-6.321240,-4.702282,-0.263220,1,0.001000
0.346500,1.000000,1.524546,-1.615009,-6.472136,-4.702282,-0.263220,1,0.001000
0.346550,1.000000,1.512973,-1.615009,-6.616645,-4.702282,-0.263220,1,0.001000
0.346600,1.000000,1.504994,-1.615009,-6.754623,-4.702282,-0.263220,1,0.001000
0.346650,1.000000,1.500398,-1.615009,-6.885936,-4.702282,-0.263220,1,0.001000
0.346700,1.000000,1.498972,-1.615009,-7.010453,-4.702282,-0.263220,1,0.001000
0.346750,1.000000,1.500504,-1.615009,-7.128052,-4.702282,-0.263220,1,0.001000
0.346800,1.000000,1.504781,-1.615009,-7.238616,-4.702282,-0.263220,1,0.001000
0.346850,1.000000,1.511589,-1.615009,-7.342037,-4.702282,-0.263220,1,0.001000
0.346900,1.000000,1.520718,-1.615009,-7.438212,-4.702282,-0.263220,1,0.001000
0.346950,1.000000,1.531953,-1.615009,-7.527046,-4.702282,-0.263220,1,0.001000
0.347000,1.000000,1.490594,-0.888382,-7.608452,-7.608452,-0.354035,1,0.001000
0.347050,1.000000,1.451599,-0.888382,-7.682349,-7.608452,-0.354035,1,0.001000
0.347100,1.000000,1.414750,-0.888382,-7.748665,-7.608452,-0.354035,1,0.001000
0.347150,1.000000,1.379828,-0.888382,-7.807334,-7.608452,-0.354035,1,0.001000
0.347200,1.000000,1.346617,-0.888382,-7.858298,-7.608452,-0.354035,1,0.001000
0.347250,1.000000,1.314901,-0.888382,-7.901507,-7.608452,-0.354035,1,0.001000
0.347300,1.000000,1.284467,-0.888382,-7.936918,-7.608452,-0.354035,1,0.001000
0.347350,1.000000,1.255102,-0.888382,-7.964496,-7.608452,-0.354035,1,0.001000
0.347400,1.000000,1.226598,-0.888382,-7.984214,-7.608452,-0.354035,1,0.001000
0.347450,1.000000,1.198746,-0.888382,-7.996052,-7.608452,-0.354035,1,0.001000
0.347500,1.000000,1.171341,-0.888382,-8.000000,-7.608452,-0.354035,1,0.001000
0.347550,1.000000,1.144179,-0.888382,-7.996052,-7.608452,-0.354035,1,0.001000
0.347600,1.000000,1.117062,-0.888382,-7.984214,-7.608452,-0.354035,1,0.001000
0.347650,1.000000,1.089790,-0.888382,-7.964496,-7.608452,-0.354035,1,0.001000
0.347700,1.000000,1.062170,-0.888382,-7.936918,-7.608452,-0.354035,1,0.001000
0.347750,1.000000,1.034009,-0.888382,-7.901507,-7.608452,-0.354035,1,0.001000
0.347800,1.000000,1.005121,-0.888382,-7.858298,-7.608452,-0.354035,1,0.001000
0.347850,1.000000,0.975319,-0.888382,-7.807334,-7.608452,-0.354035,1,0.001000
0.347900,1.000000,0.944424,-0.888382,-7.748665,-7.608452,-0.354035,1,0.001000
0.347950,1.000000,0.912256,-0.888382,-7.682349,-7.608452,-0.354035,1,0.001000
0.348000,1.000000,0.910067,0.368559,-7.608452,-7.608452,-0.301662,1,0.001000
0.348050,1.000000,0.905870,0.368559,-7.527046,-7.608452,-0.301662,1,0.001000
0.348100,1.000000,0.899505,0.368559,-7.438212,-7.608452,-0.301662,1,0.001000
0.348150,1.000000,0.890814,0.368559,-7.342037,-7.608452,-0.301662,1,0.001000
0.348200,1.000000,0.879647,0.368559,-7.238616,-7.608452,-0.301662,1,0.001000
0.348250,1.000000,0.865856,0.368559,-7.128052,-7.608452,-0.301662,1,0.001000
0.348300,1.000000,0.849296,0.368559,-7.010453,-7.608452,-0.301662,1,0.001000
0.348350,1.000000,0.829831,0.368559,-6.885936,-7.608452,-0.301662,1,0.001000
0.348400,1.000000,0.807327,0.368559,-6.754623,-7.608452,-0.301662,1,0.001000
0.348450,1.000000,0.781654,0.368559,-6.616645,-7.608452,-0.301662,1,0.001000
0.348500,1.000000,0.752689,0.368559,-6.472136,-7.608452,-0.301662,1,0.001000
0.348550,1.000000,0.720314,0.368559,-6.321240,-7.608452,-0.301662,1,0.001000
0.348600,1.000000,0.684416,0.368559,-6.164106,-7.608452,-0.301662,1,0.001000
0.348650,1.000000,0.644885,0.368559,-6.000889,-7.608452,-0.301662,1,0.001000
0.348700,1.000000,0.601621,0.368559,-5.831749,-7.608452,-0.301662,1,0.001000
0.348750,1.000000,0.554525,0.368559,-5.656854,-7.608452,-0.301662,1,0.001000
0.348800,1.000000,0.503505,0.368559,-5.476377,-7.608452,-0.301662,1,0.001000
0.348850,1.000000,0.448476,0.368559,-5.290495,-7.608452,-0.301662,1,0.001000
0.348900,1.000000,0.389358,0.368559,-5.099392,-7.608452,-0.301662,1,0.001000
0.348950,1.000000,0.326075,0.368559,-4.903256,-7.608452,-0.301662,1,0.001000
0.349000,1.000000,0.363892,1.675707,-4.702282,-4.702282,-0.126107,1,0.001000
0.349050,1.000000,0.396095,1.675707,-4.496667,-4.702282,-0.126107,1,0.001000
0.349100,1.000000,0.422645,1.675707,-4.286614,-4.702282,-0.126107,1,0.001000
0.349150,1.000000,0.443506,1.675707,-4.072331,-4.702282,-0.126107,1,0.001000
0.349200,1.000000,0.458648,1.675707,-3.854029,-4.702282,-0.126107,1,0.001000
0.349250,1.000000,0.468049,1.675707,-3.631924,-4.702282,-0.126107,1,0.001000
0.349300,1.000000,0.471690,1.675707,-3.406234,-4.702282,-0.126107,1,0.001000
0.349350,1.000000,0.469559,1.675707,-3.177183,-4.702282,-0.126107,1,0.001000
0.349400,1.000000,0.461650,1.675707,-2.944996,-4.702282,-0.126107,1,0.001000
0.349450,1.000000,0.447963,1.675707,-2.709903,-4.702282,-0.126107,1,0.001000
0.349500,1.000000,0.428502,1.675707,-2.472136,-4.702282,-0.126107,1,0.001000
0.349550,1.000000,0.403280,1.675707,-2.231929,-4.702282,-0.126107,1,0.001000
0.349600,1.000000,0.372312,1.675707,-1.989519,-4.702282,-0.126107,1,0.001000
0.349650,1.000000,0.335623,1.675707,-1.745146,-4.702282,-0.126107,1,0.001000
0.349700,1.000000,0.293239,1.675707,-1.499051,-4.702282,-0.126107,1,0.001000
0.349750,1.000000,0.245196,1.675707,-1.251476,-4.702282,-0.126107,1,0.001000
0.349800,1.000000,0.191534,1.675707,-1.002666,-4.702282,-0.126107,1,0.001000
0.349850,1.000000,0.132297,1.675707,-0.752867,-4.702282,-0.126107,1,0.001000
0.349900,1.000000,0.067537,1.675707,-0.502324,-4.702282,-0.126107,1,0.001000
0.349950,1.000000,-0.002690,1.675707,-0.251286,-4.702282,-0.126107,1,0.001000
0.350000,1.000000,0.060688,2.533774,0.000000,0.000000,0.105574,1,0.001000
0.350050,1.000000,0.116992,2.533774,0.251286,0.000000,0.105574,1,0.001000
0.350100,1.000000,0.166316,2.533774,0.502324,0.000000,0.105574,1,0.001000
0.350150,1.000000,0.208759,2.533774,0.752867,0.000000,0.105574,1,0.001000
0.350200,1.000000,0.244428,2.533774,1.002666,0.000000,0.105574,1,0.001000
0.350250,1.000000,0.273430,2.533774,1.251476,0.000000,0.105574,1,0.001000
0.350300,1.000000,0.295880,2.533774,1.499051,0.000000,0.105574,1,0.001000
0.350350,1.000000,0.311897,2.533774,1.745146,0.000000,0.105574,1,0.001000
0.350400,1.000000,0.321605,2.533774,1.989519,0.000000,0.105574,1,0.001000
0.350450,1.000000,0.325131,2.533774,2.231929,0.000000,0.105574,1,0.001000
0.350500,1.000000,0.322608,2.533774,2.472136,0.000000,0.105574,1,0.001000
0.350550,1.000000,0.314172,2.533774,2.709903,0.000000,0.105574,1,0.001000
0.350600,1.000000,0.299964,2.533774,2.944996,0.000000,0.105574,1,0.001000
0.350650,1.000000,0.280129,2.533774,3.177183,0.000000,0.105574,1,0.001000
0.350700,1.000000,0.254816,2.533774,3.406234,0.000000,0.105574,1,0.001000
0.350750,1.000000,0.224177,2.533774,3.631924,0.000000,0.105574,1,0.001000
0.350800,1.000000,0.188369,2.533774,3.854029,0.000000,0.105574,1,0.001000
0.350850,1.000000,0.147550,2.533774,4.072331,0.000000,0.105574,1,0.001000
0.350900,1.000000,0.101885,2.533774,4.286614,0.000000,0.105574,1,0.001000
0.350950,1.000000,0.051539,2.533774,4.496667,0.000000,0.105574,1,0.001000
0.351000,1.000000,0.116270,2.615009,4.702282,4.702282,0.304887,1,0.001000
0.351050,1.000000,0.175167,2.615009,4.903256,4.702282,0.304887,1,0.001000
0.351100,1.000000,0.228425,2.615009,5.099392,4.702282,0.304887,1,0.001000
0.351150,1.000000,0.276240,2.615009,5.290495,4.702282,0.304887,1,0.001000
0.351200,1.000000,0.318810,2.615009,5.476377,4.702282,0.304887,1,0.001000
0.351250,1.000000,0.356335,2.615009,5.656854,4.702282,0.304887,1,0.001000
0.351300,1.000000,0.389020,2.615009,5.831749,4.702282,0.304887,1,0.001000
0.351350,1.000000,0.417067,2.615009,6.000889,4.702282,0.304887,1,0.001000
0.351400,1.000000,0.440683,2.615009,6.164106,4.702282,0.304887,1,0.001000
0.351450,1.000000,0.460076,2.615009,6.321240,4.702282,0.304887,1,0.001000
0.351500,1.000000,0.475454,2.615009,6.472136,4.702282,0.304887,1,0.001000
0.351550,1.000000,0.487027,2.615009,6.616645,4.702282,0.304887,1,0.001000
0.351600,1.000000,0.495006,2.615009,6.754623,4.702282,0.304887,1,0.001000
0.351650,1.000000,0.499602,2.615009,6.885936,4.702282,0.304887,1,0.001000
0.351700,1.000000,0.501028,2.615009,7.010453,4.702282,0.304887,1,0.001000
0.351750,1.000000,0.499496,2.615009,7.128052,4.702282,0.304887,1,0.001000
0.351800,1.000000,0.495219,2.615009,7.238616,4.702282,0.304887,1,0.001000
0.351850,1.000000,0.488411,2.615009,7.342037,4.702282,0.304887,1,0.001000
0.351900,1.000000,0.479282,2.615009,7.438212,4.702282,0.304887,1,0.001000
0.351950,1.000000,0.468047,2.615009,7.527046,4.702282,0.304887,1,0.001000
0.352000,1.000000,0.509406,1.888382,7.608452,7.608452,0.395701,1,0.001000
0.352050,1.000000,0.548401,1.888382,7.682349,7.608452,0.395701,1,0.001000
0.352100,1.000000,0.585250,1.888382,7.748665,7.608452,0.395701,1,0.001000
0.352150,1.000000,0.620172,1.888382,7.807334,7.608452,0.395701,1,0.001000
0.352200,1.000000,0.653383,1.888382,7.858298,7.608452,0.395701,1,0.001000
0.352250,1.000000,0.685099,1.888382,7.901507,7.608452,0.395701,1,0.001000
0.352300,1.000000,0.715533,1.888382,7.936918,7.608452,0.395701,1,0.001000
0.352350,1.000000,0.744898,1.888382,7.964496,7.608452,0.395701,1,0.001000
0.352400,1.000000,0.773402,1.888382,7.984214,7.608452,0.395701,1,0.001000
0.352450,1.000000,0.801254,1.888382,7.996052,7.608452,0.395701,1,0.001000
0.352500,1.000000,0.828659,1.888382,8.000000,7.608452,0.395701,1,0.001000
0.352550,1.000000,0.855821,1.888382,7.996052,7.608452,0.395701,1,0.001000
0.352600,1.000000,0.882938,1.888382,7.984214,7.608452,0.395701,1,0.001000
0.352650,1.000000,0.910210,1.888382,7.964496,7.608452,0.395701,1,0.001000
0.352700,1.000000,0.937830,1.888382,7.936918,7.608452,0.395701,1,0.001000
0.352750,1.000000,0.965991,1.888382,7.901507,7.608452,0.395701,1,0.001000
0.352800,1.000000,0.994879,1.888382,7.858298,7.608452,0.395701,1,0.001000
0.352850,1.000000,1.024681,1.888382,7.807334,7.608452,0.395701,1,0.001000
0.352900,1.000000,1.055576,1.888382,7.748665,7.608452,0.395701,1,0.001000
0.352950,1.000000,1.087744,1.888382,7.682349,7.608452,0.395701,1,0.001000
0.353000,1.000000,1.089933,0.631441,7.608452,7.608452,0.343329,1,0.001000
0.353050,1.000000,1.094130,0.631441,7.527046,7.608452,0.343329,1,0.001000
0.353100,1.000000,1.100495,0.631441,7.438212,7.608452,0.343329,1,0.001000
0.353150,1.000000,1.109186,0.631441,7.342037,7.608452,0.343329,1,0.001000
0.353200,1.000000,1.120353,0.631441,7.238616,7.608452,0.343329,1,0.001000
0.353250,1.000000,1.134144,0.631441,7.128052,7.608452,0.343329,1,0.001000
0.353300,1.000000,1.150704,0.631441,7.010453,7.608452,0.343329,1,0.001000
0.353350,1.000000,1.170169,0.631441,6.885936,7.608452,0.343329,1,0.001000
0.353400,1.000000,1.192673,0.631441,6.754623,7.608452,0.343329,1,0.001000
0.353450,1.000000,1.218346,0.631441,6.616645,7.608452,0.343329,1,0.001000
0.353500,1.000000,1.247311,0.631441,6.472136,7.608452,0.343329,1,0.001000
0.353550,1.000000,1.279686,0.631441,6.321240,7.608452,0.343329,1,0.001000
0.353600,1.000000,1.315584,0.631441,6.164106,7.608452,0.343329,1,0.001000
0.353650,1.000000,1.355115,0.631441,6.000889,7.608452,0.343329,1,0.001000
0.353700,1.000000,1.398379,0.631441,5.831749,7.608452,0.343329,1,0.001000
0.353750,1.000000,1.445475,0.631441,5.656854,7.608452,0.343329,1,0.001000
0.353800,1.000000,1.496495,0.631441,5.476377,7.608452,0.343329,1,0.001000
0.353850,1.000000,1.551524,0.631441,5.290495,7.608452,0.343329,1,0.001000
0.353900,1.000000,1.610642,0.631441,5.099392,7.608452,0.343329,1,0.001000
0.353950,1.000000,1.673925,0.631441,4.903256,7.608452,0.343329,1,0.001000
0.354000,1.000000,1.636108,-0.675707,4.702282,4.702282,0.167774,1,0.001000
0.354050,1.000000,1.603905,-0.675707,4.496667,4.702282,0.167774,1,0.001000
0.354100,1.000000,1.577355,-0.675707,4.286614,4.702282,0.167774,1,0.001000
0.354150,1.000000,1.556494,-0.675707,4.072331,4.702282,0.167774,1,0.001000
0.354200,1.000000,1.541352,-0.675707,3.854029,4.702282,0.167774,1,0.001000
0.354250,1.000000,1.531951,-0.675707,3.631924,4.702282,0.167774,1,0.001000
0.354300,1.000000,1.528310,-0.675707,3.406234,4.702282,0.167774,1,0.001000
0.354350,1.000000,1.530441,-0.675707,3.177183,4.702282,0.167774,1,0.001000
0.354400,1.000000,1.538350,-0.675707,2.944996,4.702282,0.167774,1,0.001000
0.354450,1.000000,1.552037,-0.675707,2.709903,4.702282,0.167774,1,0.001000
0.354500,1.000000,1.571498,-0.675707,2.472136,4.702282,0.167774,1,0.001000
0.354550,1.000000,1.596720,-0.675707,2.231929,4.702282,0.167774,1,0.001000
0.354600,1.000000,1.627688,-0.675707,1.989519,4.702282,0.167774,1,0.001000
0.354650,1.000000,1.664377,-0.675707,1.745146,4.702282,0.167774,1,0.001000
0.354700,1.000000,1.706761,-0.675707,1.499051,4.702282,0.167774,1,0.001000
0.354750,1.000000,1.754804,-0.675707,1.251476,4.702282,0.167774,1,0.001000
0.354800,1.000000,1.808466,-0.675707,1.002666,4.702282,0.167774,1,0.001000
0.354850,1.000000,1.867703,-0.675707,0.752867,4.702282,0.167774,1,0.001000
0.354900,1.000000,1.932463,-0.675707,0.502324,4.702282,0.167774,1,0.001000
0.354950,1.000000,2.002690,-0.675707,0.251286,4.702282,0.167774,1,0.001000
0.355000,1.000000,1.939312,-1.533774,-0.000000,-0.000000,-0.063907,1,0.001000
0.355050,1.000000,1.883008,-1.533774,-0.251286,-0.000000,-0.063907,1,0.001000
0.355100,1.000000,1.833684,-1.533774,-0.502324,-0.000000,-0.063907,1,0.001000
0.355150,1.000000,1.791241,-1.533774,-0.752867,-0.000000,-0.063907,1,0.001000
0.355200,1.000000,1.755572,-1.533774,-1.002666,-0.000000,-0.063907,1,0.001000
0.355250,1.000000,1.726570,-1.533774,-1.251476,-0.000000,-0.063907,1,0.001000
0.355300,1.000000,1.704120,-1.533774,-1.499051,-0.000000,-0.063907,1,0.001000
0.355350,1.000000,1.688103,-1.533774,-1.745146,-0.000000,-0.063907,1,0.001000
0.355400,1.000000,1.678395,-1.533774,-1.989519,-0.000000,-0.063907,1,0.001000
0.355450,1.000000,1.674869,-1.533774,-2.231929,-0.000000,-0.063907,1,0.001000
0.355500,1.000000,1.677392,-1.533774,-2.472136,-0.000000,-0.063907,1,0.001000
0.355550,1.000000,1.685828,-1.533774,-2.709903,-0.000000,-0.063907,1,0.001000
0.355600,1.000000,1.700036,-1.533774,-2.944996,-0.000000,-0.063907,1,0.001000
0.355650,1.000000,1.719871,-1.533774,-3.177183,-0.000000,-0.063907,1,0.001000
0.355700,1.000000,1.745184,-1.533774,-3.406234,-0.000000,-0.063907,1,0.001000
0.355750,1.000000,1.775823,-1.533774,-3.631924,-0.000000,-0.063907,1,0.001000
0.355800,1.000000,1.811631,-1.533774,-3.854029,-0.000000,-0.063907,1,0.001000
0.355850,1.000000,1.852450,-1.533774,-4.072331,-0.000000,-0.063907,1,0.001000
0.355900,1.000000,1.898115,-1.533774,-4.286614,-0.000000,-0.063907,1,0.001000
0.355950,1.000000,1.948461,-1.533774,-4.496667,-0.000000,-0.063907,1,0.001000
0.356000,1.000000,1.883730,-1.615009,-4.702282,-4.702282,-0.263220,1,0.001000
0.356050,1.000000,1.824833,-1.615009,-4.903256,-4.702282,-0.263220,1,0.001000
0.356100,1.000000,1.771575,-1.615009,-5.099392,-4.702282,-0.263220,1,0.001000
0.356150,1.000000,1.723760,-1.615009,-5.290495,-4.702282,-0.263220,1,0.001000
0.356200,1.000000,1.681190,-1.615009,-5.476377,-4.702282,-0.263220,1,0.001000
0.356250,1.000000,1.643665,-1.615009,-5.656854,-4.702282,-0.263220,1,0.001000
0.356300,1.000000,1.610980,-1.615009,-5.831749,-4.702282,-0.263220,1,0.001000
0.356350,1.000000,1.582933,-1.615009,-6.000889,-4.702282,-0.263220,1,0.001000
0.356400,1.000000,1.559317,-1.615009,-6.164106,-4.702282,-0.263220,1,0.001000
0.356450,1.000000,1.539924,-1.615009,-6.321240,-4.702282,-0.263220,1,0.001000
0.356500,1.000000,1.524546,-1.615009,-6.472136,-4.702282,-0.263220,1,0.001000
0.356550,1.000000,1.512973,-1.615009,-6.616645,-4.702282,-0.263220,1,0.001000
0.356600,1.000000,1.504994,-1.615009,-6.754623,-4.702282,-0.263220,1,0.001000
0.356650,1.000000,1.500398,-1.615009,-6.885936,-4.702282,-0.263220,1,0.001000
0.356700,1.000000,1.498972,-1.615009,-7.010453,-4.702282,-0.263220,1,0.001000
0.356750,1.000000,1.500504,-1.615009,-7.128052,-4.702282,-0.263220,1,0.001000
0.356800,1.000000,1.504781,-1.615009,-7.238616,-4.702282,-0.263220,1,0.001000
0.356850,1.000000,1.511589,-1.615009,-7.342037,-4.702282,-0.263220,1,0.001000
0.356900,1.000000,1.520718,-1.615009,-7.438212,-4.702282,-0.263220,1,0.001000
0.356950,1.000000,1.531953,-1.615009,-7.527046,-4.702282,-0.263220,1,0.001000
0.357000,1.000000,1.490594,-0.888382,-7.608452,-7.608452,-0.354035,1,0.001000
0.357050,1.000000,1.451599,-0.888382,-7.682349,-7.608452,-0.354035,1,0.001000
0.357100,1.000000,1.414750,-0.888382,-7.748665,-7.608452,-0.354035,1,0.001000
0.357150,1.000000,1.379828,-0.888382,-7.807334,-7.608452,-0.354035,1,0.001000
0.357200,1.000000,1.346617,-0.888382,-7.858298,-7.608452,-0.354035,1,0.001000
0.357250,1.000000,1.314901,-0.888382,-7.901507,-7.608452,-0.354035,1,0.001000
0.357300,1.000000,1.284467,-0.888382,-7.936918,-7.608452,-0.354035,1,0.001000
0.357350,1.000000,1.255102,-0.888382,-7.964496,-7.608452,-0.354035,1,0.001000
0.357400,1.000000,1.226598,-0.888382,-7.984214,-7.608452,-0.354035,1,0.001000
0.357450,1.000000,1.198746,-0.888382,-7.996052,-7.608452,-0.354035,1,0.001000
0.357500,1.000000,1.171341,-0.888382,-8.000000,-7.608452,-0.354035,1,0.001000
0.357550,1.000000,1.144179,-0.888382,-7.996052,-7.608452,-0.354035,1,0.001000
0.357600,1.000000,1.117062,-0.888382,-7.984214,-7.608452,-0.354035,1,0.001000
0.357650,1.000000,1.089790,-0.888382,-7.964496,-7.608452,-0.354035,1,0.001000
0.357700,1.000000,1.062170,-0.888382,-7.936918,-7.608452,-0.354035,1,0.001000
0.357750,1.000000,1.034009,-0.888382,-7.901507,-7.608452,-0.354035,1,0.001000
0.357800,1.000000,1.005121,-0.888382,-7.858298,-7.608452,-0.354035,1,0.001000
0.357850,1.000000,0.975319,-0.888382,-7.807334,-7.608452,-0.354035,1,0.001000
0.357900,1.000000,0.944424,-0.888382,-7.748665,-7.608452,-0.354035,1,0.001000
0.357950,1.000000,0.912256,-0.888382,-7.682349,-7.608452,-0.354035,1,0.001000
0.358000,1.000000,0.910067,0.368559,-7.608452,-7.608452,-0.301662,1,0.001000
0.358050,1.000000,0.905870,0.368559,-7.527046,-7.608452,-0.301662,1,0.001000
0.358100,1.000000,0.899505,0.368559,-7.438212,-7.608452,-0.301662,1,0.001000
0.358150,1.000000,0.890814,0.368559,-7.342037,-7.608452,-0.301662,1,0.001000
0.358200,1.000000,0.879647,0.368559,-7.238616,-7.608452,-0.301662,1,0.001000
0.358250,1.000000,0.865856,0.368559,-7.128052,-7.608452,-0.301662,1,0.001000
0.358300,1.000000,0.849296,0.368559,-7.010453,-7.608452,-0.301662,1,0.001000
0.358350,1.000000,0.829831,0.368559,-6.885936,-7.608452,-0.301662,1,0.001000
0.358400,1.000000,0.807327,0.368559,-6.754623,-7.608452,-0.301662,1,0.001000
0.358450,1.000000,0.781654,0.368559,-6.616645,-7.608452,-0.301662,1,0.001000
0.358500,1.000000,0.752689,0.368559,-6.472136,-7.608452,-0.301662,1,0.001000
0.358550,1.000000,0.720314,0.368559,-6.321240,-7.608452,-0.301662,1,0.001000
0.358600,1.000000,0.684416,0.368559,-6.164106,-7.608452,-0.301662,1,0.001000
0.358650,1.000000,0.644885,0.368559,-6.000889,-7.608452,-0.301662,1,0.001000
0.358700,1.000000,0.601621,0.368559,-5.831749,-7.608452,-0.301662,1,0.001000
0.358750,1.000000,0.554525,0.368559,-5.656854,-7.608452,-0.301662,1,0.001000
0.358800,1.000000,0.503505,0.368559,-5.476377,-7.608452,-0.301662,1,0.001000
0.358850,1.000000,0.448476,0.368559,-5.290495,-7.608452,-0.301662,1,0.001000
0.358900,1.000000,0.389358,0.368559,-5.099392,-7.608452,-0.301662,1,0.001000
0.358950,1.000000,0.326075,0.368559,-4.903256,-7.608452,-0.301662,1,0.001000
0.359000,1.000000,0.363892,1.675707,-4.702282,-4.702282,-0.126107,1,0.001000
0.359050,1.000000,0.396095,1.675707,-4.496667,-4.702282,-0.126107,1,0.001000
0.359100,1.000000,0.422645,1.675707,-4.286614,-4.702282,-0.126107,1,0.001000
0.359150,1.000000,0.443506,1.675707,-4.072331,-4.702282,-0.126107,1,0.001000
0.359200,1.000000,0.458648,1.675707,-3.854029,-4.702282,-0.126107,1,0.001000
0.359250,1.000000,0.468049,1.675707,-3.631924,-4.702282,-0.126107,1,0.001000
0.359300,1.000000,0.471690,1.675707,-3.406234,-4.702282,-0.126107,1,0.001000
0.359350,1.000000,0.469559,1.675707,-3.177183,-4.702282,-0.126107,1,0.001000
0.359400,1.000000,0.461650,1.675707,-2.944996,-4.702282,-0.126107,1,0.001000
0.359450,1.000000,0.447963,1.675707,-2.709903,-4.702282,-0.126107,1,0.001000
0.359500,1.000000,0.428502,1.675707,-2.472136,-4.702282,-0.126107,1,0.001000
0.359550,1.000000,0.403280,1.675707,-2.231929,-4.702282,-0.126107,1,0.001000
0.359600,1.000000,0.372312,1.675707,-1.989519,-4.702282,-0.126107,1,0.001000
0.359650,1.000000,0.335623,1.675707,-1.745146,-4.702282,-0.126107,1,0.001000
0.359700,1.000000,0.293239,1.675707,-1.499051,-4.702282,-0.126107,1,0.001000
0.359750,1.000000,0.245196,1.675707,-1.251476,-4.702282,-0.126107,1,0.001000
0.359800,1.000000,0.191534,1.675707,-1.002666,-4.702282,-0.126107,1,0.001000
0.359850,1.000000,0.132297,1.675707,-0.752867,-4.702282,-0.126107,1,0.001000
0.359900,1.000000,0.067537,1.675707,-0.502324,-4.702282,-0.126107,1,0.001000
0.359950,1.000000,-0.002690,1.675707,-0.251286,-4.702282,-0.126107,1,0.001000
0.360000,1.000000,0.060688,2.533774,0.000000,0.000000,0.105574,1,0.001000
0.360050,1.000000,0.116992,2.533774,0.251286,0.000000,0.105574,1,0.001000
0.360100,1.000000,0.166316,2.533774,0.502324,0.000000,0.105574,1,0.001000
0.360150,1.000000,0.208759,2.533774,0.752867,0.000000,0.105574,1,0.001000
0.360200,1.000000,0.244428,2.533774,1.002666,0.000000,0.105574,1,0.001000
0.360250,1.000000,0.273430,2.533774,1.251476,0.000000,0.105574,1,0.001000
0.360300,1.000000,0.295880,2.533774,1.499051,0.000000,0.105574,1,0.001000
0.360350,1.000000,0.311897,2.533774,1.745146,0.000000,0.105574,1,0.001000
0.360400,1.000000,0.321605,2.533774,1.989519,0.000000,0.105574,1,0.001000
0.360450,1.000000,0.325131,2.533774,2.231929,0.000000,0.105574,1,0.001000
0.360500,1.000000,0.322608,2.533774,2.472136,0.000000,0.105574,1,0.001000
0.360550,1.000000,0.314172,2.533774,2.709903,0.000000,0.105574,1,0.001000
0.360600,1.000000,0.299964,2.533774,2.944996,0.000000,0.105574,1,0.001000
0.360650,1.000000,0.280129,2.533774,3.177183,0.000000,0.105574,1,0.001000
0.360700,1.000000,0.254816,2.533774,3.406234,0.000000,0.105574,1,0.001000
0.360750,1.000000,0.224177,2.533774,3.631924,0.000000,0.105574,1,0.001000
0.360800,1.000000,0.188369,2.533774,3.854029,0.000000,0.105574,1,0.001000
0.360850,1.000000,0.147550,2.533774,4.072331,0.000000,0.105574,1,0.001000
0.360900,1.000000,0.101885,2.533774,4.286614,0.000000,0.105574,1,0.001000
0.360950,1.000000,0.051539,2.533774,4.496667,0.000000,0.105574,1,0.001000
0.361000,1.000000,0.116270,2.615009,4.702282,4.702282,0.304887,1,0.001000
0.361050,1.000000,0.175167,2.615009,4.903256,4.702282,0.304887,1,0.001000
0.361100,1.000000,0.228425,2.615009,5.099392,4.702282,0.304887,1,0.001000
0.361150,1.000000,0.276240,2.615009,5.290495,4.702282,0.304887,1,0.001000
0.361200,1.000000,0.318810,2.615009,5.476377,4.702282,0.304887,1,0.001000
0.361250,1.000000,0.356335,2.615009,5.656854,4.702282,0.304887,1,0.001000
0.361300,1.000000,0.389020,2.615009,5.831749,4.702282,0.304887,1,0.001000
0.361350,1.000000,0.417067,2.615009,6.000889,4.702282,0.304887,1,0.001000
0.361400,1.000000,0.440683,2.615009,6.164106,4.702282,0.304887,1,0.001000
0.361450,1.000000,0.460076,2.615009,6.321240,4.702282,0.304887,1,0.001000
0.361500,1.000000,0.475454,2.615009,6.472136,4.702282,0.304887,1,0.001000
0.361550,1.000000,0.487027,2.615009,6.616645,4.702282,0.304887,1,0.001000
0.361600,1.000000,0.495006,2.615009,6.754623,4.702282,0.304887,1,0.001000
0.361650,1.000000,0.499602,2.615009,6.885936,4.702282,0.304887,1,0.001000
0.361700,1.000000,0.501028,2.615009,7.010453,4.702282,0.304887,1,0.001000
0.361750,1.000000,0.499496,2.615009,7.128052,4.702282,0.304887,1,0.001000
0.361800,1.000000,0.495219,2.615009,7.238616,4.702282,0.304887,1,0.001000
0.361850,1.000000,0.488411,2.615009,7.342037,4.702282,0.304887,1,0.001000
0.361900,1.000000,0.479282,2.615009,7.438212,4.702282,0.304887,1,0.001000
0.361950,1.000000,0.468047,2.615009,7.527046,4.702282,0.304887,1,0.001000
0.362000,1.000000,0.509406,1.888382,7.608452,7.608452,0.395701,1,0.001000
0.362050,1.000000,0.548401,1.888382,7.682349,7.608452,0.395701,1,0.001000
0.362100,1.000000,0.585250,1.888382,7.748665,7.608452,0.395701,1,0.001000
0.362150,1.000000,0.620172,1.888382,7.807334,7.608452,0.395701,1,0.001000
0.362200,1.000000,0.653383,1.888382,7.858298,7.608452,0.395701,1,0.001000
0.362250,1.000000,0.685099,1.888382,7.901507,7.608452,0.395701,1,0.001000
0.362300,1.000000,0.715533,1.888382,7.936918,7.608452,0.395701,1,0.001000
0.362350,1.000000,0.744898,1.888382,7.964496,7.608452,0.395701,1,0.001000
0.362400,1.000000,0.773402,1.888382,7.984214,7.608452,0.395701,1,0.001000
0.362450,1.000000,0.801254,1.888382,7.996052,7.608452,0.395701,1,0.001000
0.362500,1.000000,0.828659,1.888382,8.000000,7.608452,0.395701,1,0.001000
0.362550,1.000000,0.855821,1.888382,7.996052,7.608452,0.395701,1,0.001000
0.362600,1.000000,0.882938,1.888382,7.984214,7.608452,0.395701,1,0.001000
0.362650,1.000000,0.910210,1.888382,7.964496,7.608452,0.395701,1,0.001000
0.362700,1.000000,0.937830,1.888382,7.936918,7.608452,0.395701,1,0.001000
0.362750,1.000000,0.965991,1.888382,7.901507,7.608452,0.395701,1,0.001000
0.362800,1.000000,0.994879,1.888382,7.858298,7.608452,0.395701,1,0.001000
0.362850,1.000000,1.024681,1.888382,7.807334,7.608452,0.395701,1,0.001000
0.362900,1.000000,1.055576,1.888382,7.748665,7.608452,0.395701,1,0.001000
0.362950,1.000000,1.087744,1.888382,7.682349,7.608452,0.395701,1,0.001000
0.363000,1.000000,1.089933,0.631441,7.608452,7.608452,0.343329,1,0.001000
0.363050,1.000000,1.094130,0.631441,7.527046,7.608452,0.343329,1,0.001000
0.363100,1.000000,1.100495,0.631441,7.438212,7.608452,0.343329,1,0.001000
0.363150,1.000000,1.109186,0.631441,7.342037,7.608452,0.343329,1,0.001000
0.363200,1.000000,1.120353,0.631441,7.238616,7.608452,0.343329,1,0.001000
0.363250,1.000000,1.134144,0.631441,7.128052,7.608452,0.343329,1,0.001000
0.363300,1.000000,1.150704,0.631441,7.010453,7.608452,0.343329,1,0.001000
0.363350,1.000000,1.170169,0.631441,6.885936,7.608452,0.343329,1,0.001000
0.363400,1.000000,1.192673,0.631441,6.754623,7.608452,0.343329,1,0.001000
0.363450,1.000000,1.218346,0.631441,6.616645,7.608452,0.343329,1,0.001000
0.363500,1.000000,1.247311,0.631441,6.472136,7.608452,0.343329,1,0.001000
0.363550,1.000000,1.279686,0.631441,6.321240,7.608452,0.343329,1,0.001000
0.363600,1.000000,1.315584,0.631441,6.164106,7.608452,0.343329,1,0.001000
0.363650,1.000000,1.355115,0.631441,6.000889,7.608452,0.343329,1,0.001000
0.363700,1.000000,1.398379,0.631441,5.831749,7.608452,0.343329,1,0.001000
0.363750,1.000000,1.445475,0.631441,5.656854,7.608452,0.343329,1,0.001000
0.363800,1.000000,1.496495,0.631441,5.476377,7.608452,0.343329,1,0.001000
0.363850,1.000000,1.551524,0.631441,5.290495,7.608452,0.343329,1,0.001000
0.363900,1.000000,1.610642,0.631441,5.099392,7.608452,0.343329,1,0.001000
0.363950,1.000000,1.673925,0.631441,4.903256,7.608452,0.343329,1,0.001000
0.364000,1.000000,1.636108,-0.675707,4.702282,4.702282,0.167774,1,0.001000
0.364050,1.000000,1.603905,-0.675707,4.496667,4.702282,0.167774,1,0.001000
0.364100,1.000000,1.577355,-0.675707,4.286614,4.702282,0.167774,1,0.001000
0.364150,1.000000,1.556494,-0.675707,4.072331,4.702282,0.167774,1,0.001000
0.364200,1.000000,1.541352,-0.675707,3.854029,4.702282,0.167774,1,0.001000
0.364250,1.000000,1.531951,-0.675707,3.631924,4.702282,0.167774,1,0.001000
0.364300,1.000000,1.528310,-0.675707,3.406234,4.702282,0.167774,1,0.001000
0.364350,1.000000,1.530441,-0.675707,3.177183,4.702282,0.167774,1,0.001000
0.364400,1.000000,1.538350,-0.675707,2.944996,4.702282,0.167774,1,0.001000
0.364450,1.000000,1.552037,-0.675707,2.709903,4.702282,0.167774,1,0.001000
0.364500,1.000000,1.571498,-0.675707,2.472136,4.702282,0.167774,1,0.001000
0.364550,1.000000,1.596720,-0.675707,2.231929,4.702282,0.167774,1,0.001000
0.364600,1.000000,1.627688,-0.675707,1.989519,4.702282,0.167774,1,0.001000
0.364650,1.000000,1.664377,-0.675707,1.745146,4.702282,0.167774,1,0.001000
0.364700,1.000000,1.706761,-0.675707,1.499051,4.702282,0.167774,1,0.001000
0.364750,1.000000,1.754804,-0.675707,1.251476,4.702282,0.167774,1,0.001000
0.364800,1.000000,1.808466,-0.675707,1.002666,4.702282,0.167774,1,0.001000
0.364850,1.000000,1.867703,-0.675707,0.752867,4.702282,0.167774,1,0.001000
0.364900,1.000000,1.932463,-0.675707,0.502324,4.702282,0.167774,1,0.001000
0.364950,1.000000,2.002690,-0.675707,0.251286,4.702282,0.167774,1,0.001000
0.365000,1.000000,1.939312,-1.533774,-0.000000,-0.000000,-0.063907,1,0.001000
0.365050,1.000000,1.883008,-1.533774,-0.251286,-0.000000,-0.063907,1,0.001000
0.365100,1.000000,1.833684,-1.533774,-0.502324,-0.000000,-0.063907,1,0.001000
0.365150,1.000000,1.791241,-1.533774,-0.752867,-0.000000,-0.063907,1,0.001000
0.365200,1.000000,1.755572,-1.533774,-1.002666,-0.000000,-0.063907,1,0.001000
0.365250,1.000000,1.726570,-1.533774,-1.251476,-0.000000,-0.063907,1,0.001000
0.365300,1.000000,1.704120,-1.533774,-1.499051,-0.000000,-0.063907,1,0.001000
0.365350,1.000000,1.688103,-1.533774,-1.745146,-0.000000,-0.063907,1,0.001000
0.365400,1.000000,1.678395,-1.533774,-1.989519,-0.000000,-0.063907,1,0.001000
0.365450,1.000000,1.674869,-1.533774,-2.231929,-0.000000,-0.063907,1,0.001000
0.365500,1.000000,1.677392,-1.533774,-2.472136,-0.000000,-0.063907,1,0.001000
0.365550,1.000000,1.685828,-1.533774,-2.709903,-0.000000,-0.063907,1,0.001000
0.365600,1.000000,1.700036,-1.533774,-2.944996,-0.000000,-0.063907,1,0.001000
0.365650,1.000000,1.719871,-1.533774,-3.177183,-0.000000,-0.063907,1,0.001000
0.365700,1.000000,1.745184,-1.533774,-3.406234,-0.000000,-0.063907,1,0.001000
0.365750,1.000000,1.775823,-1.533774,-3.631924,-0.000000,-0.063907,1,0.001000
0.365800,1.000000,1.811631,-1.533774,-3.854029,-0.000000,-0.063907,1,0.001000
0.365850,1.000000,1.852450,-1.533774,-4.072331,-0.000000,-0.063907,1,0.001000
0.365900,1.000000,1.898115,-1.533774,-4.286614,-0.000000,-0.063907,1,0.001000
0.365950,1.000000,1.948461,-1.533774,-4.496667,-0.000000,-0.063907,1,0.001000
0.366000,1.000000,1.883730,-1.615009,-4.702282,-4.702282,-0.263220,1,0.001000
0.366050,1.000000,1.824833,-1.615009,-4.903256,-4.702282,-0.263220,1,0.001000
0.366100,1.000000,1.771575,-1.615009,-5.099392,-4.702282,-0.263220,1,0.001000
0.366150,1.000000,1.723760,-1.615009,-5.290495,-4.702282,-0.263220,1,0.001000
0.366200,1.000000,1.681190,-1.615009,-5.476377,-4.702282,-0.263220,1,0.001000
0.366250,1.000000,1.643665,-1.615009,-5.656854,-4.702282,-0.263220,1,0.001000
0.366300,1.000000,1.610980,-1.615009,-5.831749,-4.702282,-0.263220,1,0.001000
0.366350,1.000000,1.582933,-1.615009,-6.000889,-4.702282,-0.263220,1,0.001000
0.366400,1.000000,1.559317,-1.615009,-6.164106,-4.702282,-0.263220,1,0.001000
0.366450,1.000000,1.539924,-1.615009,-6.321240,-4.702282,-0.263220,1,0.001000
0.366500,1.000000,1.524546,-1.615009,-6.472136,-4.702282,-0.263220,1,0.001000
0.366550,1.000000,1.512973,-1.615009,-6.616645,-4.702282,-0.263220,1,0.001000
0.366600,1.000000,1.504994,-1.615009,-6.754623,-4.702282,-0.263220,1,0.001000
0.366650,1.000000,1.500398,-1.615009,-6.885936,-4.702282,-0.263220,1,0.001000
0.366700,1.000000,1.498972,-1.615009,-7.010453,-4.702282,-0.263220,1,0.001000
0.366750,1.000000,1.500504,-1.615009,-7.128052,-4.702282,-0.263220,1,0.001000
0.366800,1.000000,1.504781,-1.615009,-7.238616,-4.702282,-0.263220,1,0.001000
0.366850,1.000000,1.511589,-1.615009,-7.342037,-4.702282,-0.263220,1,0.001000
0.366900,1.000000,1.520718,-1.615009,-7.438212,-4.702282,-0.263220,1,0.001000
0.366950,1.000000,1.531953,-1.615009,-7.527046,-4.702282,-0.263220,1,0.001000
0.367000,1.000000,1.490594,-0.888382,-7.608452,-7.608452,-0.354035,1,0.001000
0.367050,1.000000,1.451599,-0.888382,-7.682349,-7.608452,-0.354035,1,0.001000
0.367100,1.000000,1.414750,-0.888382,-7.748665,-7.608452,-0.354035,1,0.001000
0.367150,1.000000,1.379828,-0.888382,-7.807334,-7.608452,-0.354035,1,0.001000
0.367200,1.000000,1.346617,-0.888382,-7.858298,-7.608452,-0.354035,1,0.001000
0.367250,1.000000,1.314901,-0.888382,-7.901507,-7.608452,-0.354035,1,0.001000
0.367300,1.000000,1.284467,-0.888382,-7.936918,-7.608452,-0.354035,1,0.001000
0.367350,1.000000,1.255102,-0.888382,-7.964496,-7.608452,-0.354035,1,0.001000
0.367400,1.000000,1.226598,-0.888382,-7.984214,-7.608452,-0.354035,1,0.001000
0.367450,1.000000,1.198746,-0.888382,-7.996052,-7.608452,-0.354035,1,0.001000
0.367500,1.000000,1.171341,-0.888382,-8.000000,-7.608452,-0.354035,1,0.001000
0.367550,1.000000,1.144179,-0.888382,-7.996052,-7.608452,-0.354035,1,0.001000
0.367600,1.000000,1.117062,-0.888382,-7.984214,-7.608452,-0.354035,1,0.001000
0.367650,1.000000,1.089790,-0.888382,-7.964496,-7.608452,-0.354035,1,0.001000
0.367700,1.000000,1.062170,-0.888382,-7.936918,-7.608452,-0.354035,1,0.001000
0.367750,1.000000,1.034009,-0.888382,-7.901507,-7.608452,-0.354035,1,0.001000
0.367800,1.000000,1.005121,-0.888382,-7.858298,-7.608452,-0.354035,1,0.001000
0.367850,1.000000,0.975319,-0.888382,-7.807334,-7.608452,-0.354035,1,0.001000
0.367900,1.000000,0.944424,-0.888382,-7.748665,-7.608452,-0.354035,1,0.001000
0.367950,1.000000,0.912256,-0.888382,-7.682349,-7.608452,-0.354035,1,0.001000
0.368000,1.000000,0.910067,0.368559,-7.608452,-7.608452,-0.301662,1,0.001000
0.368050,1.000000,0.905870,0.368559,-7.527046,-7.608452,-0.301662,1,0.001000
0.368100,1.000000,0.899505,0.368559,-7.438212,-7.608452,-0.301662,1,0.001000
0.368150,1.000000,0.890814,0.368559,-7.342037,-7.608452,-0.301662,1,0.001000
0.368200,1.000000,0.879647,0.368559,-7.238616,-7.608452,-0.301662,1,0.001000
0.368250,1.000000,0.865856,0.368559,-7.128052,-7.608452,-0.301662,1,0.001000
0.368300,1.000000,0.849296,0.368559,-7.010453,-7.608452,-0.301662,1,0.001000
0.368350,1.000000,0.829831,0.368559,-6.885936,-7.608452,-0.301662,1,0.001000
0.368400,1.000000,0.807327,0.368559,-6.754623,-7.608452,-0.301662,1,0.001000
0.368450,1.000000,0.781654,0.368559,-6.616645,-7.608452,-0.301662,1,0.001000
0.368500,1.000000,0.752689,0.368559,-6.472136,-7.608452,-0.301662,1,0.001000
0.368550,1.000000,0.720314,0.368559,-6.321240,-7.608452,-0.301662,1,0.001000
0.368600,1.000000,0.684416,0.368559,-6.164106,-7.608452,-0.301662,1,0.001000
0.368650,1.000000,0.644885,0.368559,-6.000889,-7.608452,-0.301662,1,0.001000
0.368700,1.000000,0.601621,0.368559,-5.831749,-7.608452,-0.301662,1,0.001000
0.368750,1.000000,0.554525,0.368559,-5.656854,-7.608452,-0.301662,1,0.001000
0.368800,1.000000,0.503505,0.368559,-5.476377,-7.608452,-0.301662,1,0.001000
0.368850,1.000000,0.448476,0.368559,-5.290495,-7.608452,-0.301662,1,0.001000
0.368900,1.000000,0.389358,0.368559,-5.099392,-7.608452,-0.301662,1,0.001000
0.368950,1.000000,0.326075,0.368559,-4.903256,-7.608452,-0.301662,1,0.001000
0.369000,1.000000,0.363892,1.675707,-4.702282,-4.702282,-0.126107,1,0.001000
0.369050,1.000000,0.396095,1.675707,-4.496667,-4.702282,-0.126107,1,0.001000
0.369100,1.000000,0.422645,1.675707,-4.286614,-4.702282,-0.126107,1,0.001000
0.369150,1.000000,0.443506,1.675707,-4.072331,-4.702282,-0.126107,1,0.001000
0.369200,1.000000,0.458648,1.675707,-3.854029,-4.702282,-0.126107,1,0.001000
0.369250,1.000000,0.468049,1.675707,-3.631924,-4.702282,-0.126107,1,0.001000
0.369300,1.000000,0.471690,1.675707,-3.406234,-4.702282,-0.126107,1,0.001000
0.369350,1.000000,0.469559,1.675707,-3.177183,-4.702282,-0.126107,1,0.001000
0.369400,1.000000,0.461650,1.675707,-2.944996,-4.702282,-0.126107,1,0.001000
0.369450,1.000000,0.447963,1.675707,-2.709903,-4.702282,-0.126107,1,0.001000
0.369500,1.000000,0.428502,1.675707,-2.472136,-4.702282,-0.126107,1,0.001000
0.369550,1.000000,0.403280,1.675707,-2.231929,-4.702282,-0.126107,1,0.001000
0.369600,1.000000,0.372312,1.675707,-1.989519,-4.702282,-0.126107,1,0.001000
0.369650,1.000000,0.335623,1.675707,-1.745146,-4.702282,-0.126107,1,0.001000
0.369700,1.000000,0.293239,1.675707,-1.499051,-4.702282,-0.126107,1,0.001000
0.369750,1.000000,0.245196,1.675707,-1.251476,-4.702282,-0.126107,1,0.001000
0.369800,1.000000,0.191534,1.675707,-1.002666,-4.702282,-0.126107,1,0.001000
0.369850,1.000000,0.132297,1.675707,-0.752867,-4.702282,-0.126107,1,0.001000
0.369900,1.000000,0.067537,1.675707,-0.502324,-4.702282,-0.126107,1,0.001000
0.369950,1.000000,-0.002690,1.675707,-0.251286,-4.702282,-0.126107,1,0.001000
0.370000,1.000000,0.060688,2.533774,-0.000000,-0.000000,0.105574,1,0.001000
0.370050,1.000000,0.116992,2.533774,0.251286,-0.000000,0.105574,1,0.001000
0.370100,1.000000,0.166316,2.533774,0.502324,-0.000000,0.105574,1,0.001000
0.370150,1.000000,0.208759,2.533774,0.752867,-0.000000,0.105574,1,0.001000
0.370200,1.000000,0.244428,2.533774,1.002666,-0.000000,0.105574,1,0.001000
0.370250,1.000000,0.273430,2.533774,1.251476,-0.000000,0.105574,1,0.001000
0.370300,1.000000,0.295880,2.533774,1.499051,-0.000000,0.105574,1,0.001000
0.370350,1.000000,0.311897,2.533774,1.745146,-0.000000,0.105574,1,0.001000
0.370400,1.000000,0.321605,2.533774,1.989519,-0.000000,0.105574,1,0.001000
0.370450,1.000000,0.325131,2.533774,2.231929,-0.000000,0.105574,1,0.001000
0.370500,1.000000,0.322608,2.533774,2.472136,-0.000000,0.105574,1,0.001000
0.370550,1.000000,0.314172,2.533774,2.709903,-0.000000,0.105574,1,0.001000
0.370600,1.000000,0.299964,2.533774,2.944996,-0.000000,0.105574,1,0.001000
0.370650,1.000000,0.280129,2.533774,3.177183,-0.000000,0.105574,1,0.001000
0.370700,1.000000,0.254816,2.533774,3.406234,-0.000000,0.105574,1,0.001000
0.370750,1.000000,0.224177,2.533774,3.631924,-0.000000,0.105574,1,0.001000
0.370800,1.000000,0.188369,2.533774,3.854029,-0.000000,0.105574,1,0.001000
0.370850,1.000000,0.147550,2.533774,4.072331,-0.000000,0.105574,1,0.001000
0.370900,1.000000,0.101885,2.533774,4.286614,-0.000000,0.105574,1,0.001000
0.370950,1.000000,0.051539,2.533774,4.496667,-0.000000,0.105574,1,0.001000
0.371000,1.000000,0.116270,2.615009,4.702282,4.702282,0.304887,1,0.001000
0.371050,1.000000,0.175167,2.615009,4.903256,4.702282,0.304887,1,0.001000
0.371100,1.000000,0.228425,2.615009,5.099392,4.702282,0.304887,1,0.001000
0.371150,1.000000,0.276240,2.615009,5.290495,4.702282,0.304887,1,0.001000
0.371200,1.000000,0.318810,2.615009,5.476377,4.702282,0.304887,1,0.001000
0.371250,1.000000,0.356335,2.615009,5.656854,4.702282,0.304887,1,0.001000
0.371300,1.000000,0.389020,2.615009,5.831749,4.702282,0.304887,1,0.001000
0.371350,1.000000,0.417067,2.615009,6.000889,4.702282,0.304887,1,0.001000
0.371400,1.000000,0.440683,2.615009,6.164106,4.702282,0.304887,1,0.001000
0.371450,1.000000,0.460076,2.615009,6.321240,4.702282,0.304887,1,0.001000
0.371500,1.000000,0.475454,2.615009,6.472136,4.702282,0.304887,1,0.001000
0.371550,1.000000,0.487027,2.615009,6.616645,4.702282,0.304887,1,0.001000
0.371600,1.000000,0.495006,2.615009,6.754623,4.702282,0.304887,1,0.001000
0.371650,1.000000,0.499602,2.615009,6.885936,4.702282,0.304887,1,0.001000
0.371700,1.000000,0.501028,2.615009,7.010453,4.702282,0.304887,1,0.001000
0.371750,1.000000,0.499496,2.615009,7.128052,4.702282,0.304887,1,0.001000
0.371800,1.000000,0.495219,2.615009,7.238616,4.702282,0.304887,1,0.001000
0.371850,1.000000,0.488411,2.615009,7.342037,4.702282,0.304887,1,0.001000
0.371900,1.000000,0.479282,2.615009,7.438212,4.702282,0.304887,1,0.001000
0.371950,1.000000,0.468047,2.615009,7.527046,4.702282,0.304887,1,0.001000
0.372000,1.000000,0.509406,1.888382,7.608452,7.608452,0.395701,1,0.001000
0.372050,1.000000,0.548401,1.888382,7.682349,7.608452,0.395701,1,0.001000
0.372100,1.000000,0.585250,1.888382,7.748665,7.608452,0.395701,1,0.001000
0.372150,1.000000,0.620172,1.888382,7.807334,7.608452,0.395701,1,0.001000
0.372200,1.000000,0.653383,1.888382,7.858298,7.608452,0.395701,1,0.001000
0.372250,1.000000,0.685099,1.888382,7.901507,7.608452,0.395701,1,0.001000
0.372300,1.000000,0.715533,1.888382,7.936918,7.608452,0.395701,1,0.001000
0.372350,1.000000,0.744898,1.888382,7.964496,7.608452,0.395701,1,0.001000
0.372400,1.000000,0.773402,1.888382,7.984214,7.608452,0.395701,1,0.001000
0.372450,1.000000,0.801254,1.888382,7.996052,7.608452,0.395701,1,0.001000
0.372500,1.000000,0.828659,1.888382,8.000000,7.608452,0.395701,1,0.001000
0.372550,1.000000,0.855821,1.888382,7.996052,7.608452,0.395701,1,0.001000
0.372600,1.000000,0.882938,1.888382,7.984214,7.608452,0.395701,1,0.001000
0.372650,1.000000,0.910210,1.888382,7.964496,7.608452,0.395701,1,0.001000
0.372700,1.000000,0.937830,1.888382,7.936918,7.608452,0.395701,1,0.001000
0.372750,1.000000,0.965991,1.888382,7.901507,7.608452,0.395701,1,0.001000
0.372800,1.000000,0.994879,1.888382,7.858298,7.608452,0.395701,1,0.001000
0.372850,1.000000,1.024681,1.888382,7.807334,7.608452,0.395701,1,0.001000
0.372900,1.000000,1.055576,1.888382,7.748665,7.608452,0.395701,1,0.001000
0.372950,1.000000,1.087744,1.888382,7.682349,7.608452,0.395701,1,0.001000
0.373000,1.000000,1.089933,0.631441,7.608452,7.608452,0.343329,1,0.001000
0.373050,1.000000,1.094130,0.631441,7.527046,7.608452,0.343329,1,0.001000
0.373100,1.000000,1.100495,0.631441,7.438212,7.608452,0.343329,1,0.001000
0.373150,1.000000,1.109186,0.631441,7.342037,7.608452,0.343329,1,0.001000
0.373200,1.000000,1.120353,0.631441,7.238616,7.608452,0.343329,1,0.001000
0.373250,1.000000,1.134144,0.631441,7.128052,7.608452,0.343329,1,0.001000
0.373300,1.000000,1.150704,0.631441,7.010453,7.608452,0.343329,1,0.001000
0.373350,1.000000,1.170169,0.631441,6.885936,7.608452,0.343329,1,0.001000
0.373400,1.000000,1.192673,0.631441,6.754623,7.608452,0.343329,1,0.001000
0.373450,1.000000,1.218346,0.631441,6.616645,7.608452,0.343329,1,0.001000
0.373500,1.000000,1.247311,0.631441,6.472136,7.608452,0.343329,1,0.001000
0.373550,1.000000,1.279686,0.631441,6.321240,7.608452,0.343329,1,0.001000
0.373600,1.000000,1.315584,0.631441,6.164106,7.608452,0.343329,1,0.001000
0.373650,1.000000,1.355115,0.631441,6.000889,7.608452,0.343329,1,0.001000
0.373700,1.000000,1.398379,0.631441,5.831749,7.608452,0.343329,1,0.001000
0.373750,1.000000,1.445475,0.631441,5.656854,7.608452,0.343329,1,0.001000
0.373800,1.000000,1.496495,0.631441,5.476377,7.608452,0.343329,1,0.001000
0.373850,1.000000,1.551524,0.631441,5.290495,7.608452,0.343329,1,0.001000
0.373900,1.000000,1.610642,0.631441,5.099392,7.608452,0.343329,1,0.001000
0.373950,1.000000,1.673925,0.631441,4.903256,7.608452,0.343329,1,0.001000
0.374000,1.000000,1.636108,-0.675707,4.702282,4.702282,0.167774,1,0.001000
0.374050,1.000000,1.603905,-0.675707,4.496667,4.702282,0.167774,1,0.001000
0.374100,1.000000,1.577355,-0.675707,4.286614,4.702282,0.167774,1,0.001000
0.374150,1.000000,1.556494,-0.675707,4.072331,4.702282,0.167774,1,0.001000
0.374200,1.000000,1.541352,-0.675707,3.854029,4.702282,0.167774,1,0.001000
0.374250,1.000000,1.531951,-0.675707,3.631924,4.702282,0.167774,1,0.001000
0.374300,1.000000,1.528310,-0.675707,3.406234,4.702282,0.167774,1,0.001000
0.374350,1.000000,1.530441,-0.675707,3.177183,4.702282,0.167774,1,0.001000
0.374400,1.000000,1.538350,-0.675707,2.944996,4.702282,0.167774,1,0.001000
0.374450,1.000000,1.552037,-0.675707,2.709903,4.702282,0.167774,1,0.001000
0.374500,1.000000,1.571498,-0.675707,2.472136,4.702282,0.167774,1,0.001000
0.374550,1.000000,1.596720,-0.675707,2.231929,4.702282,0.167774,1,0.001000
0.374600,1.000000,1.627688,-0.675707,1.989519,4.702282,0.167774,1,0.001000
0.374650,1.000000,1.664377,-0.675707,1.745146,4.702282,0.167774,1,0.001000
0.374700,1.000000,1.706761,-0.675707,1.499051,4.702282,0.167774,1,0.001000
0.374750,1.000000,1.754804,-0.675707,1.251476,4.702282,0.167774,1,0.001000
0.374800,1.000000,1.808466,-0.675707,1.002666,4.702282,0.167774,1,0.001000
0.374850,1.000000,1.867703,-0.675707,0.752867,4.702282,0.167774,1,0.001000
0.374900,1.000000,1.932463,-0.675707,0.502324,4.702282,0.167774,1,0.001000
0.374950,1.000000,2.002690,-0.675707,0.251286,4.702282,0.167774,1,0.001000
0.375000,1.000000,1.939312,-1.533774,0.000000,0.000000,-0.063907,1,0.001000
0.375050,1.000000,1.883008,-1.533774,-0.251286,0.000000,-0.063907,1,0.001000
0.375100,1.000000,1.833684,-1.533774,-0.502324,0.000000,-0.063907,1,0.001000
0.375150,1.000000,1.791241,-1.533774,-0.752867,0.000000,-0.063907,1,0.001000
0.375200,1.000000,1.755572,-1.533774,-1.002666,0.000000,-0.063907,1,0.001000
0.375250,1.000000,1.726570,-1.533774,-1.251476,0.000000,-0.063907,1,0.001000
0.375300,1.000000,1.704120,-1.533774,-1.499051,0.000000,-0.063907,1,0.001000
0.375350,1.000000,1.688103,-1.533774,-1.745146,0.000000,-0.063907,1,0.001000
0.375400,1.000000,1.678395,-1.533774,-1.989519,0.000000,-0.063907,1,0.001000
0.375450,1.000000,1.674869,-1.533774,-2.231929,0.000000,-0.063907,1,0.001000
0.375500,1.000000,1.677392,-1.533774,-2.472136,0.000000,-0.063907,1,0.001000
0.375550,1.000000,1.685828,-1.533774,-2.709903,0.000000,-0.063907,1,0.001000
0.375600,1.000000,1.700036,-1.533774,-2.944996,0.000000,-0.063907,1,0.001000
0.375650,1.000000,1.719871,-1.533774,-3.177183,0.000000,-0.063907,1,0.001000
0.375700,1.000000,1.745184,-1.533774,-3.406234,0.000000,-0.063907,1,0.001000
0.375750,1.000000,1.775823,-1.533774,-3.631924,0.000000,-0.063907,1,0.001000
0.375800,1.000000,1.811631,-1.533774,-3.854029,0.000000,-0.063907,1,0.001000
0.375850,1.000000,1.852450,-1.533774,-4.072331,0.000000,-0.063907,1,0.001000
0.375900,1.000000,1.898115,-1.533774,-4.286614,0.000000,-0.063907,1,0.001000
0.375950,1.000000,1.948461,-1.533774,-4.496667,0.000000,-0.063907,1,0.001000
0.376000,1.000000,1.883730,-1.615009,-4.702282,-4.702282,-0.263220,1,0.001000
0.376050,1.000000,1.824833,-1.615009,-4.903256,-4.702282,-0.263220,1,0.001000
0.376100,1.000000,1.771575,-1.615009,-5.099392,-4.702282,-0.263220,1,0.001000
0.376150,1.000000,1.723760,-1.615009,-5.290495,-4.702282,-0.263220,1,0.001000
0.376200,1.000000,1.681190,-1.615009,-5.476377,-4.702282,-0.263220,1,0.001000
0.376250,1.000000,1.643665,-1.615009,-5.656854,-4.702282,-0.263220,1,0.001000
0.376300,1.000000,1.610980,-1.615009,-5.831749,-4.702282,-0.263220,1,0.001000
0.376350,1.000000,1.582933,-1.615009,-6.000889,-4.702282,-0.263220,1,0.001000
0.376400,1.000000,1.559317,-1.615009,-6.164106,-4.702282,-0.263220,1,0.001000
0.376450,1.000000,1.539924,-1.615009,-6.321240,-4.702282,-0.263220,1,0.001000
0.376500,1.000000,1.524546,-1.615009,-6.472136,-4.702282,-0.263220,1,0.001000
0.376550,1.000000,1.512973,-1.615009,-6.616645,-4.702282,-0.263220,1,0.001000
0.376600,1.000000,1.504994,-1.615009,-6.754623,-4.702282,-0.263220,1,0.001000
0.376650,1.000000,1.500398,-1.615009,-6.885936,-4.702282,-0.263220,1,0.001000
0.376700,1.000000,1.498972,-1.615009,-7.010453,-4.702282,-0.263220,1,0.001000
0.376750,1.000000,1.500504,-1.615009,-7.128052,-4.702282,-0.263220,1,0.001000
0.376800,1.000000,1.504781,-1.615009,-7.238616,-4.702282,-0.263220,1,0.001000
0.376850,1.000000,1.511589,-1.615009,-7.342037,-4.702282,-0.263220,1,0.001000
0.376900,1.000000,1.520718,-1.615009,-7.438212,-4.702282,-0.263220,1,0.001000
0.376950,1.000000,1.531953,-1.615009,-7.527046,-4.702282,-0.263220,1,0.001000
0.377000,1.000000,1.490594,-0.888382,-7.608452,-7.608452,-0.354035,1,0.001000
0.377050,1.000000,1.451599,-0.888382,-7.682349,-7.608452,-0.354035,1,0.001000
0.377100,1.000000,1.414750,-0.888382,-7.748665,-7.608452,-0.354035,1,0.001000
0.377150,1.000000,1.379828,-0.888382,-7.807334,-7.608452,-0.354035,1,0.001000
0.377200,1.000000,1.346617,-0.888382,-7.858298,-7.608452,-0.354035,1,0.001000
0.377250,1.000000,1.314901,-0.888382,-7.901507,-7.608452,-0.354035,1,0.001000
0.377300,1.000000,1.284467,-0.888382,-7.936918,-7.608452,-0.354035,1,0.001000
0.377350,1.000000,1.255102,-0.888382,-7.964496,-7.608452,-0.354035,1,0.001000
0.377400,1.000000,1.226598,-0.888382,-7.984214,-7.608452,-0.354035,1,0.001000
0.377450,1.000000,1.198746,-0.888382,-7.996052,-7.608452,-0.354035,1,0.001000
0.377500,1.000000,1.171341,-0.888382,-8.000000,-7.608452,-0.354035,1,0.001000
0.377550,1.000000,1.144179,-0.888382,-7.996052,-7.608452,-0.354035,1,0.001000
0.377600,1.000000,1.117062,-0.888382,-7.984214,-7.608452,-0.354035,1,0.001000
0.377650,1.000000,1.089790,-0.888382,-7.964496,-7.608452,-0.354035,1,0.001000
0.377700,1.000000,1.062170,-0.888382,-7.936918,-7.608452,-0.354035,1,0.001000
0.377750,1.000000,1.034009,-0.888382,-7.901507,-7.608452,-0.354035,1,0.001000
0.377800,1.000000,1.005121,-0.888382,-7.858298,-7.608452,-0.354035,1,0.001000
0.377850,1.000000,0.975319,-0.888382,-7.807334,-7.608452,-0.354035,1,0.001000
0.377900,1.000000,0.944424,-0.888382,-7.748665,-7.608452,-0.354035,1,0.001000
0.377950,1.000000,0.912256,-0.888382,-7.682349,-7.608452,-0.354035,1,0.001000
0.378000,1.000000,0.910067,0.368559,-7.608452,-7.608452,-0.301662,1,0.001000
0.378050,1.000000,0.905870,0.368559,-7.527046,-7.608452,-0.301662,1,0.001000
0.378100,1.000000,0.899505,0.368559,-7.438212,-7.608452,-0.301662,1,0.001000
0.378150,1.000000,0.890814,0.368559,-7.342037,-7.608452,-0.301662,1,0.001000
0.378200,1.000000,0.879647,0.368559,-7.238616,-7.608452,-0.301662,1,0.001000
0.378250,1.000000,0.865856,0.368559,-7.128052,-7.608452,-0.301662,1,0.001000
0.378300,1.000000,0.849296,0.368559,-7.010453,-7.608452,-0.301662,1,0.001000
0.378350,1.000000,0.829831,0.368559,-6.885936,-7.608452,-0.301662,1,0.001000
0.378400,1.000000,0.807327,0.368559,-6.754623,-7.608452,-0.301662,1,0.001000
0.378450,1.000000,0.781654,0.368559,-6.616645,-7.608452,-0.301662,1,0.001000
0.378500,1.000000,0.752689,0.368559,-6.472136,-7.608452,-0.301662,1,0.001000
0.378550,1.000000,0.720314,0.368559,-6.321240,-7.608452,-0.301662,1,0.001000
0.378600,1.000000,0.684416,0.368559,-6.164106,-7.608452,-0.301662,1,0.001000
0.378650,1.000000,0.644885,0.368559,-6.000889,-7.608452,-0.301662,1,0.001000
0.378700,1.000000,0.601621,0.368559,-5.831749,-7.608452,-0.301662,1,0.001000
0.378750,1.000000,0.554525,0.368559,-5.656854,-7.608452,-0.301662,1,0.001000
0.378800,1.000000,0.503505,0.368559,-5.476377,-7.608452,-0.301662,1,0.001000
0.378850,1.000000,0.448476,0.368559,-5.290495,-7.608452,-0.301662,1,0.001000
0.378900,1.000000,0.389358,0.368559,-5.099392,-7.608452,-0.301662,1,0.001000
0.378950,1.000000,0.326075,0.368559,-4.903256,-7.608452,-0.301662,1,0.001000
0.379000,1.000000,0.363892,1.675707,-4.702282,-4.702282,-0.126107,1,0.001000
0.379050,1.000000,0.396095,1.675707,-4.496667,-4.702282,-0.126107,1,0.001000
0.379100,1.000000,0.422645,1.675707,-4.286614,-4.702282,-0.126107,1,0.001000
0.379150,1.000000,0.443506,1.675707,-4.072331,-4.702282,-0.126107,1,0.001000
0.379200,1.000000,0.458648,1.675707,-3.854029,-4.702282,-0.126107,1,0.001000
0.379250,1.000000,0.468049,1.675707,-3.631924,-4.702282,-0.126107,1,0.001000
0.379300,1.000000,0.471690,1.675707,-3.406234,-4.702282,-0.126107,1,0.001000
0.379350,1.000000,0.469559,1.675707,-3.177183,-4.702282,-0.126107,1,0.001000
0.379400,1.000000,0.461650,1.675707,-2.944996,-4.702282,-0.126107,1,0.001000
0.379450,1.000000,0.447963,1.675707,-2.709903,-4.702282,-0.126107,1,0.001000
0.379500,1.000000,0.428502,1.675707,-2.472136,-4.702282,-0.126107,1,0.001000
0.379550,1.000000,0.403280,1.675707,-2.231929,-4.702282,-0.126107,1,0.001000
0.379600,1.000000,0.372312,1.675707,-1.989519,-4.702282,-0.126107,1,0.001000
0.379650,1.000000,0.335623,1.675707,-1.745146,-4.702282,-0.126107,1,0.001000
0.379700,1.000000,0.293239,1.675707,-1.499051,-4.702282,-0.126107,1,0.001000
0.379750,1.000000,0.245196,1.675707,-1.251476,-4.702282,-0.126107,1,0.001000
0.379800,1.000000,0.191534,1.675707,-1.002666,-4.702282,-0.126107,1,0.001000
0.379850,1.000000,0.132297,1.675707,-0.752867,-4.702282,-0.126107,1,0.001000
0.379900,1.000000,0.067537,1.675707,-0.502324,-4.702282,-0.126107,1,0.001000
0.379950,1.000000,-0.002690,1.675707,-0.251286,-4.702282,-0.126107,1,0.001000
0.380000,1.000000,0.060688,2.533774,0.000000,0.000000,0.105574,1,0.001000
0.380050,1.000000,0.116992,2.533774,0.251286,0.000000,0.105574,1,0.001000
0.380100,1.000000,0.166316,2.533774,0.502324,0.000000,0.105574,1,0.001000
0.380150,1.000000,0.208759,2.533774,0.752867,0.000000,0.105574,1,0.001000
0.380200,1.000000,0.244428,2.533774,1.002666,0.000000,0.105574,1,0.001000
0.380250,1.000000,0.273430,2.533774,1.251476,0.000000,0.105574,1,0.001000
0.380300,1.000000,0.295880,2.533774,1.499051,0.000000,0.105574,1,0.001000
0.380350,1.000000,0.311897,2.533774,1.745146,0.000000,0.105574,1,0.001000
0.380400,1.000000,0.321605,2.533774,1.989519,0.000000,0.105574,1,0.001000
0.380450,1.000000,0.325131,2.533774,2.231929,0.000000,0.105574,1,0.001000
0.380500,1.000000,0.322608,2.533774,2.472136,0.000000,0.105574,1,0.001000
0.380550,1.000000,0.314172,2.533774,2.709903,0.000000,0.105574,1,0.001000
0.380600,1.000000,0.299964,2.533774,2.944996,0.000000,0.105574,1,0.001000
0.380650,1.000000,0.280129,2.533774,3.177183,0.000000,0.105574,1,0.001000
0.380700,1.000000,0.254816,2.533774,3.406234,0.000000,0.105574,1,0.001000
0.380750,1.000000,0.224177,2.533774,3.631924,0.000000,0.105574,1,0.001000
0.380800,1.000000,0.188369,2.533774,3.854029,0.000000,0.105574,1,0.001000
0.380850,1.000000,0.147550,2.533774,4.072331,0.000000,0.105574,1,0.001000
0.380900,1.000000,0.101885,2.533774,4.286614,0.000000,0.105574,1,0.001000
0.380950,1.000000,0.051539,2.533774,4.496667,0.000000,0.105574,1,0.001000
0.381000,1.000000,0.116270,2.615009,4.702282,4.702282,0.304887,1,0.001000
0.381050,1.000000,0.175167,2.615009,4.903256,4.702282,0.304887,1,0.001000
0.381100,1.000000,0.228425,2.615009,5.099392,4.702282,0.304887,1,0.001000
0.381150,1.000000,0.276240,2.615009,5.290495,4.702282,0.304887,1,0.001000
0.381200,1.000000,0.318810,2.615009,5.476377,4.702282,0.304887,1,0.001000
0.381250,1.000000,0.356335,2.615009,5.656854,4.702282,0.304887,1,0.001000
0.381300,1.000000,0.389020,2.615009,5.831749,4.702282,0.304887,1,0.001000
0.381350,1.000000,0.417067,2.615009,6.000889,4.702282,0.304887,1,0.001000
0.381400,1.000000,0.440683,2.615009,6.164106,4.702282,0.304887,1,0.001000
0.381450,1.000000,0.460076,2.615009,6.321240,4.702282,0.304887,1,0.001000
0.381500,1.000000,0.475454,2.615009,6.472136,4.702282,0.304887,1,0.001000
0.381550,1.000000,0.487027,2.615009,6.616645,4.702282,0.304887,1,0.001000
0.381600,1.000000,0.495006,2.615009,6.754623,4.702282,0.304887,1,0.001000
0.381650,1.000000,0.499602,2.615009,6.885936,4.702282,0.304887,1,0.001000
0.381700,1.000000,0.501028,2.615009,7.010453,4.702282,0.304887,1,0.001000
0.381750,1.000000,0.499496,2.615009,7.128052,4.702282,0.304887,1,0.001000
0.381800,1.000000,0.495219,2.615009,7.238616,4.702282,0.304887,1,0.001000
0.381850,1.000000,0.488411,2.615009,7.342037,4.702282,0.304887,1,0.001000
0.381900,1.000000,0.479282,2.615009,7.438212,4.702282,0.304887,1,0.001000
0.381950,1.000000,0.468047,2.615009,7.527046,4.702282,0.304887,1,0.001000
0.382000,1.000000,0.509406,1.888382,7.608452,7.608452,0.395701,1,0.001000
0.382050,1.000000,0.548401,1.888382,7.682349,7.608452,0.395701,1,0.001000
0.382100,1.000000,0.585250,1.888382,7.748665,7.608452,0.395701,1,0.001000
0.382150,1.000000,0.620172,1.888382,7.807334,7.608452,0.395701,1,0.001000
0.382200,1.000000,0.653383,1.888382,7.858298,7.608452,0.395701,1,0.001000
0.382250,1.000000,0.685099,1.888382,7.901507,7.608452,0.395701,1,0.001000
0.382300,1.000000,0.715533,1.888382,7.936918,7.608452,0.395701,1,0.001000
0.382350,1.000000,0.744898,1.888382,7.964496,7.608452,0.395701,1,0.001000
0.382400,1.000000,0.773402,1.888382,7.984214,7.608452,0.395701,1,0.001000
0.382450,1.000000,0.801254,1.888382,7.996052,7.608452,0.395701,1,0.001000
0.382500,1.000000,0.828659,1.888382,8.000000,7.608452,0.395701,1,0.001000
0.382550,1.000000,0.855821,1.888382,7.996052,7.608452,0.395701,1,0.001000
0.382600,1.000000,0.882938,1.888382,7.984214,7.608452,0.395701,1,0.001000
0.382650,1.000000,0.910210,1.888382,7.964496,7.608452,0.395701,1,0.001000
0.382700,1.000000,0.937830,1.888382,7.936918,7.608452,0.395701,1,0.001000
0.382750,1.000000,0.965991,1.888382,7.901507,7.608452,0.395701,1,0.001000
0.382800,1.000000,0.994879,1.888382,7.858298,7.608452,0.395701,1,0.001000
0.382850,1.000000,1.024681,1.888382,7.807334,7.608452,0.395701,1,0.001000
0.382900,1.000000,1.055576,1.888382,7.748665,7.608452,0.395701,1,0.001000
0.382950,1.000000,1.087744,1.888382,7.682349,7.608452,0.395701,1,0.001000
0.383000,1.000000,1.089933,0.631441,7.608452,7.608452,0.343329,1,0.001000
0.383050,1.000000,1.094130,0.631441,7.527046,7.608452,0.343329,1,0.001000
0.383100,1.000000,1.100495,0.631441,7.438212,7.608452,0.343329,1,0.001000
0.383150,1.000000,1.109186,0.631441,7.342037,7.608452,0.343329,1,0.001000
0.383200,1.000000,1.120353,0.631441,7.238616,7.608452,0.343329,1,0.001000
0.383250,1.000000,1.134144,0.631441,7.128052,7.608452,0.343329,1,0.001000
0.383300,1.000000,1.150704,0.631441,7.010453,7.608452,0.343329,1,0.001000
0.383350,1.000000,1.170169,0.631441,6.885936,7.608452,0.343329,1,0.001000
0.383400,1.000000,1.192673,0.631441,6.754623,7.608452,0.343329,1,0.001000
0.383450,1.000000,1.218346,0.631441,6.616645,7.608452,0.343329,1,0.001000
0.383500,1.000000,1.247311,0.631441,6.472136,7.608452,0.343329,1,0.001000
0.383550,1.000000,1.279686,0.631441,6.321240,7.608452,0.343329,1,0.001000
0.383600,1.000000,1.315584,0.631441,6.164106,7.608452,0.343329,1,0.001000
0.383650,1.000000,1.355115,0.631441,6.000889,7.608452,0.343329,1,0.001000
0.383700,1.000000,1.398379,0.631441,5.831749,7.608452,0.343329,1,0.001000
0.383750,1.000000,1.445475,0.631441,5.656854,7.608452,0.343329,1,0.001000
0.383800,1.000000,1.496495,0.631441,5.476377,7.608452,0.343329,1,0.001000
0.383850,1.000000,1.551524,0.631441,5.290495,7.608452,0.343329,1,0.001000
0.383900,1.000000,1.610642,0.631441,5.099392,7.608452,0.343329,1,0.001000
0.383950,1.000000,1.673925,0.631441,4.903256,7.608452,0.343329,1,0.001000
0.384000,1.000000,1.636108,-0.675707,4.702282,4.702282,0.167774,1,0.001000
0.384050,1.000000,1.603905,-0.675707,4.496667,4.702282,0.167774,1,0.001000
0.384100,1.000000,1.577355,-0.675707,4.286614,4.702282,0.167774,1,0.001000
0.384150,1.000000,1.556494,-0.675707,4.072331,4.702282,0.167774,1,0.001000
0.384200,1.000000,1.541352,-0.675707,3.854029,4.702282,0.167774,1,0.001000
0.384250,1.000000,1.531951,-0.675707,3.631924,4.702282,0.167774,1,0.001000
0.384300,1.000000,1.528310,-0.675707,3.406234,4.702282,0.167774,1,0.001000
0.384350,1.000000,1.530441,-0.675707,3.177183,4.702282,0.167774,1,0.001000
0.384400,1.000000,1.538350,-0.675707,2.944996,4.702282,0.167774,1,0.001000
0.384450,1.000000,1.552037,-0.675707,2.709903,4.702282,0.167774,1,0.001000
0.384500,1.000000,1.571498,-0.675707,2.472136,4.702282,0.167774,1,0.001000
0.384550,1.000000,1.596720,-0.675707,2.231929,4.702282,0.167774,1,0.001000
0.384600,1.000000,1.627688,-0.675707,1.989519,4.702282,0.167774,1,0.001000
0.384650,1.000000,1.664377,-0.675707,1.745146,4.702282,0.167774,1,0.001000
0.384700,1.000000,1.706761,-0.675707,1.499051,4.702282,0.167774,1,0.001000
0.384750,1.000000,1.754804,-0.675707,1.251476,4.702282,0.167774,1,0.001000
0.384800,1.000000,1.808466,-0.675707,1.002666,4.702282,0.167774,1,0.001000
0.384850,1.000000,1.867703,-0.675707,0.752867,4.702282,0.167774,1,0.001000
0.384900,1.000000,1.932463,-0.675707,0.502324,4.702282,0.167774,1,0.001000
0.384950,1.000000,2.002690,-0.675707,0.251286,4.702282,0.167774,1,0.001000
0.385000,1.000000,1.939312,-1.533774,0.000000,0.000000,-0.063907,1,0.001000
0.385050,1.000000,1.883008,-1.533774,-0.251286,0.000000,-0.063907,1,0.001000
0.385100,1.000000,1.833684,-1.533774,-0.502324,0.000000,-0.063907,1,0.001000
0.385150,1.000000,1.791241,-1.533774,-0.752867,0.000000,-0.063907,1,0.001000
0.385200,1.000000,1.755572,-1.533774,-1.002666,0.000000,-0.063907,1,0.001000
0.385250,1.000000,1.726570,-1.533774,-1.251476,0.000000,-0.063907,1,0.001000
0.385300,1.000000,1.704120,-1.533774,-1.499051,0.000000,-0.063907,1,0.001000
0.385350,1.000000,1.688103,-1.533774,-1.745146,0.000000,-0.063907,1,0.001000
0.385400,1.000000,1.678395,-1.533774,-1.989519,0.000000,-0.063907,1,0.001000
0.385450,1.000000,1.674869,-1.533774,-2.231929,0.000000,-0.063907,1,0.001000
0.385500,1.000000,1.677392,-1.533774,-2.472136,0.000000,-0.063907,1,0.001000
0.385550,1.000000,1.685828,-1.533774,-2.709903,0.000000,-0.063907,1,0.001000
0.385600,1.000000,1.700036,-1.533774,-2.944996,0.000000,-0.063907,1,0.001000
0.385650,1.000000,1.719871,-1.533774,-3.177183,0.000000,-0.063907,1,0.001000
0.385700,1.000000,1.745184,-1.533774,-3.406234,0.000000,-0.063907,1,0.001000
0.385750,1.000000,1.775823,-1.533774,-3.631924,0.000000,-0.063907,1,0.001000
0.385800,1.000000,1.811631,-1.533774,-3.854029,0.000000,-0.063907,1,0.001000
0.385850,1.000000,1.852450,-1.533774,-4.072331,0.000000,-0.063907,1,0.001000
0.385900,1.000000,1.898115,-1.533774,-4.286614,0.000000,-0.063907,1,0.001000
0.385950,1.000000,1.948461,-1.533774,-4.496667,0.000000,-0.063907,1,0.001000
0.386000,1.000000,1.883730,-1.615009,-4.702282,-4.702282,-0.263220,1,0.001000
0.386050,1.000000,1.824833,-1.615009,-4.903256,-4.702282,-0.263220,1,0.001000
0.386100,1.000000,1.771575,-1.615009,-5.099392,-4.702282,-0.263220,1,0.001000
0.386150,1.000000,1.723760,-1.615009,-5.290495,-4.702282,-0.263220,1,0.001000
0.386200,1.000000,1.681190,-1.615009,-5.476377,-4.702282,-0.263220,1,0.001000
0.386250,1.000000,1.643665,-1.615009,-5.656854,-4.702282,-0.263220,1,0.001000
0.386300,1.000000,1.610980,-1.615009,-5.831749,-4.702282,-0.263220,1,0.001000
0.386350,1.000000,1.582933,-1.615009,-6.000889,-4.702282,-0.263220,1,0.001000
0.386400,1.000000,1.559317,-1.615009,-6.164106,-4.702282,-0.263220,1,0.001000
0.386450,1.000000,1.539924,-1.615009,-6.321240,-4.702282,-0.263220,1,0.001000
0.386500,1.000000,1.524546,-1.615009,-6.472136,-4.702282,-0.263220,1,0.001000
0.386550,1.000000,1.512973,-1.615009,-6.616645,-4.702282,-0.263220,1,0.001000
0.386600,1.000000,1.504994,-1.615009,-6.754623,-4.702282,-0.263220,1,0.001000
0.386650,1.000000,1.500398,-1.615009,-6.885936,-4.702282,-0.263220,1,0.001000
0.386700,1.000000,1.498972,-1.615009,-7.010453,-4.702282,-0.263220,1,0.001000
0.386750,1.000000,1.500504,-1.615009,-7.128052,-4.702282,-0.263220,1,0.001000
0.386800,1.000000,1.504781,-1.615009,-7.238616,-4.702282,-0.263220,1,0.001000
0.386850,1.000000,1.511589,-1.615009,-7.342037,-4.702282,-0.263220,1,0.001000
0.386900,1.000000,1.520718,-1.615009,-7.438212,-4.702282,-0.263220,1,0.001000
0.386950,1.000000,1.531953,-1.615009,-7.527046,-4.702282,-0.263220,1,0.001000
0.387000,1.000000,1.490594,-0.888382,-7.608452,-7.608452,-0.354035,1,0.001000
0.387050,1.000000,1.451599,-0.888382,-7.682349,-7.608452,-0.354035,1,0.001000
0.387100,1.000000,1.414750,-0.888382,-7.748665,-7.608452,-0.354035,1,0.001000
0.387150,1.000000,1.379828,-0.888382,-7.807334,-7.608452,-0.354035,1,0.001000
0.387200,1.000000,1.346617,-0.888382,-7.858298,-7.608452,-0.354035,1,0.001000
0.387250,1.000000,1.314901,-0.888382,-7.901507,-7.608452,-0.354035,1,0.001000
0.387300,1.000000,1.284467,-0.888382,-7.936918,-7.608452,-0.354035,1,0.001000
0.387350,1.000000,1.255102,-0.888382,-7.964496,-7.608452,-0.354035,1,0.001000
0.387400,1.000000,1.226598,-0.888382,-7.984214,-7.608452,-0.354035,1,0.001000
0.387450,1.000000,1.198746,-0.888382,-7.996052,-7.608452,-0.354035,1,0.001000
0.387500,1.000000,1.171341,-0.888382,-8.000000,-7.608452,-0.354035,1,0.001000
0.387550,1.000000,1.144179,-0.888382,-7.996052,-7.608452,-0.354035,1,0.001000
0.387600,1.000000,1.117062,-0.888382,-7.984214,-7.608452,-0.354035,1,0.001000
0.387650,1.000000,1.089790,-0.888382,-7.964496,-7.608452,-0.354035,1,0.001000
0.387700,1.000000,1.062170,-0.888382,-7.936918,-7.608452,-0.354035,1,0.001000
0.387750,1.000000,1.034009,-0.888382,-7.901507,-7.608452,-0.354035,1,0.001000
0.387800,1.000000,1.005121,-0.888382,-7.858298,-7.608452,-0.354035,1,0.001000
0.387850,1.000000,0.975319,-0.888382,-7.807334,-7.608452,-0.354035,1,0.001000
0.387900,1.000000,0.944424,-0.888382,-7.748665,-7.608452,-0.354035,1,0.001000
0.387950,1.000000,0.912256,-0.888382,-7.682349,-7.608452,-0.354035,1,0.001000
0.388000,1.000000,0.910067,0.368559,-7.608452,-7.608452,-0.301662,1,0.001000
0.388050,1.000000,0.905870,0.368559,-7.527046,-7.608452,-0.301662,1,0.001000
0.388100,1.000000,0.899505,0.368559,-7.438212,-7.608452,-0.301662,1,0.001000
0.388150,1.000000,0.890814,0.368559,-7.342037,-7.608452,-0.301662,1,0.001000
0.388200,1.000000,0.879647,0.368559,-7.238616,-7.608452,-0.301662,1,0.001000
0.388250,1.000000,0.865856,0.368559,-7.128052,-7.608452,-0.301662,1,0.001000
0.388300,1.000000,0.849296,0.368559,-7.010453,-7.608452,-0.301662,1,0.001000
0.388350,1.000000,0.829831,0.368559,-6.885936,-7.608452,-0.301662,1,0.001000
0.388400,1.000000,0.807327,0.368559,-6.754623,-7.608452,-0.301662,1,0.001000
0.388450,1.000000,0.781654,0.368559,-6.616645,-7.608452,-0.301662,1,0.001000
0.388500,1.000000,0.752689,0.368559,-6.472136,-7.608452,-0.301662,1,0.001000
0.388550,1.000000,0.720314,0.368559,-6.321240,-7.608452,-0.301662,1,0.001000
0.388600,1.000000,0.684416,0.368559,-6.164106,-7.608452,-0.301662,1,0.001000
0.388650,1.000000,0.644885,0.368559,-6.000889,-7.608452,-0.301662,1,0.001000
0.388700,1.000000,0.601621,0.368559,-5.831749,-7.608452,-0.301662,1,0.001000
0.388750,1.000000,0.554525,0.368559,-5.656854,-7.608452,-0.301662,1,0.001000
0.388800,1.000000,0.503505,0.368559,-5.476377,-7.608452,-0.301662,1,0.001000
0.388850,1.000000,0.448476,0.368559,-5.290495,-7.608452,-0.301662,1,0.001000
0.388900,1.000000,0.389358,0.368559,-5.099392,-7.608452,-0.301662,1,0.001000
0.388950,1.000000,0.326075,0.368559,-4.903256,-7.608452,-0.301662,1,0.001000
0.389000,1.000000,0.363892,1.675707,-4.702282,-4.702282,-0.126107,1,0.001000
0.389050,1.000000,0.396095,1.675707,-4.496667,-4.702282,-0.126107,1,0.001000
0.389100,1.000000,0.422645,1.675707,-4.286614,-4.702282,-0.126107,1,0.001000
0.389150,1.000000,0.443506,1.675707,-4.072331,-4.702282,-0.126107,1,0.001000
0.389200,1.000000,0.458648,1.675707,-3.854029,-4.702282,-0.126107,1,0.001000
0.389250,1.000000,0.468049,1.675707,-3.631924,-4.702282,-0.126107,1,0.001000
0.389300,1.000000,0.471690,1.675707,-3.406234,-4.702282,-0.126107,1,0.001000
0.389350,1.000000,0.469559,1.675707,-3.177183,-4.702282,-0.126107,1,0.001000
0.389400,1.000000,0.461650,1.675707,-2.944996,-4.702282,-0.126107,1,0.001000
0.389450,1.000000,0.447963,1.675707,-2.709903,-4.702282,-0.126107,1,0.001000
0.389500,1.000000,0.428502,1.675707,-2.472136,-4.702282,-0.126107,1,0.001000
0.389550,1.000000,0.403280,1.675707,-2.231929,-4.702282,-0.126107,1,0.001000
0.389600,1.000000,0.372312,1.675707,-1.989519,-4.702282,-0.126107,1,0.001000
0.389650,1.000000,0.335623,1.675707,-1.745146,-4.702282,-0.126107,1,0.001000
0.389700,1.000000,0.293239,1.675707,-1.499051,-4.702282,-0.126107,1,0.001000
0.389750,1.000000,0.245196,1.675707,-1.251476,-4.702282,-0.126107,1,0.001000
0.389800,1.000000,0.191534,1.675707,-1.002666,-4.702282,-0.126107,1,0.001000
0.389850,1.000000,0.132297,1.675707,-0.752867,-4.702282,-0.126107,1,0.001000
0.389900,1.000000,0.067537,1.675707,-0.502324,-4.702282,-0.126107,1,0.001000
0.389950,1.000000,-0.002690,1.675707,-0.251286,-4.702282,-0.126107,1,0.001000
0.390000,1.000000,0.060688,2.533774,0.000000,0.000000,0.105574,1,0.001000
0.390050,1.000000,0.116992,2.533774,0.251286,0.000000,0.105574,1,0.001000
0.390100,1.000000,0.166316,2.533774,0.502324,0.000000,0.105574,1,0.001000
0.390150,1.000000,0.208759,2.533774,0.752867,0.000000,0.105574,1,0.001000
0.390200,1.000000,0.244428,2.533774,1.002666,0.000000,0.105574,1,0.001000
0.390250,1.000000,0.273430,2.533774,1.251476,0.000000,0.105574,1,0.001000
0.390300,1.000000,0.295880,2.533774,1.499051,0.000000,0.105574,1,0.001000
0.390350,1.000000,0.311897,2.533774,1.745146,0.000000,0.105574,1,0.001000
0.390400,1.000000,0.321605,2.533774,1.989519,0.000000,0.105574,1,0.001000
0.390450,1.000000,0.325131,2.533774,2.231929,0.000000,0.105574,1,0.001000
0.390500,1.000000,0.322608,2.533774,2.472136,0.000000,0.105574,1,0.001000
0.390550,1.000000,0.314172,2.533774,2.709903,0.000000,0.105574,1,0.001000
0.390600,1.000000,0.299964,2.533774,2.944996,0.000000,0.105574,1,0.001000
0.390650,1.000000,0.280129,2.533774,3.177183,0.000000,0.105574,1,0.001000
0.390700,1.000000,0.254816,2.533774,3.406234,0.000000,0.105574,1,0.001000
0.390750,1.000000,0.224177,2.533774,3.631924,0.000000,0.105574,1,0.001000
0.390800,1.000000,0.188369,2.533774,3.854029,0.000000,0.105574,1,0.001000
0.390850,1.000000,0.147550,2.533774,4.072331,0.000000,0.105574,1,0.001000
0.390900,1.000000,0.101885,2.533774,4.286614,0.000000,0.105574,1,0.001000
0.390950,1.000000,0.051539,2.533774,4.496667,0.000000,0.105574,1,0.001000
0.391000,1.000000,0.116270,2.615009,4.702282,4.702282,0.304887,1,0.001000
0.391050,1.000000,0.175167,2.615009,4.903256,4.702282,0.304887,1,0.001000
0.391100,1.000000,0.228425,2.615009,5.099392,4.702282,0.304887,1,0.001000
0.391150,1.000000,0.276240,2.615009,5.290495,4.702282,0.304887,1,0.001000
0.391200,1.000000,0.318810,2.615009,5.476377,4.702282,0.304887,1,0.001000
0.391250,1.000000,0.356335,2.615009,5.656854,4.702282,0.304887,1,0.001000
0.391300,1.000000,0.389020,2.615009,5.831749,4.702282,0.304887,1,0.001000
0.391350,1.000000,0.417067,2.615009,6.000889,4.702282,0.304887,1,0.001000
0.391400,1.000000,0.440683,2.615009,6.164106,4.702282,0.304887,1,0.001000
0.391450,1.000000,0.460076,2.615009,6.321240,4.702282,0.304887,1,0.001000
0.391500,1.000000,0.475454,2.615009,6.472136,4.702282,0.304887,1,0.001000
0.391550,1.000000,0.487027,2.615009,6.616645,4.702282,0.304887,1,0.001000
0.391600,1.000000,0.495006,2.615009,6.754623,4.702282,0.304887,1,0.001000
0.391650,1.000000,0.499602,2.615009,6.885936,4.702282,0.304887,1,0.001000
0.391700,1.000000,0.501028,2.615009,7.010453,4.702282,0.304887,1,0.001000
0.391750,1.000000,0.499496,2.615009,7.128052,4.702282,0.304887,1,0.001000
0.391800,1.000000,0.495219,2.615009,7.238616,4.702282,0.304887,1,0.001000
0.391850,1.000000,0.488411,2.615009,7.342037,4.702282,0.304887,1,0.001000
0.391900,1.000000,0.479282,2.615009,7.438212,4.702282,0.304887,1,0.001000
0.391950,1.000000,0.468047,2.615009,7.527046,4.702282,0.304887,1,0.001000
0.392000,1.000000,0.509406,1.888382,7.608452,7.608452,0.395701,1,0.001000
0.392050,1.000000,0.548401,1.888382,7.682349,7.608452,0.395701,1,0.001000
0.392100,1.000000,0.585250,1.888382,7.748665,7.608452,0.395701,1,0.001000
0.392150,1.000000,0.620172,1.888382,7.807334,7.608452,0.395701,1,0.001000
0.392200,1.000000,0.653383,1.888382,7.858298,7.608452,0.395701,1,0.001000
0.392250,1.000000,0.685099,1.888382,7.901507,7.608452,0.395701,1,0.001000
0.392300,1.000000,0.715533,1.888382,7.936918,7.608452,0.395701,1,0.001000
0.392350,1.000000,0.744898,1.888382,7.964496,7.608452,0.395701,1,0.001000
0.392400,1.000000,0.773402,1.888382,7.984214,7.608452,0.395701,1,0.001000
0.392450,1.000000,0.801254,1.888382,7.996052,7.608452,0.395701,1,0.001000
0.392500,1.000000,0.828659,1.888382,8.000000,7.608452,0.395701,1,0.001000
0.392550,1.000000,0.855821,1.888382,7.996052,7.608452,0.395701,1,0.001000
0.392600,1.000000,0.882938,1.888382,7.984214,7.608452,0.395701,1,0.001000
0.392650,1.000000,0.910210,1.888382,7.964496,7.608452,0.395701,1,0.001000
0.392700,1.000000,0.937830,1.888382,7.936918,7.608452,0.395701,1,0.001000
0.392750,1.000000,0.965991,1.888382,7.901507,7.608452,0.395701,1,0.001000
0.392800,1.000000,0.994879,1.888382,7.858298,7.608452,0.395701,1,0.001000
0.392850,1.000000,1.024681,1.888382,7.807334,7.608452,0.395701,1,0.001000
0.392900,1.000000,1.055576,1.888382,7.748665,7.608452,0.395701,1,0.001000
0.392950,1.000000,1.087744,1.888382,7.682349,7.608452,0.395701,1,0.001000
0.393000,1.000000,1.089933,0.631441,7.608452,7.608452,0.343329,1,0.001000
0.393050,1.000000,1.094130,0.631441,7.527046,7.608452,0.343329,1,0.001000
0.393100,1.000000,1.100495,0.631441,7.438212,7.608452,0.343329,1,0.001000
0.393150,1.000000,1.109186,0.631441,7.342037,7.608452,0.343329,1,0.001000
0.393200,1.000000,1.120353,0.631441,7.238616,7.608452,0.343329,1,0.001000
0.393250,1.000000,1.134144,0.631441,7.128052,7.608452,0.343329,1,0.001000
0.393300,1.000000,1.150704,0.631441,7.010453,7.608452,0.343329,1,0.001000
0.393350,1.000000,1.170169,0.631441,6.885936,7.608452,0.343329,1,0.001000
0.393400,1.000000,1.192673,0.631441,6.754623,7.608452,0.343329,1,0.001000
0.393450,1.000000,1.218346,0.631441,6.616645,7.608452,0.343329,1,0.001000
0.393500,1.000000,1.247311,0.631441,6.472136,7.608452,0.343329,1,0.001000
0.393550,1.000000,1.279686,0.631441,6.321240,7.608452,0.343329,1,0.001000
0.393600,1.000000,1.315584,0.631441,6.164106,7.608452,0.343329,1,0.001000
0.393650,1.000000,1.355115,0.631441,6.000889,7.608452,0.343329,1,0.001000
0.393700,1.000000,1.398379,0.631441,5.831749,7.608452,0.343329,1,0.001000
0.393750,1.000000,1.445475,0.631441,5.656854,7.608452,0.343329,1,0.001000
0.393800,1.000000,1.496495,0.631441,5.476377,7.608452,0.343329,1,0.001000
0.393850,1.000000,1.551524,0.631441,5.290495,7.608452,0.343329,1,0.001000
0.393900,1.000000,1.610642,0.631441,5.099392,7.608452,0.343329,1,0.001000
0.393950,1.000000,1.673925,0.631441,4.903256,7.608452,0.343329,1,0.001000
0.394000,1.000000,1.636108,-0.675707,4.702282,4.702282,0.167774,1,0.001000
0.394050,1.000000,1.603905,-0.675707,4.496667,4.702282,0.167774,1,0.001000
0.394100,1.000000,1.577355,-0.675707,4.286614,4.702282,0.167774,1,0.001000
0.394150,1.000000,1.556494,-0.675707,4.072331,4.702282,0.167774,1,0.001000
0.394200,1.000000,1.541352,-0.675707,3.854029,4.702282,0.167774,1,0.001000
0.394250,1.000000,1.531951,-0.675707,3.631924,4.702282,0.167774,1,0.001000
0.394300,1.000000,1.528310,-0.675707,3.406234,4.702282,0.167774,1,0.001000
0.394350,1.000000,1.530441,-0.675707,3.177183,4.702282,0.167774,1,0.001000
0.394400,1.000000,1.538350,-0.675707,2.944996,4.702282,0.167774,1,0.001000
0.394450,1.000000,1.552037,-0.675707,2.709903,4.702282,0.167774,1,0.001000
0.394500,1.000000,1.571498,-0.675707,2.472136,4.702282,0.167774,1,0.001000
0.394550,1.000000,1.596720,-0.675707,2.231929,4.702282,0.167774,1,0.001000
0.394600,1.000000,1.627688,-0.675707,1.989519,4.702282,0.167774,1,0.001000
0.394650,1.000000,1.664377,-0.675707,1.745146,4.702282,0.167774,1,0.001000
0.394700,1.000000,1.706761,-0.675707,1.499051,4.702282,0.167774,1,0.001000
0.394750,1.000000,1.754804,-0.675707,1.251476,4.702282,0.167774,1,0.001000
0.394800,1.000000,1.808466,-0.675707,1.002666,4.702282,0.167774,1,0.001000
0.394850,1.000000,1.867703,-0.675707,0.752867,4.702282,0.167774,1,0.001000
0.394900,1.000000,1.932463,-0.675707,0.502324,4.702282,0.167774,1,0.001000
0.394950,1.000000,2.002690,-0.675707,0.251286,4.702282,0.167774,1,0.001000
0.395000,1.000000,1.939312,-1.533774,-0.000000,-0.000000,-0.063907,1,0.001000
0.395050,1.000000,1.883008,-1.533774,-0.251286,-0.000000,-0.063907,1,0.001000
0.395100,1.000000,1.833684,-1.533774,-0.502324,-0.000000,-0.063907,1,0.001000
0.395150,1.000000,1.791241,-1.533774,-0.752867,-0.000000,-0.063907,1,0.001000
0.395200,1.000000,1.755572,-1.533774,-1.002666,-0.000000,-0.063907,1,0.001000
0.395250,1.000000,1.726570,-1.533774,-1.251476,-0.000000,-0.063907,1,0.001000
0.395300,1.000000,1.704120,-1.533774,-1.499051,-0.000000,-0.063907,1,0.001000
0.395350,1.000000,1.688103,-1.533774,-1.745146,-0.000000,-0.063907,1,0.001000
0.395400,1.000000,1.678395,-1.533774,-1.989519,-0.000000,-0.063907,1,0.001000
0.395450,1.000000,1.674869,-1.533774,-2.231929,-0.000000,-0.063907,1,0.001000
0.395500,1.000000,1.677392,-1.533774,-2.472136,-0.000000,-0.063907,1,0.001000
0.395550,1.000000,1.685828,-1.533774,-2.709903,-0.000000,-0.063907,1,0.001000
0.395600,1.000000,1.700036,-1.533774,-2.944996,-0.000000,-0.063907,1,0.001000
0.395650,1.000000,1.719871,-1.533774,-3.177183,-0.000000,-0.063907,1,0.001000
0.395700,1.000000,1.745184,-1.533774,-3.406234,-0.000000,-0.063907,1,0.001000
0.395750,1.000000,1.775823,-1.533774,-3.631924,-0.000000,-0.063907,1,0.001000
0.395800,1.000000,1.811631,-1.533774,-3.854029,-0.000000,-0.063907,1,0.001000
0.395850,1.000000,1.852450,-1.533774,-4.072331,-0.000000,-0.063907,1,0.001000
0.395900,1.000000,1.898115,-1.533774,-4.286614,-0.000000,-0.063907,1,0.001000
0.395950,1.000000,1.948461,-1.533774,-4.496667,-0.000000,-0.063907,1,0.001000
0.396000,1.000000,1.883730,-1.615009,-4.702282,-4.702282,-0.263220,1,0.001000
0.396050,1.000000,1.824833,-1.615009,-4.903256,-4.702282,-0.263220,1,0.001000
0.396100,1.000000,1.771575,-1.615009,-5.099392,-4.702282,-0.263220,1,0.001000
0.396150,1.000000,1.723760,-1.615009,-5.290495,-4.702282,-0.263220,1,0.001000
0.396200,1.000000,1.681190,-1.615009,-5.476377,-4.702282,-0.263220,1,0.001000
0.396250,1.000000,1.643665,-1.615009,-5.656854,-4.702282,-0.263220,1,0.001000
0.396300,1.000000,1.610980,-1.615009,-5.831749,-4.702282,-0.263220,1,0.001000
0.396350,1.000000,1.582933,-1.615009,-6.000889,-4.702282,-0.263220,1,0.001000
0.396400,1.000000,1.559317,-1.615009,-6.164106,-4.702282,-0.263220,1,0.001000
0.396450,1.000000,1.539924,-1.615009,-6.321240,-4.702282,-0.263220,1,0.001000
0.396500,1.000000,1.524546,-1.615009,-6.472136,-4.702282,-0.263220,1,0.001000
0.396550,1.000000,1.512973,-1.615009,-6.616645,-4.702282,-0.263220,1,0.001000
0.396600,1.000000,1.504994,-1.615009,-6.754623,-4.702282,-0.263220,1,0.001000
0.396650,1.000000,1.500398,-1.615009,-6.885936,-4.702282,-0.263220,1,0.001000
0.396700,1.000000,1.498972,-1.615009,-7.010453,-4.702282,-0.263220,1,0.001000
0.396750,1.000000,1.500504,-1.615009,-7.128052,-4.702282,-0.263220,1,0.001000
0.396800,1.000000,1.504781,-1.615009,-7.238616,-4.702282,-0.263220,1,0.001000
0.396850,1.000000,1.511589,-1.615009,-7.342037,-4.702282,-0.263220,1,0.001000
0.396900,1.000000,1.520718,-1.615009,-7.438212,-4.702282,-0.263220,1,0.001000
0.396950,1.000000,1.531953,-1.615009,-7.527046,-4.702282,-0.263220,1,0.001000
0.397000,1.000000,1.490594,-0.888382,-7.608452,-7.608452,-0.354035,1,0.001000
0.397050,1.000000,1.451599,-0.888382,-7.682349,-7.608452,-0.354035,1,0.001000
0.397100,1.000000,1.414750,-0.888382,-7.748665,-7.608452,-0.354035,1,0.001000
0.397150,1.000000,1.379828,-0.888382,-7.807334,-7.608452,-0.354035,1,0.001000
0.397200,1.000000,1.346617,-0.888382,-7.858298,-7.608452,-0.354035,1,0.001000
0.397250,1.000000,1.314901,-0.888382,-7.901507,-7.608452,-0.354035,1,0.001000
0.397300,1.000000,1.284467,-0.888382,-7.936918,-7.608452,-0.354035,1,0.001000
0.397350,1.000000,1.255102,-0.888382,-7.964496,-7.608452,-0.354035,1,0.001000
0.397400,1.000000,1.226598,-0.888382,-7.984214,-7.608452,-0.354035,1,0.001000
0.397450,1.000000,1.198746,-0.888382,-7.996052,-7.608452,-0.354035,1,0.001000
0.397500,1.000000,1.171341,-0.888382,-8.000000,-7.608452,-0.354035,1,0.001000
0.397550,1.000000,1.144179,-0.888382,-7.996052,-7.608452,-0.354035,1,0.001000
0.397600,1.000000,1.117062,-0.888382,-7.984214,-7.608452,-0.354035,1,0.001000
0.397650,1.000000,1.089790,-0.888382,-7.964496,-7.608452,-0.354035,1,0.001000
0.397700,1.000000,1.062170,-0.888382,-7.936918,-7.608452,-0.354035,1,0.001000
0.397750,1.000000,1.034009,-0.888382,-7.901507,-7.608452,-0.354035,1,0.001000
0.397800,1.000000,1.005121,-0.888382,-7.858298,-7.608452,-0.354035,1,0.001000
0.397850,1.000000,0.975319,-0.888382,-7.807334,-7.608452,-0.354035,1,0.001000
0.397900,1.000000,0.944424,-0.888382,-7.748665,-7.608452,-0.354035,1,0.001000
0.397950,1.000000,0.912256,-0.888382,-7.682349,-7.608452,-0.354035,1,0.001000
0.398000,1.000000,0.910067,0.368559,-7.608452,-7.608452,-0.301662,1,0.001000
0.398050,1.000000,0.905870,0.368559,-7.527046,-7.608452,-0.301662,1,0.001000
0.398100,1.000000,0.899505,0.368559,-7.438212,-7.608452,-0.301662,1,0.001000
0.398150,1.000000,0.890814,0.368559,-7.342037,-7.608452,-0.301662,1,0.001000
0.398200,1.000000,0.879647,0.368559,-7.238616,-7.608452,-0.301662,1,0.001000
0.398250,1.000000,0.865856,0.368559,-7.128052,-7.608452,-0.301662,1,0.001000
0.398300,1.000000,0.849296,0.368559,-7.010453,-7.608452,-0.301662,1,0.001000
0.398350,1.000000,0.829831,0.368559,-6.885936,-7.608452,-0.301662,1,0.001000
0.398400,1.000000,0.807327,0.368559,-6.754623,-7.608452,-0.301662,1,0.001000
0.398450,1.000000,0.781654,0.368559,-6.616645,-7.608452,-0.301662,1,0.001000
0.398500,1.000000,0.752689,0.368559,-6.472136,-7.608452,-0.301662,1,0.001000
0.398550,1.000000,0.720314,0.368559,-6.321240,-7.608452,-0.301662,1,0.001000
0.398600,1.000000,0.684416,0.368559,-6.164106,-7.608452,-0.301662,1,0.001000
0.398650,1.000000,0.644885,0.368559,-6.000889,-7.608452,-0.301662,1,0.001000
0.398700,1.000000,0.601621,0.368559,-5.831749,-7.608452,-0.301662,1,0.001000
0.398750,1.000000,0.554525,0.368559,-5.656854,-7.608452,-0.301662,1,0.001000
0.398800,1.000000,0.503505,0.368559,-5.476377,-7.608452,-0.301662,1,0.001000
0.398850,1.000000,0.448476,0.368559,-5.290495,-7.608452,-0.301662,1,0.001000
0.398900,1.000000,0.389358,0.368559,-5.099392,-7.608452,-0.301662,1,0.001000
0.398950,1.000000,0.326075,0.368559,-4.903256,-7.608452,-0.301662,1,0.001000
0.399000,1.000000,0.363892,1.675707,-4.702282,-4.702282,-0.126107,1,0.001000
0.399050,1.000000,0.396095,1.675707,-4.496667,-4.702282,-0.126107,1,0.001000
0.399100,1.000000,0.422645,1.675707,-4.286614,-4.702282,-0.126107,1,0.001000
0.399150,1.000000,0.443506,1.675707,-4.072331,-4.702282,-0.126107,1,0.001000
0.399200,1.000000,0.458648,1.675707,-3.854029,-4.702282,-0.126107,1,0.001000
0.399250,1.000000,0.468049,1.675707,-3.631924,-4.702282,-0.126107,1,0.001000
0.399300,1.000000,0.471690,1.675707,-3.406234,-4.702282,-0.126107,1,0.001000
0.399350,1.000000,0.469559,1.675707,-3.177183,-4.702282,-0.126107,1,0.001000
0.399400,1.000000,0.461650,1.675707,-2.944996,-4.702282,-0.126107,1,0.001000
0.399450,1.000000,0.447963,1.675707,-2.709903,-4.702282,-0.126107,1,0.001000
0.399500,1.000000,0.428502,1.675707,-2.472136,-4.702282,-0.126107,1,0.001000
0.399550,1.000000,0.403280,1.675707,-2.231929,-4.702282,-0.126107,1,0.001000
0.399600,1.000000,0.372312,1.675707,-1.989519,-4.702282,-0.126107,1,0.001000
0.399650,1.000000,0.335623,1.675707,-1.745146,-4.702282,-0.126107,1,0.001000
0.399700,1.000000,0.293239,1.675707,-1.499051,-4.702282,-0.126107,1,0.001000
0.399750,1.000000,0.245196,1.675707,-1.251476,-4.702282,-0.126107,1,0.001000
0.399800,1.000000,0.191534,1.675707,-1.002666,-4.702282,-0.126107,1,0.001000
0.399850,1.000000,0.132297,1.675707,-0.752867,-4.702282,-0.126107,1,0.001000
0.399900,1.000000,0.067537,1.675707,-0.502324,-4.702282,-0.126107,1,0.001000
0.399950,1.000000,-0.002690,1.675707,-0.251286,-4.702282,-0.126107,1,0.001000
0.400000,1.000000,0.060688,2.533774,0.000000,0.000000,0.105574,1,0.001000
