time_s,i_alpha,id,iq,duty,use_park
0.000000,0.200500,0.000000,0.000000,0.334167,1
0.000050,0.358694,0.200401,-0.006298,0.278305,1
0.000100,0.483295,0.358004,-0.022243,0.236070,1
0.000150,0.581177,0.481248,-0.044439,0.204576,1
0.000200,0.657769,0.576902,-0.070404,0.181539,1
0.000250,0.717356,0.650393,-0.098343,0.165159,1
0.000300,0.763318,0.706071,-0.126966,0.154010,1
0.000350,0.798328,0.747428,-0.155360,0.146966,1
0.000400,0.824492,0.777264,-0.182888,0.143136,1
0.000450,0.843477,0.797830,-0.209115,0.141816,1
0.000500,0.856599,0.810934,-0.233751,0.142448,1
0.000550,0.864897,0.818035,-0.256616,0.144589,1
0.000600,0.869195,0.820310,-0.277604,0.147890,1
0.000650,0.870143,0.818712,-0.296662,0.152071,1
0.000700,0.868259,0.814015,-0.313779,0.156913,1
0.000750,0.863950,0.806852,-0.328967,0.162238,1
0.000800,0.857545,0.797741,-0.342259,0.167907,1
0.000850,0.849301,0.787108,-0.353700,0.173807,1
0.000900,0.839429,0.775306,-0.363343,0.179849,1
0.000950,0.828095,0.762631,-0.371247,0.185959,1
0.001000,0.815434,0.749329,-0.377476,0.192080,1
0.001050,0.801558,0.735611,-0.382093,0.198163,1
0.001100,0.786557,0.721655,-0.385165,0.204172,1
0.001150,0.770506,0.707612,-0.386761,0.210073,1
0.001200,0.753470,0.693614,-0.386947,0.215841,1
0.001250,0.735503,0.679776,-0.385791,0.221454,1
0.001300,0.716652,0.666197,-0.383363,0.226894,1
0.001350,0.696959,0.652963,-0.379730,0.232146,1
0.001400,0.676463,0.640151,-0.374960,0.237197,1
0.001450,0.655197,0.627827,-0.369122,0.242035,1
0.001500,0.633195,0.616049,-0.362282,0.246652,1
0.001550,0.610487,0.604869,-0.354510,0.251038,1
0.001600,0.587102,0.594331,-0.345871,0.255187,1
0.001650,0.563070,0.584474,-0.336432,0.259092,1
0.001700,0.538419,0.575330,-0.326259,0.262747,1
0.001750,0.513177,0.566927,-0.315418,0.266148,1
0.001800,0.487371,0.559289,-0.303973,0.269290,1
0.001850,0.461029,0.552432,-0.291988,0.272169,1
0.001900,0.434179,0.546373,-0.279525,0.274781,1
0.001950,0.406850,0.541121,-0.266645,0.277124,1
0.002000,0.379070,0.536682,-0.253409,0.279195,1
0.002050,0.350868,0.533059,-0.239876,0.280991,1
0.002100,0.322272,0.530253,-0.226103,0.282511,1
0.002150,0.293312,0.528259,-0.212145,0.283752,1
0.002200,0.264017,0.527071,-0.198057,0.284715,1
0.002250,0.234417,0.526680,-0.183890,0.285397,1
0.002300,0.204542,0.527073,-0.169695,0.285797,1
0.002350,0.174422,0.528237,-0.155521,0.285916,1
0.002400,0.144089,0.530153,-0.141413,0.285754,1
0.002450,0.113572,0.532805,-0.127416,0.285310,1
0.002500,0.082904,0.536169,-0.113572,0.284585,1
0.002550,0.052114,0.540225,-0.099922,0.283579,1
0.002600,0.021234,0.544948,-0.086502,0.282295,1
0.002650,-0.009705,0.550311,-0.073348,0.280732,1
0.002700,-0.040670,0.556288,-0.060494,0.278894,1
0.002750,-0.071631,0.562851,-0.047970,0.276780,1
0.002800,-0.102557,0.569970,-0.035805,0.274395,1
0.002850,-0.133415,0.577615,-0.024025,0.271739,1
0.002900,-0.164174,0.585754,-0.012654,0.268816,1
0.002950,-0.194803,0.594357,-0.001715,0.265629,1
0.003000,-0.225272,0.603392,0.008774,0.262180,1
0.003050,-0.255547,0.612825,0.018796,0.258474,1
0.003100,-0.285600,0.622625,0.028334,0.254514,1
0.003150,-0.315399,0.632759,0.037375,0.250303,1
0.003200,-0.344914,0.643194,0.045910,0.245847,1
0.003250,-0.374115,0.653897,0.053929,0.241149,1
0.003300,-0.402971,0.664837,0.061425,0.236214,1
0.003350,-0.431454,0.675981,0.068394,0.231047,1
0.003400,-0.459534,0.687297,0.074831,0.225654,1
0.003450,-0.487183,0.698756,0.080736,0.220039,1
0.003500,-0.514372,0.710326,0.086109,0.214208,1
0.003550,-0.541073,0.721978,0.090953,0.208167,1
0.003600,-0.567260,0.733683,0.095270,0.201921,1
0.003650,-0.592905,0.745412,0.099066,0.195478,1
0.003700,-0.617981,0.757138,0.102347,0.188843,1
0.003750,-0.642464,0.768836,0.105122,0.182023,1
0.003800,-0.666328,0.780479,0.107399,0.175025,1
0.003850,-0.689548,0.792043,0.109188,0.167855,1
0.003900,-0.712101,0.803506,0.110502,0.160521,1
0.003950,-0.733964,0.814844,0.111352,0.153029,1
0.004000,-0.755114,0.826037,0.111752,0.145388,1
0.004050,-0.775528,0.837065,0.111715,0.137605,1
0.004100,-0.795187,0.847909,0.111258,0.129687,1
0.004150,-0.814070,0.858552,0.110395,0.121642,1
0.004200,-0.832158,0.868977,0.109142,0.113479,1
0.004250,-0.849431,0.879170,0.107517,0.105205,1
0.004300,-0.865872,0.889115,0.105537,0.096828,1
0.004350,-0.881464,0.898801,0.103218,0.088357,1
0.004400,-0.896190,0.908216,0.100580,0.079800,1
0.004450,-0.910036,0.917348,0.097640,0.071166,1
0.004500,-0.922986,0.926190,0.094417,0.062462,1
0.004550,-0.935028,0.934733,0.090928,0.053698,1
0.004600,-0.946149,0.942970,0.087192,0.044882,1
0.004650,-0.956338,0.950894,0.083228,0.036023,1
0.004700,-0.965582,0.958502,0.079055,0.027129,1
0.004750,-0.973874,0.965789,0.074689,0.018210,1
0.004800,-0.981203,0.972752,0.070150,0.009273,1
0.004850,-0.987562,0.979390,0.065455,0.000329,1
0.004900,-0.992945,0.985701,0.060621,-0.008615,1
0.004950,-0.997345,0.991686,0.055666,-0.017550,1
0.005000,-1.000758,0.997345,0.050607,-0.026466,1
0.005050,-1.003179,1.002681,0.045460,-0.035355,1
0.005100,-1.004607,1.007695,0.040241,-0.044209,1
0.005150,-1.005038,1.012390,0.034965,-0.053018,1
0.005200,-1.004473,1.016772,0.029648,-0.061774,1
0.005250,-1.002911,1.020843,0.024305,-0.070468,1
0.005300,-1.000353,1.024610,0.018949,-0.079092,1
0.005350,-0.996802,1.028078,0.013593,-0.087637,1
0.005400,-0.992261,1.031253,0.008251,-0.096095,1
0.005450,-0.986735,1.034142,0.002935,-0.104458,1
0.005500,-0.980227,1.036753,-0.002343,-0.112717,1
0.005550,-0.972745,1.039093,-0.007572,-0.120864,1
0.005600,-0.964296,1.041169,-0.012743,-0.128892,1
0.005650,-0.954888,1.042991,-0.017844,-0.136791,1
0.005700,-0.944529,1.044566,-0.022866,-0.144556,1
0.005750,-0.933231,1.045905,-0.027802,-0.152177,1
0.005800,-0.921004,1.047014,-0.032642,-0.159648,1
0.005850,-0.907859,1.047905,-0.037380,-0.166961,1
0.005900,-0.893811,1.048586,-0.042008,-0.174109,1
0.005950,-0.878873,1.049067,-0.046520,-0.181085,1
0.006000,-0.863059,1.049357,-0.050912,-0.187882,1
0.006050,-0.846385,1.049466,-0.055176,-0.194493,1
0.006100,-0.828867,1.049403,-0.059310,-0.200912,1
0.006150,-0.810524,1.049178,-0.063309,-0.207133,1
0.006200,-0.791373,1.048801,-0.067170,-0.213149,1
0.006250,-0.771433,1.048281,-0.070889,-0.218955,1
0.006300,-0.750723,1.047627,-0.074464,-0.224545,1
0.006350,-0.729265,1.046849,-0.077894,-0.229914,1
0.006400,-0.707080,1.045956,-0.081177,-0.235055,1
0.006450,-0.684190,1.044956,-0.084311,-0.239965,1
0.006500,-0.660617,1.043859,-0.087297,-0.244638,1
0.006550,-0.636385,1.042673,-0.090133,-0.249070,1
0.006600,-0.611518,1.041406,-0.092821,-0.253256,1
0.006650,-0.586041,1.040067,-0.095361,-0.257193,1
0.006700,-0.559980,1.038664,-0.097753,-0.260876,1
0.006750,-0.533360,1.037204,-0.099998,-0.264302,1
0.006800,-0.506208,1.035695,-0.102100,-0.267467,1
0.006850,-0.478550,1.034144,-0.104058,-0.270369,1
0.006900,-0.450415,1.032558,-0.105875,-0.273004,1
0.006950,-0.421831,1.030943,-0.107554,-0.275370,1
0.007000,-0.392826,1.029307,-0.109097,-0.277465,1
0.007050,-0.363429,1.027654,-0.110507,-0.279287,1
0.007100,-0.333670,1.025992,-0.111787,-0.280833,1
0.007150,-0.303577,1.024326,-0.112940,-0.282103,1
0.007200,-0.273182,1.022660,-0.113968,-0.283095,1
0.007250,-0.242515,1.021001,-0.114877,-0.283808,1
0.007300,-0.211606,1.019352,-0.115668,-0.284242,1
0.007350,-0.180486,1.017719,-0.116346,-0.284396,1
0.007400,-0.149186,1.016105,-0.116915,-0.284270,1
0.007450,-0.117738,1.014515,-0.117377,-0.283863,1
0.007500,-0.086173,1.012952,-0.117738,-0.283178,1
0.007550,-0.054523,1.011420,-0.118001,-0.282213,1
0.007600,-0.022818,1.009921,-0.118169,-0.280971,1
0.007650,0.008908,1.008460,-0.118248,-0.279452,1
0.007700,0.040624,1.007038,-0.118240,-0.277658,1
0.007750,0.072299,1.005658,-0.118150,-0.275591,1
0.007800,0.103901,1.004322,-0.117982,-0.273253,1
0.007850,0.135399,1.003033,-0.117739,-0.270646,1
0.007900,0.166759,1.001792,-0.117426,-0.267772,1
0.007950,0.197953,1.000602,-0.117047,-0.264635,1
0.008000,0.228947,0.999463,-0.116605,-0.261237,1
0.008050,0.259712,0.998376,-0.116105,-0.257583,1
0.008100,0.290216,0.997343,-0.115549,-0.253675,1
0.008150,0.320429,0.996366,-0.114942,-0.249517,1
0.008200,0.350320,0.995444,-0.114288,-0.245114,1
0.008250,0.379860,0.994578,-0.113589,-0.240470,1
0.008300,0.409020,0.993769,-0.112850,-0.235590,1
0.008350,0.437769,0.993017,-0.112074,-0.230477,1
0.008400,0.466079,0.992322,-0.111265,-0.225139,1
0.008450,0.493922,0.991685,-0.110425,-0.219578,1
0.008500,0.521270,0.991105,-0.109558,-0.213802,1
0.008550,0.548096,0.990582,-0.108668,-0.207816,1
0.008600,0.574373,0.990116,-0.107756,-0.201625,1
0.008650,0.600074,0.989707,-0.106827,-0.195236,1
0.008700,0.625174,0.989354,-0.105883,-0.188655,1
0.008750,0.649647,0.989056,-0.104927,-0.181889,1
0.008800,0.673470,0.988814,-0.103962,-0.174944,1
0.008850,0.696618,0.988625,-0.102991,-0.167827,1
0.008900,0.719068,0.988490,-0.102016,-0.160545,1
0.008950,0.740797,0.988408,-0.101039,-0.153105,1
0.009000,0.761785,0.988377,-0.100064,-0.145516,1
0.009050,0.782010,0.988396,-0.099092,-0.137783,1
0.009100,0.801451,0.988465,-0.098126,-0.129915,1
0.009150,0.820090,0.988582,-0.097168,-0.121919,1
0.009200,0.837908,0.988746,-0.096221,-0.113804,1
0.009250,0.854886,0.988956,-0.095286,-0.105577,1
0.009300,0.871008,0.989211,-0.094365,-0.097246,1
0.009350,0.886258,0.989508,-0.093461,-0.088820,1
0.009400,0.900620,0.989848,-0.092575,-0.080307,1
0.009450,0.914081,0.990227,-0.091709,-0.071715,1
0.009500,0.926626,0.990645,-0.090865,-0.063054,1
0.009550,0.938244,0.991100,-0.090043,-0.054330,1
0.009600,0.948922,0.991591,-0.089247,-0.045553,1
0.009650,0.958650,0.992116,-0.088477,-0.036732,1
0.009700,0.967418,0.992672,-0.087735,-0.027875,1
0.009750,0.975217,0.993260,-0.087022,-0.018991,1
0.009800,0.982041,0.993875,-0.086339,-0.010089,1
0.009850,0.987881,0.994518,-0.085688,-0.001177,1
0.009900,0.992732,0.995186,-0.085070,0.007736,1
0.009950,0.996589,0.995877,-0.084485,0.016641,1
0.010000,0.999449,0.996589,-0.083934,0.025529,1
0.010050,1.001309,0.997321,-0.083419,0.034391,1
0.010100,1.002166,0.998071,-0.082940,0.043220,1
0.010150,1.002020,0.998835,-0.082498,0.052005,1
0.010200,1.000872,0.999614,-0.082093,0.060739,1
0.010250,0.998721,1.000404,-0.081726,0.069412,1
0.010300,0.995572,1.001203,-0.081398,0.078017,1
0.010350,0.991426,1.002010,-0.081108,0.086545,1
0.010400,0.986287,1.002823,-0.080857,0.094988,1
0.010450,0.980162,1.003639,-0.080646,0.103336,1
0.010500,0.973056,1.004456,-0.080473,0.111582,1
0.010550,0.964977,1.005273,-0.080340,0.119719,1
0.010600,0.955932,1.006087,-0.080245,0.127737,1
0.010650,0.945930,1.006897,-0.080190,0.135629,1
0.010700,0.934982,1.007700,-0.080173,0.143387,1
0.010750,0.923099,1.008495,-0.080194,0.151004,1
0.010800,0.910293,1.009278,-0.080252,0.158472,1
0.010850,0.896576,1.010050,-0.080348,0.165783,1
0.010900,0.881962,1.010807,-0.080480,0.172931,1
0.010950,0.866466,1.011547,-0.080648,0.179909,1
0.011000,0.850103,1.012270,-0.080850,0.186709,1
0.011050,0.832890,1.012972,-0.081086,0.193325,1
0.011100,0.814844,1.013653,-0.081354,0.199750,1
0.011150,0.795984,1.014310,-0.081655,0.205979,1
0.011200,0.776327,1.014942,-0.081985,0.212005,1
0.011250,0.755895,1.015548,-0.082345,0.217821,1
0.011300,0.734706,1.016125,-0.082732,0.223423,1
0.011350,0.712784,1.016673,-0.083145,0.228805,1
0.011400,0.690148,1.017190,-0.083583,0.233962,1
0.011450,0.666823,1.017675,-0.084044,0.238888,1
0.011500,0.642831,1.018126,-0.084527,0.243578,1
0.011550,0.618197,1.018542,-0.085029,0.248029,1
0.011600,0.592945,1.018923,-0.085548,0.252235,1
0.011650,0.567101,1.019267,-0.086084,0.256193,1
0.011700,0.540690,1.019574,-0.086633,0.259899,1
0.011750,0.513739,1.019842,-0.087195,0.263348,1
0.011800,0.486275,1.020072,-0.087766,0.266538,1
0.011850,0.458325,1.020262,-0.088346,0.269466,1
0.011900,0.429917,1.020413,-0.088931,0.272128,1
0.011950,0.401081,1.020523,-0.089520,0.274522,1
0.012000,0.371844,1.020594,-0.090110,0.276646,1
0.012050,0.342236,1.020624,-0.090700,0.278498,1
0.012100,0.312286,1.020613,-0.091287,0.280075,1
0.012150,0.282025,1.020563,-0.091870,0.281377,1
0.012200,0.251483,1.020472,-0.092445,0.282401,1
0.012250,0.220690,1.020342,-0.093011,0.283147,1
0.012300,0.189678,1.020174,-0.093566,0.283615,1
0.012350,0.158476,1.019966,-0.094108,0.283803,1
0.012400,0.127118,1.019722,-0.094634,0.283712,1
0.012450,0.095633,1.019440,-0.095143,0.283342,1
0.012500,0.064053,1.019123,-0.095633,0.282693,1
0.012550,0.032410,1.018772,-0.096101,0.281765,1
0.012600,0.000736,1.018387,-0.096546,0.280560,1
0.012650,-0.030938,1.017970,-0.096966,0.279079,1
0.012700,-0.062580,1.017522,-0.097359,0.277324,1
0.012750,-0.094159,1.017045,-0.097724,0.275295,1
0.012800,-0.125642,1.016540,-0.098059,0.272995,1
0.012850,-0.156999,1.016010,-0.098362,0.270427,1
0.012900,-0.188198,1.015456,-0.098633,0.267592,1
0.012950,-0.219207,1.014879,-0.098870,0.264494,1
0.013000,-0.249997,1.014282,-0.099072,0.261136,1
0.013050,-0.280535,1.013667,-0.099238,0.257521,1
0.013100,-0.310792,1.013036,-0.099366,0.253653,1
0.013150,-0.340737,1.012390,-0.099456,0.249535,1
0.013200,-0.370341,1.011733,-0.099508,0.245171,1
0.013250,-0.399574,1.011066,-0.099520,0.240566,1
0.013300,-0.428406,1.010392,-0.099493,0.235724,1
0.013350,-0.456808,1.009712,-0.099426,0.230651,1
0.013400,-0.484754,1.009030,-0.099318,0.225350,1
0.013450,-0.512213,1.008347,-0.099170,0.219828,1
0.013500,-0.539160,1.007666,-0.098982,0.214090,1
0.013550,-0.565567,1.006989,-0.098753,0.208141,1
0.013600,-0.591408,1.006318,-0.098486,0.201987,1
0.013650,-0.616656,1.005656,-0.098178,0.195635,1
0.013700,-0.641288,1.005005,-0.097833,0.189090,1
0.013750,-0.665277,1.004367,-0.097449,0.182360,1
0.013800,-0.688601,1.003744,-0.097029,0.175450,1
0.013850,-0.711235,1.003139,-0.096573,0.168367,1
0.013900,-0.733158,1.002553,-0.096081,0.161119,1
0.013950,-0.754348,1.001988,-0.095557,0.153712,1
0.014000,-0.774783,1.001447,-0.095000,0.146155,1
0.014050,-0.794442,1.000930,-0.094412,0.138454,1
0.014100,-0.813307,1.000441,-0.093795,0.130616,1
0.014150,-0.831359,0.999980,-0.093151,0.122651,1
0.014200,-0.848579,0.999550,-0.092481,0.114564,1
0.014250,-0.864951,0.999150,-0.091787,0.106366,1
0.014300,-0.880457,0.998784,-0.091071,0.098063,1
0.014350,-0.895083,0.998452,-0.090336,0.089663,1
0.014400,-0.908814,0.998154,-0.089582,0.081176,1
0.014450,-0.921636,0.997893,-0.088813,0.072608,1
0.014500,-0.933537,0.997669,-0.088031,0.063970,1
0.014550,-0.944505,0.997482,-0.087238,0.055269,1
0.014600,-0.954528,0.997334,-0.086436,0.046514,1
0.014650,-0.963598,0.997224,-0.085627,0.037713,1
0.014700,-0.971704,0.997153,-0.084815,0.028875,1
0.014750,-0.978839,0.997121,-0.084000,0.020010,1
0.014800,-0.984995,0.997127,-0.083187,0.011124,1
0.014850,-0.990167,0.997173,-0.082376,0.002228,1
0.014900,-0.994350,0.997257,-0.081571,-0.006669,1
0.014950,-0.997539,0.997379,-0.080773,-0.015560,1
0.015000,-0.999731,0.997539,-0.079986,-0.024436,1
0.015050,-1.000924,0.997735,-0.079210,-0.033287,1
0.015100,-1.001118,0.997968,-0.078450,-0.042105,1
0.015150,-1.000311,0.998235,-0.077706,-0.050881,1
0.015200,-0.998504,0.998536,-0.076980,-0.059607,1
0.015250,-0.995700,0.998870,-0.076276,-0.068274,1
0.015300,-0.991902,0.999235,-0.075594,-0.076873,1
0.015350,-0.987112,0.999629,-0.074937,-0.085397,1
0.015400,-0.981337,1.000052,-0.074306,-0.093836,1
0.015450,-0.974582,1.000501,-0.073704,-0.102182,1
0.015500,-0.966853,1.000974,-0.073131,-0.110428,1
0.015550,-0.958158,1.001470,-0.072589,-0.118565,1
0.015600,-0.948507,1.001987,-0.072079,-0.126584,1
0.015650,-0.937909,1.002523,-0.071603,-0.134479,1
0.015700,-0.926374,1.003075,-0.071162,-0.142241,1
0.015750,-0.913914,1.003641,-0.070756,-0.149863,1
0.015800,-0.900541,1.004220,-0.070387,-0.157337,1
0.015850,-0.886270,1.004808,-0.070054,-0.164656,1
0.015900,-0.871113,1.005404,-0.069759,-0.171812,1
0.015950,-0.855087,1.006005,-0.069503,-0.178799,1
0.016000,-0.838208,1.006608,-0.069284,-0.185610,1
0.016050,-0.820492,1.007212,-0.069104,-0.192238,1
0.016100,-0.801956,1.007814,-0.068961,-0.198676,1
0.016150,-0.782621,1.008411,-0.068857,-0.204919,1
0.016200,-0.762504,1.009002,-0.068790,-0.210959,1
0.016250,-0.741627,1.009583,-0.068761,-0.216792,1
0.016300,-0.720009,1.010153,-0.068767,-0.222411,1
0.016350,-0.697673,1.010710,-0.068810,-0.227811,1
0.016400,-0.674641,1.011250,-0.068887,-0.232986,1
0.016450,-0.650936,1.011773,-0.068998,-0.237932,1
0.016500,-0.626582,1.012275,-0.069141,-0.242643,1
0.016550,-0.601602,1.012756,-0.069315,-0.247115,1
0.016600,-0.576023,1.013212,-0.069518,-0.251343,1
0.016650,-0.549869,1.013643,-0.069750,-0.255324,1
0.016700,-0.523167,1.014046,-0.070008,-0.259054,1
0.016750,-0.495942,1.014421,-0.070290,-0.262528,1
0.016800,-0.468224,1.014764,-0.070596,-0.265744,1
0.016850,-0.440039,1.015076,-0.070922,-0.268697,1
0.016900,-0.411415,1.015355,-0.071266,-0.271386,1
0.016950,-0.382381,1.015600,-0.071627,-0.273808,1
0.017000,-0.352966,1.015809,-0.072002,-0.275960,1
0.017050,-0.323199,1.015983,-0.072390,-0.277840,1
0.017100,-0.293110,1.016120,-0.072787,-0.279447,1
0.017150,-0.262730,1.016220,-0.073192,-0.280778,1
0.017200,-0.232088,1.016282,-0.073601,-0.281832,1
0.017250,-0.201215,1.016306,-0.074014,-0.282609,1
0.017300,-0.170141,1.016293,-0.074426,-0.283108,1
0.017350,-0.138899,1.016241,-0.074837,-0.283328,1
0.017400,-0.107518,1.016153,-0.075243,-0.283269,1
0.017450,-0.076031,1.016027,-0.075642,-0.282930,1
0.017500,-0.044469,1.015864,-0.076031,-0.282314,1
0.017550,-0.012863,1.015665,-0.076410,-0.281419,1
0.017600,0.018755,1.015431,-0.076774,-0.280247,1
0.017650,0.050354,1.015163,-0.077123,-0.278799,1
0.017700,0.081902,1.014861,-0.077453,-0.277076,1
0.017750,0.113367,1.014528,-0.077763,-0.275080,1
0.017800,0.144719,1.014164,-0.078050,-0.272814,1
0.017850,0.175926,1.013771,-0.078314,-0.270279,1
0.017900,0.206957,1.013350,-0.078552,-0.267478,1
0.017950,0.237781,1.012904,-0.078762,-0.264414,1
0.018000,0.268366,1.012434,-0.078942,-0.261089,1
0.018050,0.298684,1.011941,-0.079092,-0.257507,1
0.018100,0.328703,1.011429,-0.079210,-0.253671,1
0.018150,0.358393,1.010898,-0.079295,-0.249586,1
0.018200,0.387726,1.010352,-0.079345,-0.245255,1
0.018250,0.416671,1.009792,-0.079360,-0.240683,1
0.018300,0.445200,1.009221,-0.079339,-0.235873,1
0.018350,0.473284,1.008641,-0.079280,-0.230832,1
0.018400,0.500896,1.008054,-0.079185,-0.225563,1
0.018450,0.528008,1.007464,-0.079052,-0.220072,1
0.018500,0.554593,1.006871,-0.078881,-0.214364,1
0.018550,0.580624,1.006279,-0.078672,-0.208446,1
0.018600,0.606075,1.005690,-0.078425,-0.202322,1
0.018650,0.630922,1.005107,-0.078140,-0.195999,1
0.018700,0.655139,1.004532,-0.077819,-0.189484,1
0.018750,0.678702,1.003967,-0.077460,-0.182781,1
0.018800,0.701588,1.003414,-0.077066,-0.175899,1
0.018850,0.723774,1.002877,-0.076637,-0.168844,1
0.018900,0.745238,1.002356,-0.076173,-0.161623,1
0.018950,0.765958,1.001855,-0.075677,-0.154242,1
0.019000,0.785915,1.001376,-0.075149,-0.146710,1
0.019050,0.805087,1.000919,-0.074591,-0.139034,1
0.019100,0.823457,1.000488,-0.074004,-0.131221,1
0.019150,0.841005,1.000085,-0.073390,-0.123278,1
0.019200,0.857714,0.999710,-0.072750,-0.115215,1
0.019250,0.873568,0.999365,-0.072087,-0.107038,1
0.019300,0.888551,0.999053,-0.071403,-0.098756,1
0.019350,0.902648,0.998773,-0.070699,-0.090376,1
0.019400,0.915845,0.998529,-0.069978,-0.081908,1
0.019450,0.928128,0.998319,-0.069242,-0.073360,1
0.019500,0.939487,0.998146,-0.068493,-0.064739,1
0.019550,0.949908,0.998011,-0.067733,-0.056055,1
0.019600,0.959383,0.997913,-0.066965,-0.047316,1
0.019650,0.967901,0.997854,-0.066192,-0.038530,1
0.019700,0.975455,0.997833,-0.065416,-0.029707,1
0.019750,0.982036,0.997851,-0.064639,-0.020854,1
0.019800,0.987638,0.997909,-0.063863,-0.011982,1
0.019850,0.992256,0.998005,-0.063092,-0.003097,1
0.019900,0.995885,0.998139,-0.062327,0.005790,1
0.019950,0.998521,0.998312,-0.061572,0.014672,1
0.020000,1.000163,0.998521,-0.060828,0.023538,1
0.020050,1.000808,0.998768,-0.060098,0.032382,1
0.020100,1.000455,0.999050,-0.059384,0.041193,1
0.020150,0.999106,0.999367,-0.058688,0.049963,1
0.020200,0.996761,0.999718,-0.058013,0.058684,1
0.020250,0.993423,1.000101,-0.057361,0.067347,1
0.020300,0.989095,1.000514,-0.056734,0.075944,1
0.020350,0.983782,1.000957,-0.056133,0.084466,1
0.020400,0.977489,1.001427,-0.055561,0.092904,1
0.020450,0.970223,1.001922,-0.055019,0.101250,1
0.020500,0.961989,1.002441,-0.054508,0.109497,1
0.020550,0.952798,1.002982,-0.054031,0.117635,1
0.020600,0.942658,1.003543,-0.053589,0.125658,1
0.020650,0.931578,1.004121,-0.053182,0.133556,1
0.020700,0.919571,1.004713,-0.052812,0.141323,1
0.020750,0.906649,1.005319,-0.052480,0.148950,1
0.020800,0.892823,1.005935,-0.052187,0.156430,1
0.020850,0.878109,1.006559,-0.051932,0.163757,1
0.020900,0.862520,1.007188,-0.051717,0.170921,1
0.020950,0.846072,1.007820,-0.051542,0.177917,1
0.021000,0.828782,1.008453,-0.051407,0.184738,1
0.021050,0.810667,1.009083,-0.051312,0.191377,1
0.021100,0.791745,1.009709,-0.051257,0.197827,1
0.021150,0.772034,1.010328,-0.051242,0.204082,1
0.021200,0.751556,1.010937,-0.051265,0.210135,1
0.021250,0.730329,1.011534,-0.051327,0.215982,1
0.021300,0.708375,1.012116,-0.051426,0.221615,1
0.021350,0.685717,1.012682,-0.051561,0.227031,1
0.021400,0.662376,1.013229,-0.051732,0.232222,1
0.021450,0.638376,1.013754,-0.051938,0.237185,1
0.021500,0.613741,1.014257,-0.052176,0.241913,1
0.021550,0.588495,1.014733,-0.052445,0.246404,1
0.021600,0.562664,1.015183,-0.052744,0.250651,1
0.021650,0.536273,1.015603,-0.053071,0.254651,1
0.021700,0.509349,1.015992,-0.053423,0.258401,1
0.021750,0.481918,1.016349,-0.053800,0.261896,1
0.021800,0.454008,1.016672,-0.054199,0.265132,1
0.021850,0.425647,1.016959,-0.054617,0.268108,1
0.021900,0.396863,1.017211,-0.055053,0.270819,1
0.021950,0.367684,1.017424,-0.055504,0.273263,1
0.022000,0.338139,1.017600,-0.055967,0.275438,1
0.022050,0.308259,1.017736,-0.056441,0.277342,1
0.022100,0.278073,1.017833,-0.056923,0.278972,1
0.022150,0.247610,1.017889,-0.057410,0.280328,1
0.022200,0.216902,1.017905,-0.057899,0.281407,1
0.022250,0.185978,1.017881,-0.058389,0.282209,1
0.022300,0.154870,1.017816,-0.058876,0.282733,1
0.022350,0.123609,1.017711,-0.059358,0.282978,1
0.022400,0.092225,1.017566,-0.059833,0.282944,1
0.022450,0.060750,1.017382,-0.060298,0.282632,1
0.022500,0.029215,1.017160,-0.060750,0.282041,1
0.022550,-0.002348,1.016900,-0.061187,0.281173,1
0.022600,-0.033907,1.016603,-0.061607,0.280027,1
0.022650,-0.065433,1.016271,-0.062007,0.278605,1
0.022700,-0.096892,1.015904,-0.062386,0.276909,1
0.022750,-0.128255,1.015505,-0.062740,0.274940,1
0.022800,-0.159489,1.015075,-0.063068,0.272700,1
0.022850,-0.190563,1.014615,-0.063369,0.270192,1
0.022900,-0.221447,1.014128,-0.063639,0.267417,1
0.022950,-0.252110,1.013615,-0.063879,0.264379,1
0.023000,-0.282522,1.013078,-0.064085,0.261081,1
0.023050,-0.312651,1.012520,-0.064256,0.257525,1
0.023100,-0.342469,1.011943,-0.064392,0.253716,1
0.023150,-0.371945,1.011349,-0.064490,0.249656,1
0.023200,-0.401051,1.010740,-0.064551,0.245351,1
0.023250,-0.429756,1.010120,-0.064572,0.240804,1
0.023300,-0.458034,1.009490,-0.064554,0.236020,1
0.023350,-0.485855,1.008853,-0.064496,0.231003,1
0.023400,-0.513191,1.008211,-0.064397,0.225759,1
0.023450,-0.540017,1.007568,-0.064257,0.220293,1
0.023500,-0.566305,1.006926,-0.064077,0.214609,1
0.023550,-0.592028,1.006287,-0.063855,0.208714,1
0.023600,-0.617162,1.005654,-0.063594,0.202614,1
0.023650,-0.641682,1.005030,-0.063292,0.196314,1
0.023700,-0.665562,1.004417,-0.062951,0.189821,1
0.023750,-0.688780,1.003818,-0.062571,0.183140,1
0.023800,-0.711312,1.003234,-0.062153,0.176280,1
0.023850,-0.733135,1.002670,-0.061699,0.169245,1
0.023900,-0.754229,1.002126,-0.061209,0.162045,1
0.023950,-0.774572,1.001605,-0.060685,0.154684,1
0.024000,-0.794145,1.001110,-0.060128,0.147171,1
0.024050,-0.812926,1.000642,-0.059541,0.139514,1
0.024100,-0.830899,1.000203,-0.058924,0.131719,1
0.024150,-0.848044,0.999795,-0.058280,0.123794,1
0.024200,-0.864346,0.999420,-0.057611,0.115747,1
0.024250,-0.879788,0.999080,-0.056918,0.107587,1
0.024300,-0.894354,0.998775,-0.056205,0.099321,1
0.024350,-0.908030,0.998508,-0.055473,0.090956,1
0.024400,-0.920803,0.998279,-0.054725,0.082503,1
0.024450,-0.932660,0.998089,-0.053963,0.073968,1
0.024500,-0.943589,0.997939,-0.053190,0.065360,1
0.024550,-0.953579,0.997830,-0.052408,0.056689,1
0.024600,-0.962620,0.997763,-0.051620,0.047961,1
0.024650,-0.970704,0.997737,-0.050828,0.039186,1
0.024700,-0.977823,0.997753,-0.050036,0.030373,1
0.024750,-0.983969,0.997811,-0.049245,0.021530,1
0.024800,-0.989136,0.997911,-0.048459,0.012666,1
0.024850,-0.993320,0.998053,-0.047680,0.003790,1
0.024900,-0.996515,0.998235,-0.046911,-0.005090,1
0.024950,-0.998720,0.998458,-0.046155,-0.013965,1
0.025000,-0.999931,0.998720,-0.045413,-0.022826,1
0.025050,-1.000149,0.999021,-0.044688,-0.031664,1
0.025100,-0.999371,0.999359,-0.043983,-0.040471,1
0.025150,-0.997600,0.999733,-0.043301,-0.049238,1
0.025200,-0.994838,1.000142,-0.042643,-0.057956,1
0.025250,-0.991086,1.000585,-0.042011,-0.066618,1
0.025300,-0.986349,1.001058,-0.041408,-0.075213,1
0.025350,-0.980631,1.001561,-0.040836,-0.083734,1
0.025400,-0.973938,1.002092,-0.040296,-0.092172,1
0.025450,-0.966278,1.002649,-0.039790,-0.100520,1
0.025500,-0.957657,1.003229,-0.039321,-0.108768,1
0.025550,-0.948084,1.003830,-0.038888,-0.116909,1
0.025600,-0.937569,1.004449,-0.038494,-0.124935,1
0.025650,-0.926122,1.005085,-0.038139,-0.132837,1
0.025700,-0.913754,1.005735,-0.037825,-0.140608,1
0.025750,-0.900479,1.006396,-0.037553,-0.148241,1
0.025800,-0.886309,1.007066,-0.037322,-0.155728,1
0.025850,-0.871258,1.007742,-0.037134,-0.163060,1
0.025900,-0.855341,1.008421,-0.036990,-0.170233,1
0.025950,-0.838575,1.009100,-0.036888,-0.177237,1
0.026000,-0.820975,1.009777,-0.036829,-0.184066,1
0.026050,-0.802560,1.010450,-0.036813,-0.190714,1
0.026100,-0.783348,1.011115,-0.036840,-0.197174,1
0.026150,-0.763357,1.011770,-0.036908,-0.203440,1
0.026200,-0.742609,1.012412,-0.037018,-0.209505,1
0.026250,-0.721122,1.013038,-0.037169,-0.215363,1
0.026300,-0.698920,1.013647,-0.037359,-0.221009,1
0.026350,-0.676024,1.014235,-0.037587,-0.226437,1
0.026400,-0.652456,1.014801,-0.037852,-0.231642,1
0.026450,-0.628240,1.015341,-0.038152,-0.236619,1
0.026500,-0.603401,1.015855,-0.038486,-0.241362,1
0.026550,-0.577963,1.016339,-0.038852,-0.245867,1
0.026600,-0.551951,1.016792,-0.039248,-0.250130,1
0.026650,-0.525391,1.017211,-0.039673,-0.254147,1
0.026700,-0.498310,1.017596,-0.040123,-0.257912,1
0.026750,-0.470734,1.017944,-0.040597,-0.261424,1
0.026800,-0.442691,1.018255,-0.041093,-0.264678,1
0.026850,-0.414209,1.018526,-0.041607,-0.267671,1
0.026900,-0.385316,1.018757,-0.042138,-0.270400,1
0.026950,-0.356041,1.018947,-0.042683,-0.272863,1
0.027000,-0.326413,1.019095,-0.043240,-0.275056,1
0.027050,-0.296461,1.019200,-0.043804,-0.276979,1
0.027100,-0.266216,1.019262,-0.044375,-0.278628,1
0.027150,-0.235707,1.019280,-0.044949,-0.280003,1
0.027200,-0.204964,1.019255,-0.045524,-0.281102,1
0.027250,-0.174019,1.019187,-0.046096,-0.281924,1
0.027300,-0.142901,1.019075,-0.046663,-0.282468,1
0.027350,-0.111643,1.018920,-0.047222,-0.282733,1
0.027400,-0.080274,1.018722,-0.047771,-0.282720,1
0.027450,-0.048826,1.018484,-0.048307,-0.282428,1
0.027500,-0.017331,1.018204,-0.048826,-0.281858,1
0.027550,0.014181,1.017885,-0.049328,-0.281010,1
0.027600,0.045678,1.017527,-0.049809,-0.279885,1
0.027650,0.077128,1.017133,-0.050266,-0.278485,1
0.027700,0.108501,1.016702,-0.050698,-0.276809,1
0.027750,0.139766,1.016238,-0.051103,-0.274861,1
0.027800,0.170891,1.015743,-0.051477,-0.272642,1
0.027850,0.201845,1.015217,-0.051820,-0.270155,1
0.027900,0.232598,1.014663,-0.052129,-0.267401,1
0.027950,0.263119,1.014083,-0.052403,-0.264383,1
0.028000,0.293378,1.013480,-0.052639,-0.261106,1
0.028050,0.323345,1.012855,-0.052838,-0.257570,1
0.028100,0.352990,1.012212,-0.052997,-0.253781,1
0.028150,0.382283,1.011553,-0.053115,-0.249742,1
0.028200,0.411196,1.010881,-0.053191,-0.245457,1
0.028250,0.439700,1.010197,-0.053225,-0.240929,1
0.028300,0.467767,1.009506,-0.053215,-0.236165,1
0.028350,0.495367,1.008809,-0.053162,-0.231167,1
0.028400,0.522476,1.008109,-0.053065,-0.225942,1
0.028450,0.549064,1.007410,-0.052925,-0.220494,1
0.028500,0.575107,1.006714,-0.052740,-0.214829,1
0.028550,0.600578,1.006024,-0.052512,-0.208952,1
0.028600,0.625451,1.005342,-0.052240,-0.202870,1
0.028650,0.649703,1.004672,-0.051926,-0.196587,1
0.028700,0.673309,1.004016,-0.051570,-0.190111,1
0.028750,0.696246,1.003376,-0.051173,-0.183447,1
0.028800,0.718490,1.002756,-0.050737,-0.176603,1
0.028850,0.740021,1.002157,-0.050262,-0.169584,1
0.028900,0.760816,1.001582,-0.049750,-0.162399,1
0.028950,0.780855,1.001034,-0.049202,-0.155054,1
0.029000,0.800118,1.000515,-0.048621,-0.147555,1
0.029050,0.818586,1.000027,-0.048008,-0.139912,1
0.029100,0.836241,0.999571,-0.047365,-0.132130,1
0.029150,0.853065,0.999150,-0.046694,-0.124219,1
0.029200,0.869042,0.998765,-0.045998,-0.116185,1
0.029250,0.884155,0.998419,-0.045278,-0.108037,1
0.029300,0.898390,0.998111,-0.044538,-0.099782,1
0.029350,0.911732,0.997845,-0.043780,-0.091429,1
0.029400,0.924169,0.997620,-0.043005,-0.082986,1
0.029450,0.935688,0.997438,-0.042218,-0.074461,1
0.029500,0.946277,0.997299,-0.041421,-0.065863,1
0.029550,0.955927,0.997204,-0.040616,-0.057200,1
0.029600,0.964628,0.997154,-0.039807,-0.048481,1
0.029650,0.972370,0.997149,-0.038996,-0.039714,1
0.029700,0.979147,0.997189,-0.038185,-0.030908,1
0.029750,0.984952,0.997273,-0.037379,-0.022071,1
0.029800,0.989779,0.997402,-0.036579,-0.013213,1
0.029850,0.993623,0.997574,-0.035789,-0.004342,1
0.029900,0.996481,0.997790,-0.035010,0.004533,1
0.029950,0.998349,0.998049,-0.034247,0.013403,1
0.030000,0.999226,0.998349,-0.033501,0.022261,1
0.030050,0.999111,0.998689,-0.032776,0.031096,1
0.030100,0.998004,0.999069,-0.032073,0.039901,1
0.030150,0.995907,0.999486,-0.031395,0.048666,1
0.030200,0.992821,0.999939,-0.030745,0.057383,1
0.030250,0.988750,1.000426,-0.030125,0.066043,1
0.030300,0.983698,1.000945,-0.029536,0.074638,1
0.030350,0.977669,1.001495,-0.028982,0.083160,1
0.030400,0.970670,1.002072,-0.028463,0.091600,1
0.030450,0.962707,1.002676,-0.027981,0.099949,1
0.030500,0.953789,1.003302,-0.027538,0.108199,1
0.030550,0.943925,1.003950,-0.027136,0.116343,1
0.030600,0.933124,1.004616,-0.026776,0.124372,1
0.030650,0.921398,1.005298,-0.026458,0.132278,1
0.030700,0.908757,1.005992,-0.026184,0.140054,1
0.030750,0.895215,1.006697,-0.025955,0.147692,1
0.030800,0.880784,1.007409,-0.025770,0.155184,1
0.030850,0.865480,1.008126,-0.025631,0.162523,1
0.030900,0.849317,1.008845,-0.025538,0.169702,1
0.030950,0.832312,1.009562,-0.025490,0.176713,1
0.031000,0.814481,1.010275,-0.025488,0.183550,1
0.031050,0.795842,1.010982,-0.025532,0.190206,1
0.031100,0.776414,1.011678,-0.025620,0.196675,1
0.031150,0.756216,1.012362,-0.025752,0.202949,1
0.031200,0.735268,1.013031,-0.025927,0.209024,1
0.031250,0.713592,1.013682,-0.026145,0.214892,1
0.031300,0.691207,1.014312,-0.026403,0.220549,1
0.031350,0.668137,1.014919,-0.026702,0.225988,1
0.031400,0.644405,1.015500,-0.027038,0.231204,1
0.031450,0.620034,1.016054,-0.027411,0.236192,1
0.031500,0.595049,1.016577,-0.027818,0.240947,1
0.031550,0.569474,1.017068,-0.028258,0.245465,1
0.031600,0.543334,1.017524,-0.028729,0.249741,1
0.031650,0.516656,1.017945,-0.029228,0.253770,1
0.031700,0.489466,1.018327,-0.029754,0.257549,1
0.031750,0.461791,1.018670,-0.030302,0.261075,1
0.031800,0.433659,1.018972,-0.030872,0.264342,1
0.031850,0.405097,1.019232,-0.031461,0.267350,1
0.031900,0.376134,1.019448,-0.032065,0.270093,1
0.031950,0.346798,1.019620,-0.032682,0.272571,1
0.032000,0.317120,1.019748,-0.033309,0.274779,1
0.032050,0.287127,1.019830,-0.033944,0.276717,1
0.032100,0.256851,1.019866,-0.034584,0.278382,1
0.032150,0.226320,1.019855,-0.035224,0.279772,1
0.032200,0.195566,1.019799,-0.035864,0.280887,1
0.032250,0.164618,1.019697,-0.036499,0.281725,1
0.032300,0.133509,1.019549,-0.037128,0.282285,1
0.032350,0.102267,1.019357,-0.037746,0.282566,1
0.032400,0.070925,1.019120,-0.038352,0.282569,1
0.032450,0.039513,1.018839,-0.038942,0.282294,1
0.032500,0.008063,1.018516,-0.039513,0.281740,1
0.032550,-0.023394,1.018152,-0.040064,0.280908,1
0.032600,-0.054827,1.017748,-0.040591,0.279800,1
0.032650,-0.086205,1.017306,-0.041092,0.278415,1
0.032700,-0.117496,1.016828,-0.041565,0.276756,1
0.032750,-0.148670,1.016315,-0.042007,0.274825,1
0.032800,-0.179696,1.015769,-0.042417,0.272622,1
0.032850,-0.210543,1.015193,-0.042792,0.270151,1
0.032900,-0.241180,1.014588,-0.043130,0.267413,1
0.032950,-0.271577,1.013958,-0.043430,0.264412,1
0.033000,-0.301704,1.013304,-0.043690,0.261150,1
0.033050,-0.331530,1.012629,-0.043908,0.257630,1
0.033100,-0.361027,1.011936,-0.044084,0.253857,1
0.033150,-0.390165,1.011228,-0.044216,0.249833,1
0.033200,-0.418916,1.010507,-0.044304,0.245563,1
0.033250,-0.447250,1.009776,-0.044347,0.241051,1
0.033300,-0.475140,1.009039,-0.044343,0.236302,1
0.033350,-0.502557,1.008297,-0.044294,0.231319,1
0.033400,-0.529476,1.007554,-0.044198,0.226108,1
0.033450,-0.555869,1.006814,-0.044055,0.220675,1
0.033500,-0.581709,1.006077,-0.043867,0.215024,1
0.033550,-0.606972,1.005349,-0.043632,0.209161,1
0.033600,-0.631633,1.004631,-0.043353,0.203092,1
0.033650,-0.655666,1.003927,-0.043029,0.196822,1
0.033700,-0.679049,1.003239,-0.042661,0.190359,1
0.033750,-0.701757,1.002570,-0.042251,0.183708,1
0.033800,-0.723769,1.001923,-0.041799,0.176876,1
0.033850,-0.745062,1.001300,-0.041308,0.169870,1
0.033900,-0.765617,1.000704,-0.040778,0.162696,1
0.033950,-0.785411,1.000137,-0.040212,0.155361,1
0.034000,-0.804426,0.999601,-0.039612,0.147874,1
0.034050,-0.822642,0.999099,-0.038979,0.140241,1
0.034100,-0.840043,0.998632,-0.038316,0.132470,1
0.034150,-0.856610,0.998203,-0.037624,0.124568,1
0.034200,-0.872327,0.997813,-0.036907,0.116543,1
0.034250,-0.887179,0.997464,-0.036167,0.108404,1
0.034300,-0.901150,0.997156,-0.035406,0.100158,1
0.034350,-0.914228,0.996893,-0.034628,0.091813,1
0.034400,-0.926399,0.996673,-0.033834,0.083377,1
0.034450,-0.937651,0.996499,-0.033028,0.074859,1
0.034500,-0.947973,0.996371,-0.032213,0.066268,1
0.034550,-0.957354,0.996290,-0.031392,0.057611,1
0.034600,-0.965787,0.996255,-0.030566,0.048898,1
0.034650,-0.973261,0.996268,-0.029741,0.040136,1
0.034700,-0.979770,0.996327,-0.028918,0.031335,1
0.034750,-0.985308,0.996434,-0.028100,0.022503,1
0.034800,-0.989869,0.996587,-0.027290,0.013649,1
0.034850,-0.993448,0.996786,-0.026492,0.004782,1
0.034900,-0.996042,0.997030,-0.025708,-0.004090,1
0.034950,-0.997648,0.997318,-0.024941,-0.012958,1
0.035000,-0.998266,0.997648,-0.024194,-0.021813,1
0.035050,-0.997894,0.998021,-0.023469,-0.030647,1
0.035100,-0.996532,0.998434,-0.022770,-0.039450,1
0.035150,-0.994182,0.998885,-0.022097,-0.048215,1
0.035200,-0.990847,0.999374,-0.021455,-0.056931,1
0.035250,-0.986530,0.999897,-0.020845,-0.065592,1
0.035300,-0.981235,1.000453,-0.020269,-0.074188,1
0.035350,-0.974967,1.001039,-0.019730,-0.082711,1
0.035400,-0.967733,1.001654,-0.019229,-0.091152,1
0.035450,-0.959540,1.002295,-0.018767,-0.099503,1
0.035500,-0.950396,1.002959,-0.018348,-0.107756,1
0.035550,-0.940310,1.003643,-0.017971,-0.115903,1
0.035600,-0.929292,1.004346,-0.017638,-0.123935,1
0.035650,-0.917354,1.005063,-0.017351,-0.131845,1
0.035700,-0.904506,1.005793,-0.017109,-0.139625,1
0.035750,-0.890762,1.006532,-0.016915,-0.147267,1
0.035800,-0.876135,1.007277,-0.016768,-0.154765,1
0.035850,-0.860641,1.008026,-0.016668,-0.162109,1
0.035900,-0.844293,1.008775,-0.016616,-0.169294,1
0.035950,-0.827110,1.009522,-0.016612,-0.176311,1
0.036000,-0.809107,1.010263,-0.016656,-0.183155,1
0.036050,-0.790302,1.010995,-0.016746,-0.189818,1
0.036100,-0.770715,1.011716,-0.016883,-0.196294,1
0.036150,-0.750364,1.012422,-0.017066,-0.202576,1
0.036200,-0.729270,1.013112,-0.017293,-0.208658,1
0.036250,-0.707454,1.013781,-0.017563,-0.214535,1
0.036300,-0.684938,1.014427,-0.017876,-0.220200,1
0.036350,-0.661743,1.015048,-0.018230,-0.225648,1
0.036400,-0.637892,1.015641,-0.018622,-0.230874,1
0.036450,-0.613411,1.016204,-0.019052,-0.235872,1
0.036500,-0.588322,1.016734,-0.019517,-0.240637,1
0.036550,-0.562650,1.017229,-0.020015,-0.245165,1
0.036600,-0.536422,1.017688,-0.020544,-0.249451,1
0.036650,-0.509663,1.018108,-0.021101,-0.253491,1
0.036700,-0.482399,1.018488,-0.021684,-0.257281,1
0.036750,-0.454658,1.018826,-0.022291,-0.260817,1
0.036800,-0.426467,1.019120,-0.022919,-0.264096,1
0.036850,-0.397854,1.019370,-0.023564,-0.267115,1
0.036900,-0.368848,1.019575,-0.024225,-0.269870,1
0.036950,-0.339477,1.019733,-0.024898,-0.272360,1
0.037000,-0.309771,1.019844,-0.025580,-0.274580,1
0.037050,-0.279758,1.019907,-0.026269,-0.276530,1
0.037100,-0.249469,1.019922,-0.026961,-0.278207,1
0.037150,-0.218933,1.019890,-0.027653,-0.279610,1
0.037200,-0.188181,1.019809,-0.028342,-0.280737,1
0.037250,-0.157244,1.019680,-0.029026,-0.281588,1
0.037300,-0.126152,1.019505,-0.029700,-0.282160,1
0.037350,-0.094935,1.019282,-0.030363,-0.282455,1
0.037400,-0.063625,1.019014,-0.031012,-0.282470,1
0.037450,-0.032253,1.018701,-0.031643,-0.282208,1
0.037500,-0.000850,1.018344,-0.032253,-0.281667,1
0.037550,0.030553,1.017946,-0.032841,-0.280848,1
0.037600,0.061925,1.017506,-0.033403,-0.279752,1
0.037650,0.093235,1.017028,-0.033936,-0.278381,1
0.037700,0.124451,1.016512,-0.034440,-0.276735,1
0.037750,0.155544,1.015961,-0.034910,-0.274816,1
0.037800,0.186481,1.015377,-0.035345,-0.272626,1
0.037850,0.217233,1.014762,-0.035743,-0.270167,1
0.037900,0.247769,1.014119,-0.036102,-0.267442,1
0.037950,0.278059,1.013451,-0.036421,-0.264453,1
0.038000,0.308072,1.012758,-0.036697,-0.261204,1
0.038050,0.337779,1.012046,-0.036930,-0.257697,1
0.038100,0.367151,1.011316,-0.037118,-0.253935,1
0.038150,0.396158,1.010571,-0.037259,-0.249924,1
0.038200,0.424772,1.009813,-0.037355,-0.245666,1
0.038250,0.452965,1.009048,-0.037402,-0.241165,1
0.038300,0.480708,1.008276,-0.037402,-0.236427,1
0.038350,0.507974,1.007501,-0.037354,-0.231456,1
0.038400,0.534736,1.006726,-0.037257,-0.226257,1
0.038450,0.560967,1.005955,-0.037112,-0.220834,1
0.038500,0.586642,1.005190,-0.036920,-0.215194,1
0.038550,0.611735,1.004434,-0.036679,-0.209341,1
0.038600,0.636222,1.003690,-0.036392,-0.203282,1
0.038650,0.660078,1.002962,-0.036059,-0.197023,1
0.038700,0.683279,1.002252,-0.035682,-0.190569,1
0.038750,0.705802,1.001562,-0.035260,-0.183928,1
0.038800,0.727626,1.000896,-0.034796,-0.177105,1
0.038850,0.748729,1.000257,-0.034292,-0.170108,1
0.038900,0.769089,0.999646,-0.033748,-0.162942,1
0.038950,0.788687,0.999067,-0.033168,-0.155617,1
0.039000,0.807503,0.998521,-0.032552,-0.148137,1
0.039050,0.825519,0.998011,-0.031903,-0.140512,1
0.039100,0.842716,0.997538,-0.031224,-0.132748,1
0.039150,0.859078,0.997105,-0.030517,-0.124853,1
0.039200,0.874589,0.996714,-0.029784,-0.116836,1
0.039250,0.889233,0.996365,-0.029028,-0.108703,1
0.039300,0.902996,0.996060,-0.028251,-0.100462,1
0.039350,0.915865,0.995801,-0.027458,-0.092123,1
0.039400,0.927825,0.995589,-0.026649,-0.083693,1
0.039450,0.938867,0.995423,-0.025829,-0.075181,1
0.039500,0.948978,0.995306,-0.025001,-0.066594,1
0.039550,0.958149,0.995237,-0.024167,-0.057942,1
0.039600,0.966370,0.995217,-0.023331,-0.049232,1
0.039650,0.973635,0.995246,-0.022495,-0.040474,1
0.039700,0.979935,0.995324,-0.021663,-0.031677,1
0.039750,0.985264,0.995450,-0.020837,-0.022848,1
0.039800,0.989617,0.995624,-0.020022,-0.013996,1
0.039850,0.992990,0.995845,-0.019219,-0.005131,1
0.039900,0.995379,0.996113,-0.018432,0.003739,1
0.039950,0.996782,0.996425,-0.017664,0.012606,1
0.040000,0.997198,0.996782,-0.016917,0.021460,1
0.040050,0.996627,0.997182,-0.016194,0.030293,1
0.040100,0.995068,0.997622,-0.015498,0.039096,1
0.040150,0.992524,0.998102,-0.014832,0.047860,1
0.040200,0.988997,0.998619,-0.014198,0.056577,1
0.040250,0.984491,0.999172,-0.013597,0.065239,1
0.040300,0.979010,0.999758,-0.013033,0.073836,1
0.040350,0.972560,1.000374,-0.012507,0.082360,1
0.040400,0.965146,1.001019,-0.012022,0.090802,1
0.040450,0.956777,1.001689,-0.011578,0.099156,1
0.040500,0.947461,1.002383,-0.011178,0.107411,1
0.040550,0.937206,1.003097,-0.010823,0.115561,1
0.040600,0.926024,1.003828,-0.010513,0.123596,1
0.040650,0.913925,1.004574,-0.010251,0.131510,1
0.040700,0.900921,1.005332,-0.010037,0.139294,1
0.040750,0.887026,1.006098,-0.009872,0.146940,1
0.040800,0.872252,1.006869,-0.009755,0.154442,1
0.040850,0.856615,1.007643,-0.009688,0.161791,1
0.040900,0.840131,1.008416,-0.009670,0.168980,1
0.040950,0.822814,1.009186,-0.009701,0.176003,1
0.041000,0.804684,1.009948,-0.009781,0.182853,1
0.041050,0.785757,1.010701,-0.009910,0.189522,1
0.041100,0.766052,1.011440,-0.010086,0.196004,1
0.041150,0.745590,1.012163,-0.010309,0.202292,1
0.041200,0.724390,1.012868,-0.010578,0.208382,1
0.041250,0.702473,1.013551,-0.010891,0.214265,1
0.041300,0.679861,1.014209,-0.011247,0.219938,1
0.041350,0.656576,1.014840,-0.011645,0.225393,1
0.041400,0.632642,1.015442,-0.012082,0.230626,1
0.041450,0.608082,1.016011,-0.012556,0.235632,1
0.041500,0.582921,1.016546,-0.013067,0.240405,1
0.041550,0.557183,1.017045,-0.013610,0.244941,1
0.041600,0.530894,1.017504,-0.014185,0.249236,1
0.041650,0.504080,1.017924,-0.014788,0.253284,1
0.041700,0.476768,1.018301,-0.015417,0.257083,1
0.041750,0.448984,1.018634,-0.016069,0.260629,1
0.041800,0.420756,1.018922,-0.016741,0.263917,1
0.041850,0.392113,1.019164,-0.017431,0.266945,1
0.041900,0.363082,1.019358,-0.018136,0.269710,1
0.041950,0.333693,1.019504,-0.018852,0.272209,1
0.042000,0.303974,1.019602,-0.019577,0.274439,1
0.042050,0.273954,1.019650,-0.020307,0.276398,1
0.042100,0.243664,1.019648,-0.021039,0.278085,1
0.042150,0.213134,1.019597,-0.021770,0.279498,1
0.042200,0.182393,1.019497,-0.022498,0.280635,1
0.042250,0.151473,1.019348,-0.023218,0.281495,1
0.042300,0.120404,1.019150,-0.023928,0.282078,1
0.042350,0.089216,1.018904,-0.024626,0.282383,1
0.042400,0.057940,1.018611,-0.025306,0.282408,1
0.042450,0.026608,1.018273,-0.025968,0.282156,1
0.042500,-0.004749,1.017890,-0.026608,0.281625,1
0.042550,-0.036101,1.017464,-0.027223,0.280816,1
0.042600,-0.067417,1.016997,-0.027811,0.279731,1
0.042650,-0.098665,1.016490,-0.028369,0.278369,1
0.042700,-0.129815,1.015945,-0.028895,0.276733,1
0.042750,-0.160835,1.015366,-0.029385,0.274825,1
0.042800,-0.191695,1.014752,-0.029839,0.272645,1
0.042850,-0.222365,1.014108,-0.030254,0.270196,1
0.042900,-0.252814,1.013436,-0.030629,0.267480,1
0.042950,-0.283012,1.012738,-0.030960,0.264501,1
0.043000,-0.312929,1.012017,-0.031248,0.261261,1
0.043050,-0.342535,1.011275,-0.031490,0.257764,1
0.043100,-0.371802,1.010517,-0.031686,0.254012,1
0.043150,-0.400699,1.009744,-0.031834,0.250009,1
0.043200,-0.429200,1.008960,-0.031934,0.245760,1
0.043250,-0.457275,1.008168,-0.031985,0.241269,1
0.043300,-0.484896,1.007370,-0.031986,0.236540,1
0.043350,-0.512037,1.006571,-0.031938,0.231577,1
0.043400,-0.538671,1.005773,-0.031839,0.226386,1
0.043450,-0.564770,1.004979,-0.031692,0.220972,1
0.043500,-0.590310,1.004193,-0.031495,0.215340,1
0.043550,-0.615265,1.003417,-0.031249,0.209495,1
0.043600,-0.639610,1.002655,-0.030955,0.203444,1
0.043650,-0.663322,1.001910,-0.030615,0.197192,1
0.043700,-0.686376,1.001184,-0.030228,0.190746,1
0.043750,-0.708751,1.000480,-0.029798,0.184112,1
0.043800,-0.730423,0.999802,-0.029324,0.177296,1
0.043850,-0.751372,0.999152,-0.028808,0.170305,1
0.043900,-0.771577,0.998532,-0.028253,0.163146,1
0.043950,-0.791018,0.997945,-0.027661,0.155827,1
0.044000,-0.809675,0.997393,-0.027033,0.148353,1
0.044050,-0.827531,0.996878,-0.026372,0.140734,1
0.044100,-0.844567,0.996403,-0.025680,0.132975,1
0.044150,-0.860766,0.995969,-0.024960,0.125086,1
0.044200,-0.876114,0.995578,-0.024215,0.117073,1
0.044250,-0.890593,0.995232,-0.023447,0.108945,1
0.044300,-0.904191,0.994931,-0.022658,0.100709,1
0.044350,-0.916894,0.994678,-0.021853,0.092374,1
0.044400,-0.928689,0.994473,-0.021034,0.083948,1
0.044450,-0.939565,0.994316,-0.020204,0.075439,1
0.044500,-0.949511,0.994210,-0.019365,0.066855,1
0.044550,-0.958516,0.994153,-0.018523,0.058206,1
0.044600,-0.966573,0.994146,-0.017678,0.049499,1
0.044650,-0.973673,0.994189,-0.016835,0.040744,1
0.044700,-0.979810,0.994282,-0.015997,0.031948,1
0.044750,-0.984976,0.994425,-0.015167,0.023121,1
0.044800,-0.989168,0.994617,-0.014347,0.014271,1
0.044850,-0.992380,0.994857,-0.013542,0.005407,1
0.044900,-0.994611,0.995145,-0.012753,-0.003462,1
0.044950,-0.995857,0.995478,-0.011985,-0.012328,1
0.045000,-0.996117,0.995857,-0.011240,-0.021181,1
0.045050,-0.995392,0.996279,-0.010520,-0.030014,1
0.045100,-0.993682,0.996742,-0.009829,-0.038817,1
0.045150,-0.990989,0.997245,-0.009168,-0.047582,1
0.045200,-0.987315,0.997786,-0.008541,-0.056300,1
0.045250,-0.982664,0.998362,-0.007949,-0.064962,1
0.045300,-0.977040,0.998972,-0.007396,-0.073560,1
0.045350,-0.970450,0.999613,-0.006882,-0.082086,1
0.045400,-0.962900,1.000282,-0.006410,-0.090531,1
0.045450,-0.954397,1.000976,-0.005981,-0.098886,1
0.045500,-0.944950,1.001694,-0.005598,-0.107144,1
0.045550,-0.934569,1.002431,-0.005261,-0.115296,1
0.045600,-0.923262,1.003186,-0.004971,-0.123334,1
0.045650,-0.911043,1.003954,-0.004730,-0.131251,1
0.045700,-0.897922,1.004734,-0.004538,-0.139038,1
0.045750,-0.883913,1.005521,-0.004396,-0.146689,1
0.045800,-0.869029,1.006313,-0.004305,-0.154194,1
0.045850,-0.853287,1.007106,-0.004264,-0.161547,1
0.045900,-0.836700,1.007898,-0.004274,-0.168741,1
0.045950,-0.819286,1.008685,-0.004334,-0.175769,1
0.046000,-0.801061,1.009464,-0.004444,-0.182623,1
0.046050,-0.782044,1.010232,-0.004603,-0.189297,1
0.046100,-0.762254,1.010986,-0.004811,-0.195784,1
0.046150,-0.741711,1.011722,-0.005066,-0.202078,1
0.046200,-0.720433,1.012438,-0.005368,-0.208173,1
0.046250,-0.698444,1.013132,-0.005715,-0.214062,1
0.046300,-0.675764,1.013799,-0.006106,-0.219740,1
0.046350,-0.652416,1.014438,-0.006538,-0.225202,1
0.046400,-0.628423,1.015045,-0.007010,-0.230441,1
0.046450,-0.603809,1.015619,-0.007521,-0.235453,1
0.046500,-0.578598,1.016158,-0.008067,-0.240233,1
0.046550,-0.552815,1.016658,-0.008646,-0.244776,1
0.046600,-0.526485,1.017118,-0.009257,-0.249078,1
0.046650,-0.499636,1.017536,-0.009896,-0.253133,1
0.046700,-0.472293,1.017910,-0.010560,-0.256939,1
0.046750,-0.444483,1.018239,-0.011248,-0.260492,1
0.046800,-0.416234,1.018522,-0.011955,-0.263788,1
0.046850,-0.387574,1.018756,-0.012680,-0.266823,1
0.046900,-0.358531,1.018942,-0.013418,-0.269595,1
0.046950,-0.329134,1.019079,-0.014168,-0.272102,1
0.047000,-0.299412,1.019165,-0.014925,-0.274339,1
0.047050,-0.269395,1.019201,-0.015687,-0.276307,1
0.047100,-0.239112,1.019187,-0.016450,-0.278002,1
0.047150,-0.208593,1.019121,-0.017212,-0.279422,1
0.047200,-0.177868,1.019005,-0.017969,-0.280567,1
0.047250,-0.146968,1.018839,-0.018717,-0.281435,1
0.047300,-0.115924,1.018623,-0.019454,-0.282026,1
0.047350,-0.084765,1.018359,-0.020177,-0.282338,1
0.047400,-0.053524,1.018047,-0.020883,-0.282372,1
0.047450,-0.022230,1.017689,-0.021568,-0.282127,1
0.047500,0.009085,1.017286,-0.022230,-0.281605,1
0.047550,0.040391,1.016839,-0.022866,-0.280804,1
0.047600,0.071656,1.016350,-0.023473,-0.279726,1
0.047650,0.102849,1.015821,-0.024048,-0.278373,1
0.047700,0.133939,1.015254,-0.024590,-0.276744,1
0.047750,0.164897,1.014652,-0.025096,-0.274843,1
0.047800,0.195690,1.014016,-0.025564,-0.272671,1
0.047850,0.226290,1.013350,-0.025991,-0.270230,1
0.047900,0.256664,1.012655,-0.026376,-0.267522,1
0.047950,0.286785,1.011935,-0.026717,-0.264550,1
0.048000,0.316620,1.011191,-0.027013,-0.261318,1
0.048050,0.346142,1.010428,-0.027262,-0.257828,1
0.048100,0.375321,1.009649,-0.027463,-0.254083,1
0.048150,0.404128,1.008855,-0.027615,-0.250088,1
0.048200,0.432534,1.008051,-0.027717,-0.245846,1
0.048250,0.460512,1.007239,-0.027769,-0.241361,1
0.048300,0.488034,1.006423,-0.027771,-0.236639,1
0.048350,0.515072,1.005606,-0.027721,-0.231683,1
0.048400,0.541601,1.004790,-0.027621,-0.226498,1
0.048450,0.567593,1.003980,-0.027470,-0.221090,1
0.048500,0.593023,1.003179,-0.027269,-0.215464,1
0.048550,0.617865,1.002389,-0.027019,-0.209626,1
0.048600,0.642096,1.001614,-0.026719,-0.203581,1
0.048650,0.665692,1.000856,-0.026372,-0.197334,1
0.048700,0.688628,1.000120,-0.025978,-0.190894,1
0.048750,0.710883,0.999407,-0.025540,-0.184265,1
0.048800,0.732434,0.998720,-0.025057,-0.177454,1
0.048850,0.753260,0.998063,-0.024533,-0.170468,1
0.048900,0.773340,0.997437,-0.023969,-0.163314,1
0.048950,0.792656,0.996845,-0.023367,-0.155999,1
0.049000,0.811186,0.996290,-0.022730,-0.148530,1
0.049050,0.828914,0.995774,-0.022059,-0.140915,1
0.049100,0.845822,0.995299,-0.021358,-0.133160,1
0.049150,0.861893,0.994866,-0.020628,-0.125275,1
0.049200,0.877111,0.994477,-0.019873,-0.117265,1
0.049250,0.891461,0.994134,-0.019095,-0.109140,1
0.049300,0.904929,0.993838,-0.018298,-0.100908,1
0.049350,0.917502,0.993591,-0.017484,-0.092575,1
0.049400,0.929167,0.993393,-0.016656,-0.084152,1
0.049450,0.939912,0.993245,-0.015818,-0.075645,1
0.049500,0.949728,0.993147,-0.014973,-0.067064,1
0.049550,0.958605,0.993101,-0.014124,-0.058417,1
0.049600,0.966533,0.993106,-0.013273,-0.049712,1
0.049650,0.973505,0.993162,-0.012425,-0.040958,1
0.049700,0.979514,0.993269,-0.011583,-0.032164,1
0.049750,0.984554,0.993426,-0.010750,-0.023338,1
0.049800,0.988620,0.993633,-0.009928,-0.014489,1
0.049850,0.991709,0.993889,-0.009121,-0.005626,1
0.049900,0.993816,0.994194,-0.008333,0.003243,1
0.049950,0.994941,0.994545,-0.007566,0.012109,1
0.050000,0.995082,0.994941,-0.006822,0.020962,1
0.050050,0.994238,0.995381,-0.006106,0.029795,1
0.050100,0.992411,0.995863,-0.005418,0.038599,1
0.050150,0.989603,0.996385,-0.004763,0.047364,1
0.050200,0.985817,0.996945,-0.004143,0.056083,1
0.050250,0.981055,0.997541,-0.003559,0.064747,1
0.050300,0.975323,0.998170,-0.003015,0.073346,1
0.050350,0.968627,0.998830,-0.002512,0.081873,1
0.050400,0.960973,0.999519,-0.002051,0.090320,1
0.050450,0.952369,1.000233,-0.001635,0.098677,1
0.050500,0.942824,1.000969,-0.001266,0.106937,1
0.050550,0.932346,1.001725,-0.000944,0.115092,1
0.050600,0.920946,1.002498,-0.000671,0.123133,1
0.050650,0.908636,1.003284,-0.000447,0.131052,1
0.050700,0.895428,1.004081,-0.000274,0.138842,1
0.050750,0.881334,1.004885,-0.000151,0.146496,1
0.050800,0.866369,1.005693,-0.000080,0.154004,1
0.050850,0.850548,1.006502,-0.000061,0.161361,1
0.050900,0.833886,1.007308,-0.000093,0.168559,1
0.050950,0.816400,1.008109,-0.000176,0.175590,1
0.051000,0.798106,1.008900,-0.000310,0.182448,1
0.051050,0.779024,1.009680,-0.000494,0.189126,1
0.051100,0.759172,1.010445,-0.000727,0.195618,1
0.051150,0.738570,1.011191,-0.001008,0.201916,1
0.051200,0.717238,1.011916,-0.001337,0.208016,1
0.051250,0.695197,1.012617,-0.001710,0.213910,1
0.051300,0.672469,1.013291,-0.002128,0.219593,1
0.051350,0.649077,1.013935,-0.002588,0.225060,1
0.051400,0.625043,1.014548,-0.003089,0.230304,1
0.051450,0.600392,1.015125,-0.003627,0.235321,1
0.051500,0.575147,1.015665,-0.004201,0.240107,1
0.051550,0.549335,1.016166,-0.004809,0.244655,1
0.051600,0.522980,1.016626,-0.005447,0.248962,1
0.051650,0.496108,1.017043,-0.006114,0.253023,1
0.051700,0.468746,1.017414,-0.006807,0.256835,1
0.051750,0.440921,1.017740,-0.007522,0.260393,1
0.051800,0.412661,1.018017,-0.008256,0.263695,1
0.051850,0.383994,1.018246,-0.009008,0.266736,1
0.051900,0.354947,1.018426,-0.009773,0.269514,1
0.051950,0.325550,1.018554,-0.010548,0.272027,1
0.052000,0.295832,1.018632,-0.011330,0.274271,1
0.052050,0.265822,1.018658,-0.012117,0.276244,1
0.052100,0.235550,1.018632,-0.012904,0.277945,1
0.052150,0.205045,1.018555,-0.013689,0.279372,1
0.052200,0.174339,1.018427,-0.014468,0.280523,1
0.052250,0.143460,1.018247,-0.015237,0.281398,1
0.052300,0.112441,1.018018,-0.015995,0.281994,1
0.052350,0.081311,1.017739,-0.016737,0.282313,1
0.052400,0.050101,1.017412,-0.017461,0.282353,1
0.052450,0.018842,1.017039,-0.018164,0.282115,1
0.052500,-0.012434,1.016619,-0.018842,0.281598,1
0.052550,-0.043698,1.016156,-0.019494,0.280804,1
0.052600,-0.074918,1.015650,-0.020115,0.279732,1
0.052650,-0.106063,1.015105,-0.020704,0.278385,1
0.052700,-0.137103,1.014521,-0.021258,0.276763,1
0.052750,-0.168006,1.013901,-0.021775,0.274867,1
0.052800,-0.198743,1.013248,-0.022252,0.272701,1
0.052850,-0.229282,1.012565,-0.022688,0.270266,1
0.052900,-0.259594,1.011853,-0.023080,0.267564,1
0.052950,-0.289649,1.011116,-0.023428,0.264598,1
0.053000,-0.319417,1.010356,-0.023729,0.261371,1
0.053050,-0.348869,1.009577,-0.023982,0.257887,1
0.053100,-0.377975,1.008781,-0.024187,0.254147,1
0.053150,-0.406706,1.007972,-0.024341,0.250158,1
0.053200,-0.435035,1.007152,-0.024445,0.245921,1
0.053250,-0.462934,1.006326,-0.024497,0.241442,1
0.053300,-0.490374,1.005496,-0.024498,0.236724,1
0.053350,-0.517328,1.004666,-0.024447,0.231773,1
0.053400,-0.543771,1.003838,-0.024345,0.226594,1
0.053450,-0.569676,1.003017,-0.024191,0.221191,1
0.053500,-0.595017,1.002204,-0.023986,0.215569,1
0.053550,-0.619769,1.001404,-0.023731,0.209735,1
0.053600,-0.643907,1.000620,-0.023427,0.203695,1
0.053650,-0.667409,0.999854,-0.023074,0.197453,1
0.053700,-0.690251,0.999110,-0.022674,0.191016,1
0.053750,-0.712409,0.998391,-0.022229,0.184391,1
0.053800,-0.733863,0.997699,-0.021740,0.177584,1
0.053850,-0.754591,0.997037,-0.021209,0.170602,1
0.053900,-0.774573,0.996408,-0.020637,0.163451,1
0.053950,-0.793788,0.995815,-0.020028,0.156140,1
0.054000,-0.812218,0.995258,-0.019383,0.148674,1
0.054050,-0.829845,0.994742,-0.018704,0.141062,1
0.054100,-0.846651,0.994267,-0.017995,0.133310,1
0.054150,-0.862620,0.993836,-0.017258,0.125427,1
0.054200,-0.877736,0.993450,-0.016496,0.117420,1
0.054250,-0.891984,0.993111,-0.015711,0.109298,1
0.054300,-0.905350,0.992821,-0.014906,0.101067,1
0.054350,-0.917820,0.992579,-0.014086,0.092737,1
0.054400,-0.929383,0.992388,-0.013252,0.084315,1
0.054450,-0.940027,0.992247,-0.012408,0.075811,1
0.054500,-0.949742,0.992159,-0.011558,0.067231,1
0.054550,-0.958517,0.992122,-0.010704,0.058585,1
0.054600,-0.966345,0.992137,-0.009850,0.049881,1
0.054650,-0.973217,0.992203,-0.008998,0.041128,1
0.054700,-0.979128,0.992322,-0.008153,0.032335,1
0.054750,-0.984070,0.992491,-0.007318,0.023509,1
0.054800,-0.988039,0.992712,-0.006495,0.014661,1
0.054850,-0.991031,0.992981,-0.005688,0.005798,1
0.054900,-0.993044,0.993299,-0.004900,-0.003071,1
0.054950,-0.994075,0.993664,-0.004134,-0.011937,1
0.055000,-0.994124,0.994075,-0.003393,-0.020791,1
0.055050,-0.993190,0.994531,-0.002680,-0.029624,1
0.055100,-0.991274,0.995028,-0.001997,-0.038428,1
0.055150,-0.988378,0.995565,-0.001347,-0.047195,1
0.055200,-0.984505,0.996141,-0.000732,-0.055914,1
0.055250,-0.979660,0.996753,-0.000156,-0.064579,1
0.055300,-0.973846,0.997398,0.000381,-0.073180,1
0.055350,-0.967069,0.998073,0.000875,-0.081709,1
0.055400,-0.959337,0.998777,0.001326,-0.090157,1
0.055450,-0.950656,0.999506,0.001731,-0.098516,1
0.055500,-0.941036,1.000258,0.002089,-0.106778,1
0.055550,-0.930486,1.001029,0.002398,-0.114934,1
0.055600,-0.919017,1.001816,0.002658,-0.122978,1
0.055650,-0.906639,1.002616,0.002867,-0.130899,1
0.055700,-0.893366,1.003426,0.003026,-0.138692,1
0.055750,-0.879209,1.004244,0.003132,-0.146348,1
0.055800,-0.864184,1.005064,0.003186,-0.153860,1
0.055850,-0.848305,1.005885,0.003189,-0.161219,1
0.055900,-0.831588,1.006702,0.003139,-0.168420,1
0.055950,-0.814049,1.007514,0.003037,-0.175455,1
0.056000,-0.795706,1.008315,0.002884,-0.182316,1
0.056050,-0.776577,1.009104,0.002680,-0.188998,1
0.056100,-0.756680,1.009877,0.002427,-0.195493,1
0.056150,-0.736037,1.010631,0.002125,-0.201795,1
0.056200,-0.714665,1.011363,0.001775,-0.207898,1
0.056250,-0.692588,1.012069,0.001380,-0.213796,1
0.056300,-0.669827,1.012748,0.000940,-0.219483,1
0.056350,-0.646405,1.013397,0.000459,-0.224954,1
0.056400,-0.622343,1.014012,-0.000064,-0.230203,1
0.056450,-0.597668,1.014591,-0.000624,-0.235224,1
0.056500,-0.572401,1.015133,-0.001220,-0.240014,1
0.056550,-0.546570,1.015634,-0.001850,-0.244566,1
0.056600,-0.520199,1.016094,-0.002511,-0.248878,1
0.056650,-0.493314,1.016509,-0.003199,-0.252944,1
0.056700,-0.465942,1.016878,-0.003913,-0.256760,1
0.056750,-0.438111,1.017201,-0.004650,-0.260323,1
0.056800,-0.409846,1.017474,-0.005406,-0.263629,1
0.056850,-0.381178,1.017698,-0.006178,-0.266675,1
0.056900,-0.352133,1.017872,-0.006963,-0.269458,1
0.056950,-0.322740,1.017994,-0.007758,-0.271976,1
0.057000,-0.293029,1.018064,-0.008560,-0.274224,1
0.057050,-0.263029,1.018082,-0.009365,-0.276203,1
0.057100,-0.232770,1.018048,-0.010170,-0.277909,1
0.057150,-0.202281,1.017962,-0.010973,-0.279340,1
0.057200,-0.171593,1.017824,-0.011768,-0.280496,1
0.057250,-0.140736,1.017634,-0.012554,-0.281376,1
0.057300,-0.109740,1.017394,-0.013328,-0.281977,1
0.057350,-0.078636,1.017104,-0.014085,-0.282301,1
0.057400,-0.047456,1.016765,-0.014822,-0.282346,1
0.057450,-0.016229,1.016379,-0.015538,-0.282112,1
0.057500,0.015014,1.015947,-0.016229,-0.281601,1
0.057550,0.046241,1.015471,-0.016891,-0.280811,1
0.057600,0.077422,1.014953,-0.017523,-0.279744,1
0.057650,0.108525,1.014394,-0.018122,-0.278402,1
0.057700,0.139521,1.013797,-0.018684,-0.276784,1
0.057750,0.170379,1.013165,-0.019209,-0.274894,1
0.057800,0.201067,1.012499,-0.019693,-0.272732,1
0.057850,0.231556,1.011802,-0.020135,-0.270301,1
0.057900,0.261816,1.011077,-0.020533,-0.267604,1
0.057950,0.291817,1.010327,-0.020885,-0.264643,1
0.058000,0.321528,1.009555,-0.021190,-0.261420,1
0.058050,0.350922,1.008763,-0.021446,-0.257940,1
0.058100,0.379968,1.007956,-0.021652,-0.254205,1
0.058150,0.408637,1.007135,-0.021808,-0.250219,1
0.058200,0.436903,1.006305,-0.021912,-0.245987,1
0.058250,0.464736,1.005468,-0.021964,-0.241511,1
0.058300,0.492110,1.004628,-0.021964,-0.236798,1
0.058350,0.518996,1.003788,-0.021911,-0.231851,1
0.058400,0.545370,1.002951,-0.021807,-0.226675,1
0.058450,0.571203,1.002121,-0.021650,-0.221275,1
0.058500,0.596472,1.001301,-0.021442,-0.215657,1
0.058550,0.621151,1.000494,-0.021183,-0.209827,1
0.058600,0.645216,0.999704,-0.020874,-0.203789,1
0.058650,0.668643,0.998933,-0.020517,-0.197551,1
0.058700,0.691408,0.998184,-0.020112,-0.191117,1
0.058750,0.713490,0.997461,-0.019662,-0.184495,1
0.058800,0.734866,0.996766,-0.019167,-0.177691,1
0.058850,0.755516,0.996101,-0.018630,-0.170711,1
0.058900,0.775419,0.995471,-0.018053,-0.163563,1
0.058950,0.794555,0.994876,-0.017437,-0.156254,1
0.059000,0.812906,0.994320,-0.016786,-0.148791,1
0.059050,0.830453,0.993804,-0.016102,-0.141181,1
0.059100,0.847179,0.993331,-0.015387,-0.133431,1
0.059150,0.863067,0.992903,-0.014643,-0.125550,1
0.059200,0.878103,0.992520,-0.013875,-0.117545,1
0.059250,0.892270,0.992185,-0.013085,-0.109424,1
0.059300,0.905556,0.991899,-0.012275,-0.101195,1
0.059350,0.917946,0.991663,-0.011450,-0.092866,1
0.059400,0.929430,0.991478,-0.010612,-0.084446,1
0.059450,0.939994,0.991344,-0.009764,-0.075942,1
0.059500,0.949630,0.991263,-0.008909,-0.067363,1
0.059550,0.958327,0.991234,-0.008052,-0.058718,1
0.059600,0.966076,0.991258,-0.007195,-0.050015,1
0.059650,0.972871,0.991334,-0.006342,-0.041263,1
0.059700,0.978705,0.991463,-0.005495,-0.032470,1
0.059750,0.983571,0.991642,-0.004658,-0.023644,1
0.059800,0.987466,0.991873,-0.003835,-0.014796,1
0.059850,0.990384,0.992154,-0.003029,-0.005933,1
0.059900,0.992324,0.992484,-0.002242,0.002936,1
0.059950,0.993284,0.992861,-0.001477,0.011802,1
0.060000,0.993261,0.993284,-0.000738,0.020656,1
0.060050,0.992258,0.993751,-0.000028,0.029490,1
0.060100,0.990274,0.994261,0.000651,0.038295,1
0.060150,0.987311,0.994811,0.001296,0.047063,1
0.060200,0.983373,0.995399,0.001906,0.055783,1
0.060250,0.978463,0.996023,0.002476,0.064449,1
0.060300,0.972587,0.996681,0.003006,0.073051,1
0.060350,0.965750,0.997369,0.003493,0.081581,1
0.060400,0.957958,0.998085,0.003935,0.090031,1
0.060450,0.949220,0.998826,0.004331,0.098391,1
0.060500,0.939545,0.999590,0.004679,0.106655,1
0.060550,0.928941,1.000372,0.004978,0.114813,1
0.060600,0.917419,1.001171,0.005227,0.122859,1
0.060650,0.904992,1.001982,0.005425,0.130783,1
0.060700,0.891670,1.002803,0.005571,0.138577,1
0.060750,0.877467,1.003631,0.005665,0.146236,1
0.060800,0.862398,1.004461,0.005705,0.153750,1
0.060850,0.846477,1.005291,0.005694,0.161112,1
0.060900,0.829719,1.006117,0.005629,0.168315,1
0.060950,0.812142,1.006937,0.005512,0.175352,1
0.061000,0.793763,1.007746,0.005344,0.182216,1
0.061050,0.774600,1.008542,0.005125,0.188901,1
0.061100,0.754673,1.009321,0.004855,0.195399,1
0.061150,0.733999,1.010080,0.004536,0.201704,1
0.061200,0.712601,1.010817,0.004170,0.207810,1
0.061250,0.690499,1.011528,0.003758,0.213712,1
0.061300,0.667715,1.012211,0.003302,0.219402,1
0.061350,0.644272,1.012862,0.002803,0.224876,1
0.061400,0.620193,1.013480,0.002263,0.230128,1
0.061450,0.595501,1.014061,0.001686,0.235153,1
0.061500,0.570222,1.014603,0.001072,0.239946,1
0.061550,0.544379,1.015104,0.000425,0.244502,1
0.061600,0.517999,1.015563,-0.000253,0.248817,1
0.061650,0.491108,1.015977,-0.000958,0.252887,1
0.061700,0.463732,1.016344,-0.001689,0.256707,1
0.061750,0.435898,1.016664,-0.002442,0.260274,1
0.061800,0.407634,1.016934,-0.003214,0.263583,1
0.061850,0.378967,1.017154,-0.004002,0.266633,1
0.061900,0.349927,1.017323,-0.004803,0.269420,1
0.061950,0.320542,1.017440,-0.005614,0.271941,1
0.062000,0.290840,1.017504,-0.006430,0.274194,1
0.062050,0.260851,1.017516,-0.007250,0.276176,1
0.062100,0.230605,1.017475,-0.008069,0.277886,1
0.062150,0.200132,1.017381,-0.008885,0.279321,1
0.062200,0.169462,1.017235,-0.009693,0.280481,1
0.062250,0.138625,1.017037,-0.010491,0.281364,1
0.062300,0.107651,1.016789,-0.011276,0.281970,1
0.062350,0.076571,1.016490,-0.012044,0.282297,1
0.062400,0.045416,1.016142,-0.012792,0.282346,1
0.062450,0.014217,1.015747,-0.013518,0.282116,1
0.062500,-0.016995,1.015305,-0.014217,0.281608,1
0.062550,-0.048191,1.014819,-0.014888,0.280822,1
0.062600,-0.079338,1.014291,-0.015528,0.279760,1
0.062650,-0.110406,1.013722,-0.016133,0.278420,1
0.062700,-0.141365,1.013116,-0.016702,0.276807,1
0.062750,-0.172184,1.012473,-0.017233,0.274920,1
0.062800,-0.202832,1.011797,-0.017722,0.272762,1
0.062850,-0.233279,1.011090,-0.018168,0.270335,1
0.062900,-0.263495,1.010356,-0.018570,0.267641,1
0.062950,-0.293451,1.009596,-0.018925,0.264683,1
0.063000,-0.323116,1.008814,-0.019231,0.261464,1
0.063050,-0.352461,1.008014,-0.019489,0.257987,1
0.063100,-0.381458,1.007197,-0.019696,0.254255,1
0.063150,-0.410077,1.006368,-0.019852,0.250272,1
0.063200,-0.438291,1.005530,-0.019956,0.246043,1
0.063250,-0.466071,1.004685,-0.020008,0.241571,1
0.063300,-0.493390,1.003838,-0.020006,0.236860,1
0.063350,-0.520222,1.002991,-0.019952,0.231916,1
0.063400,-0.546539,1.002148,-0.019845,0.226743,1
0.063450,-0.572316,1.001312,-0.019686,0.221346,1
0.063500,-0.597527,1.000487,-0.019475,0.215731,1
0.063550,-0.622147,0.999675,-0.019213,0.209903,1
0.063600,-0.646152,0.998880,-0.018901,0.203867,1
0.063650,-0.669519,0.998106,-0.018539,0.197631,1
0.063700,-0.692224,0.997354,-0.018131,0.191200,1
0.063750,-0.714245,0.996628,-0.017676,0.184580,1
0.063800,-0.735559,0.995931,-0.017177,0.177778,1
0.063850,-0.756147,0.995266,-0.016635,0.170800,1
0.063900,-0.775987,0.994635,-0.016053,0.163654,1
0.063950,-0.795061,0.994040,-0.015433,0.156347,1
0.064000,-0.813349,0.993485,-0.014777,0.148885,1
0.064050,-0.830832,0.992971,-0.014088,0.141276,1
0.064100,-0.847495,0.992500,-0.013368,0.133528,1
0.064150,-0.863321,0.992074,-0.012620,0.125649,1
0.064200,-0.878293,0.991694,-0.011848,0.117645,1
0.064250,-0.892398,0.991363,-0.011053,0.109525,1
0.064300,-0.905621,0.991082,-0.010240,0.101297,1
0.064350,-0.917948,0.990851,-0.009410,0.092969,1
0.064400,-0.929369,0.990671,-0.008569,0.084549,1
0.064450,-0.939872,0.990544,-0.007718,0.076046,1
0.064500,-0.949446,0.990469,-0.006861,0.067468,1
0.064550,-0.958082,0.990447,-0.006001,0.058824,1
0.064600,-0.965771,0.990478,-0.005142,0.050121,1
0.064650,-0.972506,0.990562,-0.004287,0.041369,1
0.064700,-0.978281,0.990699,-0.003440,0.032576,1
0.064750,-0.983089,0.990888,-0.002603,0.023751,1
0.064800,-0.986926,0.991127,-0.001780,0.014902,1
0.064850,-0.989787,0.991417,-0.000974,0.006039,1
0.064900,-0.991671,0.991756,-0.000188,-0.002830,1
0.064950,-0.992576,0.992143,0.000575,-0.011697,1
0.065000,-0.992499,0.992576,0.001312,-0.020552,1
0.065050,-0.991443,0.993053,0.002019,-0.029386,1
0.065100,-0.989407,0.993573,0.002695,-0.038192,1
0.065150,-0.986394,0.994133,0.003336,-0.046960,1
0.065200,-0.982406,0.994731,0.003941,-0.055682,1
0.065250,-0.977448,0.995366,0.004506,-0.064348,1
0.065300,-0.971525,0.996033,0.005030,-0.072952,1
0.065350,-0.964642,0.996731,0.005511,-0.081483,1
0.065400,-0.956806,0.997457,0.005946,-0.089934,1
0.065450,-0.948025,0.998208,0.006335,-0.098296,1
0.065500,-0.938308,0.998981,0.006675,-0.106561,1
0.065550,-0.927664,0.999773,0.006966,-0.114721,1
0.065600,-0.916104,1.000581,0.007205,-0.122768,1
0.065650,-0.903639,1.001401,0.007394,-0.130693,1
0.065700,-0.890282,1.002230,0.007530,-0.138490,1
0.065750,-0.876045,1.003065,0.007613,-0.146150,1
0.065800,-0.860943,1.003903,0.007643,-0.153666,1
0.065850,-0.844992,1.004740,0.007620,-0.161030,1
0.065900,-0.828205,1.005573,0.007544,-0.168236,1
0.065950,-0.810601,1.006399,0.007415,-0.175275,1
0.066000,-0.792197,1.007214,0.007234,-0.182142,1
0.066050,-0.773010,1.008015,0.007002,-0.188828,1
0.066100,-0.753060,1.008799,0.006720,-0.195329,1
0.066150,-0.732366,1.009563,0.006388,-0.201637,1
0.066200,-0.710949,1.010304,0.006009,-0.207745,1
0.066250,-0.688831,1.011018,0.005584,-0.213649,1
0.066300,-0.666032,1.011703,0.005114,-0.219342,1
0.066350,-0.642576,1.012356,0.004601,-0.224819,1
0.066400,-0.618485,1.012975,0.004048,-0.230074,1
0.066450,-0.593784,1.013557,0.003457,-0.235101,1
0.066500,-0.568496,1.014100,0.002830,-0.239897,1
0.066550,-0.542648,1.014601,0.002169,-0.244456,1
0.066600,-0.516263,1.015059,0.001478,-0.248774,1
0.066650,-0.489370,1.015471,0.000759,-0.252847,1
0.066700,-0.461993,1.015837,0.000016,-0.256669,1
0.066750,-0.434160,1.016154,-0.000750,-0.260239,1
0.066800,-0.405899,1.016422,-0.001535,-0.263552,1
0.066850,-0.377237,1.016638,-0.002335,-0.266605,1
0.066900,-0.348203,1.016803,-0.003148,-0.269395,1
0.066950,-0.318826,1.016916,-0.003970,-0.271919,1
0.067000,-0.289134,1.016976,-0.004798,-0.274175,1
0.067050,-0.259157,1.016983,-0.005629,-0.276160,1
0.067100,-0.228924,1.016936,-0.006458,-0.277872,1
0.067150,-0.198466,1.016837,-0.007284,-0.279311,1
0.067200,-0.167812,1.016685,-0.008102,-0.280474,1
0.067250,-0.136993,1.016480,-0.008909,-0.281360,1
0.067300,-0.106039,1.016225,-0.009703,-0.281969,1
0.067350,-0.074981,1.015919,-0.010479,-0.282299,1
0.067400,-0.043849,1.015564,-0.011235,-0.282351,1
0.067450,-0.012674,1.015162,-0.011968,-0.282124,1
0.067500,0.018513,1.014713,-0.012674,-0.281619,1
0.067550,0.049681,1.014219,-0.013351,-0.280836,1
0.067600,0.080800,1.013683,-0.013996,-0.279776,1
0.067650,0.111839,1.013107,-0.014607,-0.278440,1
0.067700,0.142766,1.012493,-0.015180,-0.276829,1
0.067750,0.173552,1.011842,-0.015714,-0.274945,1
0.067800,0.204167,1.011159,-0.016207,-0.272790,1
0.067850,0.234579,1.010445,-0.016656,-0.270365,1
0.067900,0.264759,1.009703,-0.017060,-0.267674,1
0.067950,0.294677,1.008936,-0.017417,-0.264718,1
0.068000,0.324304,1.008147,-0.017725,-0.261502,1
0.068050,0.353610,1.007340,-0.017984,-0.258027,1
0.068100,0.382566,1.006517,-0.018191,-0.254298,1
0.068150,0.411144,1.005682,-0.018347,-0.250318,1
0.068200,0.439316,1.004837,-0.018451,-0.246091,1
0.068250,0.467053,1.003987,-0.018501,-0.241621,1
0.068300,0.494329,1.003135,-0.018499,-0.236913,1
0.068350,0.521116,1.002283,-0.018443,-0.231970,1
0.068400,0.547388,1.001435,-0.018334,-0.226799,1
0.068450,0.573119,1.000595,-0.018172,-0.221405,1
0.068500,0.598284,0.999766,-0.017959,-0.215791,1
0.068550,0.622857,0.998952,-0.017694,-0.209965,1
0.068600,0.646815,0.998154,-0.017378,-0.203932,1
0.068650,0.670134,0.997377,-0.017014,-0.197697,1
0.068700,0.692790,0.996624,-0.016602,-0.191268,1
0.068750,0.714762,0.995897,-0.016143,-0.184649,1
0.068800,0.736028,0.995199,-0.015641,-0.177849,1
0.068850,0.756566,0.994533,-0.015095,-0.170873,1
0.068900,0.776357,0.993902,-0.014509,-0.163728,1
0.068950,0.795381,0.993309,-0.013885,-0.156422,1
0.069000,0.813620,0.992754,-0.013226,-0.148961,1
0.069050,0.831054,0.992242,-0.012533,-0.141353,1
0.069100,0.847667,0.991773,-0.011809,-0.133606,1
0.069150,0.863443,0.991350,-0.011058,-0.125728,1
0.069200,0.878366,0.990974,-0.010282,-0.117725,1
0.069250,0.892421,0.990646,-0.009485,-0.109605,1
0.069300,0.905595,0.990368,-0.008668,-0.101378,1
0.069350,0.917874,0.990142,-0.007836,-0.093051,1
0.069400,0.929247,0.989967,-0.006992,-0.084632,1
0.069450,0.939701,0.989845,-0.006139,-0.076129,1
0.069500,0.949227,0.989776,-0.005280,-0.067551,1
0.069550,0.957816,0.989760,-0.004419,-0.058907,1
0.069600,0.965459,0.989798,-0.003559,-0.050204,1
0.069650,0.972148,0.989888,-0.002703,-0.041452,1
0.069700,0.977877,0.990032,-0.001855,-0.032659,1
0.069750,0.982640,0.990227,-0.001018,-0.023834,1
0.069800,0.986432,0.990474,-0.000195,-0.014985,1
0.069850,0.989250,0.990772,0.000610,-0.006122,1
0.069900,0.991092,0.991119,0.001395,0.002748,1
0.069950,0.991954,0.991513,0.002156,0.011615,1
0.070000,0.991837,0.991954,0.002890,0.020470,1
0.070050,0.990740,0.992439,0.003595,0.029305,1
0.070100,0.988664,0.992967,0.004268,0.038112,1
0.070150,0.985613,0.993535,0.004906,0.046880,1
0.070200,0.981588,0.994142,0.005507,0.055603,1
0.070250,0.976593,0.994784,0.006068,0.064271,1
0.070300,0.970634,0.995460,0.006587,0.072875,1
0.070350,0.963717,0.996166,0.007062,0.081407,1
0.070400,0.955848,0.996900,0.007492,0.089859,1
0.070450,0.947035,0.997658,0.007874,0.098222,1
0.070500,0.937287,0.998439,0.008208,0.106489,1
0.070550,0.926614,0.999238,0.008492,0.114650,1
0.070600,0.915025,1.000052,0.008724,0.122698,1
0.070650,0.902533,1.000879,0.008905,0.130626,1
0.070700,0.889150,1.001715,0.009032,0.138424,1
0.070750,0.874889,1.002557,0.009107,0.146086,1
0.070800,0.859764,1.003400,0.009128,0.153603,1
0.070850,0.843790,1.004243,0.009096,0.160969,1
0.070900,0.826983,1.005081,0.009011,0.168176,1
0.070950,0.809359,1.005912,0.008873,0.175217,1
0.071000,0.790937,1.006731,0.008682,0.182086,1
0.071050,0.771733,1.007537,0.008440,0.188775,1
0.071100,0.751768,1.008324,0.008148,0.195277,1
0.071150,0.731061,1.009091,0.007806,0.201587,1
0.071200,0.709632,1.009834,0.007416,0.207698,1
0.071250,0.687502,1.010551,0.006980,0.213603,1
0.071300,0.664693,1.011238,0.006500,0.219299,1
0.071350,0.641229,1.011893,0.005977,0.224777,1
0.071400,0.617131,1.012513,0.005413,0.230034,1
0.071450,0.592425,1.013095,0.004811,0.235064,1
0.071500,0.567133,1.013638,0.004174,0.239862,1
0.071550,0.541282,1.014139,0.003503,0.244424,1
0.071600,0.514897,1.014596,0.002802,0.248744,1
0.071650,0.488003,1.015008,0.002073,0.252819,1
0.071700,0.460628,1.015372,0.001319,0.256644,1
0.071750,0.432799,1.015687,0.000543,0.260216,1
0.071800,0.404542,1.015952,-0.000251,0.263531,1
0.071850,0.375886,1.016166,-0.001061,0.266586,1
0.071900,0.346859,1.016328,-0.001883,0.269379,1
0.071950,0.317491,1.016437,-0.002714,0.271905,1
0.072000,0.287808,1.016493,-0.003551,0.274163,1
0.072050,0.257843,1.016496,-0.004389,0.276151,1
0.072100,0.227622,1.016445,-0.005227,0.277866,1
0.072150,0.197178,1.016341,-0.006060,0.279307,1
0.072200,0.166539,1.016184,-0.006886,0.280472,1
0.072250,0.135736,1.015975,-0.007700,0.281361,1
0.072300,0.104799,1.015714,-0.008500,0.281972,1
0.072350,0.073759,1.015403,-0.009282,0.282304,1
0.072400,0.042647,1.015043,-0.010044,0.282358,1
0.072450,0.011493,1.014634,-0.010782,0.282134,1
0.072500,-0.019672,1.014180,-0.011493,0.281631,1
0.072550,-0.050817,1.013681,-0.012174,0.280850,1
0.072600,-0.081912,1.013139,-0.012823,0.279792,1
0.072650,-0.112926,1.012557,-0.013438,0.278458,1
0.072700,-0.143827,1.011936,-0.014014,0.276850,1
0.072750,-0.174586,1.011280,-0.014551,0.274968,1
0.072800,-0.205173,1.010591,-0.015046,0.272815,1
0.072850,-0.235556,1.009871,-0.015497,0.270392,1
0.072900,-0.265706,1.009124,-0.015903,0.267703,1
0.072950,-0.295594,1.008352,-0.016261,0.264750,1
0.073000,-0.325189,1.007558,-0.016570,0.261535,1
0.073050,-0.354463,1.006746,-0.016828,0.258062,1
0.073100,-0.383387,1.005918,-0.017036,0.254335,1
0.073150,-0.411932,1.005078,-0.017192,0.250357,1
0.073200,-0.440069,1.004230,-0.017294,0.246131,1
0.073250,-0.467772,1.003375,-0.017344,0.241663,1
0.073300,-0.495012,1.002519,-0.017340,0.236956,1
0.073350,-0.521764,1.001664,-0.017283,0.232016,1
0.073400,-0.547999,1.000813,-0.017172,0.226846,1
0.073450,-0.573694,0.999971,-0.017009,0.221453,1
0.073500,-0.598821,0.999139,-0.016793,0.215841,1
0.073550,-0.623357,0.998322,-0.016526,0.210016,1
0.073600,-0.647277,0.997523,-0.016208,0.203984,1
0.073650,-0.670558,0.996745,-0.015841,0.197751,1
0.073700,-0.693176,0.995990,-0.015426,0.191323,1
0.073750,-0.715109,0.995263,-0.014964,0.184705,1
0.073800,-0.736336,0.994565,-0.014459,0.177906,1
0.073850,-0.756836,0.993900,-0.013910,0.170931,1
0.073900,-0.776588,0.993269,-0.013321,0.163787,1
0.073950,-0.795573,0.992677,-0.012694,0.156482,1
0.074000,-0.813772,0.992124,-0.012032,0.149022,1
0.074050,-0.831167,0.991613,-0.011336,0.141415,1
0.074100,-0.847742,0.991146,-0.010610,0.133669,1
0.074150,-0.863479,0.990725,-0.009856,0.125791,1
0.074200,-0.878363,0.990352,-0.009078,0.117788,1
0.074250,-0.892380,0.990028,-0.008278,0.109670,1
0.074300,-0.905516,0.989754,-0.007459,0.101443,1
0.074350,-0.917757,0.989531,-0.006625,0.093116,1
0.074400,-0.929092,0.989361,-0.005779,0.084697,1
0.074450,-0.939509,0.989243,-0.004924,0.076194,1
0.074500,-0.948998,0.989179,-0.004064,0.067617,1
0.074550,-0.957551,0.989168,-0.003202,0.058973,1
0.074600,-0.965157,0.989211,-0.002341,0.050270,1
0.074650,-0.971811,0.989307,-0.001485,0.041518,1
0.074700,-0.977505,0.989456,-0.000636,0.032725,1
0.074750,-0.982233,0.989657,0.000200,0.023899,1
0.074800,-0.985992,0.989911,0.001023,0.015050,1
0.074850,-0.988777,0.990214,0.001827,0.006186,1
0.074900,-0.990585,0.990567,0.002611,-0.002684,1
0.074950,-0.991415,0.990968,0.003370,-0.011551,1
0.075000,-0.991267,0.991415,0.004103,-0.020407,1
0.075050,-0.990139,0.991907,0.004806,-0.029243,1
0.075100,-0.988034,0.992442,0.005476,-0.038050,1
0.075150,-0.984954,0.993017,0.006111,-0.046819,1
0.075200,-0.980901,0.993630,0.006708,-0.055542,1
0.075250,-0.975879,0.994278,0.007265,-0.064211,1
0.075300,-0.969894,0.994960,0.007781,-0.072816,1
0.075350,-0.962951,0.995673,0.008252,-0.081349,1
0.075400,-0.955057,0.996413,0.008677,-0.089802,1
0.075450,-0.946221,0.997177,0.009054,-0.098166,1
0.075500,-0.936450,0.997964,0.009382,-0.106434,1
0.075550,-0.925754,0.998768,0.009660,-0.114596,1
0.075600,-0.914145,0.999588,0.009887,-0.122646,1
0.075650,-0.901633,1.000421,0.010061,-0.130574,1
0.075700,-0.888231,1.001261,0.010182,-0.138374,1
0.075750,-0.873952,1.002108,0.010250,-0.146037,1
0.075800,-0.858810,1.002956,0.010265,-0.153556,1
0.075850,-0.842821,1.003803,0.010225,-0.160923,1
0.075900,-0.825999,1.004645,0.010132,-0.168132,1
0.075950,-0.808362,1.005480,0.009987,-0.175174,1
0.076000,-0.789927,1.006302,0.009788,-0.182044,1
0.076050,-0.770713,1.007111,0.009539,-0.188735,1
0.076100,-0.750737,1.007901,0.009238,-0.195239,1
0.076150,-0.730020,1.008670,0.008888,-0.201550,1
0.076200,-0.708583,1.009416,0.008490,-0.207662,1
0.076250,-0.686446,1.010134,0.008046,-0.213570,1
0.076300,-0.663632,1.010822,0.007557,-0.219267,1
0.076350,-0.640163,1.011478,0.007026,-0.224747,1
0.076400,-0.616062,1.012099,0.006454,-0.230006,1
0.076450,-0.591353,1.012682,0.005844,-0.235038,1
0.076500,-0.566060,1.013224,0.005198,-0.239838,1
0.076550,-0.540209,1.013725,0.004519,-0.244401,1
0.076600,-0.513824,1.014181,0.003810,-0.248723,1
0.076650,-0.486933,1.014592,0.003073,-0.252799,1
0.076700,-0.459560,1.014955,0.002311,-0.256626,1
0.076750,-0.431735,1.015268,0.001528,-0.260200,1
0.076800,-0.403483,1.015531,0.000727,-0.263518,1
0.076850,-0.374834,1.015743,-0.000090,-0.266575,1
0.076900,-0.345814,1.015903,-0.000919,-0.269369,1
0.076950,-0.316454,1.016009,-0.001757,-0.271897,1
0.077000,-0.286781,1.016062,-0.002600,-0.274157,1
0.077050,-0.256825,1.016062,-0.003445,-0.276146,1
0.077100,-0.226616,1.016008,-0.004289,-0.277863,1
0.077150,-0.196184,1.015900,-0.005128,-0.279306,1
0.077200,-0.165558,1.015739,-0.005959,-0.280473,1
0.077250,-0.134769,1.015526,-0.006778,-0.281364,1
0.077300,-0.103848,1.015261,-0.007583,-0.281977,1
0.077350,-0.072824,1.014946,-0.008370,-0.282311,1
0.077400,-0.041728,1.014581,-0.009136,-0.282367,1
0.077450,-0.010592,1.014169,-0.009877,-0.282144,1
0.077500,0.020555,1.013710,-0.010592,-0.281643,1
0.077550,0.051680,1.013206,-0.011277,-0.280864,1
0.077600,0.082755,1.012660,-0.011928,-0.279808,1
0.077650,0.113748,1.012073,-0.012545,-0.278476,1
0.077700,0.144627,1.011449,-0.013124,-0.276869,1
0.077750,0.175364,1.010788,-0.013663,-0.274988,1
0.077800,0.205928,1.010095,-0.014159,-0.272837,1
0.077850,0.236287,1.009371,-0.014612,-0.270416,1
0.077900,0.266413,1.008619,-0.015018,-0.267728,1
0.077950,0.296276,1.007843,-0.015376,-0.264776,1
0.078000,0.325846,1.007046,-0.015686,-0.261563,1
0.078050,0.355094,1.006230,-0.015945,-0.258092,1
0.078100,0.383991,1.005398,-0.016152,-0.254366,1
0.078150,0.412509,1.004555,-0.016307,-0.250389,1
0.078200,0.440619,1.003703,-0.016409,-0.246165,1
0.078250,0.468293,1.002846,-0.016458,-0.241698,1
0.078300,0.495505,1.001987,-0.016453,-0.236993,1
0.078350,0.522228,1.001130,-0.016394,-0.232053,1
0.078400,0.548435,1.000277,-0.016282,-0.226885,1
0.078450,0.574100,0.999433,-0.016117,-0.221493,1
0.078500,0.599197,0.998600,-0.015899,-0.215882,1
0.078550,0.623703,0.997782,-0.015630,-0.210058,1
0.078600,0.647593,0.996981,-0.015310,-0.204027,1
0.078650,0.670844,0.996202,-0.014940,-0.197795,1
0.078700,0.693432,0.995448,-0.014523,-0.191367,1
0.078750,0.715334,0.994720,-0.014060,-0.184751,1
0.078800,0.736531,0.994022,-0.013551,-0.177952,1
0.078850,0.757000,0.993358,-0.013001,-0.170978,1
0.078900,0.776721,0.992728,-0.012410,-0.163835,1
0.078950,0.795676,0.992137,-0.011780,-0.156530,1
0.079000,0.813844,0.991585,-0.011115,-0.149071,1
0.079050,0.831209,0.991076,-0.010417,-0.141465,1
0.079100,0.847753,0.990611,-0.009689,-0.133719,1
0.079150,0.863460,0.990193,-0.008933,-0.125841,1
0.079200,0.878315,0.989822,-0.008153,-0.117839,1
0.079250,0.892301,0.989501,-0.007351,-0.109720,1
0.079300,0.905407,0.989230,-0.006531,-0.101494,1
0.079350,0.917619,0.989011,-0.005695,-0.093167,1
0.079400,0.928925,0.988844,-0.004848,-0.084748,1
0.079450,0.939313,0.988730,-0.003992,-0.076246,1
0.079500,0.948774,0.988670,-0.003131,-0.067668,1
0.079550,0.957298,0.988663,-0.002268,-0.059024,1
0.079600,0.964877,0.988710,-0.001407,-0.050321,1
0.079650,0.971503,0.988811,-0.000550,-0.041569,1
0.079700,0.977170,0.988965,0.000298,-0.032776,1
0.079750,0.981872,0.989171,0.001135,-0.023950,1
0.079800,0.985605,0.989429,0.001956,-0.015101,1
0.079850,0.988365,0.989738,0.002760,-0.006237,1
0.079900,0.990148,0.990096,0.003542,0.002634,1
0.079950,0.990955,0.990502,0.004301,0.011501,1
0.080000,0.990782,0.990955,0.005032,0.020358,1
0.080050,0.989632,0.991452,0.005732,0.029194,1
0.080100,0.987504,0.991991,0.006400,0.038002,1
0.080150,0.984402,0.992571,0.007033,0.046772,1
0.080200,0.980328,0.993190,0.007627,0.055496,1
0.080250,0.975286,0.993843,0.008181,0.064165,1
0.080300,0.969281,0.994530,0.008693,0.072771,1
0.080350,0.962319,0.995248,0.009161,0.081305,1
0.080400,0.954407,0.995993,0.009582,0.089758,1
0.080450,0.945553,0.996762,0.009955,0.098124,1
0.080500,0.935765,0.997553,0.010279,0.106392,1
0.080550,0.925054,0.998362,0.010552,0.114556,1
0.080600,0.913429,0.999187,0.010774,0.122606,1
0.080650,0.900903,1.000023,0.010943,0.130535,1
0.080700,0.887488,1.000868,0.011059,0.138336,1
0.080750,0.873196,1.001718,0.011122,0.146000,1
0.080800,0.858043,1.002569,0.011131,0.153520,1
0.080850,0.842042,1.003420,0.011086,0.160889,1
0.080900,0.825210,1.004265,0.010987,0.168099,1
0.080950,0.807564,1.005102,0.010835,0.175142,1
0.081000,0.789120,1.005928,0.010631,0.182014,1
0.081050,0.769898,1.006738,0.010375,0.188705,1
0.081100,0.749916,1.007530,0.010068,0.195210,1
0.081150,0.729193,1.008302,0.009711,0.201523,1
0.081200,0.707751,1.009048,0.009307,0.207637,1
0.081250,0.685610,1.009768,0.008857,0.213546,1
0.081300,0.662793,1.010457,0.008361,0.219244,1
0.081350,0.639321,1.011114,0.007824,0.224726,1
0.081400,0.615219,1.011735,0.007245,0.229986,1
0.081450,0.590509,1.012318,0.006629,0.235019,1
0.081500,0.565217,1.012860,0.005977,0.239820,1
0.081550,0.539366,1.013361,0.005292,0.244385,1
0.081600,0.512984,1.013816,0.004576,0.248709,1
0.081650,0.486095,1.014226,0.003833,0.252787,1
0.081700,0.458727,1.014588,0.003065,0.256615,1
0.081750,0.430906,1.014900,0.002276,0.260191,1
0.081800,0.402659,1.015161,0.001469,0.263509,1
0.081850,0.374016,1.015371,0.000647,0.266568,1
0.081900,0.345003,1.015529,-0.000188,0.269363,1
0.081950,0.315650,1.015633,-0.001031,0.271893,1
0.082000,0.285986,1.015684,-0.001879,0.274154,1
0.082050,0.256040,1.015681,-0.002728,0.276145,1
0.082100,0.225841,1.015624,-0.003577,0.277864,1
0.082150,0.195419,1.015514,-0.004420,0.279308,1
0.082200,0.164805,1.015350,-0.005255,0.280477,1
0.082250,0.134028,1.015134,-0.006078,0.281368,1
0.082300,0.103120,1.014866,-0.006886,0.281983,1
0.082350,0.072109,1.014547,-0.007676,0.282319,1
0.082400,0.041028,1.014179,-0.008445,0.282376,1
0.082450,0.009907,1.013763,-0.009190,0.282155,1
0.082500,-0.021224,1.013301,-0.009907,0.281655,1
0.082550,-0.052334,1.012794,-0.010594,0.280877,1
0.082600,-0.083392,1.012244,-0.011248,0.279822,1
0.082650,-0.114367,1.011654,-0.011866,0.278491,1
0.082700,-0.145229,1.011026,-0.012447,0.276886,1
0.082750,-0.175947,1.010363,-0.012987,0.275007,1
0.082800,-0.206492,1.009666,-0.013484,0.272856,1
0.082850,-0.236832,1.008939,-0.013937,0.270436,1
0.082900,-0.266938,1.008184,-0.014344,0.267750,1
0.082950,-0.296781,1.007405,-0.014703,0.264799,1
0.083000,-0.326330,1.006605,-0.015012,0.261587,1
0.083050,-0.355557,1.005786,-0.015271,0.258117,1
0.083100,-0.384432,1.004953,-0.015478,0.254392,1
0.083150,-0.412928,1.004107,-0.015632,0.250416,1
0.083200,-0.441016,1.003253,-0.015734,0.246193,1
0.083250,-0.468668,1.002394,-0.015781,0.241727,1
0.083300,-0.495858,1.001533,-0.015775,0.237023,1
0.083350,-0.522557,1.000674,-0.015715,0.232084,1
0.083400,-0.548741,0.999820,-0.015602,0.226917,1
0.083450,-0.574382,0.998974,-0.015435,0.221525,1
0.083500,-0.599457,0.998141,-0.015216,0.215915,1
0.083550,-0.623939,0.997322,-0.014945,0.210092,1
0.083600,-0.647805,0.996521,-0.014623,0.204062,1
0.083650,-0.671032,0.995742,-0.014252,0.197830,1
0.083700,-0.693595,0.994987,-0.013833,0.191403,1
0.083750,-0.715474,0.994259,-0.013367,0.184788,1
0.083800,-0.736647,0.993562,-0.012857,0.177989,1
0.083850,-0.757092,0.992898,-0.012305,0.171016,1
0.083900,-0.776789,0.992270,-0.011712,0.163873,1
0.083950,-0.795719,0.991679,-0.011081,0.156569,1
0.084000,-0.813864,0.991129,-0.010414,0.149110,1
0.084050,-0.831205,0.990622,-0.009714,0.141504,1
0.084100,-0.847726,0.990159,-0.008984,0.133758,1
0.084150,-0.863409,0.989743,-0.008227,0.125881,1
0.084200,-0.878240,0.989375,-0.007445,0.117879,1
0.084250,-0.892203,0.989056,-0.006642,0.109761,1
0.084300,-0.905286,0.988787,-0.005820,0.101534,1
0.084350,-0.917475,0.988571,-0.004984,0.093207,1
0.084400,-0.928758,0.988407,-0.004135,0.084789,1
0.084450,-0.939125,0.988296,-0.003279,0.076286,1
0.084500,-0.948564,0.988239,-0.002417,0.067709,1
0.084550,-0.957066,0.988236,-0.001554,0.059064,1
0.084600,-0.964624,0.988287,-0.000692,0.050362,1
0.084650,-0.971229,0.988392,0.000164,0.041609,1
0.084700,-0.976876,0.988549,0.001012,0.032816,1
0.084750,-0.981558,0.988760,0.001849,0.023990,1
0.084800,-0.985271,0.989022,0.002670,0.015140,1
0.084850,-0.988011,0.989335,0.003473,0.006276,1
0.084900,-0.989776,0.989697,0.004254,-0.002595,1
0.084950,-0.990564,0.990107,0.005011,-0.011463,1
0.085000,-0.990374,0.990564,0.005741,-0.020320,1
0.085050,-0.989206,0.991065,0.006440,-0.029157,1
0.085100,-0.987062,0.991609,0.007106,-0.037965,1
0.085150,-0.983943,0.992193,0.007736,-0.046735,1
0.085200,-0.979853,0.992815,0.008328,-0.055460,1
0.085250,-0.974796,0.993473,0.008880,-0.064130,1
0.085300,-0.968776,0.994164,0.009389,-0.072736,1
0.085350,-0.961800,0.994886,0.009853,-0.081271,1
0.085400,-0.953875,0.995634,0.010271,-0.089725,1
0.085450,-0.945008,0.996407,0.010641,-0.098091,1
0.085500,-0.935208,0.997202,0.010962,-0.106360,1
0.085550,-0.924486,0.998015,0.011231,-0.114525,1
0.085600,-0.912850,0.998842,0.011449,-0.122576,1
0.085650,-0.900314,0.999682,0.011614,-0.130506,1
0.085700,-0.886888,1.000530,0.011726,-0.138308,1
0.085750,-0.872588,1.001383,0.011784,-0.145973,1
0.085800,-0.857426,1.002237,0.011789,-0.153494,1
0.085850,-0.841418,1.003090,0.011739,-0.160863,1
0.085900,-0.824579,1.003938,0.011636,-0.168074,1
0.085950,-0.806927,1.004777,0.011479,-0.175119,1
0.086000,-0.788478,1.005604,0.011270,-0.181991,1
0.086050,-0.769250,1.006416,0.011009,-0.188684,1
0.086100,-0.749264,1.007210,0.010697,-0.195190,1
0.086150,-0.728538,1.007983,0.010336,-0.201504,1
0.086200,-0.707093,1.008731,0.009927,-0.207619,1
0.086250,-0.684950,1.009451,0.009471,-0.213529,1
0.086300,-0.662131,1.010141,0.008971,-0.219228,1
0.086350,-0.638659,1.010798,0.008428,-0.224711,1
0.086400,-0.614556,1.011419,0.007844,-0.229972,1
0.086450,-0.589847,1.012002,0.007223,-0.235006,1
0.086500,-0.564556,1.012545,0.006566,-0.239809,1
0.086550,-0.538707,1.013045,0.005876,-0.244374,1
0.086600,-0.512327,1.013500,0.005156,-0.248699,1
0.086650,-0.485442,1.013909,0.004408,-0.252778,1
0.086700,-0.458077,1.014269,0.003636,-0.256608,1
0.086750,-0.430261,1.014580,0.002843,-0.260185,1
0.086800,-0.402020,1.014841,0.002031,-0.263504,1
0.086850,-0.373382,1.015049,0.001204,-0.266564,1
0.086900,-0.344376,1.015205,0.000366,-0.269361,1
0.086950,-0.315030,1.015308,-0.000481,-0.271892,1
0.087000,-0.285373,1.015357,-0.001333,-0.274154,1
0.087050,-0.255435,1.015351,-0.002186,-0.276146,1
0.087100,-0.225245,1.015292,-0.003038,-0.277866,1
0.087150,-0.194833,1.015180,-0.003884,-0.279311,1
0.087200,-0.164229,1.015014,-0.004722,-0.280481,1
0.087250,-0.133462,1.014795,-0.005548,-0.281374,1
0.087300,-0.102565,1.014525,-0.006359,-0.281989,1
0.087350,-0.071566,1.014204,-0.007151,-0.282326,1
0.087400,-0.040497,1.013833,-0.007922,-0.282385,1
0.087450,-0.009388,1.013415,-0.008669,-0.282164,1
0.087500,0.021730,1.012950,-0.009388,-0.281666,1
0.087550,0.052827,1.012440,-0.010076,-0.280889,1
0.087600,0.083871,1.011888,-0.010732,-0.279835,1
0.087650,0.114832,1.011296,-0.011351,-0.278505,1
0.087700,0.145679,1.010665,-0.011933,-0.276900,1
0.087750,0.176382,1.009999,-0.012473,-0.275022,1
0.087800,0.206911,1.009300,-0.012971,-0.272873,1
0.087850,0.237236,1.008570,-0.013425,-0.270454,1
0.087900,0.267326,1.007814,-0.013832,-0.267768,1
0.087950,0.297152,1.007033,-0.014191,-0.264819,1
0.088000,0.326684,1.006230,-0.014500,-0.261607,1
0.088050,0.355894,1.005410,-0.014758,-0.258138,1
0.088100,0.384753,1.004574,-0.014965,-0.254414,1
0.088150,0.413231,1.003727,-0.015119,-0.250439,1
0.088200,0.441301,1.002871,-0.015220,-0.246216,1
0.088250,0.468935,1.002011,-0.015266,-0.241751,1
0.088300,0.496107,1.001149,-0.015259,-0.237047,1
0.088350,0.522788,1.000289,-0.015198,-0.232110,1
0.088400,0.548953,0.999434,-0.015084,-0.226943,1
0.088450,0.574576,0.998588,-0.014916,-0.221552,1
0.088500,0.599632,0.997753,-0.014695,-0.215943,1
0.088550,0.624095,0.996934,-0.014423,-0.210120,1
0.088600,0.647942,0.996133,-0.014100,-0.204090,1
0.088650,0.671150,0.995354,-0.013727,-0.197859,1
0.088700,0.693695,0.994599,-0.013306,-0.191432,1
0.088750,0.715555,0.993872,-0.012839,-0.184817,1
0.088800,0.736708,0.993176,-0.012328,-0.178019,1
0.088850,0.757134,0.992512,-0.011774,-0.171046,1
0.088900,0.776813,0.991885,-0.011179,-0.163903,1
0.088950,0.795725,0.991296,-0.010547,-0.156599,1
0.089000,0.813851,0.990747,-0.009879,-0.149141,1
0.089050,0.831173,0.990241,-0.009178,-0.141535,1
0.089100,0.847675,0.989780,-0.008446,-0.133790,1
0.089150,0.863340,0.989365,-0.007688,-0.125912,1
0.089200,0.878153,0.988999,-0.006905,-0.117910,1
0.089250,0.892098,0.988682,-0.006100,-0.109792,1
0.089300,0.905164,0.988416,-0.005278,-0.101566,1
0.089350,0.917335,0.988202,-0.004441,-0.093239,1
0.089400,0.928601,0.988041,-0.003592,-0.084821,1
0.089450,0.938950,0.987933,-0.002735,-0.076318,1
0.089500,0.948372,0.987879,-0.001873,-0.067741,1
0.089550,0.956858,0.987879,-0.001009,-0.059096,1
0.089600,0.964400,0.987933,-0.000147,-0.050393,1
0.089650,0.970989,0.988040,0.000709,-0.041640,1
0.089700,0.976620,0.988201,0.001557,-0.032847,1
0.089750,0.981286,0.988414,0.002393,-0.024021,1
0.089800,0.984985,0.988680,0.003213,-0.015171,1
0.089850,0.987710,0.988996,0.004016,-0.006306,1
0.089900,0.989461,0.989361,0.004796,0.002565,1
0.089950,0.990235,0.989775,0.005552,0.011434,1
0.090000,0.990032,0.990235,0.006280,0.020291,1
0.090050,0.988851,0.990740,0.006978,0.029128,1
0.090100,0.986694,0.991287,0.007642,0.037937,1
0.090150,0.983563,0.991874,0.008271,0.046708,1
0.090200,0.979462,0.992500,0.008861,0.055433,1
0.090250,0.974393,0.993161,0.009411,0.064103,1
0.090300,0.968363,0.993855,0.009917,0.072710,1
0.090350,0.961377,0.994580,0.010379,0.081245,1
0.090400,0.953442,0.995331,0.010795,0.089700,1
0.090450,0.944565,0.996107,0.011162,0.098067,1
0.090500,0.934757,0.996905,0.011480,0.106337,1
0.090550,0.924026,0.997720,0.011746,0.114501,1
0.090600,0.912383,0.998551,0.011961,0.122553,1
0.090650,0.899839,0.999393,0.012123,0.130484,1
0.090700,0.886407,1.000243,0.012231,0.138287,1
0.090750,0.872100,1.001098,0.012286,0.145952,1
0.090800,0.856933,1.001954,0.012287,0.153474,1
0.090850,0.840919,1.002809,0.012234,0.160844,1
0.090900,0.824076,1.003659,0.012127,0.168056,1
0.090950,0.806419,1.004499,0.011966,0.175102,1
0.091000,0.787967,1.005328,0.011753,0.181975,1
0.091050,0.768736,1.006142,0.011488,0.188668,1
0.091100,0.748747,1.006937,0.011173,0.195175,1
0.091150,0.728019,1.007710,0.010808,0.201490,1
0.091200,0.706573,1.008459,0.010394,0.207605,1
0.091250,0.684429,1.009180,0.009935,0.213516,1
0.091300,0.661610,1.009870,0.009431,0.219216,1
0.091350,0.638138,1.010528,0.008884,0.224700,1
0.091400,0.614036,1.011149,0.008297,0.229962,1
0.091450,0.589328,1.011732,0.007671,0.234998,1
0.091500,0.564039,1.012274,0.007011,0.239801,1
0.091550,0.538193,1.012774,0.006317,0.244368,1
0.091600,0.511815,1.013229,0.005593,0.248693,1
0.091650,0.484933,1.013637,0.004842,0.252773,1
0.091700,0.457573,1.013997,0.004066,0.256604,1
0.091750,0.429760,1.014307,0.003269,0.260181,1
0.091800,0.401524,1.014566,0.002454,0.263502,1
0.091850,0.372892,1.014773,0.001625,0.266563,1
0.091900,0.343891,1.014928,0.000783,0.269360,1
0.091950,0.314552,1.015029,-0.000066,0.271892,1
0.092000,0.284902,1.015076,-0.000921,0.274155,1
0.092050,0.254971,1.015070,-0.001777,0.276148,1
0.092100,0.224788,1.015009,-0.002631,0.277869,1
0.092150,0.194384,1.014895,-0.003480,0.279315,1
0.092200,0.163788,1.014727,-0.004320,0.280486,1
0.092250,0.133031,1.014507,-0.005148,0.281379,1
0.092300,0.102143,1.014234,-0.005961,0.281996,1
0.092350,0.071153,1.013911,-0.006755,0.282333,1
0.092400,0.040094,1.013539,-0.007528,0.282393,1
0.092450,0.008996,1.013118,-0.008276,0.282173,1
0.092500,-0.022112,1.012651,-0.008996,0.281675,1
0.092550,-0.053197,1.012140,-0.009685,0.280899,1
0.092600,-0.084229,1.011586,-0.010342,0.279846,1
0.092650,-0.115179,1.010991,-0.010962,0.278517,1
0.092700,-0.146014,1.010359,-0.011544,0.276913,1
0.092750,-0.176705,1.009691,-0.012085,0.275036,1
0.092800,-0.207222,1.008990,-0.012584,0.272887,1
0.092850,-0.237533,1.008259,-0.013037,0.270469,1
0.092900,-0.267610,1.007501,-0.013444,0.267784,1
0.092950,-0.297423,1.006718,-0.013803,0.264835,1
0.093000,-0.326942,1.005914,-0.014112,0.261624,1
0.093050,-0.356138,1.005092,-0.014370,0.258155,1
0.093100,-0.384983,1.004255,-0.014576,0.254432,1
0.093150,-0.413447,1.003407,-0.014730,0.250457,1
0.093200,-0.441503,1.002551,-0.014830,0.246236,1
0.093250,-0.469123,1.001689,-0.014876,0.241771,1
0.093300,-0.496280,1.000826,-0.014868,0.237067,1
0.093350,-0.522946,0.999966,-0.014806,0.232130,1
0.093400,-0.549097,0.999110,-0.014690,0.226964,1
0.093450,-0.574705,0.998263,-0.014521,0.221574,1
0.093500,-0.599746,0.997429,-0.014300,0.215965,1
0.093550,-0.624195,0.996609,-0.014026,0.210142,1
0.093600,-0.648027,0.995809,-0.013702,0.204113,1
0.093650,-0.671220,0.995029,-0.013328,0.197882,1
0.093700,-0.693750,0.994275,-0.012906,0.191456,1
0.093750,-0.715595,0.993549,-0.012438,0.184841,1
0.093800,-0.736734,0.992853,-0.011925,0.178043,1
0.093850,-0.757145,0.992190,-0.011370,0.171070,1
0.093900,-0.776809,0.991564,-0.010774,0.163928,1
0.093950,-0.795706,0.990975,-0.010141,0.156624,1
0.094000,-0.813817,0.990428,-0.009471,0.149165,1
0.094050,-0.831125,0.989924,-0.008769,0.141560,1
0.094100,-0.847613,0.989464,-0.008037,0.133814,1
0.094150,-0.863264,0.989051,-0.007278,0.125937,1
0.094200,-0.878063,0.988686,-0.006494,0.117935,1
0.094250,-0.891994,0.988371,-0.005689,0.109817,1
0.094300,-0.905046,0.988107,-0.004866,0.101591,1
0.094350,-0.917204,0.987895,-0.004028,0.093264,1
0.094400,-0.928456,0.987736,-0.003179,0.084846,1
0.094450,-0.938792,0.987630,-0.002321,0.076343,1
0.094500,-0.948202,0.987579,-0.001459,0.067765,1
0.094550,-0.956675,0.987581,-0.000595,0.059121,1
0.094600,-0.964204,0.987637,0.000267,0.050418,1
0.094650,-0.970781,0.987747,0.001123,0.041665,1
0.094700,-0.976400,0.987911,0.001971,0.032871,1
0.094750,-0.981055,0.988127,0.002806,0.024045,1
0.094800,-0.984742,0.988395,0.003626,0.015194,1
0.094850,-0.987457,0.988713,0.004428,0.006329,1
0.094900,-0.989197,0.989082,0.005207,-0.002542,1
0.094950,-0.989961,0.989498,0.005962,-0.011411,1
0.095000,-0.989747,0.989961,0.006690,-0.020268,1
0.095050,-0.988557,0.990468,0.007386,-0.029106,1
0.095100,-0.986391,0.991018,0.008049,-0.037915,1
0.095150,-0.983251,0.991608,0.008676,-0.046686,1
0.095200,-0.979141,0.992236,0.009265,-0.055412,1
0.095250,-0.974064,0.992900,0.009813,-0.064082,1
0.095300,-0.968026,0.993596,0.010318,-0.072690,1
0.095350,-0.961032,0.994323,0.010778,-0.081226,1
0.095400,-0.953090,0.995077,0.011191,-0.089681,1
0.095450,-0.944207,0.995856,0.011556,-0.098048,1
0.095500,-0.934392,0.996655,0.011871,-0.106319,1
0.095550,-0.923655,0.997473,0.012135,-0.114484,1
0.095600,-0.912006,0.998305,0.012348,-0.122537,1
0.095650,-0.899458,0.999149,0.012507,-0.130468,1
0.095700,-0.886021,1.000001,0.012613,-0.138271,1
0.095750,-0.871710,1.000858,0.012665,-0.145937,1
0.095800,-0.856539,1.001716,0.012663,-0.153460,1
0.095850,-0.840522,1.002572,0.012607,-0.160830,1
0.095900,-0.823676,1.003423,0.012497,-0.168043,1
0.095950,-0.806016,1.004265,0.012333,-0.175089,1
0.096000,-0.787562,1.005095,0.012117,-0.181963,1
0.096050,-0.768330,1.005909,0.011849,-0.188657,1
0.096100,-0.748339,1.006705,0.011531,-0.195164,1
0.096150,-0.727611,1.007479,0.011163,-0.201480,1
0.096200,-0.706164,1.008229,0.010746,-0.207596,1
0.096250,-0.684020,1.008950,0.010284,-0.213508,1
0.096300,-0.661201,1.009641,0.009776,-0.219209,1
0.096350,-0.637730,1.010298,0.009227,-0.224693,1
0.096400,-0.613629,1.010920,0.008637,-0.229956,1
0.096450,-0.588923,1.011503,0.008008,-0.234992,1
0.096500,-0.563636,1.012045,0.007345,-0.239796,1
0.096550,-0.537792,1.012544,0.006648,-0.244363,1
0.096600,-0.511418,1.012998,0.005921,-0.248689,1
0.096650,-0.484539,1.013406,0.005168,-0.252770,1
0.096700,-0.457182,1.013765,0.004389,-0.256602,1
0.096750,-0.429373,1.014074,0.003590,-0.260180,1
0.096800,-0.401141,1.014333,0.002772,-0.263501,1
0.096850,-0.372514,1.014539,0.001940,-0.266563,1
0.096900,-0.343519,1.014693,0.001097,-0.269361,1
0.096950,-0.314184,1.014793,0.000245,-0.271893,1
0.097000,-0.284540,1.014839,-0.000612,-0.274158,1
0.097050,-0.254616,1.014831,-0.001470,-0.276151,1
0.097100,-0.224440,1.014769,-0.002326,-0.277872,1
0.097150,-0.194042,1.014653,-0.003176,-0.279319,1
0.097200,-0.163453,1.014484,-0.004018,-0.280490,1
0.097250,-0.132704,1.014262,-0.004848,-0.281385,1
0.097300,-0.101823,1.013989,-0.005662,-0.282002,1
0.097350,-0.070842,1.013664,-0.006457,-0.282340,1
0.097400,-0.039791,1.013290,-0.007231,-0.282400,1
0.097450,-0.008701,1.012868,-0.007980,-0.282181,1
0.097500,0.022398,1.012400,-0.008701,-0.281684,1
0.097550,0.053474,1.011887,-0.009391,-0.280909,1
0.097600,0.084497,1.011331,-0.010048,-0.279856,1
0.097650,0.115437,1.010736,-0.010669,-0.278527,1
0.097700,0.146262,1.010102,-0.011251,-0.276924,1
0.097750,0.176943,1.009432,-0.011793,-0.275047,1
0.097800,0.207450,1.008730,-0.012292,-0.272899,1
0.097850,0.237751,1.007998,-0.012745,-0.270481,1
0.097900,0.267818,1.007238,-0.013152,-0.267797,1
0.097950,0.297620,1.006454,-0.013511,-0.264848,1
0.098000,0.327128,1.005650,-0.013819,-0.261638,1
0.098050,0.356313,1.004827,-0.014077,-0.258170,1
0.098100,0.385146,1.003989,-0.014283,-0.254447,1
0.098150,0.413599,1.003140,-0.014436,-0.250473,1
0.098200,0.441644,1.002283,-0.014535,-0.246251,1
0.098250,0.469253,1.001421,-0.014581,-0.241787,1
0.098300,0.496398,1.000557,-0.014572,-0.237084,1
0.098350,0.523053,0.999696,-0.014509,-0.232147,1
0.098400,0.549192,0.998840,-0.014393,-0.226981,1
0.098450,0.574789,0.997993,-0.014223,-0.221591,1
0.098500,0.599818,0.997159,-0.014000,-0.215982,1
0.098550,0.624255,0.996339,-0.013726,-0.210160,1
0.098600,0.648076,0.995539,-0.013401,-0.204131,1
0.098650,0.671257,0.994760,-0.013026,-0.197900,1
0.098700,0.693775,0.994006,-0.012603,-0.191474,1
0.098750,0.715609,0.993280,-0.012134,-0.184859,1
0.098800,0.736736,0.992585,-0.011620,-0.178062,1
0.098850,0.757136,0.991923,-0.011064,-0.171089,1
0.098900,0.776788,0.991297,-0.010467,-0.163947,1
0.098950,0.795674,0.990710,-0.009833,-0.156643,1
0.099000,0.813774,0.990164,-0.009163,-0.149185,1
0.099050,0.831071,0.989660,-0.008460,-0.141579,1
0.099100,0.847547,0.989202,-0.007727,-0.133834,1
0.099150,0.863187,0.988790,-0.006967,-0.125957,1
0.099200,0.877975,0.988427,-0.006182,-0.117955,1
0.099250,0.891896,0.988114,-0.005377,-0.109837,1
0.099300,0.904937,0.987851,-0.004553,-0.101611,1
0.099350,0.917084,0.987641,-0.003715,-0.093284,1
0.099400,0.928327,0.987484,-0.002865,-0.084865,1
0.099450,0.938653,0.987380,-0.002008,-0.076362,1
0.099500,0.948052,0.987330,-0.001145,-0.067785,1
0.099550,0.956516,0.987334,-0.000281,-0.059140,1
0.099600,0.964036,0.987392,0.000580,-0.050437,1
0.099650,0.970604,0.987504,0.001437,-0.041684,1
0.099700,0.976214,0.987670,0.002284,-0.032890,1
0.099750,0.980860,0.987888,0.003119,-0.024063,1
0.099800,0.984538,0.988158,0.003939,-0.015213,1
0.099850,0.987245,0.988479,0.004740,-0.006347,1
0.099900,0.988977,0.988850,0.005519,0.002524,1
0.099950,0.989733,0.989268,0.006273,0.011393,1
0.100000,0.989512,0.989733,0.006999,0.020251,1
0.100050,0.988314,0.990242,0.007694,0.029089,1
0.100100,0.986141,0.990794,0.008356,0.037898,1
0.100150,0.982995,0.991386,0.008982,0.046670,1
0.100200,0.978878,0.992017,0.009570,0.055396,1
0.100250,0.973796,0.992682,0.010116,0.064067,1
0.100300,0.967752,0.993381,0.010620,0.072675,1
0.100350,0.960753,0.994110,0.011078,0.081211,1
0.100400,0.952806,0.994866,0.011490,0.089667,1
0.100450,0.943918,0.995646,0.011853,0.098034,1
0.100500,0.934099,0.996447,0.012166,0.106305,1
0.100550,0.923357,0.997266,0.012429,0.114471,1
0.100600,0.911705,0.998100,0.012639,0.122524,1
0.100650,0.899153,0.998945,0.012796,0.130456,1
0.100700,0.885713,0.999799,0.012900,0.138259,1
0.100750,0.871399,1.000657,0.012950,0.145926,1
0.100800,0.856225,1.001516,0.012945,0.153449,1
0.100850,0.840206,1.002374,0.012887,0.160820,1
0.100900,0.823358,1.003225,0.012775,0.168033,1
0.100950,0.805697,1.004068,0.012609,0.175080,1
0.101000,0.787242,1.004899,0.012391,0.181954,1
0.101050,0.768009,1.005714,0.012120,0.188649,1
0.101100,0.748018,1.006511,0.011799,0.195157,1
0.101150,0.727289,1.007285,0.011429,0.201473,1
0.101200,0.705842,1.008035,0.011010,0.207590,1
0.101250,0.683699,1.008757,0.010545,0.213502,1
0.101300,0.660881,1.009448,0.010036,0.219203,1
0.101350,0.637411,1.010105,0.009483,0.224688,1
0.101400,0.613312,1.010727,0.008891,0.229952,1
0.101450,0.588607,1.011310,0.008261,0.234988,1
0.101500,0.563322,1.011852,0.007595,0.239793,1
0.101550,0.537481,1.012350,0.006896,0.244361,1
0.101600,0.511109,1.012804,0.006167,0.248687,1
0.101650,0.484233,1.013211,0.005411,0.252769,1
0.101700,0.456879,1.013570,0.004631,0.256601,1
0.101750,0.429075,1.013879,0.003829,0.260179,1
0.101800,0.400847,1.014137,0.003010,0.263501,1
0.101850,0.372223,1.014342,0.002176,0.266563,1
0.101900,0.343232,1.014495,0.001331,0.269362,1
0.101950,0.313903,1.014594,0.000477,0.271895,1
0.102000,0.284264,1.014639,-0.000381,0.274160,1
0.102050,0.254344,1.014631,-0.001240,0.276154,1
0.102100,0.224174,1.014568,-0.002098,0.277876,1
0.102150,0.193782,1.014451,-0.002949,0.279323,1
0.102200,0.163199,1.014281,-0.003792,0.280495,1
0.102250,0.132456,1.014058,-0.004623,0.281390,1
0.102300,0.101581,1.013783,-0.005438,0.282007,1
0.102350,0.070607,1.013457,-0.006234,0.282346,1
0.102400,0.039563,1.013082,-0.007009,0.282407,1
0.102450,0.008480,1.012659,-0.007758,0.282188,1
0.102500,-0.022611,1.012189,-0.008480,0.281691,1
0.102550,-0.053680,1.011675,-0.009171,0.280917,1
0.102600,-0.084696,1.011119,-0.009828,0.279865,1
0.102650,-0.115627,1.010522,-0.010449,0.278536,1
0.102700,-0.146445,1.009887,-0.011032,0.276933,1
0.102750,-0.177118,1.009217,-0.011574,0.275057,1
0.102800,-0.207616,1.008513,-0.012072,0.272909,1
0.102850,-0.237909,1.007780,-0.012526,0.270492,1
0.102900,-0.267967,1.007020,-0.012933,0.267808,1
0.102950,-0.297761,1.006235,-0.013291,0.264859,1
0.103000,-0.327260,1.005430,-0.013599,0.261650,1
0.103050,-0.356437,1.004606,-0.013857,0.258182,1
0.103100,-0.385261,1.003768,-0.014062,0.254459,1
0.103150,-0.413705,1.002918,-0.014215,0.250485,1
0.103200,-0.441741,1.002060,-0.014313,0.246264,1
0.103250,-0.469341,1.001198,-0.014358,0.241800,1
0.103300,-0.496477,1.000334,-0.014349,0.237097,1
0.103350,-0.523123,0.999473,-0.014286,0.232161,1
0.103400,-0.549253,0.998617,-0.014168,0.226995,1
0.103450,-0.574840,0.997770,-0.013998,0.221605,1
0.103500,-0.599860,0.996935,-0.013774,0.215996,1
0.103550,-0.624288,0.996116,-0.013499,0.210175,1
0.103600,-0.648100,0.995316,-0.013173,0.204146,1
0.103650,-0.671272,0.994538,-0.012798,0.197915,1
0.103700,-0.693781,0.993784,-0.012374,0.191489,1
0.103750,-0.715605,0.993059,-0.011904,0.184874,1
0.103800,-0.736723,0.992364,-0.011390,0.178077,1
0.103850,-0.757114,0.991703,-0.010833,0.171104,1
0.103900,-0.776758,0.991078,-0.010236,0.163962,1
0.103950,-0.795634,0.990491,-0.009600,0.156659,1
0.104000,-0.813726,0.989946,-0.008930,0.149200,1
0.104050,-0.831014,0.989444,-0.008226,0.141595,1
0.104100,-0.847482,0.988986,-0.007493,0.133850,1
0.104150,-0.863113,0.988576,-0.006732,0.125972,1
0.104200,-0.877893,0.988214,-0.005947,0.117971,1
0.104250,-0.891806,0.987902,-0.005141,0.109852,1
0.104300,-0.904839,0.987641,-0.004317,0.101626,1
0.104350,-0.916978,0.987432,-0.003479,0.093299,1
0.104400,-0.928213,0.987276,-0.002629,0.084880,1
0.104450,-0.938531,0.987174,-0.001771,0.076378,1
0.104500,-0.947923,0.987125,-0.000908,0.067800,1
0.104550,-0.956380,0.987131,-0.000045,0.059155,1
0.104600,-0.963892,0.987191,0.000817,0.050451,1
0.104650,-0.970453,0.987305,0.001673,0.041698,1
0.104700,-0.976056,0.987472,0.002520,0.032904,1
0.104750,-0.980696,0.987692,0.003355,0.024077,1
0.104800,-0.984368,0.987964,0.004174,0.015227,1
0.104850,-0.987069,0.988286,0.004975,0.006361,1
0.104900,-0.988795,0.988658,0.005753,-0.002511,1
0.104950,-0.989545,0.989078,0.006506,-0.011380,1
0.105000,-0.989319,0.989545,0.007232,-0.020238,1
0.105050,-0.988116,0.990056,0.007927,-0.029076,1
0.105100,-0.985938,0.990610,0.008588,-0.037886,1
0.105150,-0.982786,0.991203,0.009213,-0.046658,1
0.105200,-0.978665,0.991835,0.009799,-0.055384,1
0.105250,-0.973578,0.992503,0.010344,-0.064055,1
0.105300,-0.967530,0.993203,0.010846,-0.072663,1
0.105350,-0.960527,0.993933,0.011303,-0.081200,1
0.105400,-0.952576,0.994690,0.011714,-0.089656,1
0.105450,-0.943685,0.995472,0.012076,-0.098024,1
0.105500,-0.933863,0.996274,0.012387,-0.106295,1
0.105550,-0.923119,0.997095,0.012648,-0.114461,1
0.105600,-0.911464,0.997930,0.012857,-0.122515,1
0.105650,-0.898909,0.998776,0.013013,-0.130447,1
0.105700,-0.885467,0.999631,0.013115,-0.138251,1
0.105750,-0.871152,1.000490,0.013163,-0.145918,1
0.105800,-0.855976,1.001350,0.013157,-0.153441,1
0.105850,-0.839956,1.002209,0.013097,-0.160813,1
0.105900,-0.823107,1.003061,0.012983,-0.168026,1
0.105950,-0.805445,1.003905,0.012815,-0.175073,1
0.106000,-0.786989,1.004736,0.012595,-0.181948,1
0.106050,-0.767756,1.005552,0.012323,-0.188643,1
0.106100,-0.747765,1.006349,0.012000,-0.195152,1
0.106150,-0.727037,1.007124,0.011627,-0.201468,1
0.106200,-0.705590,1.007874,0.011207,-0.207585,1
0.106250,-0.683448,1.008596,0.010740,-0.213498,1
0.106300,-0.660631,1.009287,0.010229,-0.219200,1
0.106350,-0.637162,1.009944,0.009675,-0.224685,1
0.106400,-0.613064,1.010566,0.009081,-0.229949,1
0.106450,-0.588362,1.011148,0.008448,-0.234986,1
0.106500,-0.563078,1.011690,0.007781,-0.239791,1
0.106550,-0.537239,1.012189,0.007080,-0.244359,1
0.106600,-0.510870,1.012642,0.006350,-0.248687,1
0.106650,-0.483997,1.013049,0.005592,-0.252768,1
0.106700,-0.456646,1.013407,0.004811,-0.256601,1
0.106750,-0.428845,1.013716,0.004008,-0.260180,1
0.106800,-0.400620,1.013973,0.003187,-0.263502,1
0.106850,-0.372000,1.014178,0.002352,-0.266565,1
0.106900,-0.343013,1.014330,0.001505,-0.269364,1
0.106950,-0.313688,1.014428,0.000650,-0.271897,1
0.107000,-0.284053,1.014473,-0.000209,-0.274163,1
0.107050,-0.254138,1.014463,-0.001069,-0.276157,1
0.107100,-0.223972,1.014399,-0.001928,-0.277879,1
0.107150,-0.193585,1.014282,-0.002780,-0.279327,1
0.107200,-0.163008,1.014111,-0.003624,-0.280499,1
0.107250,-0.132269,1.013887,-0.004456,-0.281394,1
0.107300,-0.101400,1.013611,-0.005271,-0.282012,1
0.107350,-0.070431,1.013285,-0.006068,-0.282352,1
0.107400,-0.039393,1.012909,-0.006843,-0.282412,1
0.107450,-0.008315,1.012485,-0.007593,-0.282194,1
0.107500,0.022770,1.012014,-0.008315,-0.281698,1
0.107550,0.053833,1.011500,-0.009007,-0.280923,1
0.107600,0.084842,1.010942,-0.009664,-0.279872,1
0.107650,0.115768,1.010344,-0.010285,-0.278544,1
0.107700,0.146579,1.009709,-0.010868,-0.276941,1
0.107750,0.177245,1.009038,-0.011410,-0.275065,1
0.107800,0.207737,1.008334,-0.011908,-0.272917,1
0.107850,0.238023,1.007600,-0.012362,-0.270500,1
0.107900,0.268075,1.006839,-0.012769,-0.267817,1
0.107950,0.297861,1.006054,-0.013127,-0.264869,1
0.108000,0.327354,1.005248,-0.013435,-0.261659,1
0.108050,0.356523,1.004424,-0.013692,-0.258191,1
0.108100,0.385341,1.003585,-0.013897,-0.254469,1
0.108150,0.413778,1.002735,-0.014049,-0.250495,1
0.108200,0.441806,1.001877,-0.014147,-0.246274,1
0.108250,0.469399,1.001014,-0.014191,-0.241811,1
0.108300,0.496528,1.000151,-0.014182,-0.237108,1
0.108350,0.523167,0.999289,-0.014118,-0.232171,1
0.108400,0.549289,0.998433,-0.014000,-0.227006,1
0.108450,0.574869,0.997586,-0.013829,-0.221616,1
0.108500,0.599882,0.996752,-0.013605,-0.216008,1
0.108550,0.624303,0.995933,-0.013329,-0.210186,1
0.108600,0.648107,0.995133,-0.013002,-0.204157,1
0.108650,0.671272,0.994355,-0.012626,-0.197927,1
0.108700,0.693774,0.993602,-0.012202,-0.191501,1
0.108750,0.715592,0.992877,-0.011731,-0.184886,1
0.108800,0.736703,0.992182,-0.011216,-0.178089,1
0.108850,0.757087,0.991522,-0.010659,-0.171116,1
0.108900,0.776723,0.990898,-0.010061,-0.163974,1
0.108950,0.795593,0.990312,-0.009425,-0.156671,1
0.109000,0.813678,0.989767,-0.008754,-0.149212,1
0.109050,0.830959,0.989266,-0.008050,-0.141607,1
0.109100,0.847421,0.988809,-0.007316,-0.133862,1
0.109150,0.863046,0.988400,-0.006555,-0.125984,1
0.109200,0.877819,0.988039,-0.005770,-0.117983,1
0.109250,0.891725,0.987728,-0.004964,-0.109864,1
0.109300,0.904752,0.987468,-0.004139,-0.101638,1
0.109350,0.916885,0.987260,-0.003301,-0.093311,1
0.109400,0.928114,0.987106,-0.002451,-0.084892,1
0.109450,0.938427,0.987005,-0.001593,-0.076389,1
0.109500,0.947813,0.986957,-0.000730,-0.067811,1
0.109550,0.956264,0.986965,0.000133,-0.059166,1
0.109600,0.963771,0.987026,0.000995,-0.050463,1
0.109650,0.970327,0.987141,0.001851,-0.041709,1
0.109700,0.975925,0.987309,0.002698,-0.032915,1
0.109750,0.980560,0.987531,0.003532,-0.024088,1
0.109800,0.984227,0.987804,0.004351,-0.015237,1
0.109850,0.986923,0.988128,0.005151,-0.006372,1
0.109900,0.988645,0.988501,0.005929,0.002500,1
0.109950,0.989391,0.988923,0.006682,0.011370,1
0.110000,0.989160,0.989391,0.007407,0.020228,1
0.110050,0.987953,0.989903,0.008101,0.029066,1
0.110100,0.985772,0.990458,0.008761,0.037876,1
0.110150,0.982617,0.991053,0.009385,0.046648,1
0.110200,0.978492,0.991686,0.009970,0.055375,1
0.110250,0.973402,0.992355,0.010515,0.064046,1
0.110300,0.967351,0.993056,0.011016,0.072655,1
0.110350,0.960346,0.993787,0.011472,0.081192,1
0.110400,0.952392,0.994546,0.011881,0.089648,1
0.110450,0.943499,0.995328,0.012242,0.098016,1
0.110500,0.933674,0.996132,0.012553,0.106288,1
0.110550,0.922928,0.996954,0.012812,0.114454,1
0.110600,0.911272,0.997790,0.013020,0.122508,1
0.110650,0.898715,0.998637,0.013174,0.130441,1
0.110700,0.885272,0.999492,0.013275,0.138244,1
0.110750,0.870956,1.000352,0.013322,0.145912,1
0.110800,0.855779,1.001213,0.013314,0.153436,1
0.110850,0.839758,1.002072,0.013253,0.160808,1
0.110900,0.822909,1.002925,0.013137,0.168021,1
0.110950,0.805247,1.003769,0.012968,0.175069,1
0.111000,0.786790,1.004601,0.012747,0.181944,1
0.111050,0.767558,1.005417,0.012473,0.188639,1
0.111100,0.747567,1.006214,0.012149,0.195148,1
0.111150,0.726839,1.006989,0.011775,0.201465,1
0.111200,0.705394,1.007740,0.011353,0.207582,1
0.111250,0.683252,1.008462,0.010885,0.213495,1
0.111300,0.660436,1.009153,0.010372,0.219198,1
0.111350,0.636969,1.009810,0.009817,0.224683,1
0.111400,0.612872,1.010432,0.009221,0.229948,1
0.111450,0.588171,1.011014,0.008588,0.234985,1
0.111500,0.562890,1.011556,0.007919,0.239790,1
0.111550,0.537053,1.012054,0.007217,0.244359,1
0.111600,0.510686,1.012508,0.006485,0.248686,1
0.111650,0.483815,1.012914,0.005727,0.252769,1
0.111700,0.456467,1.013272,0.004944,0.256601,1
0.111750,0.428668,1.013580,0.004140,0.260181,1
0.111800,0.400447,1.013837,0.003318,0.263504,1
0.111850,0.371830,1.014041,0.002482,0.266566,1
0.111900,0.342846,1.014193,0.001634,0.269366,1
0.111950,0.313524,1.014291,0.000778,0.271900,1
0.112000,0.283893,1.014335,-0.000082,0.274165,1
0.112050,0.253982,1.014324,-0.000943,0.276160,1
0.112100,0.223820,1.014260,-0.001802,0.277882,1
0.112150,0.193437,1.014142,-0.002655,0.279330,1
0.112200,0.162863,1.013970,-0.003500,0.280503,1
0.112250,0.132129,1.013746,-0.004332,0.281399,1
0.112300,0.101264,1.013469,-0.005148,0.282017,1
0.112350,0.070300,1.013142,-0.005945,0.282356,1
0.112400,0.039266,1.012766,-0.006721,0.282417,1
0.112450,0.008193,1.012341,-0.007471,0.282199,1
0.112500,-0.022887,1.011870,-0.008193,0.281703,1
0.112550,-0.053945,1.011354,-0.008885,0.280929,1
0.112600,-0.084949,1.010796,-0.009542,0.279878,1
0.112650,-0.115870,1.010198,-0.010164,0.278550,1
0.112700,-0.146676,1.009562,-0.010746,0.276947,1
0.112750,-0.177337,1.008890,-0.011288,0.275072,1
0.112800,-0.207824,1.008186,-0.011787,0.272924,1
0.112850,-0.238105,1.007452,-0.012240,0.270508,1
0.112900,-0.268151,1.006690,-0.012646,0.267824,1
0.112950,-0.297932,1.005905,-0.013004,0.264876,1
0.113000,-0.327419,1.005098,-0.013312,0.261667,1
0.113050,-0.356583,1.004274,-0.013569,0.258199,1
0.113100,-0.385394,1.003435,-0.013774,0.254477,1
0.113150,-0.413826,1.002584,-0.013925,0.250503,1
0.113200,-0.441849,1.001726,-0.014023,0.246283,1
0.113250,-0.469436,1.000864,-0.014067,0.241819,1
0.113300,-0.496559,1.000000,-0.014057,0.237117,1
0.113350,-0.523192,0.999138,-0.013992,0.232180,1
0.113400,-0.549309,0.998283,-0.013874,0.227015,1
0.113450,-0.574884,0.997436,-0.013702,0.221625,1
0.113500,-0.599891,0.996601,-0.013478,0.216017,1
0.113550,-0.624306,0.995783,-0.013202,0.210196,1
0.113600,-0.648105,0.994983,-0.012874,0.204167,1
0.113650,-0.671264,0.994205,-0.012498,0.197936,1
0.113700,-0.693761,0.993452,-0.012073,0.191511,1
0.113750,-0.715572,0.992728,-0.011602,0.184896,1
0.113800,-0.736678,0.992034,-0.011087,0.178099,1
0.113850,-0.757056,0.991374,-0.010529,0.171126,1
0.113900,-0.776688,0.990750,-0.009930,0.163984,1
0.113950,-0.795552,0.990165,-0.009294,0.156680,1
0.114000,-0.813632,0.989621,-0.008623,0.149222,1
0.114050,-0.830908,0.989121,-0.007918,0.141616,1
0.114100,-0.847364,0.988665,-0.007184,0.133871,1
0.114150,-0.862984,0.988256,-0.006423,0.125994,1
0.114200,-0.877753,0.987896,-0.005637,0.117992,1
0.114250,-0.891655,0.987586,-0.004831,0.109874,1
0.114300,-0.904676,0.987327,-0.004006,0.101647,1
0.114350,-0.916805,0.987120,-0.003168,0.093320,1
0.114400,-0.928029,0.986967,-0.002317,0.084901,1
0.114450,-0.938338,0.986867,-0.001459,0.076398,1
0.114500,-0.947720,0.986821,-0.000597,0.067820,1
0.114550,-0.956166,0.986829,0.000267,0.059175,1
0.114600,-0.963669,0.986891,0.001128,0.050471,1
0.114650,-0.970221,0.987007,0.001984,0.041718,1
0.114700,-0.975816,0.987177,0.002830,0.032924,1
0.114750,-0.980447,0.987399,0.003665,0.024096,1
0.114800,-0.984111,0.987673,0.004483,0.015246,1
0.114850,-0.986803,0.987998,0.005283,0.006380,1
0.114900,-0.988522,0.988373,0.006060,-0.002492,1
0.114950,-0.989264,0.988796,0.006813,-0.011362,1
0.115000,-0.989031,0.989264,0.007537,-0.020221,1
0.115050,-0.987821,0.989778,0.008231,-0.029059,1
0.115100,-0.985637,0.990334,0.008890,-0.037869,1
0.115150,-0.982480,0.990930,0.009514,-0.046641,1
0.115200,-0.978353,0.991564,0.010098,-0.055368,1
0.115250,-0.973260,0.992234,0.010642,-0.064040,1
0.115300,-0.967207,0.992936,0.011142,-0.072648,1
0.115350,-0.960200,0.993668,0.011598,-0.081185,1
0.115400,-0.952245,0.994427,0.012006,-0.089642,1
0.115450,-0.943350,0.995211,0.012366,-0.098011,1
0.115500,-0.933524,0.996015,0.012676,-0.106282,1
0.115550,-0.922777,0.996837,0.012934,-0.114449,1
0.115600,-0.911119,0.997674,0.013141,-0.122503,1
0.115650,-0.898562,0.998522,0.013294,-0.130436,1
0.115700,-0.885118,0.999378,0.013394,-0.138240,1
0.115750,-0.870800,1.000239,0.013439,-0.145908,1
0.115800,-0.855624,1.001100,0.013431,-0.153432,1
0.115850,-0.839602,1.001959,0.013368,-0.160804,1
0.115900,-0.822753,1.002813,0.013252,-0.168018,1
0.115950,-0.805091,1.003657,0.013082,-0.175066,1
0.116000,-0.786635,1.004490,0.012859,-0.181941,1
0.116050,-0.767402,1.005306,0.012584,-0.188636,1
0.116100,-0.747412,1.006103,0.012259,-0.195146,1
0.116150,-0.726685,1.006879,0.011884,-0.201463,1
0.116200,-0.705240,1.007629,0.011461,-0.207581,1
0.116250,-0.683099,1.008351,0.010991,-0.213494,1
0.116300,-0.660285,1.009043,0.010477,-0.219196,1
0.116350,-0.636818,1.009700,0.009921,-0.224682,1
0.116400,-0.612724,1.010321,0.009325,-0.229947,1
0.116450,-0.588024,1.010904,0.008690,-0.234984,1
0.116500,-0.562744,1.011445,0.008020,-0.239790,1
0.116550,-0.536909,1.011944,0.007318,-0.244359,1
0.116600,-0.510544,1.012397,0.006585,-0.248687,1
0.116650,-0.483676,1.012803,0.005825,-0.252769,1
0.116700,-0.456330,1.013160,0.005042,-0.256602,1
0.116750,-0.428533,1.013468,0.004237,-0.260182,1
0.116800,-0.400314,1.013724,0.003414,-0.263505,1
0.116850,-0.371700,1.013928,0.002577,-0.266568,1
0.116900,-0.342719,1.014080,0.001729,-0.269368,1
0.116950,-0.313400,1.014177,0.000873,-0.271902,1
0.117000,-0.283772,1.014221,0.000012,-0.274167,1
0.117050,-0.253863,1.014210,-0.000850,-0.276163,1
0.117100,-0.223705,1.014145,-0.001709,-0.277885,1
0.117150,-0.193325,1.014026,-0.002563,-0.279334,1
0.117200,-0.162755,1.013854,-0.003408,-0.280506,1
0.117250,-0.132024,1.013629,-0.004240,-0.281402,1
0.117300,-0.101163,1.013352,-0.005057,-0.282020,1
0.117350,-0.070202,1.013025,-0.005855,-0.282360,1
0.117400,-0.039172,1.012648,-0.006630,-0.282421,1
0.117450,-0.008103,1.012222,-0.007381,-0.282204,1
0.117500,0.022973,1.011751,-0.008103,-0.281708,1
0.117550,0.054027,1.011235,-0.008795,-0.280934,1
0.117600,0.085028,1.010677,-0.009452,-0.279883,1
0.117650,0.115944,1.010078,-0.010074,-0.278555,1
0.117700,0.146746,1.009441,-0.010656,-0.276953,1
0.117750,0.177403,1.008769,-0.011198,-0.275077,1
0.117800,0.207885,1.008065,-0.011696,-0.272930,1
0.117850,0.238162,1.007330,-0.012150,-0.270513,1
0.117900,0.268203,1.006568,-0.012556,-0.267830,1
0.117950,0.297980,1.005782,-0.012914,-0.264882,1
0.118000,0.327463,1.004975,-0.013221,-0.261673,1
0.118050,0.356622,1.004151,-0.013478,-0.258206,1
0.118100,0.385430,1.003312,-0.013682,-0.254483,1
0.118150,0.413857,1.002461,-0.013833,-0.250510,1
0.118200,0.441875,1.001603,-0.013931,-0.246290,1
0.118250,0.469458,1.000741,-0.013975,-0.241826,1
0.118300,0.496577,0.999877,-0.013964,-0.237124,1
0.118350,0.523205,0.999015,-0.013899,-0.232187,1
0.118400,0.549318,0.998160,-0.013781,-0.227022,1
0.118450,0.574888,0.997313,-0.013608,-0.221632,1
0.118500,0.599891,0.996479,-0.013384,-0.216024,1
0.118550,0.624301,0.995660,-0.013107,-0.210203,1
0.118600,0.648096,0.994861,-0.012779,-0.204174,1
0.118650,0.671251,0.994083,-0.012402,-0.197944,1
0.118700,0.693743,0.993331,-0.011977,-0.191518,1
0.118750,0.715551,0.992607,-0.011506,-0.184903,1
0.118800,0.736652,0.991913,-0.010990,-0.178106,1
0.118850,0.757026,0.991254,-0.010432,-0.171133,1
0.118900,0.776653,0.990631,-0.009833,-0.163991,1
0.118950,0.795514,0.990046,-0.009196,-0.156688,1
0.119000,0.813589,0.989503,-0.008525,-0.149229,1
0.119050,0.830862,0.989003,-0.007820,-0.141624,1
0.119100,0.847314,0.988548,-0.007085,-0.133879,1
0.119150,0.862930,0.988140,-0.006324,-0.126001,1
0.119200,0.877695,0.987780,-0.005538,-0.117999,1
0.119250,0.891593,0.987471,-0.004732,-0.109881,1
0.119300,0.904611,0.987213,-0.003907,-0.101654,1
0.119350,0.916737,0.987007,-0.003068,-0.093327,1
0.119400,0.927958,0.986854,-0.002218,-0.084908,1
0.119450,0.938263,0.986755,-0.001360,-0.076405,1
0.119500,0.947641,0.986709,-0.000498,-0.067827,1
0.119550,0.956085,0.986718,0.000366,-0.059182,1
0.119600,0.963585,0.986781,0.001227,-0.050478,1
0.119650,0.970134,0.986898,0.002083,-0.041725,1
0.119700,0.975726,0.987069,0.002929,-0.032930,1
0.119750,0.980354,0.987292,0.003763,-0.024103,1
0.119800,0.984015,0.987567,0.004582,-0.015252,1
0.119850,0.986705,0.987893,0.005381,-0.006386,1
0.119900,0.988421,0.988269,0.006158,0.002486,1
0.119950,0.989162,0.988692,0.006910,0.011356,1
0.120000,0.988926,0.989162,0.007634,0.020215,1
0.120050,0.987715,0.989676,0.008327,0.029054,1
0.120100,0.985528,0.990233,0.008986,0.037864,1
0.120150,0.982369,0.990830,0.009609,0.046636,1
0.120200,0.978241,0.991465,0.010193,0.055363,1
0.120250,0.973147,0.992135,0.010736,0.064035,1
0.120300,0.967092,0.992838,0.011236,0.072644,1
0.120350,0.960083,0.993571,0.011691,0.081181,1
0.120400,0.952127,0.994331,0.012098,0.089638,1
0.120450,0.943231,0.995115,0.012457,0.098006,1
0.120500,0.933404,0.995920,0.012766,0.106278,1
0.120550,0.922656,0.996743,0.013024,0.114445,1
0.120600,0.910998,0.997580,0.013230,0.122499,1
0.120650,0.898440,0.998429,0.013382,0.130432,1
0.120700,0.884996,0.999285,0.013481,0.138237,1
0.120750,0.870678,1.000146,0.013526,0.145905,1
0.120800,0.855501,1.001008,0.013517,0.153429,1
0.120850,0.839480,1.001867,0.013453,0.160801,1
0.120900,0.822630,1.002721,0.013336,0.168015,1
0.120950,0.804969,1.003566,0.013165,0.175063,1
0.121000,0.786513,1.004398,0.012941,0.181939,1
0.121050,0.767281,1.005215,0.012666,0.188634,1
0.121100,0.747291,1.006013,0.012339,0.195144,1
0.121150,0.726564,1.006788,0.011964,0.201461,1
0.121200,0.705121,1.007538,0.011540,0.207579,1
0.121250,0.682981,1.008261,0.011070,0.213493,1
0.121300,0.660167,1.008952,0.010555,0.219196,1
0.121350,0.636702,1.009609,0.009998,0.224682,1
0.121400,0.612609,1.010231,0.009400,0.229947,1
0.121450,0.587911,1.010813,0.008765,0.234984,1
0.121500,0.562632,1.011354,0.008095,0.239790,1
0.121550,0.536799,1.011852,0.007391,0.244359,1
0.121600,0.510436,1.012305,0.006658,0.248687,1
0.121650,0.483569,1.012711,0.005898,0.252770,1
0.121700,0.456225,1.013069,0.005113,0.256603,1
0.121750,0.428431,1.013376,0.004308,0.260183,1
0.121800,0.400213,1.013632,0.003485,0.263506,1
0.121850,0.371602,1.013836,0.002647,0.266569,1
0.121900,0.342623,1.013987,0.001798,0.269369,1
0.121950,0.313306,1.014084,0.000941,0.271904,1
0.122000,0.283680,1.014127,0.000080,0.274170,1
0.122050,0.253774,1.014116,-0.000782,0.276165,1
0.122100,0.223618,1.014051,-0.001642,0.277888,1
0.122150,0.193241,1.013932,-0.002496,0.279336,1
0.122200,0.162674,1.013759,-0.003341,0.280509,1
0.122250,0.131946,1.013534,-0.004174,0.281405,1
0.122300,0.101088,1.013257,-0.004990,0.282024,1
0.122350,0.070130,1.012929,-0.005788,0.282364,1
0.122400,0.039103,1.012551,-0.006564,0.282425,1
0.122450,0.008037,1.012125,-0.007315,0.282208,1
0.122500,-0.023036,1.011654,-0.008037,0.281712,1
0.122550,-0.054087,1.011137,-0.008729,0.280938,1
0.122600,-0.085084,1.010579,-0.009386,0.279887,1
0.122650,-0.115997,1.009980,-0.010008,0.278559,1
0.122700,-0.146796,1.009343,-0.010590,0.276957,1
0.122750,-0.177450,1.008670,-0.011132,0.275082,1
0.122800,-0.207928,1.007965,-0.011630,0.272935,1
0.122850,-0.238202,1.007230,-0.012083,0.270518,1
0.122900,-0.268240,1.006469,-0.012489,0.267835,1
0.122950,-0.298013,1.005683,-0.012847,0.264887,1
0.123000,-0.327492,1.004876,-0.013154,0.261678,1
0.123050,-0.356648,1.004051,-0.013411,0.258211,1
0.123100,-0.385452,1.003212,-0.013615,0.254489,1
0.123150,-0.413876,1.002361,-0.013766,0.250515,1
0.123200,-0.441891,1.001503,-0.013863,0.246295,1
0.123250,-0.469470,1.000640,-0.013906,0.241831,1
0.123300,-0.496585,0.999777,-0.013895,0.237129,1
0.123350,-0.523210,0.998915,-0.013830,0.232193,1
0.123400,-0.549319,0.998060,-0.013711,0.227028,1
0.123450,-0.574886,0.997213,-0.013539,0.221638,1
0.123500,-0.599885,0.996379,-0.013314,0.216030,1
0.123550,-0.624293,0.995561,-0.013037,0.210209,1
0.123600,-0.648084,0.994761,-0.012709,0.204180,1
0.123650,-0.671235,0.993984,-0.012331,0.197950,1
0.123700,-0.693724,0.993232,-0.011906,0.191524,1
0.123750,-0.715528,0.992508,-0.011434,0.184909,1
0.123800,-0.736626,0.991815,-0.010918,0.178112,1
0.123850,-0.756998,0.991156,-0.010359,0.171139,1
0.123900,-0.776621,0.990534,-0.009761,0.163997,1
0.123950,-0.795479,0.989950,-0.009124,0.156694,1
0.124000,-0.813551,0.989407,-0.008452,0.149235,1
0.124050,-0.830821,0.988907,-0.007747,0.141630,1
0.124100,-0.847270,0.988453,-0.007012,0.133884,1
0.124150,-0.862884,0.988045,-0.006250,0.126007,1
0.124200,-0.877645,0.987686,-0.005465,0.118005,1
0.124250,-0.891541,0.987378,-0.004658,0.109887,1
0.124300,-0.904556,0.987120,-0.003833,0.101660,1
0.124350,-0.916679,0.986915,-0.002994,0.093333,1
0.124400,-0.927897,0.986762,-0.002144,0.084914,1
0.124450,-0.938200,0.986664,-0.001286,0.076411,1
0.124500,-0.947576,0.986619,-0.000424,0.067832,1
0.124550,-0.956017,0.986629,0.000440,0.059187,1
0.124600,-0.963515,0.986693,0.001301,0.050483,1
0.124650,-0.970062,0.986810,0.002156,0.041730,1
0.124700,-0.975651,0.986981,0.003003,0.032935,1
0.124750,-0.980278,0.987205,0.003836,0.024108,1
0.124800,-0.983937,0.987481,0.004654,0.015257,1
0.124850,-0.986625,0.987808,0.005453,0.006391,1
0.124900,-0.988340,0.988184,0.006230,-0.002482,1
0.124950,-0.989079,0.988608,0.006982,-0.011352,1
0.125000,-0.988841,0.989079,0.007706,-0.020211,1
0.125050,-0.987628,0.989593,0.008398,-0.029049,1
0.125100,-0.985441,0.990151,0.009057,-0.037859,1
0.125150,-0.982280,0.990748,0.009679,-0.046632,1
0.125200,-0.978150,0.991384,0.010263,-0.055359,1
0.125250,-0.973055,0.992055,0.010806,-0.064031,1
0.125300,-0.967000,0.992758,0.011305,-0.072640,1
0.125350,-0.959990,0.993492,0.011759,-0.081177,1
0.125400,-0.952033,0.994252,0.012166,-0.089635,1
0.125450,-0.943137,0.995037,0.012525,-0.098003,1
0.125500,-0.933309,0.995842,0.012833,-0.106275,1
0.125550,-0.922561,0.996666,0.013090,-0.114442,1
0.125600,-0.910902,0.997503,0.013295,-0.122497,1
0.125650,-0.898344,0.998352,0.013447,-0.130430,1
0.125700,-0.884899,0.999209,0.013545,-0.138234,1
0.125750,-0.870582,1.000070,0.013590,-0.145903,1
0.125800,-0.855405,1.000932,0.013580,-0.153427,1
0.125850,-0.839384,1.001792,0.013515,-0.160800,1
0.125900,-0.822534,1.002646,0.013397,-0.168014,1
0.125950,-0.804873,1.003491,0.013226,-0.175062,1
0.126000,-0.786417,1.004324,0.013001,-0.181937,1
0.126050,-0.767186,1.005140,0.012725,-0.188633,1
0.126100,-0.747197,1.005938,0.012398,-0.195143,1
0.126150,-0.726471,1.006714,0.012022,-0.201460,1
0.126200,-0.705028,1.007464,0.011597,-0.207579,1
0.126250,-0.682889,1.008187,0.011126,-0.213492,1
0.126300,-0.660076,1.008878,0.010611,-0.219195,1
0.126350,-0.636612,1.009535,0.010053,-0.224682,1
0.126400,-0.612520,1.010156,0.009455,-0.229947,1
0.126450,-0.587823,1.010739,0.008820,-0.234984,1
0.126500,-0.562546,1.011280,0.008148,-0.239790,1
0.126550,-0.536714,1.011778,0.007445,-0.244360,1
0.126600,-0.510353,1.012231,0.006711,-0.248688,1
0.126650,-0.483487,1.012636,0.005950,-0.252771,1
0.126700,-0.456145,1.012994,0.005165,-0.256604,1
0.126750,-0.428352,1.013301,0.004359,-0.260184,1
0.126800,-0.400137,1.013557,0.003536,-0.263508,1
0.126850,-0.371527,1.013760,0.002698,-0.266571,1
0.126900,-0.342550,1.013911,0.001848,-0.269371,1
0.126950,-0.313235,1.014008,0.000991,-0.271905,1
0.127000,-0.283611,1.014051,0.000130,-0.274171,1
0.127050,-0.253708,1.014039,-0.000733,-0.276167,1
0.127100,-0.223554,1.013974,-0.001593,-0.277890,1
0.127150,-0.193179,1.013854,-0.002447,-0.279339,1
0.127200,-0.162614,1.013681,-0.003292,-0.280512,1
0.127250,-0.131888,1.013456,-0.004125,-0.281408,1
0.127300,-0.101032,1.013178,-0.004942,-0.282026,1
0.127350,-0.070077,1.012850,-0.005740,-0.282366,1
0.127400,-0.039052,1.012472,-0.006516,-0.282428,1
0.127450,-0.007989,1.012046,-0.007267,-0.282211,1
0.127500,0.023082,1.011574,-0.007989,-0.281715,1
0.127550,0.054130,1.011058,-0.008681,-0.280941,1
0.127600,0.085124,1.010499,-0.009338,-0.279890,1
0.127650,0.116035,1.009899,-0.009960,-0.278563,1
0.127700,0.146831,1.009262,-0.010542,-0.276961,1
0.127750,0.177482,1.008590,-0.011084,-0.275085,1
0.127800,0.207958,1.007885,-0.011582,-0.272938,1
0.127850,0.238229,1.007150,-0.012035,-0.270522,1
0.127900,0.268264,1.006388,-0.012441,-0.267839,1
0.127950,0.298035,1.005602,-0.012798,-0.264891,1
0.128000,0.327511,1.004794,-0.013105,-0.261682,1
0.128050,0.356664,1.003970,-0.013361,-0.258215,1
0.128100,0.385466,1.003130,-0.013565,-0.254493,1
0.128150,0.413886,1.002280,-0.013716,-0.250520,1
0.128200,0.441899,1.001422,-0.013813,-0.246299,1
0.128250,0.469475,1.000559,-0.013856,-0.241836,1
0.128300,0.496587,0.999696,-0.013845,-0.237134,1
0.128350,0.523210,0.998834,-0.013780,-0.232197,1
0.128400,0.549316,0.997979,-0.013660,-0.227032,1
0.128450,0.574880,0.997132,-0.013488,-0.221643,1
0.128500,0.599877,0.996298,-0.013262,-0.216035,1
0.128550,0.624281,0.995480,-0.012985,-0.210213,1
0.128600,0.648070,0.994681,-0.012657,-0.204184,1
0.128650,0.671219,0.993904,-0.012279,-0.197954,1
0.128700,0.693705,0.993152,-0.011853,-0.191528,1
0.128750,0.715507,0.992429,-0.011382,-0.184914,1
0.128800,0.736603,0.991736,-0.010865,-0.178117,1
0.128850,0.756971,0.991078,-0.010306,-0.171144,1
0.128900,0.776593,0.990455,-0.009707,-0.164002,1
0.128950,0.795448,0.989872,-0.009070,-0.156698,1
0.129000,0.813518,0.989329,-0.008398,-0.149240,1
0.129050,0.830785,0.988830,-0.007693,-0.141634,1
0.129100,0.847232,0.988376,-0.006958,-0.133889,1
0.129150,0.862843,0.987969,-0.006196,-0.126011,1
0.129200,0.877603,0.987611,-0.005410,-0.118009,1
0.129250,0.891496,0.987302,-0.004604,-0.109891,1
0.129300,0.904510,0.987045,-0.003779,-0.101664,1
0.129350,0.916631,0.986840,-0.002940,-0.093337,1
0.129400,0.927847,0.986689,-0.002090,-0.084918,1
0.129450,0.938147,0.986591,-0.001232,-0.076415,1
0.129500,0.947522,0.986546,-0.000369,-0.067837,1
0.129550,0.955961,0.986557,0.000494,-0.059191,1
0.129600,0.963458,0.986621,0.001355,-0.050487,1
0.129650,0.970003,0.986739,0.002210,-0.041734,1
0.129700,0.975591,0.986911,0.003056,-0.032939,1
0.129750,0.980216,0.987135,0.003890,-0.024111,1
0.129800,0.983874,0.987412,0.004708,-0.015260,1
0.129850,0.986560,0.987739,0.005507,-0.006394,1
0.129900,0.988273,0.988116,0.006283,0.002478,1
0.129950,0.989011,0.988540,0.007035,0.011348,1
0.130000,0.988773,0.989011,0.007758,0.020207,1
0.130050,0.987559,0.989527,0.008450,0.029046,1
0.130100,0.985370,0.990085,0.009109,0.037856,1
0.130150,0.982209,0.990683,0.009731,0.046629,1
0.130200,0.978078,0.991319,0.010314,0.055356,1
0.130250,0.972983,0.991990,0.010856,0.064029,1
0.130300,0.966927,0.992694,0.011355,0.072638,1
0.130350,0.959916,0.993428,0.011809,0.081175,1
0.130400,0.951959,0.994189,0.012216,0.089632,1
0.130450,0.943062,0.994974,0.012574,0.098001,1
0.130500,0.933234,0.995779,0.012882,0.106273,1
0.130550,0.922485,0.996603,0.013138,0.114440,1
0.130600,0.910826,0.997441,0.013343,0.122495,1
0.130650,0.898268,0.998290,0.013494,0.130428,1
0.130700,0.884824,0.999147,0.013592,0.138233,1
0.130750,0.870506,1.000009,0.013636,0.145901,1
0.130800,0.855329,1.000871,0.013625,0.153425,1
0.130850,0.839308,1.001731,0.013560,0.160798,1
0.130900,0.822459,1.002585,0.013442,0.168013,1
0.130950,0.804798,1.003431,0.013270,0.175061,1
0.131000,0.786343,1.004263,0.013045,0.181937,1
0.131050,0.767112,1.005080,0.012768,0.188633,1
0.131100,0.747124,1.005878,0.012441,0.195143,1
0.131150,0.726399,1.006654,0.012064,0.201460,1
0.131200,0.704956,1.007404,0.011639,0.207579,1
0.131250,0.682818,1.008126,0.011168,0.213492,1
0.131300,0.660006,1.008817,0.010652,0.219195,1
0.131350,0.636543,1.009475,0.010094,0.224682,1
0.131400,0.612452,1.010096,0.009495,0.229947,1
0.131450,0.587756,1.010678,0.008859,0.234985,1
0.131500,0.562480,1.011219,0.008187,0.239791,1
0.131550,0.536650,1.011717,0.007483,0.244360,1
0.131600,0.510289,1.012170,0.006749,0.248689,1
0.131650,0.483425,1.012575,0.005988,0.252772,1
0.131700,0.456084,1.012932,0.005202,0.256605,1
0.131750,0.428293,1.013239,0.004396,0.260185,1
0.131800,0.400079,1.013495,0.003572,0.263509,1
0.131850,0.371470,1.013698,0.002734,0.266572,1
0.131900,0.342495,1.013849,0.001885,0.269373,1
0.131950,0.313182,1.013946,0.001027,0.271907,1
0.132000,0.283560,1.013988,0.000166,0.274173,1
0.132050,0.253658,1.013977,-0.000697,0.276169,1
0.132100,0.223506,1.013911,-0.001558,0.277892,1
0.132150,0.193133,1.013791,-0.002412,0.279341,1
0.132200,0.162569,1.013618,-0.003257,0.280514,1
0.132250,0.131846,1.013392,-0.004090,0.281410,1
0.132300,0.100992,1.013115,-0.004907,0.282029,1
0.132350,0.070038,1.012786,-0.005705,0.282369,1
0.132400,0.039016,1.012408,-0.006481,0.282430,1
0.132450,0.007955,1.011982,-0.007232,0.282213,1
0.132500,-0.023114,1.011510,-0.007955,0.281718,1
0.132550,-0.054160,1.010993,-0.008646,0.280944,1
0.132600,-0.085153,1.010434,-0.009304,0.279893,1
0.132650,-0.116061,1.009835,-0.009925,0.278566,1
0.132700,-0.146855,1.009197,-0.010507,0.276964,1
0.132750,-0.177504,1.008525,-0.011049,0.275088,1
0.132800,-0.207978,1.007819,-0.011547,0.272942,1
0.132850,-0.238247,1.007084,-0.012000,0.270525,1
0.132900,-0.268280,1.006322,-0.012405,0.267842,1
0.132950,-0.298048,1.005536,-0.012763,0.264895,1
0.133000,-0.327523,1.004729,-0.013070,0.261686,1
0.133050,-0.356674,1.003904,-0.013326,0.258218,1
0.133100,-0.385473,1.003065,-0.013529,0.254496,1
0.133150,-0.413891,1.002214,-0.013680,0.250523,1
0.133200,-0.441901,1.001356,-0.013777,0.246303,1
0.133250,-0.469475,1.000494,-0.013819,0.241839,1
0.133300,-0.496586,0.999630,-0.013808,0.237137,1
0.133350,-0.523206,0.998769,-0.013743,0.232201,1
0.133400,-0.549310,0.997913,-0.013623,0.227036,1
0.133450,-0.574872,0.997067,-0.013450,0.221646,1
0.133500,-0.599867,0.996233,-0.013225,0.216038,1
0.133550,-0.624270,0.995415,-0.012947,0.210217,1
0.133600,-0.648056,0.994616,-0.012619,0.204188,1
0.133650,-0.671203,0.993840,-0.012241,0.197958,1
0.133700,-0.693687,0.993088,-0.011815,0.191532,1
0.133750,-0.715487,0.992365,-0.011343,0.184917,1
0.133800,-0.736581,0.991673,-0.010826,0.178120,1
0.133850,-0.756947,0.991014,-0.010267,0.171147,1
0.133900,-0.776567,0.990392,-0.009668,0.164005,1
0.133950,-0.795420,0.989809,-0.009031,0.156702,1
0.134000,-0.813489,0.989267,-0.008359,0.149243,1
0.134050,-0.830754,0.988768,-0.007654,0.141638,1
0.134100,-0.847200,0.988314,-0.006919,0.133892,1
0.134150,-0.862809,0.987908,-0.006157,0.126015,1
0.134200,-0.877567,0.987550,-0.005371,0.118013,1
0.134250,-0.891459,0.987242,-0.004564,0.109895,1
0.134300,-0.904471,0.986985,-0.003739,0.101668,1
0.134350,-0.916590,0.986781,-0.002900,0.093341,1
0.134400,-0.927805,0.986629,-0.002050,0.084921,1
0.134450,-0.938104,0.986532,-0.001192,0.076418,1
0.134500,-0.947477,0.986488,-0.000330,0.067840,1
0.134550,-0.955916,0.986499,0.000534,0.059194,1
0.134600,-0.963410,0.986563,0.001395,0.050490,1
0.134650,-0.969954,0.986682,0.002250,0.041737,1
0.134700,-0.975541,0.986854,0.003096,0.032942,1
0.134750,-0.980165,0.987079,0.003929,0.024114,1
0.134800,-0.983822,0.987356,0.004747,0.015263,1
0.134850,-0.986508,0.987684,0.005546,0.006397,1
0.134900,-0.988220,0.988061,0.006322,-0.002476,1
0.134950,-0.988957,0.988486,0.007074,-0.011346,1
0.135000,-0.988718,0.988957,0.007797,-0.020205,1
0.135050,-0.987503,0.989473,0.008489,-0.029044,1
0.135100,-0.985314,0.990031,0.009147,-0.037854,1
0.135150,-0.982152,0.990630,0.009769,-0.046627,1
0.135200,-0.978021,0.991266,0.010352,-0.055354,1
0.135250,-0.972925,0.991937,0.010893,-0.064027,1
0.135300,-0.966868,0.992642,0.011392,-0.072636,1
0.135350,-0.959858,0.993376,0.011845,-0.081173,1
0.135400,-0.951900,0.994137,0.012252,-0.089631,1
0.135450,-0.943003,0.994922,0.012609,-0.097999,1
0.135500,-0.933175,0.995729,0.012917,-0.106272,1
0.135550,-0.922426,0.996552,0.013173,-0.114439,1
0.135600,-0.910767,0.997391,0.013377,-0.122493,1
0.135650,-0.898209,0.998240,0.013528,-0.130427,1
0.135700,-0.884764,0.999097,0.013626,-0.138232,1
0.135750,-0.870447,0.999959,0.013669,-0.145900,1
0.135800,-0.855270,1.000822,0.013658,-0.153425,1
0.135850,-0.839250,1.001682,0.013593,-0.160798,1
0.135900,-0.822401,1.002536,0.013474,-0.168012,1
0.135950,-0.804740,1.003381,0.013301,-0.175060,1
0.136000,-0.786286,1.004214,0.013076,-0.181936,1
0.136050,-0.767055,1.005031,0.012799,-0.188632,1
0.136100,-0.747067,1.005829,0.012471,-0.195142,1
0.136150,-0.726343,1.006605,0.012094,-0.201460,1
0.136200,-0.704901,1.007355,0.011669,-0.207578,1
0.136250,-0.682764,1.008077,0.011197,-0.213492,1
0.136300,-0.659953,1.008769,0.010681,-0.219195,1
0.136350,-0.636490,1.009426,0.010122,-0.224682,1
0.136400,-0.612400,1.010047,0.009523,-0.229947,1
0.136450,-0.587705,1.010629,0.008887,-0.234985,1
0.136500,-0.562430,1.011170,0.008215,-0.239792,1
0.136550,-0.536600,1.011668,0.007510,-0.244361,1
0.136600,-0.510241,1.012120,0.006776,-0.248690,1
0.136650,-0.483378,1.012526,0.006014,-0.252773,1
0.136700,-0.456038,1.012883,0.005229,-0.256606,1
0.136750,-0.428248,1.013190,0.004422,-0.260186,1
0.136800,-0.400035,1.013445,0.003598,-0.263510,1
0.136850,-0.371428,1.013648,0.002760,-0.266573,1
0.136900,-0.342454,1.013799,0.001910,-0.269374,1
0.136950,-0.313142,1.013895,0.001053,-0.271908,1
0.137000,-0.283522,1.013938,0.000191,-0.274175,1
0.137050,-0.253621,1.013926,-0.000672,-0.276170,1
0.137100,-0.223470,1.013860,-0.001532,-0.277893,1
0.137150,-0.193099,1.013740,-0.002387,-0.279342,1
0.137200,-0.162537,1.013567,-0.003233,-0.280515,1
0.137250,-0.131815,1.013341,-0.004065,-0.281412,1
0.137300,-0.100962,1.013063,-0.004883,-0.282030,1
0.137350,-0.070010,1.012735,-0.005681,-0.282371,1
0.137400,-0.038989,1.012356,-0.006457,-0.282432,1
0.137450,-0.007930,1.011930,-0.007207,-0.282215,1
0.137500,0.023137,1.011458,-0.007930,-0.281720,1
0.137550,0.054182,1.010941,-0.008621,-0.280946,1
0.137600,0.085173,1.010382,-0.009279,-0.279895,1
0.137650,0.116080,1.009782,-0.009900,-0.278568,1
0.137700,0.146872,1.009145,-0.010482,-0.276966,1
0.137750,0.177519,1.008472,-0.011024,-0.275091,1
0.137800,0.207991,1.007767,-0.011522,-0.272944,1
0.137850,0.238258,1.007032,-0.011974,-0.270528,1
0.137900,0.268290,1.006269,-0.012380,-0.267845,1
0.137950,0.298056,1.005483,-0.012737,-0.264897,1
0.138000,0.327529,1.004676,-0.013044,-0.261688,1
0.138050,0.356678,1.003851,-0.013300,-0.258221,1
0.138100,0.385476,1.003012,-0.013503,-0.254499,1
0.138150,0.413893,1.002162,-0.013654,-0.250526,1
0.138200,0.441901,1.001303,-0.013750,-0.246306,1
0.138250,0.469473,1.000441,-0.013793,-0.241842,1
0.138300,0.496582,0.999577,-0.013781,-0.237140,1
0.138350,0.523201,0.998716,-0.013716,-0.232204,1
0.138400,0.549303,0.997861,-0.013596,-0.227039,1
0.138450,0.574864,0.997015,-0.013423,-0.221649,1
0.138500,0.599857,0.996181,-0.013197,-0.216041,1
0.138550,0.624258,0.995363,-0.012920,-0.210220,1
0.138600,0.648043,0.994564,-0.012591,-0.204191,1
0.138650,0.671188,0.993788,-0.012213,-0.197961,1
0.138700,0.693671,0.993037,-0.011787,-0.191535,1
0.138750,0.715469,0.992313,-0.011315,-0.184920,1
0.138800,0.736561,0.991621,-0.010798,-0.178123,1
0.138850,0.756927,0.990963,-0.010239,-0.171150,1
0.138900,0.776545,0.990341,-0.009640,-0.164008,1
0.138950,0.795397,0.989758,-0.009002,-0.156705,1
0.139000,0.813464,0.989217,-0.008330,-0.149246,1
0.139050,0.830728,0.988718,-0.007625,-0.141641,1
0.139100,0.847172,0.988265,-0.006890,-0.133895,1
0.139150,0.862780,0.987858,-0.006128,-0.126017,1
0.139200,0.877537,0.987501,-0.005342,-0.118016,1
0.139250,0.891427,0.987193,-0.004535,-0.109897,1
0.139300,0.904438,0.986937,-0.003710,-0.101670,1
0.139350,0.916556,0.986733,-0.002871,-0.093343,1
0.139400,0.927770,0.986582,-0.002021,-0.084924,1
0.139450,0.938068,0.986484,-0.001163,-0.076421,1
0.139500,0.947441,0.986441,-0.000301,-0.067842,1
0.139550,0.955878,0.986452,0.000563,-0.059197,1
0.139600,0.963372,0.986517,0.001424,-0.050493,1
0.139650,0.969915,0.986636,0.002279,-0.041739,1
0.139700,0.975501,0.986809,0.003125,-0.032944,1
0.139750,0.980124,0.987034,0.003958,-0.024116,1
0.139800,0.983780,0.987311,0.004775,-0.015265,1
0.139850,0.986466,0.987639,0.005574,-0.006399,1
0.139900,0.988177,0.988016,0.006350,0.002474,1
0.139950,0.988914,0.988442,0.007101,0.011344,1
0.140000,0.988674,0.988914,0.007824,0.020203,1
0.140050,0.987459,0.989430,0.008516,0.029042,1
0.140100,0.985269,0.989988,0.009174,0.037853,1
0.140150,0.982107,0.990587,0.009796,0.046626,1
0.140200,0.977975,0.991224,0.010378,0.055353,1
0.140250,0.972879,0.991895,0.010920,0.064025,1
0.140300,0.966822,0.992600,0.011418,0.072634,1
0.140350,0.959811,0.993334,0.011871,0.081172,1
0.140400,0.951853,0.994096,0.012277,0.089629,1
0.140450,0.942956,0.994881,0.012635,0.097998,1
0.140500,0.933128,0.995688,0.012942,0.106271,1
0.140550,0.922379,0.996512,0.013198,0.114438,1
0.140600,0.910720,0.997350,0.013402,0.122493,1
0.140650,0.898162,0.998200,0.013553,0.130426,1
0.140700,0.884718,0.999057,0.013650,0.138231,1
0.140750,0.870400,0.999919,0.013693,0.145899,1
0.140800,0.855224,1.000782,0.013681,0.153424,1
0.140850,0.839204,1.001642,0.013616,0.160797,1
0.140900,0.822355,1.002496,0.013497,0.168011,1
0.140950,0.804695,1.003342,0.013324,0.175060,1
0.141000,0.786241,1.004174,0.013098,0.181936,1
0.141050,0.767011,1.004991,0.012821,0.188632,1
0.141100,0.747024,1.005789,0.012493,0.195142,1
0.141150,0.726299,1.006565,0.012115,0.201460,1
0.141200,0.704858,1.007316,0.011690,0.207579,1
0.141250,0.682722,1.008038,0.011218,0.213492,1
0.141300,0.659911,1.008729,0.010701,0.219196,1
0.141350,0.636450,1.009386,0.010142,0.224682,1
0.141400,0.612360,1.010007,0.009543,0.229948,1
0.141450,0.587666,1.010589,0.008907,0.234986,1
0.141500,0.562392,1.011130,0.008234,0.239792,1
0.141550,0.536563,1.011628,0.007530,0.244362,1
0.141600,0.510204,1.012081,0.006795,0.248690,1
0.141650,0.483342,1.012486,0.006033,0.252773,1
0.141700,0.456003,1.012843,0.005247,0.256607,1
0.141750,0.428214,1.013149,0.004441,0.260187,1
0.141800,0.400003,1.013405,0.003617,0.263511,1
0.141850,0.371396,1.013608,0.002778,0.266574,1
0.141900,0.342424,1.013758,0.001928,0.269375,1
0.141950,0.313113,1.013855,0.001071,0.271910,1
0.142000,0.283493,1.013897,0.000209,0.274176,1
0.142050,0.253594,1.013885,-0.000654,0.276172,1
0.142100,0.223444,1.013819,-0.001515,0.277895,1
0.142150,0.193074,1.013699,-0.002370,0.279344,1
0.142200,0.162513,1.013526,-0.003215,0.280517,1
0.142250,0.131792,1.013300,-0.004048,0.281413,1
0.142300,0.100941,1.013022,-0.004865,0.282032,1
0.142350,0.069990,1.012693,-0.005663,0.282372,1
0.142400,0.038971,1.012315,-0.006439,0.282434,1
0.142450,0.007912,1.011888,-0.007190,0.282217,1
0.142500,-0.023154,1.011416,-0.007912,0.281722,1
0.142550,-0.054197,1.010899,-0.008604,0.280948,1
0.142600,-0.085186,1.010339,-0.009261,0.279897,1
0.142650,-0.116092,1.009740,-0.009882,0.278570,1
0.142700,-0.146883,1.009102,-0.010465,0.276968,1
0.142750,-0.177529,1.008430,-0.011006,0.275093,1
0.142800,-0.207999,1.007724,-0.011504,0.272946,1
0.142850,-0.238265,1.006989,-0.011956,0.270530,1
0.142900,-0.268295,1.006227,-0.012362,0.267847,1
0.142950,-0.298061,1.005441,-0.012719,0.264899,1
0.143000,-0.327532,1.004633,-0.013026,0.261690,1
0.143050,-0.356680,1.003809,-0.013281,0.258223,1
0.143100,-0.385476,1.002969,-0.013485,0.254501,1
0.143150,-0.413892,1.002119,-0.013635,0.250528,1
0.143200,-0.441899,1.001261,-0.013732,0.246308,1
0.143250,-0.469470,1.000398,-0.013774,0.241844,1
0.143300,-0.496577,0.999535,-0.013762,0.237142,1
0.143350,-0.523195,0.998674,-0.013697,0.232206,1
0.143400,-0.549296,0.997819,-0.013577,0.227041,1
0.143450,-0.574855,0.996973,-0.013404,0.221651,1
0.143500,-0.599847,0.996139,-0.013178,0.216043,1
0.143550,-0.624247,0.995321,-0.012900,0.210222,1
0.143600,-0.648030,0.994523,-0.012571,0.204193,1
0.143650,-0.671174,0.993746,-0.012193,0.197963,1
0.143700,-0.693656,0.992995,-0.011767,0.191537,1
0.143750,-0.715453,0.992272,-0.011295,0.184922,1
0.143800,-0.736544,0.991581,-0.010778,0.178125,1
0.143850,-0.756908,0.990922,-0.010219,0.171152,1
0.143900,-0.776526,0.990301,-0.009619,0.164010,1
0.143950,-0.795376,0.989718,-0.008982,0.156707,1
0.144000,-0.813442,0.989176,-0.008309,0.149248,1
0.144050,-0.830705,0.988678,-0.007604,0.141643,1
0.144100,-0.847149,0.988225,-0.006869,0.133897,1
0.144150,-0.862756,0.987819,-0.006107,0.126020,1
0.144200,-0.877512,0.987462,-0.005321,0.118018,1
0.144250,-0.891401,0.987154,-0.004514,0.109899,1
0.144300,-0.904411,0.986898,-0.003689,0.101672,1
0.144350,-0.916529,0.986694,-0.002850,0.093345,1
0.144400,-0.927742,0.986544,-0.002000,0.084926,1
0.144450,-0.938039,0.986447,-0.001142,0.076422,1
0.144500,-0.947411,0.986404,-0.000280,0.067844,1
0.144550,-0.955847,0.986415,0.000583,0.059198,1
0.144600,-0.963341,0.986480,0.001444,0.050494,1
0.144650,-0.969883,0.986600,0.002299,0.041741,1
0.144700,-0.975469,0.986772,0.003145,0.032946,1
0.144750,-0.980091,0.986998,0.003978,0.024118,1
0.144800,-0.983747,0.987275,0.004796,0.015267,1
0.144850,-0.986432,0.987603,0.005594,0.006400,1
0.144900,-0.988143,0.987981,0.006371,-0.002472,1
0.144950,-0.988879,0.988407,0.007121,-0.011343,1
0.145000,-0.988639,0.988879,0.007844,-0.020202,1
0.145050,-0.987423,0.989395,0.008536,-0.029041,1
0.145100,-0.985233,0.989954,0.009194,-0.037851,1
0.145150,-0.982071,0.990553,0.009815,-0.046624,1
0.145200,-0.977939,0.991190,0.010398,-0.055352,1
0.145250,-0.972842,0.991862,0.010939,-0.064024,1
0.145300,-0.966786,0.992567,0.011437,-0.072633,1
0.145350,-0.959775,0.993301,0.011890,-0.081171,1
0.145400,-0.951817,0.994063,0.012296,-0.089628,1
0.145450,-0.942919,0.994848,0.012653,-0.097998,1
0.145500,-0.933091,0.995655,0.012960,-0.106270,1
0.145550,-0.922342,0.996479,0.013216,-0.114437,1
0.145600,-0.910683,0.997318,0.013419,-0.122492,1
0.145650,-0.898126,0.998167,0.013570,-0.130426,1
0.145700,-0.884682,0.999025,0.013667,-0.138231,1
0.145750,-0.870364,0.999887,0.013709,-0.145899,1
0.145800,-0.855188,1.000749,0.013698,-0.153424,1
0.145850,-0.839168,1.001610,0.013632,-0.160797,1
0.145900,-0.822320,1.002464,0.013513,-0.168011,1
0.145950,-0.804660,1.003310,0.013340,-0.175060,1
0.146000,-0.786206,1.004143,0.013114,-0.181936,1
0.146050,-0.766977,1.004960,0.012836,-0.188632,1
0.146100,-0.746990,1.005758,0.012508,-0.195142,1
0.146150,-0.726266,1.006533,0.012130,-0.201460,1
0.146200,-0.704826,1.007284,0.011704,-0.207579,1
0.146250,-0.682689,1.008006,0.011232,-0.213493,1
0.146300,-0.659880,1.008697,0.010715,-0.219196,1
0.146350,-0.636419,1.009354,0.010156,-0.224683,1
0.146400,-0.612329,1.009975,0.009557,-0.229948,1
0.146450,-0.587636,1.010558,0.008920,-0.234986,1
0.146500,-0.562363,1.011098,0.008248,-0.239793,1
0.146550,-0.536534,1.011596,0.007543,-0.244362,1
0.146600,-0.510177,1.012048,0.006808,-0.248691,1
0.146650,-0.483315,1.012454,0.006046,-0.252774,1
0.146700,-0.455977,1.012810,0.005260,-0.256608,1
0.146750,-0.428189,1.013117,0.004454,-0.260188,1
0.146800,-0.399978,1.013372,0.003629,-0.263512,1
0.146850,-0.371373,1.013576,0.002791,-0.266575,1
0.146900,-0.342401,1.013726,0.001941,-0.269376,1
0.146950,-0.313091,1.013822,0.001083,-0.271911,1
0.147000,-0.283472,1.013864,0.000221,-0.274177,1
0.147050,-0.253574,1.013852,-0.000642,-0.276173,1
0.147100,-0.223425,1.013786,-0.001503,-0.277896,1
0.147150,-0.193056,1.013666,-0.002357,-0.279345,1
0.147200,-0.162496,1.013493,-0.003203,-0.280518,1
0.147250,-0.131776,1.013266,-0.004036,-0.281415,1
0.147300,-0.100926,1.012988,-0.004853,-0.282033,1
0.147350,-0.069976,1.012659,-0.005651,-0.282374,1
0.147400,-0.038957,1.012281,-0.006427,-0.282435,1
0.147450,-0.007900,1.011855,-0.007178,-0.282218,1
0.147500,0.023165,1.011382,-0.007900,-0.281723,1
0.147550,0.054207,1.010865,-0.008591,-0.280949,1
0.147600,0.085195,1.010306,-0.009249,-0.279899,1
0.147650,0.116100,1.009706,-0.009870,-0.278572,1
0.147700,0.146890,1.009069,-0.010452,-0.276970,1
0.147750,0.177535,1.008396,-0.010993,-0.275094,1
0.147800,0.208004,1.007690,-0.011491,-0.272948,1
0.147850,0.238269,1.006955,-0.011944,-0.270532,1
0.147900,0.268298,1.006193,-0.012349,-0.267848,1
0.147950,0.298062,1.005406,-0.012706,-0.264901,1
0.148000,0.327533,1.004599,-0.013013,-0.261692,1
0.148050,0.356680,1.003775,-0.013268,-0.258225,1
0.148100,0.385475,1.002935,-0.013472,-0.254503,1
0.148150,0.413889,1.002085,-0.013622,-0.250530,1
0.148200,0.441895,1.001227,-0.013718,-0.246310,1
0.148250,0.469465,1.000365,-0.013761,-0.241846,1
0.148300,0.496572,0.999501,-0.013749,-0.237144,1
0.148350,0.523188,0.998640,-0.013683,-0.232208,1
0.148400,0.549289,0.997785,-0.013563,-0.227043,1
0.148450,0.574847,0.996939,-0.013390,-0.221653,1
0.148500,0.599837,0.996106,-0.013164,-0.216045,1
0.148550,0.624236,0.995288,-0.012886,-0.210224,1
0.148600,0.648019,0.994490,-0.012557,-0.204195,1
0.148650,0.671162,0.993713,-0.012179,-0.197965,1
0.148700,0.693643,0.992962,-0.011753,-0.191539,1
0.148750,0.715439,0.992240,-0.011280,-0.184924,1
0.148800,0.736530,0.991548,-0.010763,-0.178127,1
0.148850,0.756893,0.990890,-0.010204,-0.171154,1
0.148900,0.776509,0.990269,-0.009604,-0.164012,1
0.148950,0.795359,0.989686,-0.008967,-0.156708,1
0.149000,0.813424,0.989144,-0.008294,-0.149250,1
0.149050,0.830687,0.988646,-0.007589,-0.141644,1
0.149100,0.847129,0.988193,-0.006854,-0.133899,1
0.149150,0.862736,0.987788,-0.006092,-0.126021,1
0.149200,0.877491,0.987430,-0.005306,-0.118019,1
0.149250,0.891380,0.987123,-0.004499,-0.109901,1
0.149300,0.904389,0.986867,-0.003674,-0.101674,1
0.149350,0.916506,0.986664,-0.002835,-0.093346,1
0.149400,0.927719,0.986513,-0.001985,-0.084927,1
0.149450,0.938015,0.986417,-0.001127,-0.076424,1
0.149500,0.947386,0.986374,-0.000265,-0.067845,1
0.149550,0.955823,0.986385,0.000598,-0.059200,1
0.149600,0.963315,0.986451,0.001459,-0.050496,1
0.149650,0.969858,0.986570,0.002314,-0.041742,1
0.149700,0.975443,0.986743,0.003160,-0.032947,1
0.149750,0.980065,0.986969,0.003993,-0.024119,1
0.149800,0.983720,0.987247,0.004810,-0.015268,1
0.149850,0.986404,0.987575,0.005609,-0.006401,1
0.149900,0.988115,0.987953,0.006385,0.002471,1
0.149950,0.988851,0.988379,0.007136,0.011342,1
0.150000,0.988611,0.988851,0.007858,0.020201,1
0.150050,0.987395,0.989367,0.008550,0.029040,1
0.150100,0.985205,0.989926,0.009207,0.037850,1
0.150150,0.982042,0.990526,0.009829,0.046624,1
0.150200,0.977910,0.991163,0.010411,0.055351,1
0.150250,0.972814,0.991835,0.010952,0.064023,1
0.150300,0.966757,0.992540,0.011450,0.072633,1
0.150350,0.959746,0.993275,0.011903,0.081170,1
0.150400,0.951788,0.994036,0.012309,0.089628,1
0.150450,0.942890,0.994822,0.012666,0.097997,1
0.150500,0.933063,0.995629,0.012973,0.106269,1
0.150550,0.922314,0.996453,0.013228,0.114437,1
0.150600,0.910655,0.997292,0.013432,0.122492,1
0.150650,0.898097,0.998141,0.013582,0.130425,1
0.150700,0.884653,0.998999,0.013678,0.138230,1
0.150750,0.870336,0.999861,0.013721,0.145899,1
0.150800,0.855160,1.000724,0.013709,0.153423,1
0.150850,0.839141,1.001584,0.013644,0.160797,1
0.150900,0.822293,1.002439,0.013524,0.168011,1
0.150950,0.804633,1.003284,0.013351,0.175060,1
0.151000,0.786180,1.004117,0.013125,0.181936,1
0.151050,0.766950,1.004934,0.012847,0.188632,1
0.151100,0.746964,1.005732,0.012518,0.195142,1
0.151150,0.726241,1.006508,0.012140,0.201460,1
0.151200,0.704801,1.007258,0.011714,0.207579,1
0.151250,0.682665,1.007980,0.011242,0.213493,1
0.151300,0.659856,1.008672,0.010725,0.219196,1
0.151350,0.636395,1.009329,0.010166,0.224683,1
0.151400,0.612306,1.009950,0.009567,0.229948,1
0.151450,0.587614,1.010532,0.008930,0.234987,1
0.151500,0.562341,1.011073,0.008257,0.239793,1
0.151550,0.536513,1.011570,0.007552,0.244363,1
0.151600,0.510156,1.012023,0.006817,0.248691,1
0.151650,0.483295,1.012428,0.006055,0.252775,1
0.151700,0.455958,1.012785,0.005269,0.256608,1
0.151750,0.428170,1.013091,0.004462,0.260189,1
0.151800,0.399960,1.013346,0.003638,0.263512,1
0.151850,0.371355,1.013549,0.002799,0.266576,1
0.151900,0.342384,1.013699,0.001949,0.269377,1
0.151950,0.313075,1.013796,0.001091,0.271911,1
0.152000,0.283457,1.013838,0.000229,0.274178,1
0.152050,0.253559,1.013826,-0.000634,0.276174,1
0.152100,0.223411,1.013760,-0.001494,0.277897,1
0.152150,0.193043,1.013639,-0.002349,0.279346,1
0.152200,0.162484,1.013466,-0.003195,0.280519,1
0.152250,0.131764,1.013240,-0.004028,0.281416,1
0.152300,0.100915,1.012961,-0.004845,0.282034,1
0.152350,0.069966,1.012633,-0.005643,0.282375,1
0.152400,0.038948,1.012254,-0.006419,0.282437,1
0.152450,0.007892,1.011828,-0.007170,0.282220,1
0.152500,-0.023172,1.011355,-0.007892,0.281724,1
0.152550,-0.054214,1.010838,-0.008583,0.280951,1
0.152600,-0.085201,1.010279,-0.009241,0.279900,1
0.152650,-0.116105,1.009679,-0.009862,0.278573,1
0.152700,-0.146894,1.009041,-0.010444,0.276971,1
0.152750,-0.177538,1.008369,-0.010985,0.275096,1
0.152800,-0.208007,1.007663,-0.011483,0.272949,1
0.152850,-0.238270,1.006928,-0.011935,0.270533,1
0.152900,-0.268299,1.006165,-0.012340,0.267850,1
0.152950,-0.298062,1.005379,-0.012697,0.264902,1
0.153000,-0.327532,1.004572,-0.013004,0.261693,1
0.153050,-0.356678,1.003747,-0.013259,0.258226,1
0.153100,-0.385472,1.002908,-0.013462,0.254504,1
0.153150,-0.413886,1.002058,-0.013613,0.250531,1
0.153200,-0.441891,1.001200,-0.013709,0.246311,1
0.153250,-0.469460,1.000338,-0.013751,0.241847,1
0.153300,-0.496566,0.999474,-0.013739,0.237145,1
0.153350,-0.523182,0.998613,-0.013673,0.232209,1
0.153400,-0.549282,0.997758,-0.013553,0.227044,1
0.153450,-0.574839,0.996912,-0.013380,0.221655,1
0.153500,-0.599829,0.996079,-0.013154,0.216046,1
0.153550,-0.624227,0.995262,-0.012876,0.210225,1
0.153600,-0.648009,0.994463,-0.012547,0.204196,1
0.153650,-0.671152,0.993687,-0.012169,0.197966,1
0.153700,-0.693632,0.992936,-0.011742,0.191540,1
0.153750,-0.715427,0.992213,-0.011270,0.184926,1
0.153800,-0.736517,0.991522,-0.010753,0.178128,1
0.153850,-0.756880,0.990864,-0.010194,0.171155,1
0.153900,-0.776495,0.990243,-0.009594,0.164013,1
0.153950,-0.795345,0.989660,-0.008957,0.156710,1
0.154000,-0.813409,0.989119,-0.008284,0.149251,1
0.154050,-0.830671,0.988621,-0.007579,0.141645,1
0.154100,-0.847113,0.988168,-0.006843,0.133900,1
0.154150,-0.862719,0.987763,-0.006081,0.126022,1
0.154200,-0.877474,0.987406,-0.005295,0.118020,1
0.154250,-0.891362,0.987099,-0.004488,0.109902,1
0.154300,-0.904371,0.986843,-0.003664,0.101675,1
0.154350,-0.916488,0.986640,-0.002825,0.093348,1
0.154400,-0.927700,0.986489,-0.001975,0.084928,1
0.154450,-0.937996,0.986393,-0.001117,0.076425,1
0.154500,-0.947367,0.986350,-0.000254,0.067846,1
0.154550,-0.955802,0.986362,0.000609,0.059201,1
0.154600,-0.963295,0.986427,0.001470,0.050497,1
0.154650,-0.969837,0.986547,0.002324,0.041743,1
0.154700,-0.975421,0.986720,0.003170,0.032948,1
0.154750,-0.980044,0.986946,0.004003,0.024120,1
0.154800,-0.983698,0.987224,0.004821,0.015269,1
0.154850,-0.986383,0.987552,0.005619,0.006402,1
0.154900,-0.988093,0.987931,0.006395,-0.002471,1
0.154950,-0.988829,0.988356,0.007146,-0.011341,1
0.155000,-0.988588,0.988829,0.007868,-0.020200,1
0.155050,-0.987372,0.989345,0.008559,-0.029039,1
0.155100,-0.985182,0.989905,0.009217,-0.037850,1
0.155150,-0.982019,0.990504,0.009838,-0.046623,1
0.155200,-0.977888,0.991141,0.010420,-0.055350,1
0.155250,-0.972791,0.991813,0.010962,-0.064023,1
0.155300,-0.966734,0.992518,0.011459,-0.072632,1
0.155350,-0.959723,0.993253,0.011912,-0.081170,1
0.155400,-0.951765,0.994015,0.012317,-0.089627,1
0.155450,-0.942868,0.994801,0.012674,-0.097997,1
0.155500,-0.933040,0.995608,0.012981,-0.106269,1
0.155550,-0.922291,0.996432,0.013237,-0.114437,1
0.155600,-0.910633,0.997271,0.013440,-0.122491,1
0.155650,-0.898075,0.998121,0.013590,-0.130425,1
0.155700,-0.884631,0.998978,0.013687,-0.138230,1
0.155750,-0.870315,0.999840,0.013729,-0.145899,1
0.155800,-0.855139,1.000703,0.013717,-0.153423,1
0.155850,-0.839119,1.001564,0.013651,-0.160797,1
0.155900,-0.822272,1.002418,0.013531,-0.168011,1
0.155950,-0.804612,1.003264,0.013358,-0.175060,1
0.156000,-0.786159,1.004097,0.013132,-0.181936,1
0.156050,-0.766930,1.004914,0.012854,-0.188632,1
0.156100,-0.746944,1.005712,0.012525,-0.195143,1
0.156150,-0.726221,1.006487,0.012147,-0.201460,1
0.156200,-0.704781,1.007238,0.011721,-0.207579,1
0.156250,-0.682646,1.007960,0.011248,-0.213493,1
0.156300,-0.659837,1.008651,0.010732,-0.219196,1
0.156350,-0.636377,1.009308,0.010172,-0.224683,1
0.156400,-0.612289,1.009929,0.009573,-0.229949,1
0.156450,-0.587597,1.010511,0.008936,-0.234987,1
0.156500,-0.562324,1.011052,0.008263,-0.239793,1
0.156550,-0.536497,1.011550,0.007558,-0.244363,1
0.156600,-0.510140,1.012002,0.006823,-0.248692,1
0.156650,-0.483280,1.012407,0.006061,-0.252775,1
0.156700,-0.455943,1.012764,0.005275,-0.256609,1
0.156750,-0.428156,1.013070,0.004468,-0.260189,1
0.156800,-0.399947,1.013325,0.003643,-0.263513,1
0.156850,-0.371343,1.013528,0.002805,-0.266577,1
0.156900,-0.342372,1.013678,0.001955,-0.269377,1
0.156950,-0.313063,1.013775,0.001097,-0.271912,1
0.157000,-0.283446,1.013817,0.000235,-0.274179,1
0.157050,-0.253549,1.013805,-0.000628,-0.276174,1
0.157100,-0.223401,1.013738,-0.001489,-0.277898,1
0.157150,-0.193033,1.013618,-0.002344,-0.279347,1
0.157200,-0.162475,1.013445,-0.003189,-0.280520,1
0.157250,-0.131756,1.013218,-0.004022,-0.281417,1
0.157300,-0.100908,1.012940,-0.004839,-0.282035,1
0.157350,-0.069959,1.012611,-0.005638,-0.282376,1
0.157400,-0.038942,1.012233,-0.006413,-0.282438,1
0.157450,-0.007886,1.011806,-0.007164,-0.282221,1
0.157500,0.023177,1.011334,-0.007886,-0.281725,1
0.157550,0.054218,1.010816,-0.008578,-0.280952,1
0.157600,0.085205,1.010257,-0.009235,-0.279901,1
0.157650,0.116108,1.009657,-0.009856,-0.278574,1
0.157700,0.146896,1.009020,-0.010438,-0.276972,1
0.157750,0.177540,1.008347,-0.010979,-0.275097,1
0.157800,0.208008,1.007641,-0.011477,-0.272950,1
0.157850,0.238271,1.006906,-0.011929,-0.270534,1
0.157900,0.268299,1.006144,-0.012334,-0.267851,1
0.157950,0.298062,1.005358,-0.012691,-0.264903,1
0.158000,0.327530,1.004550,-0.012998,-0.261695,1
0.158050,0.356676,1.003726,-0.013253,-0.258227,1
0.158100,0.385469,1.002887,-0.013456,-0.254505,1
0.158150,0.413883,1.002036,-0.013606,-0.250532,1
0.158200,0.441887,1.001178,-0.013703,-0.246312,1
0.158250,0.469456,1.000316,-0.013745,-0.241849,1
0.158300,0.496561,0.999453,-0.013733,-0.237146,1
0.158350,0.523176,0.998592,-0.013667,-0.232210,1
0.158400,0.549275,0.997737,-0.013547,-0.227045,1
0.158450,0.574832,0.996891,-0.013373,-0.221656,1
0.158500,0.599821,0.996058,-0.013147,-0.216047,1
0.158550,0.624219,0.995240,-0.012869,-0.210226,1
0.158600,0.648001,0.994442,-0.012540,-0.204197,1
0.158650,0.671143,0.993666,-0.012162,-0.197967,1
0.158700,0.693622,0.992915,-0.011735,-0.191541,1
0.158750,0.715417,0.992193,-0.011263,-0.184927,1
0.158800,0.736506,0.991501,-0.010746,-0.178129,1
0.158850,0.756869,0.990844,-0.010186,-0.171156,1
0.158900,0.776484,0.990222,-0.009587,-0.164014,1
0.158950,0.795333,0.989640,-0.008949,-0.156711,1
0.159000,0.813397,0.989099,-0.008277,-0.149252,1
0.159050,0.830658,0.988601,-0.007571,-0.141646,1
0.159100,0.847100,0.988148,-0.006836,-0.133901,1
0.159150,0.862705,0.987743,-0.006074,-0.126023,1
0.159200,0.877460,0.987386,-0.005288,-0.118021,1
0.159250,0.891348,0.987079,-0.004481,-0.109903,1
0.159300,0.904357,0.986824,-0.003656,-0.101676,1
0.159350,0.916473,0.986620,-0.002817,-0.093348,1
0.159400,0.927684,0.986470,-0.001967,-0.084929,1
0.159450,0.937980,0.986374,-0.001109,-0.076426,1
0.159500,0.947351,0.986331,-0.000247,-0.067847,1
0.159550,0.955786,0.986343,0.000616,-0.059201,1
0.159600,0.963279,0.986409,0.001477,-0.050497,1
0.159650,0.969820,0.986529,0.002332,-0.041743,1
0.159700,0.975405,0.986702,0.003177,-0.032948,1
0.159750,0.980027,0.986928,0.004010,-0.024121,1
0.159800,0.983681,0.987206,0.004828,-0.015269,1
0.159850,0.986365,0.987535,0.005626,-0.006403,1
0.159900,0.988076,0.987913,0.006402,0.002470,1
0.159950,0.988811,0.988339,0.007152,0.011340,1
0.160000,0.988571,0.988811,0.007875,0.020200,1
0.160050,0.987355,0.989328,0.008566,0.029039,1
0.160100,0.985164,0.989887,0.009224,0.037849,1
0.160150,0.982002,0.990487,0.009845,0.046623,1
0.160200,0.977870,0.991124,0.010427,0.055350,1
0.160250,0.972773,0.991796,0.010968,0.064022,1
0.160300,0.966716,0.992501,0.011466,0.072632,1
0.160350,0.959705,0.993236,0.011918,0.081170,1
0.160400,0.951747,0.993998,0.012323,0.089627,1
0.160450,0.942850,0.994784,0.012680,0.097996,1
0.160500,0.933022,0.995591,0.012987,0.106269,1
0.160550,0.922274,0.996415,0.013242,0.114436,1
0.160600,0.910615,0.997254,0.013445,0.122491,1
0.160650,0.898058,0.998104,0.013595,0.130425,1
0.160700,0.884614,0.998962,0.013692,0.138230,1
0.160750,0.870298,0.999824,0.013734,0.145899,1
0.160800,0.855122,1.000687,0.013722,0.153423,1
0.160850,0.839103,1.001547,0.013656,0.160797,1
0.160900,0.822255,1.002402,0.013536,0.168011,1
0.160950,0.804597,1.003247,0.013363,0.175060,1
0.161000,0.786144,1.004080,0.013137,0.181936,1
0.161050,0.766915,1.004897,0.012859,0.188632,1
0.161100,0.746929,1.005695,0.012530,0.195143,1
0.161150,0.726206,1.006471,0.012151,0.201460,1
0.161200,0.704767,1.007221,0.011725,0.207579,1
0.161250,0.682632,1.007944,0.011253,0.213493,1
0.161300,0.659823,1.008635,0.010736,0.219197,1
0.161350,0.636364,1.009292,0.010176,0.224684,1
0.161400,0.612276,1.009913,0.009577,0.229949,1
0.161450,0.587584,1.010495,0.008940,0.234987,1
0.161500,0.562312,1.011036,0.008267,0.239794,1
0.161550,0.536485,1.011533,0.007562,0.244364,1
0.161600,0.510129,1.011985,0.006827,0.248692,1
0.161650,0.483269,1.012391,0.006064,0.252776,1
0.161700,0.455933,1.012747,0.005278,0.256609,1
0.161750,0.428146,1.013054,0.004472,0.260190,1
0.161800,0.399937,1.013309,0.003647,0.263514,1
0.161850,0.371333,1.013512,0.002808,0.266577,1
0.161900,0.342363,1.013662,0.001958,0.269378,1
0.161950,0.313055,1.013758,0.001100,0.271913,1
0.162000,0.283438,1.013800,0.000238,0.274179,1
0.162050,0.253541,1.013788,-0.000625,0.276175,1
0.162100,0.223394,1.013721,-0.001486,0.277898,1
0.162150,0.193027,1.013601,-0.002340,0.279347,1
0.162200,0.162469,1.013428,-0.003186,0.280521,1
0.162250,0.131751,1.013201,-0.004019,0.281417,1
0.162300,0.100903,1.012923,-0.004836,0.282036,1
0.162350,0.069955,1.012594,-0.005634,0.282376,1
0.162400,0.038938,1.012216,-0.006410,0.282438,1
0.162450,0.007883,1.011789,-0.007160,0.282221,1
0.162500,-0.023180,1.011316,-0.007883,0.281726,1
0.162550,-0.054220,1.010799,-0.008574,0.280952,1
0.162600,-0.085207,1.010240,-0.009231,0.279902,1
0.162650,-0.116109,1.009640,-0.009852,0.278575,1
0.162700,-0.146897,1.009002,-0.010434,0.276973,1
0.162750,-0.177540,1.008330,-0.010975,0.275098,1
0.162800,-0.208008,1.007624,-0.011473,0.272951,1
0.162850,-0.238270,1.006889,-0.011925,0.270535,1
0.162900,-0.268298,1.006127,-0.012331,0.267852,1
0.162950,-0.298060,1.005340,-0.012687,0.264904,1
0.163000,-0.327528,1.004533,-0.012994,0.261695,1
0.163050,-0.356673,1.003709,-0.013249,0.258228,1
0.163100,-0.385467,1.002869,-0.013452,0.254506,1
0.163150,-0.413879,1.002019,-0.013602,0.250533,1
0.163200,-0.441883,1.001161,-0.013698,0.246313,1
0.163250,-0.469451,1.000299,-0.013740,0.241849,1
0.163300,-0.496556,0.999436,-0.013728,0.237147,1
0.163350,-0.523171,0.998575,-0.013662,0.232211,1
0.163400,-0.549269,0.997720,-0.013542,0.227046,1
0.163450,-0.574826,0.996874,-0.013369,0.221656,1
0.163500,-0.599815,0.996041,-0.013142,0.216048,1
0.163550,-0.624212,0.995224,-0.012864,0.210227,1
0.163600,-0.647993,0.994425,-0.012535,0.204198,1
0.163650,-0.671135,0.993649,-0.012157,0.197968,1
0.163700,-0.693614,0.992899,-0.011731,0.191542,1
0.163750,-0.715409,0.992176,-0.011258,0.184927,1
0.163800,-0.736497,0.991485,-0.010741,0.178130,1
0.163850,-0.756859,0.990827,-0.010181,0.171157,1
0.163900,-0.776474,0.990206,-0.009582,0.164015,1
0.163950,-0.795323,0.989624,-0.008944,0.156711,1
0.164000,-0.813387,0.989083,-0.008272,0.149253,1
0.164050,-0.830648,0.988585,-0.007566,0.141647,1
0.164100,-0.847089,0.988133,-0.006831,0.133902,1
0.164150,-0.862694,0.987727,-0.006069,0.126024,1
0.164200,-0.877448,0.987370,-0.005283,0.118022,1
0.164250,-0.891336,0.987064,-0.004476,0.109903,1
0.164300,-0.904345,0.986808,-0.003651,0.101676,1
0.164350,-0.916460,0.986605,-0.002812,0.093349,1
0.164400,-0.927672,0.986455,-0.001962,0.084930,1
0.164450,-0.937968,0.986359,-0.001104,0.076426,1
0.164500,-0.947338,0.986316,-0.000242,0.067848,1
0.164550,-0.955773,0.986328,0.000621,0.059202,1
0.164600,-0.963265,0.986394,0.001482,0.050498,1
0.164650,-0.969807,0.986514,0.002337,0.041744,1
0.164700,-0.975391,0.986688,0.003182,0.032949,1
0.164750,-0.980013,0.986914,0.004015,0.024121,1
0.164800,-0.983668,0.987192,0.004832,0.015270,1
0.164850,-0.986352,0.987520,0.005631,0.006403,1
0.164900,-0.988062,0.987899,0.006406,-0.002470,1
0.164950,-0.988797,0.988325,0.007157,-0.011340,1
0.165000,-0.988557,0.988797,0.007879,-0.020199,1
0.165050,-0.987341,0.989314,0.008571,-0.029038,1
0.165100,-0.985150,0.989874,0.009228,-0.037849,1
0.165150,-0.981988,0.990473,0.009849,-0.046622,1
0.165200,-0.977856,0.991110,0.010431,-0.055350,1
0.165250,-0.972759,0.991783,0.010972,-0.064022,1
0.165300,-0.966702,0.992488,0.011470,-0.072632,1
0.165350,-0.959692,0.993223,0.011922,-0.081169,1
0.165400,-0.951734,0.993985,0.012327,-0.089627,1
0.165450,-0.942836,0.994771,0.012684,-0.097996,1
0.165500,-0.933009,0.995578,0.012991,-0.106269,1
0.165550,-0.922260,0.996402,0.013246,-0.114436,1
0.165600,-0.910602,0.997241,0.013449,-0.122491,1
0.165650,-0.898045,0.998091,0.013599,-0.130425,1
0.165700,-0.884601,0.998949,0.013695,-0.138230,1
0.165750,-0.870285,0.999811,0.013738,-0.145899,1
0.165800,-0.855110,1.000674,0.013726,-0.153423,1
0.165850,-0.839090,1.001534,0.013659,-0.160797,1
0.165900,-0.822243,1.002389,0.013539,-0.168011,1
0.165950,-0.804584,1.003234,0.013366,-0.175060,1
0.166000,-0.786132,1.004067,0.013140,-0.181936,1
0.166050,-0.766903,1.004884,0.012861,-0.188632,1
0.166100,-0.746918,1.005682,0.012533,-0.195143,1
0.166150,-0.726195,1.006458,0.012154,-0.201461,1
0.166200,-0.704756,1.007209,0.011728,-0.207579,1
0.166250,-0.682621,1.007931,0.011255,-0.213494,1
0.166300,-0.659813,1.008622,0.010738,-0.219197,1
0.166350,-0.636353,1.009279,0.010179,-0.224684,1
0.166400,-0.612266,1.009900,0.009579,-0.229949,1
0.166450,-0.587574,1.010482,0.008942,-0.234988,1
0.166500,-0.562303,1.011023,0.008269,-0.239794,1
0.166550,-0.536476,1.011520,0.007564,-0.244364,1
0.166600,-0.510120,1.011972,0.006829,-0.248693,1
0.166650,-0.483261,1.012377,0.006067,-0.252776,1
0.166700,-0.455925,1.012734,0.005281,-0.256610,1
0.166750,-0.428138,1.013040,0.004474,-0.260190,1
0.166800,-0.399930,1.013296,0.003649,-0.263514,1
0.166850,-0.371326,1.013498,0.002810,-0.266578,1
0.166900,-0.342356,1.013648,0.001960,-0.269378,1
0.166950,-0.313049,1.013744,0.001102,-0.271913,1
0.167000,-0.283432,1.013786,0.000240,-0.274180,1
0.167050,-0.253536,1.013774,-0.000623,-0.276176,1
0.167100,-0.223389,1.013708,-0.001484,-0.277899,1
0.167150,-0.193022,1.013588,-0.002338,-0.279348,1
0.167200,-0.162465,1.013414,-0.003184,-0.280521,1
0.167250,-0.131747,1.013188,-0.004017,-0.281418,1
0.167300,-0.100899,1.012909,-0.004834,-0.282037,1
0.167350,-0.069952,1.012580,-0.005632,-0.282377,1
0.167400,-0.038935,1.012202,-0.006408,-0.282439,1
0.167450,-0.007881,1.011775,-0.007158,-0.282222,1
0.167500,0.023182,1.011303,-0.007881,-0.281727,1
0.167550,0.054222,1.010786,-0.008572,-0.280953,1
0.167600,0.085208,1.010226,-0.009229,-0.279902,1
0.167650,0.116110,1.009626,-0.009850,-0.278575,1
0.167700,0.146897,1.008989,-0.010432,-0.276973,1
0.167750,0.177540,1.008316,-0.010973,-0.275098,1
0.167800,0.208007,1.007610,-0.011471,-0.272951,1
0.167850,0.238269,1.006875,-0.011923,-0.270535,1
0.167900,0.268296,1.006113,-0.012328,-0.267852,1
0.167950,0.298058,1.005327,-0.012685,-0.264905,1
0.168000,0.327526,1.004520,-0.012991,-0.261696,1
0.168050,0.356671,1.003695,-0.013246,-0.258229,1
0.168100,0.385464,1.002856,-0.013449,-0.254507,1
0.168150,0.413876,1.002006,-0.013599,-0.250534,1
0.168200,0.441880,1.001148,-0.013695,-0.246314,1
0.168250,0.469447,1.000285,-0.013738,-0.241850,1
0.168300,0.496552,0.999422,-0.013726,-0.237148,1
0.168350,0.523166,0.998561,-0.013659,-0.232212,1
0.168400,0.549264,0.997707,-0.013539,-0.227047,1
0.168450,0.574820,0.996861,-0.013366,-0.221657,1
0.168500,0.599809,0.996028,-0.013139,-0.216049,1
0.168550,0.624206,0.995210,-0.012861,-0.210228,1
0.168600,0.647987,0.994412,-0.012532,-0.204199,1
0.168650,0.671128,0.993636,-0.012154,-0.197968,1
0.168700,0.693607,0.992886,-0.011727,-0.191543,1
0.168750,0.715402,0.992163,-0.011255,-0.184928,1
0.168800,0.736490,0.991472,-0.010738,-0.178131,1
0.168850,0.756852,0.990815,-0.010178,-0.171158,1
0.168900,0.776466,0.990194,-0.009579,-0.164016,1
0.168950,0.795315,0.989611,-0.008941,-0.156712,1
0.169000,0.813378,0.989070,-0.008268,-0.149254,1
0.169050,0.830639,0.988573,-0.007563,-0.141648,1
0.169100,0.847080,0.988120,-0.006828,-0.133902,1
0.169150,0.862685,0.987715,-0.006066,-0.126024,1
0.169200,0.877439,0.987358,-0.005279,-0.118022,1
0.169250,0.891327,0.987052,-0.004473,-0.109904,1
0.169300,0.904335,0.986796,-0.003648,-0.101677,1
0.169350,0.916451,0.986593,-0.002809,-0.093350,1
0.169400,0.927662,0.986443,-0.001959,-0.084930,1
0.169450,0.937958,0.986347,-0.001101,-0.076427,1
0.169500,0.947328,0.986305,-0.000239,-0.067848,1
0.169550,0.955763,0.986316,0.000624,-0.059202,1
0.169600,0.963255,0.986383,0.001485,-0.050498,1
0.169650,0.969796,0.986503,0.002340,-0.041744,1
0.169700,0.975381,0.986676,0.003185,-0.032949,1
0.169750,0.980002,0.986902,0.004018,-0.024122,1
0.169800,0.983657,0.987180,0.004836,-0.015270,1
0.169850,0.986341,0.987509,0.005634,-0.006404,1
0.169900,0.988051,0.987888,0.006409,0.002469,1
0.169950,0.988786,0.988314,0.007160,0.011340,1
0.170000,0.988546,0.988786,0.007882,0.020199,1
0.170050,0.987330,0.989303,0.008574,0.029038,1
0.170100,0.985139,0.989863,0.009231,0.037849,1
0.170150,0.981977,0.990462,0.009852,0.046622,1
0.170200,0.977845,0.991100,0.010434,0.055349,1
0.170250,0.972748,0.991772,0.010975,0.064022,1
0.170300,0.966691,0.992477,0.011472,0.072631,1
0.170350,0.959681,0.993212,0.011925,0.081169,1
0.170400,0.951723,0.993975,0.012330,0.089627,1
0.170450,0.942826,0.994761,0.012687,0.097996,1
0.170500,0.932998,0.995567,0.012993,0.106269,1
0.170550,0.922250,0.996392,0.013248,0.114436,1
0.170600,0.910592,0.997231,0.013451,0.122491,1
0.170650,0.898034,0.998081,0.013601,0.130425,1
0.170700,0.884591,0.998938,0.013697,0.138230,1
0.170750,0.870275,0.999801,0.013740,0.145899,1
0.170800,0.855100,1.000664,0.013728,0.153423,1
0.170850,0.839081,1.001524,0.013661,0.160797,1
0.170900,0.822234,1.002379,0.013541,0.168011,1
0.170950,0.804575,1.003224,0.013368,0.175060,1
0.171000,0.786122,1.004057,0.013141,0.181936,1
0.171050,0.766894,1.004874,0.012863,0.188633,1
0.171100,0.746909,1.005672,0.012534,0.195143,1
0.171150,0.726187,1.006448,0.012156,0.201461,1
0.171200,0.704748,1.007198,0.011729,0.207580,1
0.171250,0.682613,1.007920,0.011257,0.213494,1
0.171300,0.659805,1.008611,0.010740,0.219197,1
0.171350,0.636346,1.009269,0.010180,0.224684,1
0.171400,0.612259,1.009890,0.009581,0.229950,1
0.171450,0.587567,1.010471,0.008943,0.234988,1
0.171500,0.562296,1.011012,0.008271,0.239794,1
0.171550,0.536470,1.011510,0.007565,0.244364,1
0.171600,0.510114,1.011962,0.006830,0.248693,1
0.171650,0.483255,1.012367,0.006068,0.252776,1
0.171700,0.455919,1.012723,0.005282,0.256610,1
0.171750,0.428133,1.013030,0.004475,0.260191,1
0.171800,0.399925,1.013285,0.003650,0.263514,1
0.171850,0.371321,1.013488,0.002811,0.266578,1
0.171900,0.342352,1.013638,0.001961,0.269379,1
0.171950,0.313044,1.013734,0.001103,0.271914,1
0.172000,0.283428,1.013776,0.000241,0.274180,1
0.172050,0.253532,1.013764,-0.000622,0.276176,1
0.172100,0.223386,1.013697,-0.001482,0.277899,1
0.172150,0.193019,1.013577,-0.002337,0.279348,1
0.172200,0.162462,1.013403,-0.003183,0.280522,1
0.172250,0.131745,1.013177,-0.004016,0.281418,1
0.172300,0.100897,1.012899,-0.004833,0.282037,1
0.172350,0.069950,1.012570,-0.005631,0.282378,1
0.172400,0.038934,1.012191,-0.006407,0.282439,1
0.172450,0.007879,1.011765,-0.007157,0.282222,1
0.172500,-0.023183,1.011292,-0.007879,0.281727,1
0.172550,-0.054222,1.010775,-0.008571,0.280954,1
0.172600,-0.085208,1.010215,-0.009228,0.279903,1
0.172650,-0.116110,1.009615,-0.009849,0.278576,1
0.172700,-0.146897,1.008978,-0.010431,0.276974,1
0.172750,-0.177539,1.008305,-0.010972,0.275099,1
0.172800,-0.208006,1.007600,-0.011469,0.272952,1
0.172850,-0.238268,1.006864,-0.011921,0.270536,1
0.172900,-0.268295,1.006102,-0.012327,0.267853,1
0.172950,-0.298056,1.005316,-0.012683,0.264905,1
0.173000,-0.327524,1.004509,-0.012990,0.261697,1
0.173050,-0.356668,1.003684,-0.013245,0.258229,1
0.173100,-0.385461,1.002845,-0.013448,0.254508,1
0.173150,-0.413873,1.001995,-0.013598,0.250534,1
0.173200,-0.441876,1.001137,-0.013694,0.246314,1
0.173250,-0.469444,1.000275,-0.013736,0.241851,1
0.173300,-0.496548,0.999412,-0.013724,0.237149,1
0.173350,-0.523162,0.998551,-0.013658,0.232212,1
0.173400,-0.549260,0.997696,-0.013537,0.227047,1
0.173450,-0.574816,0.996850,-0.013364,0.221658,1
0.173500,-0.599804,0.996017,-0.013137,0.216049,1
0.173550,-0.624201,0.995200,-0.012859,0.210228,1
0.173600,-0.647982,0.994402,-0.012530,0.204199,1
0.173650,-0.671123,0.993626,-0.012152,0.197969,1
0.173700,-0.693601,0.992875,-0.011725,0.191543,1
0.173750,-0.715396,0.992153,-0.011253,0.184928,1
0.173800,-0.736484,0.991462,-0.010736,0.178131,1
0.173850,-0.756845,0.990804,-0.010176,0.171158,1
0.173900,-0.776460,0.990183,-0.009576,0.164016,1
0.173950,-0.795308,0.989601,-0.008939,0.156712,1
0.174000,-0.813371,0.989060,-0.008266,0.149254,1
0.174050,-0.830632,0.988563,-0.007561,0.141648,1
0.174100,-0.847073,0.988110,-0.006826,0.133903,1
0.174150,-0.862678,0.987705,-0.006063,0.126025,1
0.174200,-0.877431,0.987349,-0.005277,0.118023,1
0.174250,-0.891319,0.987042,-0.004470,0.109904,1
0.174300,-0.904327,0.986787,-0.003646,0.101677,1
0.174350,-0.916443,0.986584,-0.002807,0.093350,1
0.174400,-0.927654,0.986434,-0.001957,0.084930,1
0.174450,-0.937949,0.986338,-0.001099,0.076427,1
0.174500,-0.947319,0.986295,-0.000237,0.067848,1
0.174550,-0.955755,0.986307,0.000626,0.059203,1
0.174600,-0.963246,0.986373,0.001487,0.050499,1
0.174650,-0.969788,0.986494,0.002342,0.041745,1
0.174700,-0.975372,0.986667,0.003187,0.032949,1
0.174750,-0.979994,0.986893,0.004020,0.024122,1
0.174800,-0.983648,0.987172,0.004838,0.015270,1
0.174850,-0.986332,0.987500,0.005636,0.006404,1
0.174900,-0.988042,0.987879,0.006411,-0.002469,1
0.174950,-0.988778,0.988305,0.007162,-0.011339,1
0.175000,-0.988537,0.988778,0.007884,-0.020199,1
0.175050,-0.987321,0.989295,0.008575,-0.029038,1
0.175100,-0.985131,0.989854,0.009233,-0.037849,1
0.175150,-0.981968,0.990454,0.009854,-0.046622,1
0.175200,-0.977836,0.991091,0.010436,-0.055349,1
0.175250,-0.972740,0.991764,0.010976,-0.064022,1
0.175300,-0.966683,0.992469,0.011474,-0.072631,1
0.175350,-0.959672,0.993204,0.011926,-0.081169,1
0.175400,-0.951714,0.993966,0.012331,-0.089627,1
0.175450,-0.942817,0.994752,0.012688,-0.097996,1
0.175500,-0.932990,0.995559,0.012994,-0.106269,1
0.175550,-0.922242,0.996384,0.013250,-0.114436,1
0.175600,-0.910584,0.997223,0.013453,-0.122491,1
0.175650,-0.898027,0.998073,0.013602,-0.130425,1
0.175700,-0.884583,0.998930,0.013699,-0.138230,1
0.175750,-0.870267,0.999792,0.013741,-0.145899,1
0.175800,-0.855092,1.000655,0.013729,-0.153423,1
0.175850,-0.839073,1.001516,0.013662,-0.160797,1
0.175900,-0.822226,1.002371,0.013542,-0.168011,1
0.175950,-0.804568,1.003216,0.013369,-0.175060,1
0.176000,-0.786115,1.004049,0.013142,-0.181936,1
0.176050,-0.766887,1.004866,0.012864,-0.188633,1
0.176100,-0.746902,1.005664,0.012535,-0.195143,1
0.176150,-0.726180,1.006440,0.012157,-0.201461,1
0.176200,-0.704741,1.007190,0.011730,-0.207580,1
0.176250,-0.682607,1.007912,0.011257,-0.213494,1
0.176300,-0.659799,1.008603,0.010740,-0.219197,1
0.176350,-0.636340,1.009261,0.010181,-0.224684,1
0.176400,-0.612253,1.009881,0.009581,-0.229950,1
0.176450,-0.587562,1.010463,0.008944,-0.234988,1
0.176500,-0.562291,1.011004,0.008271,-0.239795,1
0.176550,-0.536465,1.011501,0.007566,-0.244365,1
0.176600,-0.510109,1.011954,0.006830,-0.248693,1
0.176650,-0.483250,1.012359,0.006068,-0.252777,1
0.176700,-0.455915,1.012715,0.005282,-0.256610,1
0.176750,-0.428129,1.013022,0.004475,-0.260191,1
0.176800,-0.399921,1.013277,0.003651,-0.263515,1
0.176850,-0.371318,1.013480,0.002812,-0.266578,1
0.176900,-0.342349,1.013629,0.001962,-0.269379,1
0.176950,-0.313041,1.013725,0.001104,-0.271914,1
0.177000,-0.283425,1.013767,0.000242,-0.274180,1
0.177050,-0.253530,1.013755,-0.000621,-0.276176,1
0.177100,-0.223384,1.013689,-0.001482,-0.277900,1
0.177150,-0.193017,1.013569,-0.002337,-0.279349,1
0.177200,-0.162460,1.013395,-0.003182,-0.280522,1
0.177250,-0.131743,1.013168,-0.004015,-0.281419,1
0.177300,-0.100896,1.012890,-0.004832,-0.282037,1
0.177350,-0.069949,1.012561,-0.005630,-0.282378,1
0.177400,-0.038933,1.012183,-0.006406,-0.282440,1
0.177450,-0.007879,1.011756,-0.007157,-0.282223,1
0.177500,0.023183,1.011283,-0.007879,-0.281727,1
0.177550,0.054222,1.010766,-0.008570,-0.280954,1
0.177600,0.085208,1.010207,-0.009227,-0.279903,1
0.177650,0.116110,1.009607,-0.009848,-0.278576,1
0.177700,0.146896,1.008969,-0.010430,-0.276974,1
0.177750,0.177538,1.008296,-0.010971,-0.275099,1
0.177800,0.208005,1.007591,-0.011468,-0.272952,1
0.177850,0.238267,1.006856,-0.011921,-0.270536,1
0.177900,0.268293,1.006094,-0.012326,-0.267853,1
0.177950,0.298055,1.005307,-0.012682,-0.264906,1
0.178000,0.327522,1.004500,-0.012989,-0.261697,1
0.178050,0.356666,1.003676,-0.013244,-0.258230,1
0.178100,0.385458,1.002837,-0.013447,-0.254508,1
0.178150,0.413870,1.001986,-0.013597,-0.250535,1
0.178200,0.441874,1.001129,-0.013693,-0.246314,1
0.178250,0.469441,1.000266,-0.013735,-0.241851,1
0.178300,0.496545,0.999403,-0.013723,-0.237149,1
0.178350,0.523159,0.998543,-0.013656,-0.232213,1
0.178400,0.549256,0.997688,-0.013536,-0.227047,1
0.178450,0.574812,0.996842,-0.013363,-0.221658,1
0.178500,0.599800,0.996009,-0.013136,-0.216050,1
0.178550,0.624197,0.995192,-0.012858,-0.210229,1
0.178600,0.647977,0.994394,-0.012529,-0.204200,1
0.178650,0.671118,0.993618,-0.012151,-0.197969,1
0.178700,0.693597,0.992867,-0.011724,-0.191544,1
0.178750,0.715391,0.992145,-0.011251,-0.184929,1
0.178800,0.736479,0.991454,-0.010734,-0.178132,1
0.178850,0.756840,0.990797,-0.010175,-0.171159,1
0.178900,0.776454,0.990176,-0.009575,-0.164017,1
0.178950,0.795302,0.989594,-0.008938,-0.156713,1
0.179000,0.813366,0.989053,-0.008265,-0.149254,1
0.179050,0.830626,0.988555,-0.007559,-0.141648,1
0.179100,0.847067,0.988103,-0.006824,-0.133903,1
0.179150,0.862672,0.987698,-0.006062,-0.126025,1
0.179200,0.877425,0.987341,-0.005276,-0.118023,1
0.179250,0.891313,0.987034,-0.004469,-0.109905,1
0.179300,0.904321,0.986779,-0.003644,-0.101678,1
0.179350,0.916436,0.986576,-0.002805,-0.093350,1
0.179400,0.927647,0.986426,-0.001955,-0.084931,1
0.179450,0.937943,0.986330,-0.001098,-0.076427,1
0.179500,0.947313,0.986288,-0.000235,-0.067849,1
0.179550,0.955748,0.986300,0.000628,-0.059203,1
0.179600,0.963240,0.986366,0.001488,-0.050499,1
0.179650,0.969781,0.986486,0.002343,-0.041745,1
0.179700,0.975365,0.986660,0.003189,-0.032950,1
0.179750,0.979987,0.986886,0.004022,-0.024122,1
0.179800,0.983641,0.987165,0.004839,-0.015271,1
0.179850,0.986325,0.987494,0.005637,-0.006404,1
0.179900,0.988036,0.987872,0.006412,0.002469,1
0.179950,0.988771,0.988298,0.007163,0.011339,1
0.180000,0.988530,0.988771,0.007885,0.020199,1
0.180050,0.987314,0.989288,0.008576,0.029038,1
0.180100,0.985124,0.989847,0.009234,0.037849,1
0.180150,0.981961,0.990447,0.009854,0.046622,1
0.180200,0.977830,0.991084,0.010436,0.055349,1
0.180250,0.972733,0.991757,0.010977,0.064022,1
0.180300,0.966676,0.992462,0.011475,0.072631,1
0.180350,0.959666,0.993198,0.011927,0.081169,1
0.180400,0.951708,0.993960,0.012332,0.089627,1
0.180450,0.942811,0.994746,0.012689,0.097996,1
0.180500,0.932984,0.995553,0.012995,0.106269,1
0.180550,0.922236,0.996377,0.013250,0.114436,1
0.180600,0.910577,0.997216,0.013453,0.122491,1
0.180650,0.898021,0.998066,0.013603,0.130425,1
0.180700,0.884577,0.998924,0.013699,0.138230,1
0.180750,0.870261,0.999786,0.013741,0.145899,1
0.180800,0.855086,1.000649,0.013729,0.153423,1
0.180850,0.839068,1.001509,0.013663,0.160797,1
0.180900,0.822221,1.002364,0.013543,0.168011,1
0.180950,0.804562,1.003210,0.013369,0.175060,1
0.181000,0.786110,1.004043,0.013143,0.181936,1
0.181050,0.766882,1.004860,0.012864,0.188633,1
0.181100,0.746897,1.005658,0.012535,0.195143,1
0.181150,0.726175,1.006433,0.012157,0.201461,1
0.181200,0.704737,1.007184,0.011730,0.207580,1
0.181250,0.682603,1.007906,0.011258,0.213494,1
0.181300,0.659795,1.008597,0.010741,0.219197,1
0.181350,0.636336,1.009254,0.010181,0.224685,1
0.181400,0.612249,1.009875,0.009581,0.229950,1
0.181450,0.587558,1.010457,0.008944,0.234988,1
0.181500,0.562287,1.010998,0.008271,0.239795,1
0.181550,0.536461,1.011495,0.007566,0.244365,1
0.181600,0.510106,1.011947,0.006831,0.248693,1
0.181650,0.483247,1.012352,0.006068,0.252777,1
0.181700,0.455912,1.012709,0.005282,0.256611,1
0.181750,0.428126,1.013015,0.004475,0.260191,1
0.181800,0.399918,1.013270,0.003651,0.263515,1
0.181850,0.371315,1.013473,0.002812,0.266579,1
0.181900,0.342346,1.013623,0.001962,0.269379,1
0.181950,0.313039,1.013719,0.001104,0.271914,1
0.182000,0.283423,1.013761,0.000242,0.274181,1
0.182050,0.253528,1.013749,-0.000621,0.276177,1
0.182100,0.223382,1.013682,-0.001482,0.277900,1
0.182150,0.193016,1.013562,-0.002337,0.279349,1
0.182200,0.162459,1.013388,-0.003182,0.280522,1
0.182250,0.131742,1.013162,-0.004015,0.281419,1
0.182300,0.100895,1.012883,-0.004832,0.282038,1
0.182350,0.069948,1.012554,-0.005630,0.282378,1
0.182400,0.038933,1.012176,-0.006406,0.282440,1
0.182450,0.007879,1.011749,-0.007156,0.282223,1
0.182500,-0.023183,1.011277,-0.007879,0.281728,1
0.182550,-0.054222,1.010759,-0.008570,0.280954,1
0.182600,-0.085208,1.010200,-0.009227,0.279904,1
0.182650,-0.116109,1.009600,-0.009848,0.278577,1
0.182700,-0.146896,1.008963,-0.010430,0.276975,1
0.182750,-0.177537,1.008290,-0.010971,0.275099,1
0.182800,-0.208004,1.007584,-0.011468,0.272953,1
0.182850,-0.238265,1.006849,-0.011920,0.270537,1
0.182900,-0.268292,1.006087,-0.012325,0.267854,1
0.182950,-0.298053,1.005301,-0.012682,0.264906,1
0.183000,-0.327520,1.004494,-0.012988,0.261697,1
0.183050,-0.356664,1.003669,-0.013244,0.258230,1
0.183100,-0.385456,1.002830,-0.013446,0.254508,1
0.183150,-0.413868,1.001980,-0.013596,0.250535,1
0.183200,-0.441871,1.001122,-0.013692,0.246315,1
0.183250,-0.469438,1.000260,-0.013734,0.241851,1
0.183300,-0.496542,0.999397,-0.013722,0.237149,1
0.183350,-0.523156,0.998536,-0.013656,0.232213,1
0.183400,-0.549253,0.997681,-0.013536,0.227048,1
0.183450,-0.574809,0.996836,-0.013362,0.221658,1
0.183500,-0.599797,0.996003,-0.013136,0.216050,1
0.183550,-0.624193,0.995185,-0.012857,0.210229,1
0.183600,-0.647973,0.994387,-0.012528,0.204200,1
0.183650,-0.671114,0.993612,-0.012150,0.197970,1
0.183700,-0.693593,0.992861,-0.011723,0.191544,1
0.183750,-0.715387,0.992139,-0.011251,0.184929,1
0.183800,-0.736475,0.991448,-0.010734,0.178132,1
0.183850,-0.756836,0.990790,-0.010174,0.171159,1
0.183900,-0.776450,0.990169,-0.009574,0.164017,1
0.183950,-0.795298,0.989587,-0.008937,0.156713,1
0.184000,-0.813361,0.989047,-0.008264,0.149255,1
0.184050,-0.830622,0.988549,-0.007559,0.141649,1
0.184100,-0.847062,0.988097,-0.006823,0.133903,1
0.184150,-0.862667,0.987692,-0.006061,0.126025,1
0.184200,-0.877420,0.987335,-0.005275,0.118023,1
0.184250,-0.891308,0.987029,-0.004468,0.109905,1
0.184300,-0.904316,0.986773,-0.003644,0.101678,1
0.184350,-0.916431,0.986570,-0.002805,0.093350,1
0.184400,-0.927642,0.986421,-0.001955,0.084931,1
0.184450,-0.937938,0.986324,-0.001097,0.076428,1
0.184500,-0.947308,0.986282,-0.000235,0.067849,1
0.184550,-0.955743,0.986294,0.000628,0.059203,1
0.184600,-0.963235,0.986361,0.001489,0.050499,1
0.184650,-0.969776,0.986481,0.002344,0.041745,1
0.184700,-0.975360,0.986655,0.003189,0.032950,1
0.184750,-0.979982,0.986881,0.004022,0.024122,1
0.184800,-0.983636,0.987159,0.004839,0.015271,1
0.184850,-0.986320,0.987488,0.005637,0.006404,1
0.184900,-0.988030,0.987867,0.006413,-0.002469,1
0.184950,-0.988766,0.988293,0.007164,-0.011339,1
0.185000,-0.988525,0.988766,0.007886,-0.020199,1
0.185050,-0.987309,0.989283,0.008577,-0.029038,1
0.185100,-0.985119,0.989842,0.009234,-0.037848,1
0.185150,-0.981956,0.990442,0.009855,-0.046622,1
0.185200,-0.977825,0.991079,0.010437,-0.055349,1
0.185250,-0.972728,0.991752,0.010978,-0.064022,1
0.185300,-0.966671,0.992457,0.011475,-0.072631,1
0.185350,-0.959661,0.993192,0.011927,-0.081169,1
0.185400,-0.951703,0.993955,0.012332,-0.089627,1
0.185450,-0.942806,0.994741,0.012689,-0.097996,1
0.185500,-0.932979,0.995548,0.012995,-0.106269,1
0.185550,-0.922231,0.996372,0.013251,-0.114436,1
0.185600,-0.910573,0.997211,0.013453,-0.122491,1
0.185650,-0.898016,0.998061,0.013603,-0.130425,1
0.185700,-0.884573,0.998919,0.013699,-0.138230,1
0.185750,-0.870257,0.999781,0.013741,-0.145899,1
0.185800,-0.855082,1.000644,0.013729,-0.153424,1
0.185850,-0.839063,1.001504,0.013663,-0.160797,1
0.185900,-0.822217,1.002359,0.013543,-0.168012,1
0.185950,-0.804558,1.003205,0.013369,-0.175060,1
0.186000,-0.786106,1.004037,0.013143,-0.181936,1
0.186050,-0.766878,1.004855,0.012864,-0.188633,1
0.186100,-0.746894,1.005652,0.012535,-0.195143,1
0.186150,-0.726172,1.006428,0.012157,-0.201461,1
0.186200,-0.704733,1.007179,0.011730,-0.207580,1
0.186250,-0.682599,1.007901,0.011258,-0.213494,1
0.186300,-0.659792,1.008592,0.010740,-0.219198,1
0.186350,-0.636333,1.009249,0.010181,-0.224685,1
0.186400,-0.612246,1.009870,0.009581,-0.229950,1
0.186450,-0.587555,1.010452,0.008944,-0.234989,1
0.186500,-0.562284,1.010992,0.008271,-0.239795,1
0.186550,-0.536459,1.011490,0.007566,-0.244365,1
0.186600,-0.510103,1.011942,0.006830,-0.248694,1
0.186650,-0.483245,1.012347,0.006068,-0.252777,1
0.186700,-0.455909,1.012703,0.005282,-0.256611,1
0.186750,-0.428124,1.013010,0.004475,-0.260191,1
0.186800,-0.399916,1.013265,0.003651,-0.263515,1
0.186850,-0.371314,1.013468,0.002812,-0.266579,1
0.186900,-0.342345,1.013617,0.001961,-0.269380,1
0.186950,-0.313038,1.013714,0.001104,-0.271914,1
0.187000,-0.283422,1.013756,0.000242,-0.274181,1
0.187050,-0.253527,1.013743,-0.000622,-0.276177,1
0.187100,-0.223381,1.013677,-0.001482,-0.277900,1
0.187150,-0.193015,1.013557,-0.002337,-0.279349,1
0.187200,-0.162458,1.013383,-0.003182,-0.280523,1
0.187250,-0.131742,1.013156,-0.004015,-0.281419,1
0.187300,-0.100895,1.012878,-0.004832,-0.282038,1
0.187350,-0.069948,1.012549,-0.005630,-0.282379,1
0.187400,-0.038933,1.012171,-0.006406,-0.282440,1
0.187450,-0.007879,1.011744,-0.007157,-0.282223,1
0.187500,0.023183,1.011271,-0.007879,-0.281728,1
0.187550,0.054222,1.010754,-0.008570,-0.280955,1
0.187600,0.085207,1.010195,-0.009227,-0.279904,1
0.187650,0.116108,1.009595,-0.009848,-0.278577,1
0.187700,0.146895,1.008957,-0.010430,-0.276975,1
0.187750,0.177536,1.008284,-0.010971,-0.275100,1
0.187800,0.208003,1.007579,-0.011468,-0.272953,1
0.187850,0.238264,1.006844,-0.011920,-0.270537,1
0.187900,0.268290,1.006082,-0.012325,-0.267854,1
0.187950,0.298051,1.005295,-0.012682,-0.264906,1
0.188000,0.327518,1.004488,-0.012988,-0.261698,1
0.188050,0.356662,1.003664,-0.013243,-0.258230,1
0.188100,0.385454,1.002825,-0.013446,-0.254509,1
0.188150,0.413866,1.001975,-0.013596,-0.250535,1
0.188200,0.441869,1.001117,-0.013692,-0.246315,1
0.188250,0.469436,1.000255,-0.013734,-0.241852,1
0.188300,0.496540,0.999391,-0.013722,-0.237149,1
0.188350,0.523153,0.998531,-0.013656,-0.232213,1
0.188400,0.549251,0.997676,-0.013535,-0.227048,1
0.188450,0.574806,0.996831,-0.013362,-0.221659,1
0.188500,0.599794,0.995998,-0.013135,-0.216050,1
0.188550,0.624190,0.995180,-0.012857,-0.210229,1
0.188600,0.647970,0.994382,-0.012528,-0.204200,1
0.188650,0.671111,0.993607,-0.012150,-0.197970,1
0.188700,0.693589,0.992856,-0.011723,-0.191544,1
0.188750,0.715383,0.992134,-0.011250,-0.184929,1
0.188800,0.736471,0.991443,-0.010733,-0.178132,1
0.188850,0.756832,0.990785,-0.010174,-0.171159,1
0.188900,0.776446,0.990165,-0.009574,-0.164017,1
0.188950,0.795294,0.989583,-0.008937,-0.156713,1
0.189000,0.813357,0.989042,-0.008264,-0.149255,1
0.189050,0.830618,0.988544,-0.007558,-0.141649,1
0.189100,0.847058,0.988092,-0.006823,-0.133903,1
0.189150,0.862663,0.987687,-0.006061,-0.126026,1
0.189200,0.877416,0.987330,-0.005275,-0.118023,1
0.189250,0.891304,0.987024,-0.004468,-0.109905,1
0.189300,0.904312,0.986769,-0.003643,-0.101678,1
0.189350,0.916427,0.986566,-0.002804,-0.093350,1
0.189400,0.927638,0.986416,-0.001954,-0.084931,1
0.189450,0.937934,0.986320,-0.001096,-0.076428,1
0.189500,0.947304,0.986278,-0.000234,-0.067849,1
0.189550,0.955739,0.986290,0.000629,-0.059203,1
0.189600,0.963230,0.986356,0.001489,-0.050499,1
0.189650,0.969772,0.986477,0.002344,-0.041745,1
0.189700,0.975356,0.986650,0.003190,-0.032950,1
0.189750,0.979977,0.986877,0.004023,-0.024122,1
0.189800,0.983632,0.987155,0.004840,-0.015271,1
0.189850,0.986316,0.987484,0.005638,-0.006404,1
0.189900,0.988026,0.987862,0.006413,0.002469,1
0.189950,0.988761,0.988289,0.007164,0.011339,1
0.190000,0.988521,0.988761,0.007886,0.020198,1
0.190050,0.987305,0.989279,0.008577,0.029038,1
0.190100,0.985115,0.989838,0.009234,0.037848,1
0.190150,0.981952,0.990438,0.009855,0.046622,1
0.190200,0.977820,0.991075,0.010437,0.055349,1
0.190250,0.972724,0.991748,0.010978,0.064022,1
0.190300,0.966667,0.992453,0.011475,0.072631,1
0.190350,0.959657,0.993188,0.011927,0.081169,1
0.190400,0.951699,0.993951,0.012332,0.089627,1
0.190450,0.942802,0.994737,0.012689,0.097996,1
0.190500,0.932975,0.995544,0.012995,0.106269,1
0.190550,0.922227,0.996368,0.013250,0.114436,1
0.190600,0.910569,0.997207,0.013453,0.122491,1
0.190650,0.898012,0.998057,0.013603,0.130425,1
0.190700,0.884569,0.998915,0.013699,0.138230,1
0.190750,0.870253,0.999777,0.013741,0.145899,1
0.190800,0.855079,1.000640,0.013729,0.153424,1
0.190850,0.839060,1.001500,0.013663,0.160797,1
0.190900,0.822213,1.002355,0.013542,0.168012,1
0.190950,0.804555,1.003201,0.013369,0.175060,1
0.191000,0.786103,1.004034,0.013142,0.181937,1
0.191050,0.766875,1.004851,0.012864,0.188633,1
0.191100,0.746891,1.005648,0.012535,0.195143,1
0.191150,0.726169,1.006424,0.012156,0.201461,1
0.191200,0.704731,1.007175,0.011730,0.207580,1
0.191250,0.682597,1.007897,0.011257,0.213494,1
0.191300,0.659789,1.008588,0.010740,0.219198,1
0.191350,0.636330,1.009245,0.010181,0.224685,1
0.191400,0.612244,1.009866,0.009581,0.229950,1
0.191450,0.587553,1.010448,0.008943,0.234989,1
0.191500,0.562282,1.010988,0.008271,0.239795,1
0.191550,0.536457,1.011486,0.007565,0.244365,1
0.191600,0.510102,1.011938,0.006830,0.248694,1
0.191650,0.483243,1.012343,0.006068,0.252777,1
0.191700,0.455908,1.012699,0.005282,0.256611,1
0.191750,0.428123,1.013006,0.004475,0.260192,1
0.191800,0.399915,1.013261,0.003650,0.263515,1
0.191850,0.371313,1.013464,0.002811,0.266579,1
0.191900,0.342344,1.013613,0.001961,0.269380,1
0.191950,0.313037,1.013709,0.001103,0.271915,1
0.192000,0.283421,1.013751,0.000241,0.274181,1
0.192050,0.253526,1.013739,-0.000622,0.276177,1
0.192100,0.223381,1.013673,-0.001482,0.277900,1
0.192150,0.193015,1.013553,-0.002337,0.279349,1
0.192200,0.162458,1.013379,-0.003183,0.280523,1
0.192250,0.131741,1.013152,-0.004016,0.281419,1
0.192300,0.100895,1.012874,-0.004833,0.282038,1
0.192350,0.069948,1.012545,-0.005631,0.282379,1
0.192400,0.038933,1.012166,-0.006406,0.282441,1
0.192450,0.007879,1.011740,-0.007157,0.282224,1
0.192500,-0.023183,1.011267,-0.007879,0.281728,1
0.192550,-0.054221,1.010750,-0.008570,0.280955,1
0.192600,-0.085206,1.010190,-0.009227,0.279904,1
0.192650,-0.116107,1.009591,-0.009848,0.278577,1
0.192700,-0.146894,1.008953,-0.010430,0.276975,1
0.192750,-0.177536,1.008280,-0.010971,0.275100,1
0.192800,-0.208002,1.007575,-0.011468,0.272953,1
0.192850,-0.238263,1.006840,-0.011920,0.270537,1
0.192900,-0.268289,1.006077,-0.012326,0.267854,1
0.192950,-0.298050,1.005291,-0.012682,0.264907,1
0.193000,-0.327517,1.004484,-0.012988,0.261698,1
0.193050,-0.356661,1.003660,-0.013244,0.258231,1
0.193100,-0.385453,1.002821,-0.013446,0.254509,1
0.193150,-0.413864,1.001971,-0.013596,0.250536,1
0.193200,-0.441867,1.001113,-0.013692,0.246315,1
0.193250,-0.469434,1.000251,-0.013734,0.241852,1
0.193300,-0.496537,0.999387,-0.013722,0.237150,1
0.193350,-0.523151,0.998527,-0.013656,0.232213,1
0.193400,-0.549248,0.997672,-0.013535,0.227048,1
0.193450,-0.574804,0.996827,-0.013362,0.221659,1
0.193500,-0.599792,0.995994,-0.013135,0.216051,1
0.193550,-0.624188,0.995176,-0.012857,0.210229,1
0.193600,-0.647968,0.994378,-0.012528,0.204200,1
0.193650,-0.671108,0.993603,-0.012149,0.197970,1
0.193700,-0.693587,0.992852,-0.011723,0.191544,1
0.193750,-0.715381,0.992130,-0.011250,0.184930,1
0.193800,-0.736468,0.991439,-0.010733,0.178132,1
0.193850,-0.756829,0.990782,-0.010174,0.171159,1
0.193900,-0.776444,0.990161,-0.009574,0.164017,1
0.193950,-0.795291,0.989579,-0.008936,0.156713,1
0.194000,-0.813354,0.989038,-0.008264,0.149255,1
0.194050,-0.830615,0.988541,-0.007558,0.141649,1
0.194100,-0.847055,0.988088,-0.006823,0.133903,1
0.194150,-0.862660,0.987683,-0.006061,0.126026,1
0.194200,-0.877413,0.987327,-0.005275,0.118024,1
0.194250,-0.891301,0.987020,-0.004468,0.109905,1
0.194300,-0.904309,0.986765,-0.003643,0.101678,1
0.194350,-0.916424,0.986562,-0.002804,0.093351,1
0.194400,-0.927635,0.986413,-0.001954,0.084931,1
0.194450,-0.937930,0.986317,-0.001096,0.076428,1
0.194500,-0.947300,0.986274,-0.000234,0.067849,1
0.194550,-0.955735,0.986287,0.000629,0.059203,1
0.194600,-0.963227,0.986353,0.001489,0.050499,1
0.194650,-0.969768,0.986473,0.002344,0.041745,1
0.194700,-0.975352,0.986647,0.003190,0.032950,1
0.194750,-0.979974,0.986873,0.004023,0.024122,1
0.194800,-0.983629,0.987152,0.004840,0.015271,1
0.194850,-0.986312,0.987481,0.005638,0.006404,1
0.194900,-0.988023,0.987859,0.006413,-0.002469,1
0.194950,-0.988758,0.988285,0.007164,-0.011339,1
0.195000,-0.988518,0.988758,0.007886,-0.020198,1
0.195050,-0.987302,0.989275,0.008577,-0.029038,1
0.195100,-0.985111,0.989835,0.009234,-0.037848,1
0.195150,-0.981949,0.990434,0.009855,-0.046622,1
0.195200,-0.977817,0.991072,0.010437,-0.055349,1
0.195250,-0.972721,0.991745,0.010978,-0.064022,1
0.195300,-0.966664,0.992450,0.011475,-0.072631,1
0.195350,-0.959654,0.993185,0.011927,-0.081169,1
0.195400,-0.951696,0.993947,0.012332,-0.089627,1
0.195450,-0.942799,0.994733,0.012689,-0.097996,1
0.195500,-0.932972,0.995540,0.012995,-0.106269,1
0.195550,-0.922224,0.996365,0.013250,-0.114436,1
0.195600,-0.910566,0.997204,0.013453,-0.122491,1
0.195650,-0.898010,0.998054,0.013603,-0.130425,1
0.195700,-0.884567,0.998912,0.013699,-0.138230,1
0.195750,-0.870251,0.999774,0.013741,-0.145899,1
0.195800,-0.855076,1.000637,0.013729,-0.153424,1
0.195850,-0.839058,1.001497,0.013662,-0.160797,1
0.195900,-0.822211,1.002352,0.013542,-0.168012,1
0.195950,-0.804553,1.003198,0.013368,-0.175061,1
0.196000,-0.786101,1.004030,0.013142,-0.181937,1
0.196050,-0.766873,1.004847,0.012864,-0.188633,1
0.196100,-0.746889,1.005645,0.012535,-0.195144,1
0.196150,-0.726167,1.006421,0.012156,-0.201461,1
0.196200,-0.704729,1.007171,0.011730,-0.207580,1
0.196250,-0.682595,1.007894,0.011257,-0.213494,1
0.196300,-0.659787,1.008585,0.010740,-0.219198,1
0.196350,-0.636329,1.009242,0.010180,-0.224685,1
0.196400,-0.612242,1.009863,0.009580,-0.229950,1
0.196450,-0.587552,1.010445,0.008943,-0.234989,1
0.196500,-0.562281,1.010985,0.008270,-0.239795,1
0.196550,-0.536455,1.011483,0.007565,-0.244365,1
0.196600,-0.510100,1.011935,0.006830,-0.248694,1
0.196650,-0.483242,1.012340,0.006067,-0.252777,1
0.196700,-0.455907,1.012696,0.005281,-0.256611,1
0.196750,-0.428122,1.013003,0.004474,-0.260192,1
0.196800,-0.399914,1.013258,0.003650,-0.263515,1
0.196850,-0.371312,1.013460,0.002811,-0.266579,1
0.196900,-0.342343,1.013610,0.001961,-0.269380,1
0.196950,-0.313036,1.013706,0.001103,-0.271915,1
0.197000,-0.283421,1.013748,0.000241,-0.274181,1
0.197050,-0.253526,1.013736,-0.000622,-0.276177,1
0.197100,-0.223380,1.013670,-0.001483,-0.277900,1
0.197150,-0.193014,1.013549,-0.002338,-0.279350,1
0.197200,-0.162458,1.013376,-0.003183,-0.280523,1
0.197250,-0.131741,1.013149,-0.004016,-0.281420,1
0.197300,-0.100895,1.012871,-0.004833,-0.282038,1
0.197350,-0.069948,1.012542,-0.005631,-0.282379,1
0.197400,-0.038933,1.012163,-0.006407,-0.282441,1
0.197450,-0.007879,1.011737,-0.007157,-0.282224,1
0.197500,0.023182,1.011264,-0.007879,-0.281728,1
0.197550,0.054221,1.010747,-0.008570,-0.280955,1
0.197600,0.085206,1.010187,-0.009228,-0.279904,1
0.197650,0.116107,1.009587,-0.009848,-0.278577,1
0.197700,0.146893,1.008950,-0.010430,-0.276975,1
0.197750,0.177535,1.008277,-0.010971,-0.275100,1
0.197800,0.208001,1.007572,-0.011469,-0.272953,1
0.197850,0.238262,1.006836,-0.011921,-0.270537,1
0.197900,0.268288,1.006074,-0.012326,-0.267854,1
0.197950,0.298049,1.005288,-0.012682,-0.264907,1
0.198000,0.327516,1.004481,-0.012989,-0.261698,1
0.198050,0.356659,1.003656,-0.013244,-0.258231,1
0.198100,0.385451,1.002817,-0.013447,-0.254509,1
0.198150,0.413862,1.001967,-0.013596,-0.250536,1
0.198200,0.441865,1.001110,-0.013692,-0.246315,1
0.198250,0.469432,1.000247,-0.013734,-0.241852,1
0.198300,0.496536,0.999384,-0.013722,-0.237150,1
0.198350,0.523149,0.998524,-0.013656,-0.232214,1
0.198400,0.549247,0.997669,-0.013536,-0.227048,1
0.198450,0.574802,0.996823,-0.013362,-0.221659,1
0.198500,0.599790,0.995991,-0.013135,-0.216051,1
0.198550,0.624186,0.995173,-0.012857,-0.210229,1
0.198600,0.647966,0.994375,-0.012528,-0.204200,1
0.198650,0.671106,0.993600,-0.012150,-0.197970,1
0.198700,0.693585,0.992849,-0.011723,-0.191544,1
0.198750,0.715378,0.992127,-0.011250,-0.184930,1
0.198800,0.736466,0.991436,-0.010733,-0.178132,1
0.198850,0.756827,0.990779,-0.010174,-0.171159,1
0.198900,0.776441,0.990158,-0.009574,-0.164017,1
0.198950,0.795289,0.989576,-0.008936,-0.156713,1
0.199000,0.813352,0.989035,-0.008264,-0.149255,1
0.199050,0.830612,0.988538,-0.007558,-0.141649,1
0.199100,0.847053,0.988086,-0.006823,-0.133904,1
0.199150,0.862658,0.987680,-0.006061,-0.126026,1
0.199200,0.877411,0.987324,-0.005275,-0.118024,1
0.199250,0.891298,0.987018,-0.004468,-0.109905,1
0.199300,0.904306,0.986763,-0.003643,-0.101678,1
0.199350,0.916421,0.986560,-0.002804,-0.093351,1
0.199400,0.927632,0.986410,-0.001954,-0.084931,1
0.199450,0.937928,0.986314,-0.001096,-0.076428,1
0.199500,0.947298,0.986272,-0.000234,-0.067849,1
0.199550,0.955733,0.986284,0.000629,-0.059203,1
0.199600,0.963224,0.986350,0.001489,-0.050499,1
0.199650,0.969766,0.986471,0.002344,-0.041745,1
0.199700,0.975350,0.986644,0.003190,-0.032950,1
0.199750,0.979972,0.986871,0.004022,-0.024122,1
0.199800,0.983626,0.987149,0.004839,-0.015271,1
0.199850,0.986310,0.987478,0.005637,-0.006404,1
0.199900,0.988020,0.987856,0.006413,0.002469,1
0.199950,0.988756,0.988283,0.007164,0.011339,1
0.200000,0.988515,0.988756,0.007886,0.020198,1
0.200050,0.987299,0.989273,0.008577,0.029038,1
0.200100,0.985109,0.989832,0.009234,0.037848,1
0.200150,0.981947,0.990432,0.009855,0.046622,1
0.200200,0.977815,0.991069,0.010437,0.055349,1
0.200250,0.972718,0.991742,0.010977,0.064022,1
0.200300,0.966662,0.992448,0.011475,0.072631,1
0.200350,0.959651,0.993183,0.011927,0.081169,1
0.200400,0.951694,0.993945,0.012332,0.089627,1
0.200450,0.942797,0.994731,0.012688,0.097996,1
0.200500,0.932970,0.995538,0.012995,0.106269,1
0.200550,0.922222,0.996363,0.013250,0.114436,1
0.200600,0.910564,0.997201,0.013453,0.122491,1
0.200650,0.898008,0.998052,0.013602,0.130425,1
0.200700,0.884565,0.998909,0.013699,0.138230,1
0.200750,0.870249,0.999771,0.013741,0.145899,1
0.200800,0.855074,1.000634,0.013728,0.153424,1
0.200850,0.839056,1.001495,0.013662,0.160797,1
0.200900,0.822209,1.002350,0.013542,0.168012,1
0.200950,0.804551,1.003195,0.013368,0.175061,1
0.201000,0.786099,1.004028,0.013142,0.181937,1
0.201050,0.766872,1.004845,0.012863,0.188633,1
0.201100,0.746887,1.005643,0.012534,0.195144,1
0.201150,0.726165,1.006419,0.012156,0.201461,1
0.201200,0.704727,1.007169,0.011729,0.207580,1
0.201250,0.682593,1.007891,0.011256,0.213495,1
0.201300,0.659786,1.008582,0.010739,0.219198,1
0.201350,0.636328,1.009239,0.010180,0.224685,1
0.201400,0.612241,1.009860,0.009580,0.229950,1
0.201450,0.587550,1.010442,0.008942,0.234989,1
0.201500,0.562280,1.010983,0.008270,0.239795,1
0.201550,0.536454,1.011480,0.007564,0.244365,1
0.201600,0.510100,1.011932,0.006829,0.248694,1
0.201650,0.483241,1.012337,0.006067,0.252777,1
0.201700,0.455906,1.012694,0.005281,0.256611,1
0.201750,0.428121,1.013000,0.004474,0.260192,1
0.201800,0.399914,1.013255,0.003649,0.263516,1
0.201850,0.371311,1.013458,0.002810,0.266579,1
0.201900,0.342343,1.013608,0.001960,0.269380,1
0.201950,0.313036,1.013704,0.001102,0.271915,1
0.202000,0.283421,1.013746,0.000240,0.274181,1
0.202050,0.253526,1.013733,-0.000623,0.276177,1
0.202100,0.223380,1.013667,-0.001483,0.277901,1
0.202150,0.193014,1.013547,-0.002338,0.279350,1
0.202200,0.162458,1.013373,-0.003184,0.280523,1
0.202250,0.131741,1.013147,-0.004016,0.281420,1
0.202300,0.100895,1.012868,-0.004834,0.282038,1
0.202350,0.069949,1.012539,-0.005631,0.282379,1
0.202400,0.038933,1.012161,-0.006407,0.282441,1
0.202450,0.007880,1.011734,-0.007158,0.282224,1
0.202500,-0.023182,1.011261,-0.007880,0.281728,1
0.202550,-0.054220,1.010744,-0.008571,0.280955,1
0.202600,-0.085205,1.010185,-0.009228,0.279904,1
0.202650,-0.116106,1.009585,-0.009849,0.278577,1
0.202700,-0.146892,1.008947,-0.010431,0.276975,1
0.202750,-0.177534,1.008275,-0.010971,0.275100,1
0.202800,-0.208000,1.007569,-0.011469,0.272953,1
0.202850,-0.238261,1.006834,-0.011921,0.270537,1
0.202900,-0.268287,1.006072,-0.012326,0.267854,1
0.202950,-0.298048,1.005286,-0.012683,0.264907,1
0.203000,-0.327515,1.004479,-0.012989,0.261698,1
0.203050,-0.356658,1.003654,-0.013244,0.258231,1
0.203100,-0.385450,1.002815,-0.013447,0.254509,1
0.203150,-0.413861,1.001965,-0.013597,0.250536,1
0.203200,-0.441864,1.001107,-0.013693,0.246315,1
0.203250,-0.469431,1.000245,-0.013735,0.241852,1
0.203300,-0.496534,0.999382,-0.013722,0.237150,1
0.203350,-0.523148,0.998521,-0.013656,0.232214,1
0.203400,-0.549245,0.997667,-0.013536,0.227048,1
0.203450,-0.574800,0.996821,-0.013362,0.221659,1
0.203500,-0.599788,0.995988,-0.013136,0.216051,1
0.203550,-0.624184,0.995171,-0.012857,0.210229,1
0.203600,-0.647964,0.994373,-0.012528,0.204201,1
0.203650,-0.671105,0.993597,-0.012150,0.197970,1
0.203700,-0.693583,0.992847,-0.011723,0.191544,1
0.203750,-0.715377,0.992125,-0.011250,0.184930,1
0.203800,-0.736464,0.991434,-0.010733,0.178132,1
0.203850,-0.756825,0.990776,-0.010174,0.171159,1
0.203900,-0.776439,0.990156,-0.009574,0.164017,1
0.203950,-0.795287,0.989574,-0.008937,0.156714,1
0.204000,-0.813350,0.989033,-0.008264,0.149255,1
0.204050,-0.830610,0.988536,-0.007558,0.141649,1
0.204100,-0.847051,0.988083,-0.006823,0.133904,1
0.204150,-0.862656,0.987678,-0.006061,0.126026,1
0.204200,-0.877409,0.987322,-0.005275,0.118024,1
0.204250,-0.891296,0.987015,-0.004468,0.109905,1
0.204300,-0.904304,0.986760,-0.003643,0.101678,1
0.204350,-0.916419,0.986558,-0.002804,0.093351,1
0.204400,-0.927630,0.986408,-0.001954,0.084931,1
0.204450,-0.937926,0.986312,-0.001097,0.076428,1
0.204500,-0.947296,0.986270,-0.000234,0.067849,1
0.204550,-0.955731,0.986282,0.000629,0.059203,1
0.204600,-0.963222,0.986348,0.001489,0.050499,1
0.204650,-0.969764,0.986469,0.002344,0.041745,1
0.204700,-0.975348,0.986642,0.003189,0.032950,1
0.204750,-0.979970,0.986869,0.004022,0.024122,1
0.204800,-0.983624,0.987147,0.004839,0.015271,1
0.204850,-0.986308,0.987476,0.005637,0.006404,1
0.204900,-0.988018,0.987854,0.006413,-0.002469,1
0.204950,-0.988754,0.988281,0.007163,-0.011339,1
0.205000,-0.988513,0.988754,0.007885,-0.020198,1
0.205050,-0.987297,0.989271,0.008577,-0.029038,1
0.205100,-0.985107,0.989830,0.009234,-0.037848,1
0.205150,-0.981945,0.990430,0.009855,-0.046622,1
0.205200,-0.977813,0.991068,0.010436,-0.055349,1
0.205250,-0.972717,0.991740,0.010977,-0.064022,1
0.205300,-0.966660,0.992446,0.011475,-0.072631,1
0.205350,-0.959650,0.993181,0.011927,-0.081169,1
0.205400,-0.951692,0.993943,0.012332,-0.089627,1
0.205450,-0.942796,0.994729,0.012688,-0.097996,1
0.205500,-0.932968,0.995536,0.012995,-0.106269,1
0.205550,-0.922221,0.996361,0.013250,-0.114436,1
0.205600,-0.910563,0.997200,0.013452,-0.122491,1
0.205650,-0.898006,0.998050,0.013602,-0.130425,1
0.205700,-0.884563,0.998907,0.013698,-0.138230,1
0.205750,-0.870247,0.999769,0.013740,-0.145899,1
0.205800,-0.855073,1.000633,0.013728,-0.153424,1
0.205850,-0.839054,1.001493,0.013662,-0.160797,1
0.205900,-0.822208,1.002348,0.013541,-0.168012,1
0.205950,-0.804550,1.003193,0.013368,-0.175061,1
0.206000,-0.786098,1.004026,0.013141,-0.181937,1
0.206050,-0.766870,1.004843,0.012863,-0.188633,1
0.206100,-0.746886,1.005641,0.012534,-0.195144,1
0.206150,-0.726164,1.006417,0.012155,-0.201461,1
0.206200,-0.704726,1.007167,0.011729,-0.207580,1
0.206250,-0.682593,1.007889,0.011256,-0.213495,1
0.206300,-0.659785,1.008580,0.010739,-0.219198,1
0.206350,-0.636327,1.009238,0.010179,-0.224685,1
0.206400,-0.612240,1.009858,0.009580,-0.229951,1
0.206450,-0.587550,1.010440,0.008942,-0.234989,1
0.206500,-0.562279,1.010981,0.008269,-0.239795,1
0.206550,-0.536454,1.011478,0.007564,-0.244365,1
0.206600,-0.510099,1.011930,0.006829,-0.248694,1
0.206650,-0.483241,1.012335,0.006066,-0.252777,1
0.206700,-0.455906,1.012692,0.005280,-0.256611,1
0.206750,-0.428121,1.012998,0.004473,-0.260192,1
0.206800,-0.399913,1.013253,0.003649,-0.263516,1
0.206850,-0.371311,1.013456,0.002810,-0.266579,1
0.206900,-0.342342,1.013606,0.001960,-0.269380,1
0.206950,-0.313036,1.013702,0.001102,-0.271915,1
0.207000,-0.283421,1.013744,0.000240,-0.274181,1
0.207050,-0.253525,1.013731,-0.000623,-0.276177,1
0.207100,-0.223380,1.013665,-0.001484,-0.277901,1
0.207150,-0.193014,1.013545,-0.002339,-0.279350,1
0.207200,-0.162458,1.013371,-0.003184,-0.280523,1
0.207250,-0.131742,1.013145,-0.004017,-0.281420,1
0.207300,-0.100895,1.012866,-0.004834,-0.282039,1
0.207350,-0.069949,1.012537,-0.005632,-0.282379,1
0.207400,-0.038934,1.012159,-0.006408,-0.282441,1
0.207450,-0.007880,1.011732,-0.007158,-0.282224,1
0.207500,0.023181,1.011259,-0.007880,-0.281729,1
0.207550,0.054220,1.010742,-0.008571,-0.280955,1
0.207600,0.085205,1.010183,-0.009228,-0.279904,1
0.207650,0.116106,1.009583,-0.009849,-0.278577,1
0.207700,0.146892,1.008945,-0.010431,-0.276976,1
0.207750,0.177533,1.008273,-0.010972,-0.275100,1
0.207800,0.207999,1.007567,-0.011469,-0.272954,1
0.207850,0.238260,1.006832,-0.011921,-0.270537,1
0.207900,0.268286,1.006070,-0.012326,-0.267854,1
0.207950,0.298047,1.005284,-0.012683,-0.264907,1
0.208000,0.327514,1.004477,-0.012989,-0.261698,1
0.208050,0.356657,1.003652,-0.013244,-0.258231,1
0.208100,0.385449,1.002813,-0.013447,-0.254509,1
0.208150,0.413860,1.001963,-0.013597,-0.250536,1
0.208200,0.441863,1.001105,-0.013693,-0.246316,1
0.208250,0.469430,1.000243,-0.013735,-0.241852,1
0.208300,0.496533,0.999380,-0.013723,-0.237150,1
0.208350,0.523147,0.998519,-0.013656,-0.232214,1
0.208400,0.549244,0.997665,-0.013536,-0.227048,1
0.208450,0.574799,0.996819,-0.013362,-0.221659,1
0.208500,0.599787,0.995986,-0.013136,-0.216051,1
0.208550,0.624183,0.995169,-0.012858,-0.210230,1
0.208600,0.647963,0.994371,-0.012528,-0.204201,1
0.208650,0.671103,0.993596,-0.012150,-0.197970,1
0.208700,0.693581,0.992845,-0.011723,-0.191545,1
0.208750,0.715375,0.992123,-0.011251,-0.184930,1
0.208800,0.736463,0.991432,-0.010734,-0.178133,1
0.208850,0.756824,0.990775,-0.010174,-0.171159,1
0.208900,0.776438,0.990154,-0.009574,-0.164017,1
0.208950,0.795286,0.989572,-0.008937,-0.156714,1
0.209000,0.813349,0.989031,-0.008264,-0.149255,1
0.209050,0.830609,0.988534,-0.007559,-0.141649,1
0.209100,0.847049,0.988082,-0.006823,-0.133904,1
0.209150,0.862654,0.987677,-0.006061,-0.126026,1
0.209200,0.877407,0.987320,-0.005275,-0.118024,1
0.209250,0.891295,0.987014,-0.004468,-0.109905,1
0.209300,0.904302,0.986759,-0.003644,-0.101678,1
0.209350,0.916418,0.986556,-0.002805,-0.093351,1
0.209400,0.927629,0.986406,-0.001955,-0.084931,1
0.209450,0.937924,0.986310,-0.001097,-0.076428,1
0.209500,0.947294,0.986268,-0.000235,-0.067849,1
0.209550,0.955729,0.986280,0.000628,-0.059203,1
0.209600,0.963221,0.986347,0.001489,-0.050499,1
0.209650,0.969762,0.986467,0.002344,-0.041745,1
0.209700,0.975346,0.986641,0.003189,-0.032950,1
0.209750,0.979968,0.986867,0.004022,-0.024122,1
0.209800,0.983622,0.987145,0.004839,-0.015271,1
0.209850,0.986306,0.987474,0.005637,-0.006404,1
0.209900,0.988017,0.987853,0.006413,0.002469,1
0.209950,0.988752,0.988279,0.007163,0.011339,1
0.210000,0.988512,0.988752,0.007885,0.020198,1
0.210050,0.987296,0.989269,0.008576,0.029038,1
0.210100,0.985106,0.989829,0.009233,0.037848,1
0.210150,0.981943,0.990429,0.009854,0.046622,1
0.210200,0.977812,0.991066,0.010436,0.055349,1
0.210250,0.972715,0.991739,0.010977,0.064022,1
0.210300,0.966659,0.992444,0.011474,0.072631,1
0.210350,0.959648,0.993179,0.011926,0.081169,1
0.210400,0.951691,0.993942,0.012331,0.089627,1
0.210450,0.942794,0.994728,0.012688,0.097996,1
0.210500,0.932967,0.995535,0.012994,0.106269,1
0.210550,0.922219,0.996359,0.013249,0.114436,1
0.210600,0.910561,0.997198,0.013452,0.122491,1
0.210650,0.898005,0.998048,0.013602,0.130425,1
0.210700,0.884562,0.998906,0.013698,0.138230,1
0.210750,0.870246,0.999768,0.013740,0.145899,1
0.210800,0.855072,1.000631,0.013728,0.153424,1
0.210850,0.839053,1.001492,0.013661,0.160797,1
0.210900,0.822207,1.002346,0.013541,0.168012,1
0.210950,0.804549,1.003192,0.013367,0.175061,1
0.211000,0.786097,1.004025,0.013141,0.181937,1
0.211050,0.766870,1.004842,0.012862,0.188633,1
0.211100,0.746885,1.005640,0.012533,0.195144,1
0.211150,0.726164,1.006415,0.012155,0.201462,1
0.211200,0.704725,1.007166,0.011728,0.207580,1
0.211250,0.682592,1.007888,0.011255,0.213495,1
0.211300,0.659785,1.008579,0.010738,0.219198,1
0.211350,0.636326,1.009236,0.010179,0.224685,1
0.211400,0.612240,1.009857,0.009579,0.229951,1
0.211450,0.587549,1.010439,0.008942,0.234989,1
0.211500,0.562279,1.010979,0.008269,0.239796,1
0.211550,0.536453,1.011477,0.007563,0.244365,1
0.211600,0.510099,1.011929,0.006828,0.248694,1
0.211650,0.483241,1.012334,0.006066,0.252777,1
0.211700,0.455905,1.012690,0.005280,0.256611,1
0.211750,0.428120,1.012997,0.004473,0.260192,1
0.211800,0.399913,1.013252,0.003648,0.263516,1
0.211850,0.371311,1.013454,0.002809,0.266580,1
0.211900,0.342342,1.013604,0.001959,0.269380,1
0.211950,0.313036,1.013700,0.001102,0.271915,1
0.212000,0.283421,1.013742,0.000239,0.274181,1
0.212050,0.253525,1.013730,-0.000624,0.276177,1
0.212100,0.223380,1.013664,-0.001484,0.277901,1
0.212150,0.193015,1.013543,-0.002339,0.279350,1
0.212200,0.162458,1.013370,-0.003184,0.280523,1
0.212250,0.131742,1.013143,-0.004017,0.281420,1
0.212300,0.100895,1.012865,-0.004834,0.282039,1
0.212350,0.069949,1.012536,-0.005632,0.282379,1
0.212400,0.038934,1.012157,-0.006408,0.282441,1
0.212450,0.007881,1.011731,-0.007158,0.282224,1
0.212500,-0.023181,1.011258,-0.007881,0.281729,1
0.212550,-0.054219,1.010741,-0.008572,0.280955,1
0.212600,-0.085204,1.010181,-0.009229,0.279904,1
0.212650,-0.116105,1.009581,-0.009850,0.278577,1
0.212700,-0.146891,1.008944,-0.010431,0.276976,1
0.212750,-0.177533,1.008271,-0.010972,0.275100,1
0.212800,-0.207999,1.007566,-0.011470,0.272954,1
0.212850,-0.238259,1.006830,-0.011922,0.270538,1
0.212900,-0.268285,1.006068,-0.012327,0.267854,1
0.212950,-0.298046,1.005282,-0.012683,0.264907,1
0.213000,-0.327513,1.004475,-0.012990,0.261698,1
0.213050,-0.356656,1.003651,-0.013245,0.258231,1
0.213100,-0.385448,1.002812,-0.013447,0.254509,1
0.213150,-0.413859,1.001961,-0.013597,0.250536,1
0.213200,-0.441862,1.001104,-0.013693,0.246316,1
0.213250,-0.469429,1.000242,-0.013735,0.241852,1
0.213300,-0.496532,0.999379,-0.013723,0.237150,1
0.213350,-0.523146,0.998518,-0.013657,0.232214,1
0.213400,-0.549243,0.997663,-0.013536,0.227049,1
0.213450,-0.574798,0.996818,-0.013363,0.221659,1
0.213500,-0.599786,0.995985,-0.013136,0.216051,1
0.213550,-0.624182,0.995168,-0.012858,0.210230,1
0.213600,-0.647962,0.994370,-0.012529,0.204201,1
0.213650,-0.671102,0.993594,-0.012150,0.197970,1
0.213700,-0.693580,0.992844,-0.011724,0.191545,1
0.213750,-0.715374,0.992122,-0.011251,0.184930,1
0.213800,-0.736462,0.991431,-0.010734,0.178133,1
0.213850,-0.756823,0.990773,-0.010174,0.171159,1
0.213900,-0.776437,0.990153,-0.009575,0.164017,1
0.213950,-0.795284,0.989571,-0.008937,0.156714,1
0.214000,-0.813347,0.989030,-0.008264,0.149255,1
0.214050,-0.830608,0.988532,-0.007559,0.141649,1
0.214100,-0.847048,0.988080,-0.006824,0.133904,1
0.214150,-0.862653,0.987675,-0.006061,0.126026,1
0.214200,-0.877406,0.987319,-0.005275,0.118024,1
0.214250,-0.891293,0.987013,-0.004468,0.109905,1
0.214300,-0.904301,0.986757,-0.003644,0.101678,1
0.214350,-0.916416,0.986555,-0.002805,0.093351,1
0.214400,-0.927627,0.986405,-0.001955,0.084931,1
0.214450,-0.937923,0.986309,-0.001097,0.076428,1
0.214500,-0.947293,0.986267,-0.000235,0.067849,1
0.214550,-0.955728,0.986279,0.000628,0.059203,1
0.214600,-0.963220,0.986345,0.001489,0.050499,1
0.214650,-0.969761,0.986466,0.002343,0.041745,1
0.214700,-0.975345,0.986639,0.003189,0.032950,1
0.214750,-0.979967,0.986866,0.004022,0.024122,1
0.214800,-0.983621,0.987144,0.004839,0.015271,1
0.214850,-0.986305,0.987473,0.005637,0.006404,1
0.214900,-0.988016,0.987852,0.006412,-0.002469,1
0.214950,-0.988751,0.988278,0.007163,-0.011339,1
0.215000,-0.988511,0.988751,0.007885,-0.020198,1
0.215050,-0.987295,0.989268,0.008576,-0.029038,1
0.215100,-0.985104,0.989828,0.009233,-0.037848,1
0.215150,-0.981942,0.990427,0.009854,-0.046622,1
0.215200,-0.977811,0.991065,0.010436,-0.055349,1
0.215250,-0.972714,0.991738,0.010976,-0.064022,1
0.215300,-0.966658,0.992443,0.011474,-0.072631,1
0.215350,-0.959647,0.993178,0.011926,-0.081169,1
0.215400,-0.951690,0.993940,0.012331,-0.089627,1
0.215450,-0.942793,0.994727,0.012687,-0.097996,1
0.215500,-0.932966,0.995533,0.012994,-0.106269,1
0.215550,-0.922218,0.996358,0.013249,-0.114436,1
0.215600,-0.910561,0.997197,0.013452,-0.122491,1
0.215650,-0.898004,0.998047,0.013601,-0.130425,1
0.215700,-0.884561,0.998905,0.013697,-0.138230,1
0.215750,-0.870246,0.999767,0.013739,-0.145899,1
0.215800,-0.855071,1.000630,0.013727,-0.153424,1
0.215850,-0.839053,1.001490,0.013661,-0.160797,1
0.215900,-0.822206,1.002345,0.013540,-0.168012,1
0.215950,-0.804548,1.003191,0.013367,-0.175061,1
0.216000,-0.786097,1.004024,0.013140,-0.181937,1
0.216050,-0.766869,1.004841,0.012862,-0.188633,1
0.216100,-0.746885,1.005638,0.012533,-0.195144,1
0.216150,-0.726163,1.006414,0.012154,-0.201462,1
0.216200,-0.704725,1.007165,0.011728,-0.207581,1
0.216250,-0.682591,1.007887,0.011255,-0.213495,1
0.216300,-0.659784,1.008578,0.010738,-0.219198,1
0.216350,-0.636326,1.009235,0.010178,-0.224685,1
0.216400,-0.612239,1.009856,0.009579,-0.229951,1
0.216450,-0.587549,1.010437,0.008941,-0.234989,1
0.216500,-0.562278,1.010978,0.008268,-0.239796,1
0.216550,-0.536453,1.011476,0.007563,-0.244366,1
0.216600,-0.510098,1.011928,0.006828,-0.248694,1
0.216650,-0.483240,1.012333,0.006066,-0.252778,1
0.216700,-0.455905,1.012689,0.005279,-0.256611,1
0.216750,-0.428120,1.012995,0.004472,-0.260192,1
0.216800,-0.399913,1.013251,0.003648,-0.263516,1
0.216850,-0.371311,1.013453,0.002809,-0.266580,1
0.216900,-0.342342,1.013603,0.001959,-0.269380,1
0.216950,-0.313036,1.013699,0.001101,-0.271915,1
0.217000,-0.283421,1.013741,0.000239,-0.274182,1
0.217050,-0.253526,1.013729,-0.000624,-0.276177,1
0.217100,-0.223380,1.013662,-0.001485,-0.277901,1
0.217150,-0.193015,1.013542,-0.002339,-0.279350,1
0.217200,-0.162459,1.013368,-0.003185,-0.280523,1
0.217250,-0.131742,1.013142,-0.004018,-0.281420,1
0.217300,-0.100896,1.012864,-0.004835,-0.282039,1
0.217350,-0.069949,1.012534,-0.005633,-0.282379,1
0.217400,-0.038934,1.012156,-0.006408,-0.282441,1
0.217450,-0.007881,1.011729,-0.007159,-0.282224,1
0.217500,0.023180,1.011257,-0.007881,-0.281729,1
0.217550,0.054219,1.010739,-0.008572,-0.280955,1
0.217600,0.085204,1.010180,-0.009229,-0.279905,1
0.217650,0.116105,1.009580,-0.009850,-0.278578,1
0.217700,0.146891,1.008943,-0.010432,-0.276976,1
0.217750,0.177532,1.008270,-0.010972,-0.275100,1
0.217800,0.207998,1.007564,-0.011470,-0.272954,1
0.217850,0.238259,1.006829,-0.011922,-0.270538,1
0.217900,0.268285,1.006067,-0.012327,-0.267855,1
0.217950,0.298045,1.005281,-0.012683,-0.264907,1
0.218000,0.327512,1.004474,-0.012990,-0.261698,1
0.218050,0.356656,1.003649,-0.013245,-0.258231,1
0.218100,0.385447,1.002810,-0.013448,-0.254509,1
0.218150,0.413859,1.001960,-0.013597,-0.250536,1
0.218200,0.441861,1.001103,-0.013693,-0.246316,1
0.218250,0.469428,1.000240,-0.013735,-0.241852,1
0.218300,0.496531,0.999377,-0.013723,-0.237150,1
0.218350,0.523145,0.998517,-0.013657,-0.232214,1
0.218400,0.549242,0.997662,-0.013537,-0.227049,1
0.218450,0.574797,0.996817,-0.013363,-0.221659,1
0.218500,0.599785,0.995984,-0.013136,-0.216051,1
0.218550,0.624181,0.995167,-0.012858,-0.210230,1
0.218600,0.647961,0.994369,-0.012529,-0.204201,1
0.218650,0.671101,0.993593,-0.012150,-0.197970,1
0.218700,0.693579,0.992843,-0.011724,-0.191545,1
0.218750,0.715373,0.992120,-0.011251,-0.184930,1
0.218800,0.736461,0.991429,-0.010734,-0.178133,1
0.218850,0.756822,0.990772,-0.010174,-0.171160,1
0.218900,0.776436,0.990151,-0.009575,-0.164018,1
0.218950,0.795283,0.989570,-0.008937,-0.156714,1
0.219000,0.813346,0.989029,-0.008264,-0.149255,1
0.219050,0.830607,0.988531,-0.007559,-0.141649,1
0.219100,0.847047,0.988079,-0.006824,-0.133904,1
0.219150,0.862652,0.987674,-0.006062,-0.126026,1
0.219200,0.877405,0.987318,-0.005276,-0.118024,1
0.219250,0.891292,0.987012,-0.004469,-0.109905,1
0.219300,0.904300,0.986756,-0.003644,-0.101678,1
0.219350,0.916415,0.986554,-0.002805,-0.093351,1
0.219400,0.927626,0.986404,-0.001955,-0.084931,1
0.219450,0.937922,0.986308,-0.001097,-0.076428,1
0.219500,0.947292,0.986266,-0.000235,-0.067849,1
0.219550,0.955727,0.986278,0.000628,-0.059203,1
0.219600,0.963219,0.986344,0.001488,-0.050499,1
0.219650,0.969760,0.986465,0.002343,-0.041745,1
0.219700,0.975344,0.986639,0.003189,-0.032950,1
0.219750,0.979966,0.986865,0.004021,-0.024122,1
0.219800,0.983620,0.987143,0.004838,-0.015271,1
0.219850,0.986304,0.987472,0.005636,-0.006404,1
0.219900,0.988015,0.987851,0.006412,0.002469,1
0.219950,0.988750,0.988277,0.007163,0.011339,1
0.220000,0.988510,0.988750,0.007885,0.020198,1
0.220050,0.987294,0.989267,0.008576,0.029038,1
0.220100,0.985104,0.989827,0.009233,0.037848,1
0.220150,0.981941,0.990426,0.009854,0.046622,1
0.220200,0.977810,0.991064,0.010435,0.055349,1
0.220250,0.972713,0.991737,0.010976,0.064022,1
0.220300,0.966657,0.992442,0.011474,0.072631,1
0.220350,0.959647,0.993177,0.011926,0.081169,1
0.220400,0.951689,0.993940,0.012331,0.089627,1
0.220450,0.942793,0.994726,0.012687,0.097996,1
0.220500,0.932965,0.995533,0.012993,0.106269,1
0.220550,0.922218,0.996357,0.013249,0.114436,1
0.220600,0.910560,0.997196,0.013451,0.122491,1
0.220650,0.898003,0.998046,0.013601,0.130425,1
0.220700,0.884561,0.998904,0.013697,0.138230,1
0.220750,0.870245,0.999766,0.013739,0.145899,1
0.220800,0.855070,1.000629,0.013727,0.153424,1
0.220850,0.839052,1.001490,0.013660,0.160797,1
0.220900,0.822206,1.002344,0.013540,0.168012,1
0.220950,0.804548,1.003190,0.013366,0.175061,1
0.221000,0.786096,1.004023,0.013140,0.181937,1
0.221050,0.766869,1.004840,0.012862,0.188633,1
0.221100,0.746884,1.005638,0.012533,0.195144,1
0.221150,0.726163,1.006413,0.012154,0.201462,1
0.221200,0.704725,1.007164,0.011728,0.207581,1
0.221250,0.682591,1.007886,0.011255,0.213495,1
0.221300,0.659784,1.008577,0.010738,0.219198,1
0.221350,0.636325,1.009234,0.010178,0.224685,1
0.221400,0.612239,1.009855,0.009578,0.229951,1
0.221450,0.587549,1.010437,0.008941,0.234989,1
0.221500,0.562278,1.010977,0.008268,0.239796,1
0.221550,0.536453,1.011475,0.007563,0.244366,1
0.221600,0.510098,1.011927,0.006827,0.248694,1
0.221650,0.483240,1.012332,0.006065,0.252778,1
0.221700,0.455905,1.012688,0.005279,0.256611,1
0.221750,0.428120,1.012995,0.004472,0.260192,1
0.221800,0.399913,1.013250,0.003648,0.263516,1
0.221850,0.371311,1.013452,0.002809,0.266580,1
0.221900,0.342342,1.013602,0.001959,0.269380,1
0.221950,0.313036,1.013698,0.001101,0.271915,1
0.222000,0.283421,1.013740,0.000239,0.274182,1
0.222050,0.253526,1.013728,-0.000624,0.276178,1
0.222100,0.223380,1.013661,-0.001485,0.277901,1
0.222150,0.193015,1.013541,-0.002340,0.279350,1
0.222200,0.162459,1.013367,-0.003185,0.280523,1
0.222250,0.131742,1.013141,-0.004018,0.281420,1
0.222300,0.100896,1.012863,-0.004835,0.282039,1
0.222350,0.069950,1.012534,-0.005633,0.282379,1
0.222400,0.038935,1.012155,-0.006409,0.282441,1
0.222450,0.007881,1.011728,-0.007159,0.282224,1
0.222500,-0.023180,1.011256,-0.007881,0.281729,1
0.222550,-0.054218,1.010739,-0.008572,0.280955,1
0.222600,-0.085203,1.010179,-0.009229,0.279905,1
0.222650,-0.116104,1.009579,-0.009850,0.278578,1
0.222700,-0.146890,1.008942,-0.010432,0.276976,1
0.222750,-0.177532,1.008269,-0.010973,0.275100,1
0.222800,-0.207998,1.007564,-0.011470,0.272954,1
0.222850,-0.238258,1.006828,-0.011922,0.270538,1
0.222900,-0.268284,1.006066,-0.012327,0.267855,1
0.222950,-0.298045,1.005280,-0.012684,0.264907,1
0.223000,-0.327512,1.004473,-0.012990,0.261698,1
0.223050,-0.356655,1.003648,-0.013245,0.258231,1
0.223100,-0.385447,1.002810,-0.013448,0.254509,1
0.223150,-0.413858,1.001959,-0.013598,0.250536,1
0.223200,-0.441861,1.001102,-0.013694,0.246316,1
0.223250,-0.469427,1.000240,-0.013736,0.241852,1
0.223300,-0.496531,0.999377,-0.013723,0.237150,1
0.223350,-0.523144,0.998516,-0.013657,0.232214,1
0.223400,-0.549241,0.997661,-0.013537,0.227049,1
0.223450,-0.574796,0.996816,-0.013363,0.221659,1
0.223500,-0.599784,0.995983,-0.013137,0.216051,1
0.223550,-0.624180,0.995166,-0.012858,0.210230,1
0.223600,-0.647960,0.994368,-0.012529,0.204201,1
0.223650,-0.671100,0.993592,-0.012151,0.197970,1
0.223700,-0.693579,0.992842,-0.011724,0.191545,1
0.223750,-0.715372,0.992120,-0.011251,0.184930,1
0.223800,-0.736460,0.991429,-0.010734,0.178133,1
0.223850,-0.756821,0.990771,-0.010175,0.171160,1
0.223900,-0.776435,0.990151,-0.009575,0.164018,1
0.223950,-0.795283,0.989569,-0.008937,0.156714,1
0.224000,-0.813346,0.989028,-0.008265,0.149255,1
0.224050,-0.830606,0.988531,-0.007559,0.141649,1
0.224100,-0.847046,0.988079,-0.006824,0.133904,1
0.224150,-0.862651,0.987674,-0.006062,0.126026,1
0.224200,-0.877404,0.987317,-0.005276,0.118024,1
0.224250,-0.891292,0.987011,-0.004469,0.109905,1
0.224300,-0.904299,0.986756,-0.003644,0.101678,1
0.224350,-0.916415,0.986553,-0.002805,0.093351,1
0.224400,-0.927626,0.986403,-0.001955,0.084931,1
0.224450,-0.937921,0.986307,-0.001098,0.076428,1
0.224500,-0.947291,0.986265,-0.000235,0.067849,1
0.224550,-0.955726,0.986277,0.000628,0.059203,1
0.224600,-0.963218,0.986344,0.001488,0.050499,1
0.224650,-0.969759,0.986464,0.002343,0.041745,1
0.224700,-0.975343,0.986638,0.003188,0.032950,1
0.224750,-0.979965,0.986864,0.004021,0.024122,1
0.224800,-0.983620,0.987143,0.004838,0.015271,1
0.224850,-0.986303,0.987472,0.005636,0.006404,1
0.224900,-0.988014,0.987850,0.006412,-0.002469,1
0.224950,-0.988749,0.988277,0.007162,-0.011339,1
0.225000,-0.988509,0.988749,0.007884,-0.020198,1
0.225050,-0.987293,0.989267,0.008575,-0.029038,1
0.225100,-0.985103,0.989826,0.009233,-0.037848,1
0.225150,-0.981941,0.990426,0.009853,-0.046622,1
0.225200,-0.977809,0.991063,0.010435,-0.055349,1
0.225250,-0.972713,0.991736,0.010976,-0.064022,1
0.225300,-0.966656,0.992441,0.011473,-0.072631,1
0.225350,-0.959646,0.993177,0.011925,-0.081169,1
0.225400,-0.951689,0.993939,0.012330,-0.089627,1
0.225450,-0.942792,0.994725,0.012687,-0.097996,1
0.225500,-0.932965,0.995532,0.012993,-0.106269,1
0.225550,-0.922217,0.996356,0.013248,-0.114436,1
0.225600,-0.910559,0.997195,0.013451,-0.122491,1
0.225650,-0.898003,0.998045,0.013601,-0.130425,1
0.225700,-0.884560,0.998903,0.013697,-0.138230,1
0.225750,-0.870245,0.999765,0.013739,-0.145899,1
0.225800,-0.855070,1.000628,0.013727,-0.153424,1
0.225850,-0.839052,1.001489,0.013660,-0.160797,1
0.225900,-0.822205,1.002344,0.013540,-0.168012,1
0.225950,-0.804548,1.003189,0.013366,-0.175061,1
0.226000,-0.786096,1.004022,0.013140,-0.181937,1
0.226050,-0.766868,1.004839,0.012861,-0.188633,1
0.226100,-0.746884,1.005637,0.012532,-0.195144,1
0.226150,-0.726162,1.006413,0.012154,-0.201462,1
0.226200,-0.704724,1.007163,0.011727,-0.207581,1
0.226250,-0.682591,1.007885,0.011254,-0.213495,1
0.226300,-0.659784,1.008576,0.010737,-0.219198,1
0.226350,-0.636325,1.009233,0.010178,-0.224685,1
0.226400,-0.612239,1.009854,0.009578,-0.229951,1
0.226450,-0.587548,1.010436,0.008940,-0.234989,1
0.226500,-0.562278,1.010977,0.008268,-0.239796,1
0.226550,-0.536453,1.011474,0.007562,-0.244366,1
0.226600,-0.510098,1.011926,0.006827,-0.248694,1
0.226650,-0.483240,1.012331,0.006065,-0.252778,1
0.226700,-0.455905,1.012688,0.005279,-0.256611,1
0.226750,-0.428120,1.012994,0.004472,-0.260192,1
0.226800,-0.399913,1.013249,0.003647,-0.263516,1
0.226850,-0.371311,1.013452,0.002808,-0.266580,1
0.226900,-0.342342,1.013601,0.001958,-0.269380,1
0.226950,-0.313036,1.013697,0.001100,-0.271915,1
0.227000,-0.283421,1.013739,0.000238,-0.274182,1
0.227050,-0.253526,1.013727,-0.000625,-0.276178,1
0.227100,-0.223381,1.013661,-0.001485,-0.277901,1
0.227150,-0.193015,1.013540,-0.002340,-0.279350,1
0.227200,-0.162459,1.013367,-0.003185,-0.280523,1
0.227250,-0.131742,1.013140,-0.004018,-0.281420,1
0.227300,-0.100896,1.012862,-0.004835,-0.282039,1
0.227350,-0.069950,1.012533,-0.005633,-0.282379,1
0.227400,-0.038935,1.012154,-0.006409,-0.282441,1
0.227450,-0.007881,1.011728,-0.007159,-0.282224,1
0.227500,0.023180,1.011255,-0.007881,-0.281729,1
0.227550,0.054218,1.010738,-0.008572,-0.280955,1
0.227600,0.085203,1.010178,-0.009230,-0.279905,1
0.227650,0.116104,1.009579,-0.009850,-0.278578,1
0.227700,0.146890,1.008941,-0.010432,-0.276976,1
0.227750,0.177531,1.008268,-0.010973,-0.275101,1
0.227800,0.207997,1.007563,-0.011470,-0.272954,1
0.227850,0.238258,1.006828,-0.011923,-0.270538,1
0.227900,0.268284,1.006065,-0.012328,-0.267855,1
0.227950,0.298045,1.005279,-0.012684,-0.264907,1
0.228000,0.327511,1.004472,-0.012990,-0.261698,1
0.228050,0.356655,1.003648,-0.013245,-0.258231,1
0.228100,0.385446,1.002809,-0.013448,-0.254509,1
0.228150,0.413857,1.001959,-0.013598,-0.250536,1
0.228200,0.441860,1.001101,-0.013694,-0.246316,1
0.228250,0.469427,1.000239,-0.013736,-0.241852,1
0.228300,0.496530,0.999376,-0.013724,-0.237150,1
0.228350,0.523144,0.998515,-0.013657,-0.232214,1
0.228400,0.549241,0.997661,-0.013537,-0.227049,1
0.228450,0.574796,0.996815,-0.013363,-0.221659,1
0.228500,0.599784,0.995982,-0.013137,-0.216051,1
0.228550,0.624180,0.995165,-0.012858,-0.210230,1
0.228600,0.647959,0.994367,-0.012529,-0.204201,1
0.228650,0.671100,0.993592,-0.012151,-0.197970,1
0.228700,0.693578,0.992841,-0.011724,-0.191545,1
0.228750,0.715372,0.992119,-0.011252,-0.184930,1
0.228800,0.736459,0.991428,-0.010734,-0.178133,1
0.228850,0.756820,0.990771,-0.010175,-0.171160,1
0.228900,0.776434,0.990150,-0.009575,-0.164018,1
0.228950,0.795282,0.989568,-0.008938,-0.156714,1
0.229000,0.813345,0.989027,-0.008265,-0.149255,1
0.229050,0.830605,0.988530,-0.007559,-0.141649,1
0.229100,0.847046,0.988078,-0.006824,-0.133904,1
0.229150,0.862650,0.987673,-0.006062,-0.126026,1
0.229200,0.877404,0.987317,-0.005276,-0.118024,1
0.229250,0.891291,0.987010,-0.004469,-0.109905,1
0.229300,0.904299,0.986755,-0.003644,-0.101678,1
0.229350,0.916414,0.986552,-0.002806,-0.093351,1
0.229400,0.927625,0.986403,-0.001955,-0.084931,1
0.229450,0.937921,0.986307,-0.001098,-0.076428,1
0.229500,0.947290,0.986265,-0.000236,-0.067849,1
0.229550,0.955725,0.986277,0.000627,-0.059203,1
0.229600,0.963217,0.986343,0.001488,-0.050499,1
0.229650,0.969759,0.986464,0.002343,-0.041745,1
0.229700,0.975343,0.986637,0.003188,-0.032950,1
0.229750,0.979964,0.986864,0.004021,-0.024122,1
0.229800,0.983619,0.987142,0.004838,-0.015271,1
0.229850,0.986303,0.987471,0.005636,-0.006404,1
0.229900,0.988013,0.987850,0.006412,0.002469,1
0.229950,0.988749,0.988276,0.007162,0.011339,1
0.230000,0.988509,0.988749,0.007884,0.020198,1
0.230050,0.987293,0.989266,0.008575,0.029038,1
0.230100,0.985102,0.989826,0.009232,0.037848,1
0.230150,0.981940,0.990425,0.009853,0.046622,1
0.230200,0.977809,0.991063,0.010435,0.055349,1
0.230250,0.972712,0.991736,0.010976,0.064022,1
0.230300,0.966656,0.992441,0.011473,0.072631,1
0.230350,0.959646,0.993176,0.011925,0.081169,1
0.230400,0.951688,0.993938,0.012330,0.089627,1
0.230450,0.942792,0.994724,0.012687,0.097996,1
0.230500,0.932965,0.995531,0.012993,0.106269,1
0.230550,0.922217,0.996356,0.013248,0.114437,1
0.230600,0.910559,0.997195,0.013451,0.122491,1
0.230650,0.898003,0.998045,0.013600,0.130425,1
0.230700,0.884560,0.998903,0.013697,0.138230,1
0.230750,0.870244,0.999765,0.013738,0.145899,1
0.230800,0.855070,1.000628,0.013726,0.153424,1
0.230850,0.839051,1.001488,0.013660,0.160797,1
0.230900,0.822205,1.002343,0.013540,0.168012,1
0.230950,0.804547,1.003189,0.013366,0.175061,1
0.231000,0.786096,1.004021,0.013139,0.181937,1
0.231050,0.766868,1.004838,0.012861,0.188633,1
0.231100,0.746884,1.005636,0.012532,0.195144,1
0.231150,0.726162,1.006412,0.012153,0.201462,1
0.231200,0.704724,1.007162,0.011727,0.207581,1
0.231250,0.682591,1.007885,0.011254,0.213495,1
0.231300,0.659783,1.008576,0.010737,0.219198,1
0.231350,0.636325,1.009233,0.010177,0.224685,1
0.231400,0.612239,1.009853,0.009578,0.229951,1
0.231450,0.587548,1.010435,0.008940,0.234989,1
0.231500,0.562278,1.010976,0.008267,0.239796,1
0.231550,0.536453,1.011473,0.007562,0.244366,1
0.231600,0.510098,1.011926,0.006827,0.248694,1
0.231650,0.483240,1.012331,0.006065,0.252778,1
0.231700,0.455905,1.012687,0.005278,0.256611,1
0.231750,0.428120,1.012993,0.004472,0.260192,1
0.231800,0.399913,1.013248,0.003647,0.263516,1
0.231850,0.371311,1.013451,0.002808,0.266580,1
0.231900,0.342342,1.013601,0.001958,0.269380,1
0.231950,0.313036,1.013697,0.001100,0.271915,1
0.232000,0.283421,1.013739,0.000238,0.274182,1
0.232050,0.253526,1.013727,-0.000625,0.276178,1
0.232100,0.223381,1.013660,-0.001486,0.277901,1
0.232150,0.193015,1.013540,-0.002340,0.279350,1
0.232200,0.162459,1.013366,-0.003186,0.280523,1
0.232250,0.131743,1.013140,-0.004019,0.281420,1
0.232300,0.100896,1.012861,-0.004836,0.282039,1
0.232350,0.069950,1.012532,-0.005633,0.282379,1
0.232400,0.038935,1.012154,-0.006409,0.282441,1
0.232450,0.007882,1.011727,-0.007160,0.282224,1
0.232500,-0.023180,1.011254,-0.007882,0.281729,1
0.232550,-0.054218,1.010737,-0.008573,0.280955,1
0.232600,-0.085203,1.010178,-0.009230,0.279905,1
0.232650,-0.116103,1.009578,-0.009851,0.278578,1
0.232700,-0.146890,1.008941,-0.010433,0.276976,1
0.232750,-0.177531,1.008268,-0.010973,0.275101,1
0.232800,-0.207997,1.007562,-0.011471,0.272954,1
0.232850,-0.238258,1.006827,-0.011923,0.270538,1
0.232900,-0.268283,1.006065,-0.012328,0.267855,1
0.232950,-0.298044,1.005279,-0.012684,0.264907,1
0.233000,-0.327511,1.004472,-0.012991,0.261698,1
0.233050,-0.356654,1.003647,-0.013246,0.258231,1
0.233100,-0.385446,1.002808,-0.013448,0.254509,1
0.233150,-0.413857,1.001958,-0.013598,0.250536,1
0.233200,-0.441860,1.001100,-0.013694,0.246316,1
0.233250,-0.469426,1.000238,-0.013736,0.241852,1
0.233300,-0.496530,0.999375,-0.013724,0.237150,1
0.233350,-0.523143,0.998515,-0.013657,0.232214,1
0.233400,-0.549240,0.997660,-0.013537,0.227049,1
0.233450,-0.574795,0.996815,-0.013363,0.221659,1
0.233500,-0.599783,0.995982,-0.013137,0.216051,1
0.233550,-0.624179,0.995165,-0.012859,0.210230,1
0.233600,-0.647959,0.994367,-0.012530,0.204201,1
0.233650,-0.671099,0.993591,-0.012151,0.197970,1
0.233700,-0.693578,0.992841,-0.011725,0.191545,1
0.233750,-0.715371,0.992119,-0.011252,0.184930,1
0.233800,-0.736459,0.991428,-0.010735,0.178133,1
0.233850,-0.756820,0.990770,-0.010175,0.171160,1
0.233900,-0.776434,0.990150,-0.009575,0.164018,1
0.233950,-0.795282,0.989568,-0.008938,0.156714,1
0.234000,-0.813344,0.989027,-0.008265,0.149255,1
0.234050,-0.830605,0.988530,-0.007560,0.141649,1
0.234100,-0.847045,0.988078,-0.006824,0.133904,1
0.234150,-0.862650,0.987672,-0.006062,0.126026,1
0.234200,-0.877403,0.987316,-0.005276,0.118024,1
0.234250,-0.891291,0.987010,-0.004469,0.109905,1
0.234300,-0.904298,0.986755,-0.003645,0.101678,1
0.234350,-0.916414,0.986552,-0.002806,0.093351,1
0.234400,-0.927625,0.986402,-0.001956,0.084931,1
0.234450,-0.937920,0.986306,-0.001098,0.076428,1
0.234500,-0.947290,0.986264,-0.000236,0.067849,1
0.234550,-0.955725,0.986276,0.000627,0.059203,1
0.234600,-0.963217,0.986343,0.001488,0.050499,1
0.234650,-0.969758,0.986463,0.002342,0.041745,1
0.234700,-0.975342,0.986637,0.003188,0.032950,1
0.234750,-0.979964,0.986863,0.004021,0.024122,1
0.234800,-0.983619,0.987142,0.004838,0.015271,1
0.234850,-0.986303,0.987471,0.005636,0.006404,1
0.234900,-0.988013,0.987849,0.006411,-0.002469,1
0.234950,-0.988748,0.988276,0.007162,-0.011339,1
0.235000,-0.988508,0.988748,0.007884,-0.020198,1
0.235050,-0.987292,0.989266,0.008575,-0.029038,1
0.235100,-0.985102,0.989825,0.009232,-0.037848,1
0.235150,-0.981940,0.990425,0.009853,-0.046622,1
0.235200,-0.977808,0.991062,0.010435,-0.055349,1
0.235250,-0.972712,0.991735,0.010975,-0.064022,1
0.235300,-0.966656,0.992441,0.011473,-0.072631,1
0.235350,-0.959645,0.993176,0.011925,-0.081169,1
0.235400,-0.951688,0.993938,0.012330,-0.089627,1
0.235450,-0.942791,0.994724,0.012686,-0.097996,1
0.235500,-0.932964,0.995531,0.012993,-0.106269,1
0.235550,-0.922217,0.996356,0.013248,-0.114437,1
0.235600,-0.910559,0.997195,0.013451,-0.122491,1
0.235650,-0.898002,0.998045,0.013600,-0.130425,1
0.235700,-0.884560,0.998902,0.013696,-0.138230,1
0.235750,-0.870244,0.999764,0.013738,-0.145899,1
0.235800,-0.855069,1.000627,0.013726,-0.153424,1
0.235850,-0.839051,1.001488,0.013660,-0.160797,1
0.235900,-0.822205,1.002343,0.013539,-0.168012,1
0.235950,-0.804547,1.003188,0.013366,-0.175061,1
0.236000,-0.786095,1.004021,0.013139,-0.181937,1
0.236050,-0.766868,1.004838,0.012861,-0.188633,1
0.236100,-0.746883,1.005636,0.012532,-0.195144,1
0.236150,-0.726162,1.006412,0.012153,-0.201462,1
0.236200,-0.704724,1.007162,0.011727,-0.207581,1
0.236250,-0.682590,1.007884,0.011254,-0.213495,1
0.236300,-0.659783,1.008575,0.010737,-0.219198,1
0.236350,-0.636325,1.009232,0.010177,-0.224685,1
0.236400,-0.612239,1.009853,0.009577,-0.229951,1
0.236450,-0.587548,1.010435,0.008940,-0.234989,1
0.236500,-0.562278,1.010976,0.008267,-0.239796,1
0.236550,-0.536453,1.011473,0.007562,-0.244366,1
0.236600,-0.510098,1.011925,0.006827,-0.248694,1
0.236650,-0.483240,1.012330,0.006064,-0.252778,1
0.236700,-0.455905,1.012687,0.005278,-0.256612,1
0.236750,-0.428120,1.012993,0.004471,-0.260192,1
0.236800,-0.399913,1.013248,0.003647,-0.263516,1
0.236850,-0.371311,1.013451,0.002808,-0.266580,1
0.236900,-0.342342,1.013600,0.001958,-0.269380,1
0.236950,-0.313036,1.013696,0.001100,-0.271915,1
0.237000,-0.283421,1.013738,0.000238,-0.274182,1
0.237050,-0.253526,1.013726,-0.000625,-0.276178,1
0.237100,-0.223381,1.013660,-0.001486,-0.277901,1
0.237150,-0.193015,1.013539,-0.002340,-0.279350,1
0.237200,-0.162459,1.013366,-0.003186,-0.280523,1
0.237250,-0.131743,1.013139,-0.004019,-0.281420,1
0.237300,-0.100896,1.012861,-0.004836,-0.282039,1
0.237350,-0.069950,1.012532,-0.005634,-0.282379,1
0.237400,-0.038935,1.012153,-0.006409,-0.282441,1
0.237450,-0.007882,1.011727,-0.007160,-0.282224,1
0.237500,0.023179,1.011254,-0.007882,-0.281729,1
0.237550,0.054218,1.010737,-0.008573,-0.280955,1
0.237600,0.085202,1.010177,-0.009230,-0.279905,1
0.237650,0.116103,1.009578,-0.009851,-0.278578,1
0.237700,0.146889,1.008940,-0.010433,-0.276976,1
0.237750,0.177531,1.008267,-0.010973,-0.275101,1
0.237800,0.207997,1.007562,-0.011471,-0.272954,1
0.237850,0.238257,1.006827,-0.011923,-0.270538,1
0.237900,0.268283,1.006064,-0.012328,-0.267855,1
0.237950,0.298044,1.005278,-0.012684,-0.264907,1
0.238000,0.327511,1.004471,-0.012991,-0.261698,1
0.238050,0.356654,1.003647,-0.013246,-0.258231,1
0.238100,0.385446,1.002808,-0.013449,-0.254509,1
0.238150,0.413857,1.001958,-0.013598,-0.250536,1
0.238200,0.441859,1.001100,-0.013694,-0.246316,1
0.238250,0.469426,1.000238,-0.013736,-0.241852,1
0.238300,0.496529,0.999375,-0.013724,-0.237150,1
0.238350,0.523143,0.998514,-0.013658,-0.232214,1
0.238400,0.549240,0.997660,-0.013537,-0.227049,1
0.238450,0.574795,0.996814,-0.013364,-0.221659,1
0.238500,0.599783,0.995981,-0.013137,-0.216051,1
0.238550,0.624179,0.995164,-0.012859,-0.210230,1
0.238600,0.647959,0.994366,-0.012530,-0.204201,1
0.238650,0.671099,0.993591,-0.012151,-0.197970,1
0.238700,0.693577,0.992840,-0.011725,-0.191545,1
0.238750,0.715371,0.992118,-0.011252,-0.184930,1
0.238800,0.736459,0.991427,-0.010735,-0.178133,1
0.238850,0.756819,0.990770,-0.010175,-0.171160,1
0.238900,0.776433,0.990149,-0.009576,-0.164018,1
0.238950,0.795281,0.989567,-0.008938,-0.156714,1
0.239000,0.813344,0.989027,-0.008265,-0.149255,1
0.239050,0.830604,0.988529,-0.007560,-0.141649,1
0.239100,0.847045,0.988077,-0.006825,-0.133904,1
0.239150,0.862649,0.987672,-0.006062,-0.126026,1
0.239200,0.877403,0.987316,-0.005276,-0.118024,1
0.239250,0.891290,0.987009,-0.004469,-0.109905,1
0.239300,0.904298,0.986754,-0.003645,-0.101678,1
0.239350,0.916413,0.986552,-0.002806,-0.093351,1
0.239400,0.927624,0.986402,-0.001956,-0.084931,1
0.239450,0.937920,0.986306,-0.001098,-0.076428,1
0.239500,0.947290,0.986264,-0.000236,-0.067849,1
0.239550,0.955725,0.986276,0.000627,-0.059203,1
0.239600,0.963217,0.986342,0.001488,-0.050499,1
0.239650,0.969758,0.986463,0.002342,-0.041745,1
0.239700,0.975342,0.986637,0.003188,-0.032950,1
0.239750,0.979964,0.986863,0.004021,-0.024122,1
0.239800,0.983618,0.987141,0.004838,-0.015271,1
0.239850,0.986302,0.987470,0.005636,-0.006404,1
0.239900,0.988013,0.987849,0.006411,0.002469,1
0.239950,0.988748,0.988275,0.007162,0.011339,1
0.240000,0.988508,0.988748,0.007884,0.020198,1
0.240050,0.987292,0.989265,0.008575,0.029038,1
0.240100,0.985102,0.989825,0.009232,0.037848,1
0.240150,0.981939,0.990425,0.009853,0.046622,1
0.240200,0.977808,0.991062,0.010435,0.055349,1
0.240250,0.972712,0.991735,0.010975,0.064022,1
0.240300,0.966655,0.992440,0.011473,0.072631,1
0.240350,0.959645,0.993175,0.011925,0.081169,1
0.240400,0.951688,0.993938,0.012330,0.089627,1
0.240450,0.942791,0.994724,0.012686,0.097996,1
0.240500,0.932964,0.995531,0.012993,0.106269,1
0.240550,0.922216,0.996355,0.013248,0.114437,1
0.240600,0.910558,0.997194,0.013450,0.122491,1
0.240650,0.898002,0.998044,0.013600,0.130425,1
0.240700,0.884559,0.998902,0.013696,0.138230,1
0.240750,0.870244,0.999764,0.013738,0.145899,1
0.240800,0.855069,1.000627,0.013726,0.153424,1
0.240850,0.839051,1.001488,0.013659,0.160797,1
0.240900,0.822205,1.002342,0.013539,0.168012,1
0.240950,0.804547,1.003188,0.013365,0.175061,1
0.241000,0.786095,1.004021,0.013139,0.181937,1
0.241050,0.766868,1.004838,0.012861,0.188633,1
0.241100,0.746883,1.005636,0.012531,0.195144,1
0.241150,0.726162,1.006411,0.012153,0.201462,1
0.241200,0.704724,1.007162,0.011726,0.207581,1
0.241250,0.682590,1.007884,0.011254,0.213495,1
0.241300,0.659783,1.008575,0.010737,0.219198,1
0.241350,0.636325,1.009232,0.010177,0.224685,1
0.241400,0.612239,1.009853,0.009577,0.229951,1
0.241450,0.587548,1.010435,0.008940,0.234989,1
0.241500,0.562278,1.010975,0.008267,0.239796,1
0.241550,0.536453,1.011473,0.007562,0.244366,1
0.241600,0.510098,1.011925,0.006826,0.248694,1
0.241650,0.483240,1.012330,0.006064,0.252778,1
0.241700,0.455905,1.012686,0.005278,0.256612,1
0.241750,0.428120,1.012993,0.004471,0.260192,1
0.241800,0.399913,1.013248,0.003647,0.263516,1
0.241850,0.371311,1.013450,0.002808,0.266580,1
0.241900,0.342343,1.013600,0.001958,0.269380,1
0.241950,0.313036,1.013696,0.001100,0.271915,1
0.242000,0.283421,1.013738,0.000238,0.274182,1
0.242050,0.253526,1.013726,-0.000625,0.276178,1
0.242100,0.223381,1.013659,-0.001486,0.277901,1
0.242150,0.193015,1.013539,-0.002341,0.279350,1
0.242200,0.162459,1.013365,-0.003186,0.280523,1
0.242250,0.131743,1.013139,-0.004019,0.281420,1
0.242300,0.100897,1.012861,-0.004836,0.282039,1
0.242350,0.069951,1.012532,-0.005634,0.282379,1
0.242400,0.038936,1.012153,-0.006410,0.282441,1
0.242450,0.007882,1.011726,-0.007160,0.282224,1
0.242500,-0.023179,1.011254,-0.007882,0.281729,1
0.242550,-0.054217,1.010737,-0.008573,0.280955,1
0.242600,-0.085202,1.010177,-0.009230,0.279905,1
0.242650,-0.116103,1.009577,-0.009851,0.278578,1
0.242700,-0.146889,1.008940,-0.010433,0.276976,1
0.242750,-0.177530,1.008267,-0.010974,0.275101,1
0.242800,-0.207996,1.007562,-0.011471,0.272954,1
0.242850,-0.238257,1.006826,-0.011923,0.270538,1
0.242900,-0.268283,1.006064,-0.012328,0.267855,1
0.242950,-0.298044,1.005278,-0.012685,0.264907,1
0.243000,-0.327510,1.004471,-0.012991,0.261698,1
0.243050,-0.356654,1.003647,-0.013246,0.258231,1
0.243100,-0.385445,1.002808,-0.013449,0.254509,1
0.243150,-0.413856,1.001958,-0.013598,0.250536,1
0.243200,-0.441859,1.001100,-0.013694,0.246316,1
0.243250,-0.469426,1.000238,-0.013736,0.241852,1
0.243300,-0.496529,0.999375,-0.013724,0.237150,1
0.243350,-0.523143,0.998514,-0.013658,0.232214,1
0.243400,-0.549240,0.997659,-0.013537,0.227049,1
0.243450,-0.574795,0.996814,-0.013364,0.221659,1
0.243500,-0.599783,0.995981,-0.013137,0.216051,1
0.243550,-0.624178,0.995164,-0.012859,0.210230,1
0.243600,-0.647958,0.994366,-0.012530,0.204201,1
0.243650,-0.671099,0.993590,-0.012151,0.197970,1
0.243700,-0.693577,0.992840,-0.011725,0.191545,1
0.243750,-0.715371,0.992118,-0.011252,0.184930,1
0.243800,-0.736458,0.991427,-0.010735,0.178133,1
0.243850,-0.756819,0.990770,-0.010175,0.171160,1
0.243900,-0.776433,0.990149,-0.009576,0.164018,1
0.243950,-0.795281,0.989567,-0.008938,0.156714,1
0.244000,-0.813344,0.989026,-0.008265,0.149255,1
0.244050,-0.830604,0.988529,-0.007560,0.141649,1
0.244100,-0.847045,0.988077,-0.006825,0.133904,1
0.244150,-0.862649,0.987672,-0.006063,0.126026,1
0.244200,-0.877402,0.987315,-0.005276,0.118024,1
0.244250,-0.891290,0.987009,-0.004470,0.109905,1
0.244300,-0.904298,0.986754,-0.003645,0.101678,1
0.244350,-0.916413,0.986551,-0.002806,0.093351,1
0.244400,-0.927624,0.986402,-0.001956,0.084931,1
0.244450,-0.937919,0.986306,-0.001098,0.076428,1
0.244500,-0.947289,0.986264,-0.000236,0.067849,1
0.244550,-0.955724,0.986276,0.000627,0.059203,1
0.244600,-0.963216,0.986342,0.001487,0.050499,1
0.244650,-0.969758,0.986463,0.002342,0.041745,1
0.244700,-0.975342,0.986636,0.003188,0.032950,1
0.244750,-0.979963,0.986863,0.004021,0.024122,1
0.244800,-0.983618,0.987141,0.004838,0.015271,1
0.244850,-0.986302,0.987470,0.005635,0.006404,1
0.244900,-0.988012,0.987849,0.006411,-0.002469,1
0.244950,-0.988748,0.988275,0.007162,-0.011339,1
0.245000,-0.988508,0.988748,0.007884,-0.020198,1
0.245050,-0.987292,0.989265,0.008575,-0.029038,1
0.245100,-0.985102,0.989825,0.009232,-0.037848,1
0.245150,-0.981939,0.990424,0.009853,-0.046622,1
0.245200,-0.977808,0.991062,0.010434,-0.055349,1
0.245250,-0.972711,0.991735,0.010975,-0.064022,1
0.245300,-0.966655,0.992440,0.011473,-0.072631,1
0.245350,-0.959645,0.993175,0.011925,-0.081169,1
0.245400,-0.951687,0.993937,0.012330,-0.089627,1
0.245450,-0.942791,0.994724,0.012686,-0.097996,1
0.245500,-0.932964,0.995530,0.012992,-0.106269,1
0.245550,-0.922216,0.996355,0.013247,-0.114437,1
0.245600,-0.910558,0.997194,0.013450,-0.122491,1
0.245650,-0.898002,0.998044,0.013600,-0.130425,1
0.245700,-0.884559,0.998902,0.013696,-0.138230,1
0.245750,-0.870244,0.999764,0.013738,-0.145899,1
0.245800,-0.855069,1.000627,0.013726,-0.153424,1
0.245850,-0.839051,1.001487,0.013659,-0.160797,1
0.245900,-0.822205,1.002342,0.013539,-0.168012,1
0.245950,-0.804547,1.003188,0.013365,-0.175061,1
0.246000,-0.786095,1.004020,0.013139,-0.181937,1
0.246050,-0.766868,1.004837,0.012860,-0.188633,1
0.246100,-0.746883,1.005635,0.012531,-0.195144,1
0.246150,-0.726162,1.006411,0.012153,-0.201462,1
0.246200,-0.704724,1.007161,0.011726,-0.207581,1
0.246250,-0.682590,1.007884,0.011254,-0.213495,1
0.246300,-0.659783,1.008575,0.010736,-0.219198,1
0.246350,-0.636325,1.009232,0.010177,-0.224685,1
0.246400,-0.612239,1.009853,0.009577,-0.229951,1
0.246450,-0.587548,1.010434,0.008940,-0.234989,1
0.246500,-0.562278,1.010975,0.008267,-0.239796,1
0.246550,-0.536453,1.011472,0.007561,-0.244366,1
0.246600,-0.510098,1.011925,0.006826,-0.248694,1
0.246650,-0.483240,1.012330,0.006064,-0.252778,1
0.246700,-0.455905,1.012686,0.005278,-0.256612,1
0.246750,-0.428120,1.012992,0.004471,-0.260192,1
0.246800,-0.399913,1.013247,0.003646,-0.263516,1
0.246850,-0.371311,1.013450,0.002807,-0.266580,1
0.246900,-0.342343,1.013600,0.001957,-0.269380,1
0.246950,-0.313036,1.013696,0.001100,-0.271915,1
0.247000,-0.283421,1.013738,0.000238,-0.274182,1
0.247050,-0.253526,1.013726,-0.000626,-0.276178,1
0.247100,-0.223381,1.013659,-0.001486,-0.277901,1
0.247150,-0.193015,1.013539,-0.002341,-0.279350,1
0.247200,-0.162459,1.013365,-0.003186,-0.280523,1
0.247250,-0.131743,1.013139,-0.004019,-0.281420,1
0.247300,-0.100897,1.012860,-0.004836,-0.282039,1
0.247350,-0.069951,1.012531,-0.005634,-0.282379,1
0.247400,-0.038936,1.012153,-0.006410,-0.282441,1
0.247450,-0.007882,1.011726,-0.007160,-0.282224,1
0.247500,0.023179,1.011253,-0.007882,-0.281729,1
0.247550,0.054217,1.010736,-0.008573,-0.280955,1
0.247600,0.085202,1.010177,-0.009230,-0.279905,1
0.247650,0.116103,1.009577,-0.009851,-0.278578,1
0.247700,0.146889,1.008940,-0.010433,-0.276976,1
0.247750,0.177530,1.008267,-0.010974,-0.275101,1
0.247800,0.207996,1.007561,-0.011471,-0.272954,1
0.247850,0.238257,1.006826,-0.011923,-0.270538,1
0.247900,0.268283,1.006064,-0.012328,-0.267855,1
0.247950,0.298043,1.005278,-0.012685,-0.264907,1
0.248000,0.327510,1.004471,-0.012991,-0.261698,1
0.248050,0.356654,1.003646,-0.013246,-0.258231,1
0.248100,0.385445,1.002807,-0.013449,-0.254509,1
0.248150,0.413856,1.001957,-0.013599,-0.250536,1
0.248200,0.441859,1.001100,-0.013695,-0.246316,1
0.248250,0.469426,1.000237,-0.013737,-0.241852,1
0.248300,0.496529,0.999374,-0.013724,-0.237150,1
0.248350,0.523142,0.998514,-0.013658,-0.232214,1
0.248400,0.549239,0.997659,-0.013538,-0.227049,1
0.248450,0.574794,0.996814,-0.013364,-0.221659,1
0.248500,0.599782,0.995981,-0.013137,-0.216051,1
0.248550,0.624178,0.995164,-0.012859,-0.210230,1
0.248600,0.647958,0.994366,-0.012530,-0.204201,1
0.248650,0.671099,0.993590,-0.012151,-0.197970,1
0.248700,0.693577,0.992840,-0.011725,-0.191545,1
0.248750,0.715370,0.992118,-0.011252,-0.184930,1
0.248800,0.736458,0.991427,-0.010735,-0.178133,1
0.248850,0.756819,0.990770,-0.010175,-0.171160,1
0.248900,0.776433,0.990149,-0.009576,-0.164018,1
0.248950,0.795281,0.989567,-0.008938,-0.156714,1
0.249000,0.813344,0.989026,-0.008265,-0.149255,1
0.249050,0.830604,0.988529,-0.007560,-0.141649,1
0.249100,0.847044,0.988077,-0.006825,-0.133904,1
0.249150,0.862649,0.987672,-0.006063,-0.126026,1
0.249200,0.877402,0.987315,-0.005277,-0.118024,1
0.249250,0.891290,0.987009,-0.004470,-0.109905,1
0.249300,0.904297,0.986754,-0.003645,-0.101678,1
0.249350,0.916413,0.986551,-0.002806,-0.093351,1
0.249400,0.927624,0.986401,-0.001956,-0.084931,1
0.249450,0.937919,0.986305,-0.001098,-0.076428,1
0.249500,0.947289,0.986263,-0.000236,-0.067849,1
0.249550,0.955724,0.986276,0.000627,-0.059203,1
0.249600,0.963216,0.986342,0.001487,-0.050499,1
0.249650,0.969757,0.986462,0.002342,-0.041745,1
0.249700,0.975342,0.986636,0.003188,-0.032950,1
0.249750,0.979963,0.986863,0.004020,-0.024122,1
0.249800,0.983618,0.987141,0.004837,-0.015271,1
0.249850,0.986302,0.987470,0.005635,-0.006404,1
0.249900,0.988012,0.987848,0.006411,0.002469,1
0.249950,0.988748,0.988275,0.007161,0.011339,1
0.250000,0.988507,0.988748,0.007883,0.020198,1
0.250050,0.987292,0.989265,0.008575,0.029038,1
0.250100,0.985101,0.989824,0.009232,0.037848,1
0.250150,0.981939,0.990424,0.009852,0.046622,1
0.250200,0.977808,0.991062,0.010434,0.055349,1
0.250250,0.972711,0.991734,0.010975,0.064022,1
0.250300,0.966655,0.992440,0.011472,0.072631,1
0.250350,0.959645,0.993175,0.011924,0.081169,1
0.250400,0.951687,0.993937,0.012330,0.089627,1
0.250450,0.942791,0.994723,0.012686,0.097996,1
0.250500,0.932964,0.995530,0.012992,0.106269,1
0.250550,0.922216,0.996355,0.013247,0.114437,1
0.250600,0.910558,0.997194,0.013450,0.122491,1
0.250650,0.898002,0.998044,0.013600,0.130425,1
0.250700,0.884559,0.998902,0.013696,0.138230,1
0.250750,0.870244,0.999764,0.013738,0.145899,1
0.250800,0.855069,1.000627,0.013726,0.153424,1
0.250850,0.839051,1.001487,0.013659,0.160797,1
0.250900,0.822205,1.002342,0.013539,0.168012,1
0.250950,0.804547,1.003187,0.013365,0.175061,1
0.251000,0.786095,1.004020,0.013139,0.181937,1
0.251050,0.766868,1.004837,0.012860,0.188633,1
0.251100,0.746883,1.005635,0.012531,0.195144,1
0.251150,0.726162,1.006411,0.012153,0.201462,1
0.251200,0.704724,1.007161,0.011726,0.207581,1
0.251250,0.682590,1.007883,0.011253,0.213495,1
0.251300,0.659783,1.008574,0.010736,0.219198,1
0.251350,0.636325,1.009232,0.010177,0.224685,1
0.251400,0.612239,1.009852,0.009577,0.229951,1
0.251450,0.587548,1.010434,0.008939,0.234989,1
0.251500,0.562278,1.010975,0.008267,0.239796,1
0.251550,0.536453,1.011472,0.007561,0.244366,1
0.251600,0.510098,1.011924,0.006826,0.248694,1
0.251650,0.483240,1.012329,0.006064,0.252778,1
0.251700,0.455905,1.012686,0.005278,0.256612,1
0.251750,0.428120,1.012992,0.004471,0.260192,1
0.251800,0.399913,1.013247,0.003646,0.263516,1
0.251850,0.371311,1.013450,0.002807,0.266580,1
0.251900,0.342343,1.013600,0.001957,0.269380,1
0.251950,0.313036,1.013696,0.001099,0.271915,1
0.252000,0.283421,1.013738,0.000237,0.274182,1
0.252050,0.253526,1.013725,-0.000626,0.276178,1
0.252100,0.223381,1.013659,-0.001486,0.277901,1
0.252150,0.193016,1.013539,-0.002341,0.279350,1
0.252200,0.162460,1.013365,-0.003186,0.280523,1
0.252250,0.131743,1.013138,-0.004019,0.281420,1
0.252300,0.100897,1.012860,-0.004836,0.282039,1
0.252350,0.069951,1.012531,-0.005634,0.282379,1
0.252400,0.038936,1.012153,-0.006410,0.282441,1
0.252450,0.007882,1.011726,-0.007160,0.282224,1
0.252500,-0.023179,1.011253,-0.007882,0.281729,1
0.252550,-0.054217,1.010736,-0.008573,0.280955,1
0.252600,-0.085202,1.010177,-0.009231,0.279905,1
0.252650,-0.116103,1.009577,-0.009851,0.278578,1
0.252700,-0.146889,1.008939,-0.010433,0.276976,1
0.252750,-0.177530,1.008267,-0.010974,0.275101,1
0.252800,-0.207996,1.007561,-0.011471,0.272954,1
0.252850,-0.238257,1.006826,-0.011923,0.270538,1
0.252900,-0.268282,1.006064,-0.012328,0.267855,1
0.252950,-0.298043,1.005278,-0.012685,0.264907,1
0.253000,-0.327510,1.004471,-0.012991,0.261698,1
0.253050,-0.356653,1.003646,-0.013246,0.258231,1
0.253100,-0.385445,1.002807,-0.013449,0.254509,1
0.253150,-0.413856,1.001957,-0.013599,0.250536,1
0.253200,-0.441859,1.001099,-0.013695,0.246316,1
0.253250,-0.469425,1.000237,-0.013737,0.241852,1
0.253300,-0.496529,0.999374,-0.013724,0.237150,1
0.253350,-0.523142,0.998514,-0.013658,0.232214,1
0.253400,-0.549239,0.997659,-0.013538,0.227049,1
0.253450,-0.574794,0.996814,-0.013364,0.221659,1
0.253500,-0.599782,0.995981,-0.013137,0.216051,1
0.253550,-0.624178,0.995164,-0.012859,0.210230,1
0.253600,-0.647958,0.994366,-0.012530,0.204201,1
0.253650,-0.671098,0.993590,-0.012152,0.197970,1
0.253700,-0.693576,0.992840,-0.011725,0.191545,1
0.253750,-0.715370,0.992118,-0.011252,0.184930,1
0.253800,-0.736458,0.991427,-0.010735,0.178133,1
0.253850,-0.756819,0.990769,-0.010176,0.171160,1
0.253900,-0.776433,0.990149,-0.009576,0.164018,1
0.253950,-0.795280,0.989567,-0.008938,0.156714,1
0.254000,-0.813343,0.989026,-0.008266,0.149255,1
0.254050,-0.830604,0.988529,-0.007560,0.141649,1
0.254100,-0.847044,0.988077,-0.006825,0.133904,1
0.254150,-0.862649,0.987672,-0.006063,0.126026,1
0.254200,-0.877402,0.987315,-0.005277,0.118024,1
0.254250,-0.891289,0.987009,-0.004470,0.109905,1
0.254300,-0.904297,0.986754,-0.003645,0.101678,1
0.254350,-0.916413,0.986551,-0.002806,0.093351,1
0.254400,-0.927624,0.986401,-0.001956,0.084931,1
0.254450,-0.937919,0.986305,-0.001098,0.076428,1
0.254500,-0.947289,0.986263,-0.000236,0.067849,1
0.254550,-0.955724,0.986276,0.000627,0.059203,1
0.254600,-0.963216,0.986342,0.001487,0.050499,1
0.254650,-0.969757,0.986462,0.002342,0.041745,1
0.254700,-0.975341,0.986636,0.003187,0.032950,1
0.254750,-0.979963,0.986862,0.004020,0.024122,1
0.254800,-0.983618,0.987141,0.004837,0.015271,1
0.254850,-0.986302,0.987470,0.005635,0.006404,1
0.254900,-0.988012,0.987848,0.006411,-0.002469,1
0.254950,-0.988748,0.988275,0.007161,-0.011339,1
0.255000,-0.988507,0.988748,0.007883,-0.020198,1
0.255050,-0.987291,0.989265,0.008574,-0.029038,1
0.255100,-0.985101,0.989824,0.009232,-0.037848,1
0.255150,-0.981939,0.990424,0.009852,-0.046622,1
0.255200,-0.977808,0.991062,0.010434,-0.055349,1
0.255250,-0.972711,0.991734,0.010975,-0.064022,1
0.255300,-0.966655,0.992440,0.011472,-0.072631,1
0.255350,-0.959645,0.993175,0.011924,-0.081169,1
0.255400,-0.951687,0.993937,0.012329,-0.089627,1
0.255450,-0.942791,0.994723,0.012686,-0.097996,1
0.255500,-0.932964,0.995530,0.012992,-0.106269,1
0.255550,-0.922216,0.996355,0.013247,-0.114437,1
0.255600,-0.910558,0.997194,0.013450,-0.122491,1
0.255650,-0.898002,0.998044,0.013600,-0.130425,1
0.255700,-0.884559,0.998901,0.013696,-0.138230,1
0.255750,-0.870244,0.999764,0.013738,-0.145899,1
0.255800,-0.855069,1.000627,0.013725,-0.153424,1
0.255850,-0.839051,1.001487,0.013659,-0.160797,1
0.255900,-0.822205,1.002342,0.013539,-0.168012,1
0.255950,-0.804547,1.003187,0.013365,-0.175061,1
0.256000,-0.786095,1.004020,0.013138,-0.181937,1
0.256050,-0.766868,1.004837,0.012860,-0.188633,1
0.256100,-0.746883,1.005635,0.012531,-0.195144,1
0.256150,-0.726162,1.006411,0.012153,-0.201462,1
0.256200,-0.704724,1.007161,0.011726,-0.207581,1
0.256250,-0.682590,1.007883,0.011253,-0.213495,1
0.256300,-0.659783,1.008574,0.010736,-0.219198,1
0.256350,-0.636325,1.009231,0.010177,-0.224685,1
0.256400,-0.612239,1.009852,0.009577,-0.229951,1
0.256450,-0.587548,1.010434,0.008939,-0.234989,1
0.256500,-0.562278,1.010975,0.008267,-0.239796,1
0.256550,-0.536453,1.011472,0.007561,-0.244366,1
0.256600,-0.510098,1.011924,0.006826,-0.248694,1
0.256650,-0.483240,1.012329,0.006064,-0.252778,1
0.256700,-0.455905,1.012686,0.005278,-0.256612,1
0.256750,-0.428120,1.012992,0.004471,-0.260192,1
0.256800,-0.399913,1.013247,0.003646,-0.263516,1
0.256850,-0.371311,1.013450,0.002807,-0.266580,1
0.256900,-0.342343,1.013600,0.001957,-0.269380,1
0.256950,-0.313036,1.013696,0.001099,-0.271915,1
0.257000,-0.283421,1.013738,0.000237,-0.274182,1
0.257050,-0.253526,1.013725,-0.000626,-0.276178,1
0.257100,-0.223381,1.013659,-0.001486,-0.277901,1
0.257150,-0.193016,1.013539,-0.002341,-0.279350,1
0.257200,-0.162460,1.013365,-0.003186,-0.280523,1
0.257250,-0.131743,1.013138,-0.004019,-0.281420,1
0.257300,-0.100897,1.012860,-0.004836,-0.282039,1
0.257350,-0.069951,1.012531,-0.005634,-0.282379,1
0.257400,-0.038936,1.012152,-0.006410,-0.282441,1
0.257450,-0.007882,1.011726,-0.007160,-0.282224,1
0.257500,0.023179,1.011253,-0.007882,-0.281729,1
0.257550,0.054217,1.010736,-0.008573,-0.280955,1
0.257600,0.085202,1.010176,-0.009231,-0.279905,1
0.257650,0.116103,1.009577,-0.009851,-0.278578,1
0.257700,0.146889,1.008939,-0.010433,-0.276976,1
0.257750,0.177530,1.008266,-0.010974,-0.275101,1
0.257800,0.207996,1.007561,-0.011471,-0.272954,1
0.257850,0.238257,1.006826,-0.011923,-0.270538,1
0.257900,0.268282,1.006064,-0.012328,-0.267855,1
0.257950,0.298043,1.005278,-0.012685,-0.264907,1
0.258000,0.327510,1.004471,-0.012991,-0.261698,1
0.258050,0.356653,1.003646,-0.013246,-0.258231,1
0.258100,0.385445,1.002807,-0.013449,-0.254509,1
0.258150,0.413856,1.001957,-0.013599,-0.250536,1
0.258200,0.441859,1.001099,-0.013695,-0.246316,1
0.258250,0.469425,1.000237,-0.013737,-0.241852,1
0.258300,0.496529,0.999374,-0.013724,-0.237150,1
0.258350,0.523142,0.998514,-0.013658,-0.232214,1
0.258400,0.549239,0.997659,-0.013538,-0.227049,1
0.258450,0.574794,0.996813,-0.013364,-0.221659,1
0.258500,0.599782,0.995981,-0.013138,-0.216051,1
0.258550,0.624178,0.995164,-0.012859,-0.210230,1
0.258600,0.647958,0.994366,-0.012530,-0.204201,1
0.258650,0.671098,0.993590,-0.012152,-0.197971,1
0.258700,0.693576,0.992840,-0.011725,-0.191545,1
0.258750,0.715370,0.992117,-0.011252,-0.184930,1
0.258800,0.736458,0.991426,-0.010735,-0.178133,1
0.258850,0.756819,0.990769,-0.010176,-0.171160,1
0.258900,0.776433,0.990149,-0.009576,-0.164018,1
0.258950,0.795280,0.989567,-0.008938,-0.156714,1
0.259000,0.813343,0.989026,-0.008266,-0.149255,1
0.259050,0.830604,0.988529,-0.007560,-0.141649,1
0.259100,0.847044,0.988076,-0.006825,-0.133904,1
0.259150,0.862649,0.987671,-0.006063,-0.126026,1
0.259200,0.877402,0.987315,-0.005277,-0.118024,1
0.259250,0.891289,0.987009,-0.004470,-0.109905,1
0.259300,0.904297,0.986754,-0.003645,-0.101678,1
0.259350,0.916412,0.986551,-0.002806,-0.093351,1
0.259400,0.927623,0.986401,-0.001956,-0.084931,1
0.259450,0.937919,0.986305,-0.001099,-0.076428,1
0.259500,0.947289,0.986263,-0.000236,-0.067849,1
0.259550,0.955724,0.986275,0.000627,-0.059203,1
0.259600,0.963216,0.986342,0.001487,-0.050499,1
0.259650,0.969757,0.986462,0.002342,-0.041745,1
0.259700,0.975341,0.986636,0.003187,-0.032950,1
0.259750,0.979963,0.986862,0.004020,-0.024122,1
0.259800,0.983618,0.987141,0.004837,-0.015271,1
0.259850,0.986302,0.987470,0.005635,-0.006404,1
0.259900,0.988012,0.987848,0.006411,0.002469,1
0.259950,0.988748,0.988275,0.007161,0.011339,1
0.260000,0.988507,0.988748,0.007883,0.020198,1
0.260050,0.987291,0.989265,0.008574,0.029038,1
0.260100,0.985101,0.989824,0.009231,0.037848,1
0.260150,0.981939,0.990424,0.009852,0.046622,1
0.260200,0.977807,0.991061,0.010434,0.055349,1
0.260250,0.972711,0.991734,0.010975,0.064022,1
0.260300,0.966655,0.992440,0.011472,0.072631,1
0.260350,0.959644,0.993175,0.011924,0.081169,1
0.260400,0.951687,0.993937,0.012329,0.089627,1
0.260450,0.942791,0.994723,0.012686,0.097996,1
0.260500,0.932964,0.995530,0.012992,0.106269,1
0.260550,0.922216,0.996355,0.013247,0.114437,1
0.260600,0.910558,0.997194,0.013450,0.122491,1
0.260650,0.898002,0.998044,0.013600,0.130425,1
0.260700,0.884559,0.998901,0.013696,0.138230,1
0.260750,0.870243,0.999763,0.013738,0.145899,1
0.260800,0.855069,1.000626,0.013725,0.153424,1
0.260850,0.839051,1.001487,0.013659,0.160797,1
0.260900,0.822204,1.002342,0.013539,0.168012,1
0.260950,0.804547,1.003187,0.013365,0.175061,1
0.261000,0.786095,1.004020,0.013138,0.181937,1
0.261050,0.766868,1.004837,0.012860,0.188634,1
0.261100,0.746883,1.005635,0.012531,0.195144,1
0.261150,0.726162,1.006411,0.012152,0.201462,1
0.261200,0.704724,1.007161,0.011726,0.207581,1
0.261250,0.682590,1.007883,0.011253,0.213495,1
0.261300,0.659783,1.008574,0.010736,0.219198,1
0.261350,0.636325,1.009231,0.010176,0.224685,1
0.261400,0.612239,1.009852,0.009577,0.229951,1
0.261450,0.587548,1.010434,0.008939,0.234989,1
0.261500,0.562278,1.010975,0.008266,0.239796,1
0.261550,0.536453,1.011472,0.007561,0.244366,1
0.261600,0.510098,1.011924,0.006826,0.248694,1
0.261650,0.483240,1.012329,0.006064,0.252778,1
0.261700,0.455905,1.012686,0.005278,0.256612,1
0.261750,0.428121,1.012992,0.004471,0.260192,1
0.261800,0.399913,1.013247,0.003646,0.263516,1
0.261850,0.371311,1.013450,0.002807,0.266580,1
0.261900,0.342343,1.013599,0.001957,0.269380,1
0.261950,0.313036,1.013695,0.001099,0.271915,1
0.262000,0.283421,1.013737,0.000237,0.274182,1
0.262050,0.253526,1.013725,-0.000626,0.276178,1
0.262100,0.223381,1.013659,-0.001486,0.277901,1
0.262150,0.193016,1.013538,-0.002341,0.279350,1
0.262200,0.162460,1.013365,-0.003187,0.280524,1
0.262250,0.131743,1.013138,-0.004019,0.281420,1
0.262300,0.100897,1.012860,-0.004836,0.282039,1
0.262350,0.069951,1.012531,-0.005634,0.282379,1
0.262400,0.038936,1.012152,-0.006410,0.282441,1
0.262450,0.007883,1.011726,-0.007160,0.282224,1
0.262500,-0.023179,1.011253,-0.007883,0.281729,1
0.262550,-0.054217,1.010736,-0.008574,0.280955,1
0.262600,-0.085202,1.010176,-0.009231,0.279905,1
0.262650,-0.116103,1.009577,-0.009851,0.278578,1
0.262700,-0.146889,1.008939,-0.010433,0.276976,1
0.262750,-0.177530,1.008266,-0.010974,0.275101,1
0.262800,-0.207996,1.007561,-0.011471,0.272954,1
0.262850,-0.238257,1.006826,-0.011923,0.270538,1
0.262900,-0.268282,1.006064,-0.012329,0.267855,1
0.262950,-0.298043,1.005277,-0.012685,0.264907,1
0.263000,-0.327510,1.004471,-0.012991,0.261698,1
0.263050,-0.356653,1.003646,-0.013246,0.258231,1
0.263100,-0.385445,1.002807,-0.013449,0.254509,1
0.263150,-0.413856,1.001957,-0.013599,0.250536,1
0.263200,-0.441859,1.001099,-0.013695,0.246316,1
0.263250,-0.469425,1.000237,-0.013737,0.241852,1
0.263300,-0.496529,0.999374,-0.013725,0.237150,1
0.263350,-0.523142,0.998513,-0.013658,0.232214,1
0.263400,-0.549239,0.997659,-0.013538,0.227049,1
0.263450,-0.574794,0.996813,-0.013364,0.221659,1
0.263500,-0.599782,0.995980,-0.013138,0.216051,1
0.263550,-0.624178,0.995163,-0.012859,0.210230,1
0.263600,-0.647958,0.994366,-0.012530,0.204201,1
0.263650,-0.671098,0.993590,-0.012152,0.197971,1
0.263700,-0.693576,0.992839,-0.011725,0.191545,1
0.263750,-0.715370,0.992117,-0.011252,0.184930,1
0.263800,-0.736458,0.991426,-0.010735,0.178133,1
0.263850,-0.756818,0.990769,-0.010176,0.171160,1
0.263900,-0.776432,0.990148,-0.009576,0.164018,1
0.263950,-0.795280,0.989567,-0.008939,0.156714,1
0.264000,-0.813343,0.989026,-0.008266,0.149255,1
0.264050,-0.830603,0.988528,-0.007560,0.141649,1
0.264100,-0.847044,0.988076,-0.006825,0.133904,1
0.264150,-0.862649,0.987671,-0.006063,0.126026,1
0.264200,-0.877402,0.987315,-0.005277,0.118024,1
0.264250,-0.891289,0.987009,-0.004470,0.109905,1
0.264300,-0.904297,0.986754,-0.003645,0.101678,1
0.264350,-0.916412,0.986551,-0.002806,0.093351,1
0.264400,-0.927623,0.986401,-0.001956,0.084931,1
0.264450,-0.937919,0.986305,-0.001099,0.076428,1
0.264500,-0.947289,0.986263,-0.000236,0.067849,1
0.264550,-0.955724,0.986275,0.000627,0.059203,1
0.264600,-0.963216,0.986342,0.001487,0.050499,1
0.264650,-0.969757,0.986462,0.002342,0.041745,1
0.264700,-0.975341,0.986636,0.003187,0.032950,1
0.264750,-0.979963,0.986862,0.004020,0.024122,1
0.264800,-0.983618,0.987141,0.004837,0.015271,1
0.264850,-0.986301,0.987470,0.005635,0.006404,1
0.264900,-0.988012,0.987848,0.006411,-0.002469,1
0.264950,-0.988747,0.988275,0.007161,-0.011339,1
0.265000,-0.988507,0.988747,0.007883,-0.020198,1
0.265050,-0.987291,0.989265,0.008574,-0.029038,1
0.265100,-0.985101,0.989824,0.009231,-0.037848,1
0.265150,-0.981939,0.990424,0.009852,-0.046622,1
0.265200,-0.977807,0.991061,0.010434,-0.055349,1
0.265250,-0.972711,0.991734,0.010975,-0.064022,1
0.265300,-0.966655,0.992440,0.011472,-0.072631,1
0.265350,-0.959644,0.993175,0.011924,-0.081169,1
0.265400,-0.951687,0.993937,0.012329,-0.089627,1
0.265450,-0.942791,0.994723,0.012686,-0.097996,1
0.265500,-0.932964,0.995530,0.012992,-0.106269,1
0.265550,-0.922216,0.996355,0.013247,-0.114437,1
0.265600,-0.910558,0.997194,0.013450,-0.122491,1
0.265650,-0.898002,0.998044,0.013599,-0.130425,1
0.265700,-0.884559,0.998901,0.013695,-0.138230,1
0.265750,-0.870243,0.999763,0.013737,-0.145899,1
0.265800,-0.855069,1.000626,0.013725,-0.153424,1
0.265850,-0.839051,1.001487,0.013659,-0.160797,1
0.265900,-0.822204,1.002342,0.013539,-0.168012,1
0.265950,-0.804547,1.003187,0.013365,-0.175061,1
0.266000,-0.786095,1.004020,0.013138,-0.181937,1
0.266050,-0.766868,1.004837,0.012860,-0.188634,1
0.266100,-0.746883,1.005635,0.012531,-0.195144,1
0.266150,-0.726162,1.006411,0.012152,-0.201462,1
0.266200,-0.704724,1.007161,0.011726,-0.207581,1
0.266250,-0.682590,1.007883,0.011253,-0.213495,1
0.266300,-0.659783,1.008574,0.010736,-0.219198,1
0.266350,-0.636325,1.009231,0.010176,-0.224685,1
0.266400,-0.612239,1.009852,0.009577,-0.229951,1
0.266450,-0.587548,1.010434,0.008939,-0.234989,1
0.266500,-0.562278,1.010975,0.008266,-0.239796,1
0.266550,-0.536453,1.011472,0.007561,-0.244366,1
0.266600,-0.510098,1.011924,0.006826,-0.248694,1
0.266650,-0.483240,1.012329,0.006064,-0.252778,1
0.266700,-0.455905,1.012685,0.005277,-0.256612,1
0.266750,-0.428121,1.012992,0.004471,-0.260192,1
0.266800,-0.399913,1.013247,0.003646,-0.263516,1
0.266850,-0.371311,1.013450,0.002807,-0.266580,1
0.266900,-0.342343,1.013599,0.001957,-0.269380,1
0.266950,-0.313037,1.013695,0.001099,-0.271915,1
0.267000,-0.283421,1.013737,0.000237,-0.274182,1
0.267050,-0.253526,1.013725,-0.000626,-0.276178,1
0.267100,-0.223381,1.013659,-0.001486,-0.277901,1
0.267150,-0.193016,1.013538,-0.002341,-0.279350,1
0.267200,-0.162460,1.013365,-0.003187,-0.280524,1
0.267250,-0.131743,1.013138,-0.004019,-0.281420,1
0.267300,-0.100897,1.012860,-0.004836,-0.282039,1
0.267350,-0.069951,1.012531,-0.005634,-0.282379,1
0.267400,-0.038936,1.012152,-0.006410,-0.282441,1
0.267450,-0.007883,1.011726,-0.007160,-0.282224,1
0.267500,0.023179,1.011253,-0.007883,-0.281729,1
0.267550,0.054217,1.010736,-0.008574,-0.280955,1
0.267600,0.085202,1.010176,-0.009231,-0.279905,1
0.267650,0.116102,1.009577,-0.009852,-0.278578,1
0.267700,0.146889,1.008939,-0.010433,-0.276976,1
0.267750,0.177530,1.008266,-0.010974,-0.275101,1
0.267800,0.207996,1.007561,-0.011471,-0.272954,1
0.267850,0.238257,1.006826,-0.011924,-0.270538,1
0.267900,0.268282,1.006063,-0.012329,-0.267855,1
0.267950,0.298043,1.005277,-0.012685,-0.264907,1
0.268000,0.327510,1.004470,-0.012991,-0.261698,1
0.268050,0.356653,1.003646,-0.013246,-0.258231,1
0.268100,0.385445,1.002807,-0.013449,-0.254509,1
0.268150,0.413856,1.001957,-0.013599,-0.250536,1
0.268200,0.441858,1.001099,-0.013695,-0.246316,1
0.268250,0.469425,1.000237,-0.013737,-0.241852,1
0.268300,0.496528,0.999374,-0.013725,-0.237150,1
0.268350,0.523142,0.998513,-0.013658,-0.232214,1
0.268400,0.549239,0.997659,-0.013538,-0.227049,1
0.268450,0.574794,0.996813,-0.013364,-0.221659,1
0.268500,0.599782,0.995980,-0.013138,-0.216051,1
0.268550,0.624178,0.995163,-0.012859,-0.210230,1
0.268600,0.647958,0.994365,-0.012530,-0.204201,1
0.268650,0.671098,0.993590,-0.012152,-0.197971,1
0.268700,0.693576,0.992839,-0.011725,-0.191545,1
0.268750,0.715370,0.992117,-0.011252,-0.184930,1
0.268800,0.736458,0.991426,-0.010735,-0.178133,1
0.268850,0.756818,0.990769,-0.010176,-0.171160,1
0.268900,0.776432,0.990148,-0.009576,-0.164018,1
0.268950,0.795280,0.989566,-0.008939,-0.156714,1
0.269000,0.813343,0.989026,-0.008266,-0.149255,1
0.269050,0.830603,0.988528,-0.007560,-0.141649,1
0.269100,0.847044,0.988076,-0.006825,-0.133904,1
0.269150,0.862648,0.987671,-0.006063,-0.126026,1
0.269200,0.877402,0.987315,-0.005277,-0.118024,1
0.269250,0.891289,0.987009,-0.004470,-0.109905,1
0.269300,0.904297,0.986754,-0.003645,-0.101678,1
0.269350,0.916412,0.986551,-0.002806,-0.093351,1
0.269400,0.927623,0.986401,-0.001956,-0.084931,1
0.269450,0.937919,0.986305,-0.001099,-0.076428,1
0.269500,0.947289,0.986263,-0.000237,-0.067849,1
0.269550,0.955724,0.986275,0.000626,-0.059203,1
0.269600,0.963216,0.986342,0.001487,-0.050499,1
0.269650,0.969757,0.986462,0.002342,-0.041745,1
0.269700,0.975341,0.986636,0.003187,-0.032950,1
0.269750,0.979963,0.986862,0.004020,-0.024122,1
0.269800,0.983617,0.987141,0.004837,-0.015271,1
0.269850,0.986301,0.987470,0.005635,-0.006404,1
0.269900,0.988012,0.987848,0.006411,0.002469,1
0.269950,0.988747,0.988275,0.007161,0.011339,1
0.270000,0.988507,0.988747,0.007883,0.020198,1
0.270050,0.987291,0.989265,0.008574,0.029038,1
0.270100,0.985101,0.989824,0.009231,0.037848,1
0.270150,0.981939,0.990424,0.009852,0.046622,1
0.270200,0.977807,0.991061,0.010434,0.055349,1
0.270250,0.972711,0.991734,0.010975,0.064022,1
0.270300,0.966655,0.992439,0.011472,0.072631,1
0.270350,0.959644,0.993175,0.011924,0.081169,1
0.270400,0.951687,0.993937,0.012329,0.089627,1
0.270450,0.942791,0.994723,0.012686,0.097996,1
0.270500,0.932964,0.995530,0.012992,0.106269,1
0.270550,0.922216,0.996354,0.013247,0.114437,1
0.270600,0.910558,0.997193,0.013450,0.122491,1
0.270650,0.898002,0.998043,0.013599,0.130425,1
0.270700,0.884559,0.998901,0.013695,0.138230,1
0.270750,0.870243,0.999763,0.013737,0.145899,1
0.270800,0.855069,1.000626,0.013725,0.153424,1
0.270850,0.839051,1.001487,0.013659,0.160797,1
0.270900,0.822204,1.002342,0.013538,0.168012,1
0.270950,0.804547,1.003187,0.013365,0.175061,1
0.271000,0.786095,1.004020,0.013138,0.181937,1
0.271050,0.766868,1.004837,0.012860,0.188634,1
0.271100,0.746883,1.005635,0.012531,0.195144,1
0.271150,0.726162,1.006411,0.012152,0.201462,1
0.271200,0.704724,1.007161,0.011726,0.207581,1
0.271250,0.682590,1.007883,0.011253,0.213495,1
0.271300,0.659783,1.008574,0.010736,0.219198,1
0.271350,0.636325,1.009231,0.010176,0.224685,1
0.271400,0.612239,1.009852,0.009577,0.229951,1
0.271450,0.587548,1.010434,0.008939,0.234989,1
0.271500,0.562278,1.010975,0.008266,0.239796,1
0.271550,0.536453,1.011472,0.007561,0.244366,1
0.271600,0.510098,1.011924,0.006826,0.248694,1
0.271650,0.483240,1.012329,0.006064,0.252778,1
0.271700,0.455905,1.012685,0.005277,0.256612,1
0.271750,0.428121,1.012992,0.004470,0.260192,1
0.271800,0.399913,1.013247,0.003646,0.263516,1
0.271850,0.371311,1.013450,0.002807,0.266580,1
0.271900,0.342343,1.013599,0.001957,0.269380,1
0.271950,0.313037,1.013695,0.001099,0.271915,1
0.272000,0.283421,1.013737,0.000237,0.274182,1
0.272050,0.253526,1.013725,-0.000626,0.276178,1
0.272100,0.223381,1.013659,-0.001487,0.277901,1
0.272150,0.193016,1.013538,-0.002341,0.279350,1
0.272200,0.162460,1.013365,-0.003187,0.280524,1
0.272250,0.131743,1.013138,-0.004020,0.281420,1
0.272300,0.100897,1.012860,-0.004837,0.282039,1
0.272350,0.069951,1.012531,-0.005634,0.282379,1
0.272400,0.038936,1.012152,-0.006410,0.282441,1
0.272450,0.007883,1.011726,-0.007161,0.282224,1
0.272500,-0.023179,1.011253,-0.007883,0.281729,1
0.272550,-0.054217,1.010736,-0.008574,0.280955,1
0.272600,-0.085202,1.010176,-0.009231,0.279905,1
0.272650,-0.116102,1.009576,-0.009852,0.278578,1
0.272700,-0.146889,1.008939,-0.010433,0.276976,1
0.272750,-0.177530,1.008266,-0.010974,0.275101,1
0.272800,-0.207996,1.007561,-0.011472,0.272954,1
0.272850,-0.238256,1.006826,-0.011924,0.270538,1
0.272900,-0.268282,1.006063,-0.012329,0.267855,1
0.272950,-0.298043,1.005277,-0.012685,0.264907,1
0.273000,-0.327510,1.004470,-0.012991,0.261698,1
0.273050,-0.356653,1.003646,-0.013246,0.258231,1
0.273100,-0.385445,1.002807,-0.013449,0.254509,1
0.273150,-0.413856,1.001957,-0.013599,0.250536,1
0.273200,-0.441858,1.001099,-0.013695,0.246316,1
0.273250,-0.469425,1.000237,-0.013737,0.241852,1
0.273300,-0.496528,0.999374,-0.013725,0.237150,1
0.273350,-0.523142,0.998513,-0.013658,0.232214,1
0.273400,-0.549239,0.997659,-0.013538,0.227049,1
0.273450,-0.574794,0.996813,-0.013364,0.221659,1
0.273500,-0.599782,0.995980,-0.013138,0.216051,1
0.273550,-0.624178,0.995163,-0.012859,0.210230,1
0.273600,-0.647957,0.994365,-0.012530,0.204201,1
0.273650,-0.671098,0.993590,-0.012152,0.197971,1
0.273700,-0.693576,0.992839,-0.011725,0.191545,1
0.273750,-0.715370,0.992117,-0.011253,0.184930,1
0.273800,-0.736457,0.991426,-0.010735,0.178133,1
0.273850,-0.756818,0.990769,-0.010176,0.171160,1
0.273900,-0.776432,0.990148,-0.009576,0.164018,1
0.273950,-0.795280,0.989566,-0.008939,0.156714,1
0.274000,-0.813343,0.989026,-0.008266,0.149255,1
0.274050,-0.830603,0.988528,-0.007560,0.141649,1
0.274100,-0.847044,0.988076,-0.006825,0.133904,1
0.274150,-0.862648,0.987671,-0.006063,0.126026,1
0.274200,-0.877402,0.987315,-0.005277,0.118024,1
0.274250,-0.891289,0.987009,-0.004470,0.109905,1
0.274300,-0.904297,0.986753,-0.003645,0.101678,1
0.274350,-0.916412,0.986551,-0.002806,0.093351,1
0.274400,-0.927623,0.986401,-0.001956,0.084931,1
0.274450,-0.937919,0.986305,-0.001099,0.076428,1
0.274500,-0.947289,0.986263,-0.000237,0.067849,1
0.274550,-0.955724,0.986275,0.000626,0.059203,1
0.274600,-0.963216,0.986342,0.001487,0.050499,1
0.274650,-0.969757,0.986462,0.002342,0.041745,1
0.274700,-0.975341,0.986636,0.003187,0.032950,1
0.274750,-0.979963,0.986862,0.004020,0.024122,1
0.274800,-0.983617,0.987140,0.004837,0.015271,1
0.274850,-0.986301,0.987470,0.005635,0.006404,1
0.274900,-0.988012,0.987848,0.006411,-0.002469,1
0.274950,-0.988747,0.988275,0.007161,-0.011339,1
0.275000,-0.988507,0.988747,0.007883,-0.020198,1
0.275050,-0.987291,0.989265,0.008574,-0.029038,1
0.275100,-0.985101,0.989824,0.009231,-0.037848,1
0.275150,-0.981939,0.990424,0.009852,-0.046622,1
0.275200,-0.977807,0.991061,0.010434,-0.055349,1
0.275250,-0.972711,0.991734,0.010975,-0.064022,1
0.275300,-0.966655,0.992439,0.011472,-0.072631,1
0.275350,-0.959644,0.993175,0.011924,-0.081169,1
0.275400,-0.951687,0.993937,0.012329,-0.089627,1
0.275450,-0.942790,0.994723,0.012685,-0.097996,1
0.275500,-0.932964,0.995530,0.012992,-0.106269,1
0.275550,-0.922216,0.996354,0.013247,-0.114437,1
0.275600,-0.910558,0.997193,0.013450,-0.122491,1
0.275650,-0.898002,0.998043,0.013599,-0.130425,1
0.275700,-0.884559,0.998901,0.013695,-0.138230,1
0.275750,-0.870243,0.999763,0.013737,-0.145899,1
0.275800,-0.855069,1.000626,0.013725,-0.153424,1
0.275850,-0.839051,1.001487,0.013659,-0.160797,1
0.275900,-0.822204,1.002342,0.013538,-0.168012,1
0.275950,-0.804547,1.003187,0.013365,-0.175061,1
0.276000,-0.786095,1.004020,0.013138,-0.181937,1
0.276050,-0.766868,1.004837,0.012860,-0.188634,1
0.276100,-0.746883,1.005635,0.012531,-0.195144,1
0.276150,-0.726162,1.006410,0.012152,-0.201462,1
0.276200,-0.704724,1.007161,0.011726,-0.207581,1
0.276250,-0.682590,1.007883,0.011253,-0.213495,1
0.276300,-0.659783,1.008574,0.010736,-0.219198,1
0.276350,-0.636325,1.009231,0.010176,-0.224685,1
0.276400,-0.612239,1.009852,0.009577,-0.229951,1
0.276450,-0.587548,1.010434,0.008939,-0.234989,1
0.276500,-0.562278,1.010974,0.008266,-0.239796,1
0.276550,-0.536453,1.011472,0.007561,-0.244366,1
0.276600,-0.510098,1.011924,0.006826,-0.248694,1
0.276650,-0.483240,1.012329,0.006063,-0.252778,1
0.276700,-0.455905,1.012685,0.005277,-0.256612,1
0.276750,-0.428121,1.012992,0.004470,-0.260192,1
0.276800,-0.399913,1.013247,0.003646,-0.263516,1
0.276850,-0.371311,1.013450,0.002807,-0.266580,1
0.276900,-0.342343,1.013599,0.001957,-0.269380,1
0.276950,-0.313037,1.013695,0.001099,-0.271915,1
0.277000,-0.283421,1.013737,0.000237,-0.274182,1
0.277050,-0.253527,1.013725,-0.000626,-0.276178,1
0.277100,-0.223381,1.013659,-0.001487,-0.277901,1
0.277150,-0.193016,1.013538,-0.002341,-0.279350,1
0.277200,-0.162460,1.013365,-0.003187,-0.280524,1
0.277250,-0.131743,1.013138,-0.004020,-0.281420,1
0.277300,-0.100897,1.012860,-0.004837,-0.282039,1
0.277350,-0.069951,1.012531,-0.005635,-0.282379,1
0.277400,-0.038936,1.012152,-0.006410,-0.282441,1
0.277450,-0.007883,1.011726,-0.007161,-0.282224,1
0.277500,0.023178,1.011253,-0.007883,-0.281729,1
0.277550,0.054217,1.010736,-0.008574,-0.280955,1
0.277600,0.085202,1.010176,-0.009231,-0.279905,1
0.277650,0.116102,1.009576,-0.009852,-0.278578,1
0.277700,0.146889,1.008939,-0.010433,-0.276976,1
0.277750,0.177530,1.008266,-0.010974,-0.275101,1
0.277800,0.207996,1.007561,-0.011472,-0.272954,1
0.277850,0.238256,1.006826,-0.011924,-0.270538,1
0.277900,0.268282,1.006063,-0.012329,-0.267855,1
0.277950,0.298043,1.005277,-0.012685,-0.264907,1
0.278000,0.327510,1.004470,-0.012991,-0.261698,1
0.278050,0.356653,1.003646,-0.013246,-0.258231,1
0.278100,0.385445,1.002807,-0.013449,-0.254509,1
0.278150,0.413856,1.001957,-0.013599,-0.250536,1
0.278200,0.441858,1.001099,-0.013695,-0.246316,1
0.278250,0.469425,1.000237,-0.013737,-0.241852,1
0.278300,0.496528,0.999374,-0.013725,-0.237150,1
0.278350,0.523142,0.998513,-0.013658,-0.232214,1
0.278400,0.549239,0.997659,-0.013538,-0.227049,1
0.278450,0.574794,0.996813,-0.013364,-0.221659,1
0.278500,0.599782,0.995980,-0.013138,-0.216051,1
0.278550,0.624178,0.995163,-0.012859,-0.210230,1
0.278600,0.647957,0.994365,-0.012530,-0.204201,1
0.278650,0.671098,0.993590,-0.012152,-0.197971,1
0.278700,0.693576,0.992839,-0.011725,-0.191545,1
0.278750,0.715370,0.992117,-0.011253,-0.184930,1
0.278800,0.736457,0.991426,-0.010735,-0.178133,1
0.278850,0.756818,0.990769,-0.010176,-0.171160,1
0.278900,0.776432,0.990148,-0.009576,-0.164018,1
0.278950,0.795280,0.989566,-0.008939,-0.156714,1
0.279000,0.813343,0.989026,-0.008266,-0.149255,1
0.279050,0.830603,0.988528,-0.007560,-0.141649,1
0.279100,0.847044,0.988076,-0.006825,-0.133904,1
0.279150,0.862648,0.987671,-0.006063,-0.126026,1
0.279200,0.877402,0.987315,-0.005277,-0.118024,1
0.279250,0.891289,0.987008,-0.004470,-0.109905,1
0.279300,0.904297,0.986753,-0.003645,-0.101678,1
0.279350,0.916412,0.986551,-0.002807,-0.093351,1
0.279400,0.927623,0.986401,-0.001956,-0.084931,1
0.279450,0.937919,0.986305,-0.001099,-0.076428,1
0.279500,0.947289,0.986263,-0.000237,-0.067849,1
0.279550,0.955724,0.986275,0.000626,-0.059203,1
0.279600,0.963216,0.986342,0.001487,-0.050499,1
0.279650,0.969757,0.986462,0.002342,-0.041745,1
0.279700,0.975341,0.986636,0.003187,-0.032950,1
0.279750,0.979963,0.986862,0.004020,-0.024122,1
0.279800,0.983617,0.987140,0.004837,-0.015271,1
0.279850,0.986301,0.987470,0.005635,-0.006404,1
0.279900,0.988012,0.987848,0.006411,0.002469,1
0.279950,0.988747,0.988275,0.007161,0.011339,1
0.280000,0.988507,0.988747,0.007883,0.020198,1
0.280050,0.987291,0.989264,0.008574,0.029038,1
0.280100,0.985101,0.989824,0.009231,0.037848,1
0.280150,0.981939,0.990424,0.009852,0.046622,1
0.280200,0.977807,0.991061,0.010434,0.055349,1
0.280250,0.972711,0.991734,0.010975,0.064022,1
0.280300,0.966655,0.992439,0.011472,0.072631,1
0.280350,0.959644,0.993175,0.011924,0.081169,1
0.280400,0.951687,0.993937,0.012329,0.089627,1
0.280450,0.942790,0.994723,0.012685,0.097996,1
0.280500,0.932964,0.995530,0.012992,0.106269,1
0.280550,0.922216,0.996354,0.013247,0.114437,1
0.280600,0.910558,0.997193,0.013450,0.122491,1
0.280650,0.898002,0.998043,0.013599,0.130425,1
0.280700,0.884559,0.998901,0.013695,0.138230,1
0.280750,0.870243,0.999763,0.013737,0.145899,1
0.280800,0.855069,1.000626,0.013725,0.153424,1
0.280850,0.839051,1.001487,0.013659,0.160797,1
0.280900,0.822204,1.002342,0.013538,0.168012,1
0.280950,0.804547,1.003187,0.013365,0.175061,1
0.281000,0.786095,1.004020,0.013138,0.181937,1
0.281050,0.766868,1.004837,0.012860,0.188634,1
0.281100,0.746883,1.005635,0.012531,0.195144,1
0.281150,0.726162,1.006410,0.012152,0.201462,1
0.281200,0.704724,1.007161,0.011726,0.207581,1
0.281250,0.682590,1.007883,0.011253,0.213495,1
0.281300,0.659783,1.008574,0.010736,0.219198,1
0.281350,0.636325,1.009231,0.010176,0.224685,1
0.281400,0.612239,1.009852,0.009577,0.229951,1
0.281450,0.587548,1.010434,0.008939,0.234989,1
0.281500,0.562278,1.010974,0.008266,0.239796,1
0.281550,0.536453,1.011472,0.007561,0.244366,1
0.281600,0.510098,1.011924,0.006826,0.248694,1
0.281650,0.483240,1.012329,0.006063,0.252778,1
0.281700,0.455905,1.012685,0.005277,0.256612,1
0.281750,0.428121,1.012992,0.004470,0.260192,1
0.281800,0.399913,1.013247,0.003646,0.263516,1
0.281850,0.371311,1.013449,0.002807,0.266580,1
0.281900,0.342343,1.013599,0.001957,0.269380,1
0.281950,0.313037,1.013695,0.001099,0.271915,1
0.282000,0.283421,1.013737,0.000237,0.274182,1
0.282050,0.253527,1.013725,-0.000626,0.276178,1
0.282100,0.223381,1.013659,-0.001487,0.277901,1
0.282150,0.193016,1.013538,-0.002341,0.279350,1
0.282200,0.162460,1.013365,-0.003187,0.280524,1
0.282250,0.131743,1.013138,-0.004020,0.281420,1
0.282300,0.100897,1.012860,-0.004837,0.282039,1
0.282350,0.069951,1.012531,-0.005635,0.282379,1
0.282400,0.038936,1.012152,-0.006410,0.282441,1
0.282450,0.007883,1.011726,-0.007161,0.282224,1
0.282500,-0.023178,1.011253,-0.007883,0.281729,1
0.282550,-0.054217,1.010736,-0.008574,0.280955,1
0.282600,-0.085202,1.010176,-0.009231,0.279905,1
0.282650,-0.116102,1.009576,-0.009852,0.278578,1
0.282700,-0.146888,1.008939,-0.010434,0.276976,1
0.282750,-0.177530,1.008266,-0.010974,0.275101,1
0.282800,-0.207996,1.007561,-0.011472,0.272954,1
0.282850,-0.238256,1.006826,-0.011924,0.270538,1
0.282900,-0.268282,1.006063,-0.012329,0.267855,1
0.282950,-0.298043,1.005277,-0.012685,0.264907,1
0.283000,-0.327509,1.004470,-0.012991,0.261698,1
0.283050,-0.356653,1.003646,-0.013247,0.258231,1
0.283100,-0.385444,1.002807,-0.013449,0.254509,1
0.283150,-0.413856,1.001957,-0.013599,0.250536,1
0.283200,-0.441858,1.001099,-0.013695,0.246316,1
0.283250,-0.469425,1.000237,-0.013737,0.241852,1
0.283300,-0.496528,0.999374,-0.013725,0.237150,1
0.283350,-0.523142,0.998513,-0.013658,0.232214,1
0.283400,-0.549239,0.997659,-0.013538,0.227049,1
0.283450,-0.574794,0.996813,-0.013364,0.221659,1
0.283500,-0.599782,0.995980,-0.013138,0.216051,1
0.283550,-0.624177,0.995163,-0.012859,0.210230,1
0.283600,-0.647957,0.994365,-0.012530,0.204201,1
0.283650,-0.671098,0.993590,-0.012152,0.197971,1
0.283700,-0.693576,0.992839,-0.011725,0.191545,1
0.283750,-0.715370,0.992117,-0.011253,0.184930,1
0.283800,-0.736457,0.991426,-0.010735,0.178133,1
0.283850,-0.756818,0.990769,-0.010176,0.171160,1
0.283900,-0.776432,0.990148,-0.009576,0.164018,1
0.283950,-0.795280,0.989566,-0.008939,0.156714,1
0.284000,-0.813343,0.989026,-0.008266,0.149255,1
0.284050,-0.830603,0.988528,-0.007561,0.141649,1
0.284100,-0.847044,0.988076,-0.006825,0.133904,1
0.284150,-0.862648,0.987671,-0.006063,0.126026,1
0.284200,-0.877402,0.987315,-0.005277,0.118024,1
0.284250,-0.891289,0.987008,-0.004470,0.109905,1
0.284300,-0.904297,0.986753,-0.003646,0.101678,1
0.284350,-0.916412,0.986551,-0.002807,0.093351,1
0.284400,-0.927623,0.986401,-0.001957,0.084931,1
0.284450,-0.937919,0.986305,-0.001099,0.076428,1
0.284500,-0.947289,0.986263,-0.000237,0.067849,1
0.284550,-0.955724,0.986275,0.000626,0.059203,1
0.284600,-0.963215,0.986342,0.001487,0.050499,1
0.284650,-0.969757,0.986462,0.002342,0.041745,1
0.284700,-0.975341,0.986636,0.003187,0.032950,1
0.284750,-0.979963,0.986862,0.004020,0.024122,1
0.284800,-0.983617,0.987140,0.004837,0.015271,1
0.284850,-0.986301,0.987470,0.005635,0.006404,1
0.284900,-0.988012,0.987848,0.006411,-0.002469,1
0.284950,-0.988747,0.988275,0.007161,-0.011339,1
0.285000,-0.988507,0.988747,0.007883,-0.020198,1
0.285050,-0.987291,0.989264,0.008574,-0.029038,1
0.285100,-0.985101,0.989824,0.009231,-0.037848,1
0.285150,-0.981939,0.990424,0.009852,-0.046622,1
0.285200,-0.977807,0.991061,0.010434,-0.055349,1
0.285250,-0.972711,0.991734,0.010975,-0.064022,1
0.285300,-0.966655,0.992439,0.011472,-0.072631,1
0.285350,-0.959644,0.993175,0.011924,-0.081169,1
0.285400,-0.951687,0.993937,0.012329,-0.089627,1
0.285450,-0.942790,0.994723,0.012685,-0.097996,1
0.285500,-0.932964,0.995530,0.012992,-0.106269,1
0.285550,-0.922216,0.996354,0.013247,-0.114437,1
0.285600,-0.910558,0.997193,0.013450,-0.122491,1
0.285650,-0.898002,0.998043,0.013599,-0.130425,1
0.285700,-0.884559,0.998901,0.013695,-0.138230,1
0.285750,-0.870243,0.999763,0.013737,-0.145899,1
0.285800,-0.855069,1.000626,0.013725,-0.153424,1
0.285850,-0.839051,1.001487,0.013659,-0.160797,1
0.285900,-0.822204,1.002342,0.013538,-0.168012,1
0.285950,-0.804547,1.003187,0.013365,-0.175061,1
0.286000,-0.786095,1.004020,0.013138,-0.181937,1
0.286050,-0.766868,1.004837,0.012860,-0.188634,1
0.286100,-0.746883,1.005635,0.012531,-0.195144,1
0.286150,-0.726162,1.006410,0.012152,-0.201462,1
0.286200,-0.704724,1.007161,0.011726,-0.207581,1
0.286250,-0.682590,1.007883,0.011253,-0.213495,1
0.286300,-0.659783,1.008574,0.010736,-0.219198,1
0.286350,-0.636325,1.009231,0.010176,-0.224685,1
0.286400,-0.612239,1.009852,0.009576,-0.229951,1
0.286450,-0.587548,1.010434,0.008939,-0.234989,1
0.286500,-0.562278,1.010974,0.008266,-0.239796,1
0.286550,-0.536453,1.011472,0.007561,-0.244366,1
0.286600,-0.510098,1.011924,0.006826,-0.248694,1
0.286650,-0.483240,1.012329,0.006063,-0.252778,1
0.286700,-0.455905,1.012685,0.005277,-0.256612,1
0.286750,-0.428121,1.012992,0.004470,-0.260192,1
0.286800,-0.399913,1.013247,0.003646,-0.263516,1
0.286850,-0.371311,1.013449,0.002807,-0.266580,1
0.286900,-0.342343,1.013599,0.001957,-0.269380,1
0.286950,-0.313037,1.013695,0.001099,-0.271915,1
0.287000,-0.283421,1.013737,0.000237,-0.274182,1
0.287050,-0.253527,1.013725,-0.000626,-0.276178,1
0.287100,-0.223381,1.013659,-0.001487,-0.277901,1
0.287150,-0.193016,1.013538,-0.002341,-0.279350,1
0.287200,-0.162460,1.013364,-0.003187,-0.280524,1
0.287250,-0.131744,1.013138,-0.004020,-0.281420,1
0.287300,-0.100897,1.012860,-0.004837,-0.282039,1
0.287350,-0.069951,1.012531,-0.005635,-0.282379,1
0.287400,-0.038936,1.012152,-0.006410,-0.282441,1
0.287450,-0.007883,1.011726,-0.007161,-0.282224,1
0.287500,0.023178,1.011253,-0.007883,-0.281729,1
0.287550,0.054217,1.010736,-0.008574,-0.280955,1
0.287600,0.085202,1.010176,-0.009231,-0.279905,1
0.287650,0.116102,1.009576,-0.009852,-0.278578,1
0.287700,0.146888,1.008939,-0.010434,-0.276976,1
0.287750,0.177530,1.008266,-0.010974,-0.275101,1
0.287800,0.207996,1.007561,-0.011472,-0.272954,1
0.287850,0.238256,1.006825,-0.011924,-0.270538,1
0.287900,0.268282,1.006063,-0.012329,-0.267855,1
0.287950,0.298043,1.005277,-0.012685,-0.264907,1
0.288000,0.327509,1.004470,-0.012991,-0.261698,1
0.288050,0.356653,1.003646,-0.013247,-0.258231,1
0.288100,0.385444,1.002807,-0.013449,-0.254509,1
0.288150,0.413856,1.001957,-0.013599,-0.250536,1
0.288200,0.441858,1.001099,-0.013695,-0.246316,1
0.288250,0.469425,1.000237,-0.013737,-0.241852,1
0.288300,0.496528,0.999374,-0.013725,-0.237150,1
0.288350,0.523142,0.998513,-0.013658,-0.232214,1
0.288400,0.549239,0.997659,-0.013538,-0.227049,1
0.288450,0.574794,0.996813,-0.013364,-0.221659,1
0.288500,0.599782,0.995980,-0.013138,-0.216051,1
0.288550,0.624177,0.995163,-0.012860,-0.210230,1
0.288600,0.647957,0.994365,-0.012530,-0.204201,1
0.288650,0.671098,0.993590,-0.012152,-0.197971,1
0.288700,0.693576,0.992839,-0.011725,-0.191545,1
0.288750,0.715370,0.992117,-0.011253,-0.184930,1
0.288800,0.736457,0.991426,-0.010735,-0.178133,1
0.288850,0.756818,0.990769,-0.010176,-0.171160,1
0.288900,0.776432,0.990148,-0.009576,-0.164018,1
0.288950,0.795280,0.989566,-0.008939,-0.156714,1
0.289000,0.813343,0.989026,-0.008266,-0.149255,1
0.289050,0.830603,0.988528,-0.007561,-0.141649,1
0.289100,0.847044,0.988076,-0.006825,-0.133904,1
0.289150,0.862648,0.987671,-0.006063,-0.126026,1
0.289200,0.877402,0.987315,-0.005277,-0.118024,1
0.289250,0.891289,0.987008,-0.004470,-0.109905,1
0.289300,0.904297,0.986753,-0.003646,-0.101678,1
0.289350,0.916412,0.986551,-0.002807,-0.093351,1
0.289400,0.927623,0.986401,-0.001957,-0.084931,1
0.289450,0.937919,0.986305,-0.001099,-0.076428,1
0.289500,0.947289,0.986263,-0.000237,-0.067849,1
0.289550,0.955724,0.986275,0.000626,-0.059203,1
0.289600,0.963215,0.986342,0.001487,-0.050499,1
0.289650,0.969757,0.986462,0.002342,-0.041745,1
0.289700,0.975341,0.986636,0.003187,-0.032950,1
0.289750,0.979963,0.986862,0.004020,-0.024122,1
0.289800,0.983617,0.987140,0.004837,-0.015271,1
0.289850,0.986301,0.987469,0.005635,-0.006404,1
0.289900,0.988012,0.987848,0.006410,0.002469,1
0.289950,0.988747,0.988275,0.007161,0.011339,1
0.290000,0.988507,0.988747,0.007883,0.020198,1
0.290050,0.987291,0.989264,0.008574,0.029038,1
0.290100,0.985101,0.989824,0.009231,0.037848,1
0.290150,0.981939,0.990424,0.009852,0.046622,1
0.290200,0.977807,0.991061,0.010434,0.055349,1
0.290250,0.972711,0.991734,0.010974,0.064022,1
0.290300,0.966655,0.992439,0.011472,0.072631,1
0.290350,0.959644,0.993175,0.011924,0.081169,1
0.290400,0.951687,0.993937,0.012329,0.089627,1
0.290450,0.942790,0.994723,0.012685,0.097996,1
0.290500,0.932963,0.995530,0.012992,0.106269,1
0.290550,0.922216,0.996354,0.013247,0.114437,1
0.290600,0.910558,0.997193,0.013450,0.122491,1
0.290650,0.898002,0.998043,0.013599,0.130425,1
0.290700,0.884559,0.998901,0.013695,0.138230,1
0.290750,0.870243,0.999763,0.013737,0.145899,1
0.290800,0.855069,1.000626,0.013725,0.153424,1
0.290850,0.839051,1.001487,0.013659,0.160797,1
0.290900,0.822204,1.002341,0.013538,0.168012,1
0.290950,0.804547,1.003187,0.013365,0.175061,1
0.291000,0.786095,1.004020,0.013138,0.181937,1
0.291050,0.766868,1.004837,0.012860,0.188634,1
0.291100,0.746883,1.005635,0.012531,0.195144,1
0.291150,0.726162,1.006410,0.012152,0.201462,1
0.291200,0.704724,1.007161,0.011726,0.207581,1
0.291250,0.682590,1.007883,0.011253,0.213495,1
0.291300,0.659783,1.008574,0.010736,0.219198,1
0.291350,0.636325,1.009231,0.010176,0.224685,1
0.291400,0.612239,1.009852,0.009576,0.229951,1
0.291450,0.587548,1.010434,0.008939,0.234989,1
0.291500,0.562278,1.010974,0.008266,0.239796,1
0.291550,0.536453,1.011472,0.007561,0.244366,1
0.291600,0.510098,1.011924,0.006826,0.248694,1
0.291650,0.483240,1.012329,0.006063,0.252778,1
0.291700,0.455905,1.012685,0.005277,0.256612,1
0.291750,0.428121,1.012992,0.004470,0.260192,1
0.291800,0.399913,1.013247,0.003646,0.263516,1
0.291850,0.371311,1.013449,0.002807,0.266580,1
0.291900,0.342343,1.013599,0.001957,0.269380,1
0.291950,0.313037,1.013695,0.001099,0.271915,1
0.292000,0.283421,1.013737,0.000237,0.274182,1
0.292050,0.253527,1.013725,-0.000626,0.276178,1
0.292100,0.223381,1.013659,-0.001487,0.277901,1
0.292150,0.193016,1.013538,-0.002341,0.279350,1
0.292200,0.162460,1.013364,-0.003187,0.280524,1
0.292250,0.131744,1.013138,-0.004020,0.281420,1
0.292300,0.100897,1.012860,-0.004837,0.282039,1
0.292350,0.069951,1.012531,-0.005635,0.282379,1
0.292400,0.038936,1.012152,-0.006410,0.282441,1
0.292450,0.007883,1.011726,-0.007161,0.282224,1
0.292500,-0.023178,1.011253,-0.007883,0.281729,1
0.292550,-0.054217,1.010736,-0.008574,0.280955,1
0.292600,-0.085202,1.010176,-0.009231,0.279905,1
0.292650,-0.116102,1.009576,-0.009852,0.278578,1
0.292700,-0.146888,1.008939,-0.010434,0.276976,1
0.292750,-0.177530,1.008266,-0.010974,0.275101,1
0.292800,-0.207996,1.007561,-0.011472,0.272954,1
0.292850,-0.238256,1.006825,-0.011924,0.270538,1
0.292900,-0.268282,1.006063,-0.012329,0.267855,1
0.292950,-0.298043,1.005277,-0.012685,0.264907,1
0.293000,-0.327509,1.004470,-0.012992,0.261698,1
0.293050,-0.356653,1.003646,-0.013247,0.258231,1
0.293100,-0.385444,1.002807,-0.013449,0.254509,1
0.293150,-0.413856,1.001957,-0.013599,0.250536,1
0.293200,-0.441858,1.001099,-0.013695,0.246316,1
0.293250,-0.469425,1.000237,-0.013737,0.241852,1
0.293300,-0.496528,0.999374,-0.013725,0.237150,1
0.293350,-0.523142,0.998513,-0.013658,0.232214,1
0.293400,-0.549239,0.997659,-0.013538,0.227049,1
0.293450,-0.574794,0.996813,-0.013364,0.221659,1
0.293500,-0.599782,0.995980,-0.013138,0.216051,1
0.293550,-0.624177,0.995163,-0.012860,0.210230,1
0.293600,-0.647957,0.994365,-0.012530,0.204201,1
0.293650,-0.671098,0.993590,-0.012152,0.197971,1
0.293700,-0.693576,0.992839,-0.011725,0.191545,1
0.293750,-0.715370,0.992117,-0.011253,0.184930,1
0.293800,-0.736457,0.991426,-0.010735,0.178133,1
0.293850,-0.756818,0.990769,-0.010176,0.171160,1
0.293900,-0.776432,0.990148,-0.009576,0.164018,1
0.293950,-0.795280,0.989566,-0.008939,0.156714,1
0.294000,-0.813343,0.989026,-0.008266,0.149255,1
0.294050,-0.830603,0.988528,-0.007561,0.141649,1
0.294100,-0.847044,0.988076,-0.006825,0.133904,1
0.294150,-0.862648,0.987671,-0.006063,0.126026,1
0.294200,-0.877402,0.987315,-0.005277,0.118024,1
0.294250,-0.891289,0.987008,-0.004470,0.109905,1
0.294300,-0.904297,0.986753,-0.003646,0.101678,1
0.294350,-0.916412,0.986551,-0.002807,0.093351,1
0.294400,-0.927623,0.986401,-0.001957,0.084931,1
0.294450,-0.937919,0.986305,-0.001099,0.076428,1
0.294500,-0.947289,0.986263,-0.000237,0.067849,1
0.294550,-0.955724,0.986275,0.000626,0.059203,1
0.294600,-0.963215,0.986342,0.001487,0.050499,1
0.294650,-0.969757,0.986462,0.002342,0.041745,1
0.294700,-0.975341,0.986636,0.003187,0.032950,1
0.294750,-0.979963,0.986862,0.004020,0.024122,1
0.294800,-0.983617,0.987140,0.004837,0.015271,1
0.294850,-0.986301,0.987469,0.005635,0.006404,1
0.294900,-0.988012,0.987848,0.006410,-0.002469,1
0.294950,-0.988747,0.988275,0.007161,-0.011339,1
0.295000,-0.988507,0.988747,0.007883,-0.020198,1
0.295050,-0.987291,0.989264,0.008574,-0.029038,1
0.295100,-0.985101,0.989824,0.009231,-0.037848,1
0.295150,-0.981939,0.990424,0.009852,-0.046622,1
0.295200,-0.977807,0.991061,0.010434,-0.055349,1
0.295250,-0.972711,0.991734,0.010974,-0.064022,1
0.295300,-0.966655,0.992439,0.011472,-0.072631,1
0.295350,-0.959644,0.993175,0.011924,-0.081169,1
0.295400,-0.951687,0.993937,0.012329,-0.089627,1
0.295450,-0.942790,0.994723,0.012685,-0.097996,1
0.295500,-0.932963,0.995530,0.012992,-0.106269,1
0.295550,-0.922216,0.996354,0.013247,-0.114437,1
0.295600,-0.910558,0.997193,0.013450,-0.122491,1
0.295650,-0.898002,0.998043,0.013599,-0.130425,1
0.295700,-0.884559,0.998901,0.013695,-0.138230,1
0.295750,-0.870243,0.999763,0.013737,-0.145899,1
0.295800,-0.855069,1.000626,0.013725,-0.153424,1
0.295850,-0.839051,1.001487,0.013659,-0.160797,1
0.295900,-0.822204,1.002341,0.013538,-0.168012,1
0.295950,-0.804547,1.003187,0.013365,-0.175061,1
0.296000,-0.786095,1.004020,0.013138,-0.181937,1
0.296050,-0.766868,1.004837,0.012860,-0.188634,1
0.296100,-0.746883,1.005635,0.012531,-0.195144,1
0.296150,-0.726162,1.006410,0.012152,-0.201462,1
0.296200,-0.704724,1.007161,0.011726,-0.207581,1
0.296250,-0.682590,1.007883,0.011253,-0.213495,1
0.296300,-0.659783,1.008574,0.010736,-0.219198,1
0.296350,-0.636325,1.009231,0.010176,-0.224685,1
0.296400,-0.612239,1.009852,0.009576,-0.229951,1
0.296450,-0.587548,1.010434,0.008939,-0.234989,1
0.296500,-0.562278,1.010974,0.008266,-0.239796,1
0.296550,-0.536453,1.011472,0.007561,-0.244366,1
0.296600,-0.510098,1.011924,0.006826,-0.248694,1
0.296650,-0.483240,1.012329,0.006063,-0.252778,1
0.296700,-0.455905,1.012685,0.005277,-0.256612,1
0.296750,-0.428121,1.012992,0.004470,-0.260192,1
0.296800,-0.399913,1.013247,0.003646,-0.263516,1
0.296850,-0.371311,1.013449,0.002807,-0.266580,1
0.296900,-0.342343,1.013599,0.001957,-0.269380,1
0.296950,-0.313037,1.013695,0.001099,-0.271915,1
0.297000,-0.283422,1.013737,0.000237,-0.274182,1
0.297050,-0.253527,1.013725,-0.000626,-0.276178,1
0.297100,-0.223381,1.013659,-0.001487,-0.277901,1
0.297150,-0.193016,1.013538,-0.002341,-0.279350,1
0.297200,-0.162460,1.013364,-0.003187,-0.280524,1
0.297250,-0.131744,1.013138,-0.004020,-0.281420,1
0.297300,-0.100897,1.012860,-0.004837,-0.282039,1
0.297350,-0.069951,1.012531,-0.005635,-0.282379,1
0.297400,-0.038936,1.012152,-0.006410,-0.282441,1
0.297450,-0.007883,1.011726,-0.007161,-0.282224,1
0.297500,0.023178,1.011253,-0.007883,-0.281729,1
0.297550,0.054217,1.010736,-0.008574,-0.280955,1
0.297600,0.085202,1.010176,-0.009231,-0.279905,1
0.297650,0.116102,1.009576,-0.009852,-0.278578,1
0.297700,0.146888,1.008939,-0.010434,-0.276976,1
0.297750,0.177530,1.008266,-0.010974,-0.275101,1
0.297800,0.207996,1.007561,-0.011472,-0.272954,1
0.297850,0.238256,1.006825,-0.011924,-0.270538,1
0.297900,0.268282,1.006063,-0.012329,-0.267855,1
0.297950,0.298043,1.005277,-0.012685,-0.264907,1
0.298000,0.327509,1.004470,-0.012992,-0.261698,1
0.298050,0.356653,1.003646,-0.013247,-0.258231,1
0.298100,0.385444,1.002807,-0.013449,-0.254509,1
0.298150,0.413856,1.001957,-0.013599,-0.250536,1
0.298200,0.441858,1.001099,-0.013695,-0.246316,1
0.298250,0.469425,1.000237,-0.013737,-0.241852,1
0.298300,0.496528,0.999374,-0.013725,-0.237150,1
0.298350,0.523142,0.998513,-0.013658,-0.232214,1
0.298400,0.549239,0.997659,-0.013538,-0.227049,1
0.298450,0.574794,0.996813,-0.013364,-0.221659,1
0.298500,0.599782,0.995980,-0.013138,-0.216051,1
0.298550,0.624177,0.995163,-0.012860,-0.210230,1
0.298600,0.647957,0.994365,-0.012530,-0.204201,1
0.298650,0.671098,0.993590,-0.012152,-0.197971,1
0.298700,0.693576,0.992839,-0.011725,-0.191545,1
0.298750,0.715370,0.992117,-0.011253,-0.184930,1
0.298800,0.736457,0.991426,-0.010736,-0.178133,1
0.298850,0.756818,0.990769,-0.010176,-0.171160,1
0.298900,0.776432,0.990148,-0.009576,-0.164018,1
0.298950,0.795280,0.989566,-0.008939,-0.156714,1
0.299000,0.813343,0.989026,-0.008266,-0.149255,1
0.299050,0.830603,0.988528,-0.007561,-0.141649,1
0.299100,0.847044,0.988076,-0.006825,-0.133904,1
0.299150,0.862648,0.987671,-0.006063,-0.126026,1
0.299200,0.877402,0.987315,-0.005277,-0.118024,1
0.299250,0.891289,0.987008,-0.004470,-0.109905,1
0.299300,0.904297,0.986753,-0.003646,-0.101678,1
0.299350,0.916412,0.986551,-0.002807,-0.093351,1
0.299400,0.927623,0.986401,-0.001957,-0.084931,1
0.299450,0.937919,0.986305,-0.001099,-0.076428,1
0.299500,0.947289,0.986263,-0.000237,-0.067849,1
0.299550,0.955724,0.986275,0.000626,-0.059203,1
0.299600,0.963215,0.986342,0.001487,-0.050499,1
0.299650,0.969757,0.986462,0.002342,-0.041745,1
0.299700,0.975341,0.986636,0.003187,-0.032950,1
0.299750,0.979963,0.986862,0.004020,-0.024122,1
0.299800,0.983617,0.987140,0.004837,-0.015271,1
0.299850,0.986301,0.987469,0.005635,-0.006404,1
0.299900,0.988012,0.987848,0.006410,0.002469,1
0.299950,0.988747,0.988274,0.007161,0.011339,1
