time_s,reference_a,current_a,u_i,u1,duty,feedforward
0.000000,0.004000,0.000816,0.008160,0.000000,0.000340,0
0.000200,0.008000,-0.098010,0.014815,1.002666,0.000617,0
0.000400,0.012000,-0.269575,0.224867,1.989519,0.009369,0
0.000600,0.016000,-0.491853,0.587420,2.944996,0.024476,0
0.000800,0.020000,-0.746619,1.060452,3.854029,0.044185,0
0.001000,0.024000,-1.018635,1.608807,4.702282,0.067034,0
0.001200,0.028000,-1.295071,2.202705,5.476377,0.091779,0
0.001400,0.032000,-1.565062,2.816659,6.164106,0.117361,0
0.001600,0.036000,-1.819403,3.428684,6.754623,0.142862,0
0.001800,0.040000,-2.050320,4.019742,7.238616,0.167489,0
0.002000,0.044000,-2.251314,4.573349,7.608452,0.190556,0
0.002200,0.048000,-2.417047,5.075310,7.858298,0.211471,0
0.002400,0.052000,-2.543262,5.513538,7.984214,0.229731,0
0.002600,0.056000,-2.626727,5.877939,7.984214,0.244914,0
0.002800,0.060000,-2.665187,6.160337,7.858298,0.256681,0
0.003000,0.064000,-2.657330,6.354424,7.608452,0.264768,0
0.003200,0.068000,-2.602753,6.455724,7.238616,0.268989,0
0.003400,0.072000,-2.501922,6.461560,6.754623,0.269232,0
0.003600,0.076000,-2.356135,6.371014,6.164106,0.265459,0
0.003800,0.080000,-2.167477,6.184886,5.476377,0.257704,0
0.004000,0.084000,-1.938768,5.905629,4.702282,0.246068,0
0.004200,0.088000,-1.673505,5.537283,3.854029,0.230720,0
0.004400,0.092000,-1.375792,5.085376,2.944996,0.211891,0
0.004600,0.096000,-1.050272,4.556821,1.989519,0.189868,0
0.004800,0.100000,-0.702046,3.959792,1.002666,0.164991,0
0.005000,0.104000,-0.336585,3.303582,0.000000,0.137649,0
0.005200,0.108000,0.040355,2.598444,-1.002666,0.108269,0
0.005400,0.112000,0.422832,1.855429,-1.989519,0.077310,0
0.005600,0.116000,0.804811,1.086202,-2.944996,0.045258,0
0.005800,0.120000,1.180258,0.302853,-3.854029,0.012619,0
0.006000,0.124000,1.543244,-0.482293,-4.702282,-0.020096,0
0.006200,0.128000,1.888032,-1.256874,-5.476377,-0.052370,0
0.006400,0.132000,2.209172,-2.008692,-6.164106,-0.083695,0
0.006600,0.136000,2.501586,-2.725898,-6.754623,-0.113579,0
0.006800,0.140000,2.760649,-3.397190,-7.238616,-0.141550,0
0.007000,0.144000,2.982264,-4.011982,-7.608452,-0.167166,0
0.007200,0.148000,3.162922,-4.560582,-7.858298,-0.190024,0
0.007400,0.152000,3.299764,-5.034336,-7.984214,-0.209764,0
0.007600,0.156000,3.390620,-5.425770,-7.984214,-0.226074,0
0.007800,0.160000,3.434048,-5.728707,-7.858298,-0.238696,0
0.008000,0.164000,3.429355,-5.938365,-7.608452,-0.247432,0
0.008200,0.168000,3.376605,-6.051432,-7.238616,-0.252143,0
0.008400,0.172000,3.276626,-6.066117,-6.754623,-0.252755,0
0.008600,0.176000,3.130987,-5.982183,-6.164106,-0.249258,0
0.008800,0.180000,2.941981,-5.800945,-5.476377,-0.241706,0
0.009000,0.184000,2.712585,-5.525252,-4.702282,-0.230219,0
0.009200,0.188000,2.446414,-5.159443,-3.854029,-0.214977,0
0.009400,0.192000,2.147665,-4.709278,-2.944996,-0.196220,0
0.009600,0.196000,1.821049,-4.181847,-1.989519,-0.174244,0
0.009800,0.200000,1.471717,-3.585457,-1.002666,-0.149394,0
0.010000,0.204000,1.105181,-2.929503,-0.000000,-0.122063,0
0.010200,0.208000,0.727224,-2.224318,1.002666,-0.092680,0
0.010400,0.212000,0.343810,-1.481012,1.989519,-0.061709,0
0.010600,0.216000,-0.039010,-0.711296,2.944996,-0.029637,0
0.010800,0.220000,-0.415192,0.072704,3.854029,0.003029,0
0.011000,0.224000,-0.778797,0.858636,4.702282,0.035776,0
0.011200,0.228000,-1.124083,1.634118,5.476377,0.068088,0
0.011400,0.232000,-1.445596,2.386933,6.164106,0.099456,0
0.011600,0.236000,-1.738256,3.105223,6.754623,0.129384,0
0.011800,0.240000,-1.997438,3.777674,7.238616,0.157403,0
0.012000,0.244000,-2.219042,4.393694,7.608452,0.183071,0
0.012200,0.248000,-2.399561,4.943584,7.858298,0.205983,0
0.012400,0.252000,-2.536136,5.418685,7.984214,0.225779,0
0.012600,0.256000,-2.626598,5.811520,7.984214,0.242147,0
0.012800,0.260000,-2.669507,6.115909,7.858298,0.254830,0
0.013000,0.264000,-2.664171,6.327067,7.608452,0.263628,0
0.013200,0.268000,-2.610656,6.441680,7.238616,0.268403,0
0.013400,0.272000,-2.509790,6.457957,6.754623,0.269082,0
0.013600,0.276000,-2.363145,6.375656,6.164106,0.265652,0
0.013800,0.280000,-2.173016,6.196093,5.476377,0.258171,0
0.014000,0.284000,-1.942382,5.922116,4.702282,0.246755,0
0.014200,0.288000,-1.674860,5.558063,3.854029,0.231586,0
0.014400,0.292000,-1.374647,5.109692,2.944996,0.212904,0
0.014600,0.296000,-1.046457,4.584093,1.989519,0.191004,0
0.014800,0.300000,-0.695444,3.989572,1.002666,0.166232,0
0.015000,0.304000,-0.327119,3.335523,-0.000000,0.138980,0
0.015200,0.308000,0.052731,2.632279,-1.002666,0.109678,0
0.015400,0.312000,0.438141,1.890948,-1.989519,0.078790,0
0.015600,0.316000,0.823058,1.123242,-2.944996,0.046802,0
0.015800,0.320000,1.201437,0.341286,-3.854029,0.014220,0
0.016000,0.324000,1.567336,-0.442568,-4.702282,-0.018440,0
0.016200,0.328000,1.915013,-1.215941,-5.476377,-0.050664,0
0.016400,0.332000,2.239012,-1.966615,-6.164106,-0.081942,0
0.016600,0.336000,2.534250,-2.682732,-6.754623,-0.111781,0
0.016800,0.340000,2.796101,-3.352979,-7.238616,-0.139707,0
0.017000,0.344000,3.020465,-3.966766,-7.608452,-0.165282,0
0.017200,0.348000,3.203832,-4.514392,-7.858298,-0.188100,0
0.017400,0.352000,3.343342,-4.987200,-7.984214,-0.207800,0
0.017600,0.356000,3.436825,-5.377713,-7.984214,-0.224071,0
0.017800,0.360000,3.482838,-5.679752,-7.858298,-0.236656,0
0.018000,0.364000,3.480688,-5.888532,-7.608452,-0.245356,0
0.018200,0.368000,3.430442,-6.000740,-7.238616,-0.250031,0
0.018400,0.372000,3.332924,-6.014584,-6.754623,-0.250608,0
0.018600,0.376000,3.189706,-5.929825,-6.164106,-0.247076,0
0.018800,0.380000,3.003080,-5.747777,-5.476377,-0.239491,0
0.019000,0.384000,2.776025,-5.471289,-4.702282,-0.227970,0
0.019200,0.388000,2.512157,-5.104701,-3.854029,-0.212696,0
0.019400,0.392000,2.215672,-4.653770,-2.944996,-0.193907,0
0.019600,0.396000,1.891281,-4.125587,-1.989519,-0.171899,0
0.019800,0.400000,1.544138,-3.528457,-1.002666,-0.147019,0
0.020000,0.404000,1.179754,-2.871776,-0.000000,-0.119657,0
0.020200,0.408000,0.803912,-2.165877,1.002666,-0.090245,0
0.020400,0.412000,0.422577,-1.421870,1.989519,-0.059245,0
0.020600,0.416000,0.041802,-0.651464,2.944996,-0.027144,0
0.020800,0.420000,-0.332369,0.133214,3.854029,0.005551,0
0.021000,0.424000,-0.693998,0.919812,4.702282,0.038325,0
0.021200,0.428000,-1.037341,1.695949,5.476377,0.070665,0
0.021400,0.432000,-1.356944,2.449408,6.164106,0.102059,0
0.021600,0.436000,-1.647726,3.168331,6.754623,0.132014,0
0.021800,0.440000,-1.905060,3.841405,7.238616,0.160059,0
0.022000,0.444000,-2.124849,4.458037,7.608452,0.185752,0
0.022200,0.448000,-2.303584,5.008528,7.858298,0.208689,0
0.022400,0.452000,-2.438404,5.484220,7.984214,0.228509,0
0.022600,0.456000,-2.527141,5.877637,7.984214,0.244902,0
0.022800,0.460000,-2.568354,6.182597,7.858298,0.257608,0
0.023000,0.464000,-2.561350,6.394318,7.608452,0.266430,0
0.023200,0.468000,-2.506196,6.509483,7.238616,0.271228,0
0.023400,0.472000,-2.403718,6.526303,6.754623,0.271929,0
0.023600,0.476000,-2.255489,6.444536,6.164106,0.268522,0
0.023800,0.480000,-2.063803,6.265498,5.476377,0.261062,0
0.024000,0.484000,-1.831637,5.992037,4.702282,0.249668,0
0.024200,0.488000,-1.562609,5.628491,3.854029,0.234520,0
0.024400,0.492000,-1.260916,5.180619,2.944996,0.215859,0
0.024600,0.496000,-0.931271,4.655510,1.989519,0.193980,0
0.024800,0.500000,-0.578827,4.061471,1.002666,0.169228,0
0.025000,0.504000,-0.209096,3.407896,-0.000000,0.141996,0
0.025200,0.508000,0.172137,2.705118,-1.002666,0.112713,0
0.025400,0.512000,0.558907,1.964246,-1.989519,0.081844,0
0.025600,0.516000,0.945160,1.196991,-2.944996,0.049875,0
0.025800,0.520000,1.324853,0.415477,-3.854029,0.017312,0
0.026000,0.524000,1.692044,-0.367942,-4.702282,-0.015331,0
0.026200,0.528000,2.040991,-1.140887,-5.476377,-0.047537,0
0.026400,0.532000,2.366238,-1.891140,-6.164106,-0.078797,0
0.026600,0.536000,2.662704,-2.606843,-6.754623,-0.108618,0
0.026800,0.540000,2.925762,-3.276684,-7.238616,-0.136528,0
0.027000,0.544000,3.151312,-3.890070,-7.608452,-0.162086,0
0.027200,0.548000,3.335846,-4.437303,-7.858298,-0.184888,0
0.027400,0.552000,3.476503,-4.909725,-7.984214,-0.204572,0
0.027600,0.556000,3.571113,-5.299858,-7.984214,-0.220827,0
0.027800,0.560000,3.618235,-5.601523,-7.858298,-0.233397,0
0.028000,0.564000,3.617175,-5.809936,-7.608452,-0.242081,0
0.028200,0.568000,3.567999,-5.921783,-7.238616,-0.246741,0
0.028400,0.572000,3.471534,-5.935272,-6.754623,-0.247303,0
0.028600,0.576000,3.329352,-5.850164,-6.164106,-0.243757,0
0.028800,0.580000,3.143745,-5.667773,-5.476377,-0.236157,0
0.029000,0.584000,2.917691,-5.390948,-4.702282,-0.224623,0
0.029200,0.588000,2.654806,-5.024028,-3.854029,-0.209335,0
0.029400,0.592000,2.359289,-4.572772,-2.944996,-0.190532,0
0.029600,0.596000,2.035849,-4.044267,-1.989519,-0.168511,0
0.029800,0.600000,1.689641,-3.446823,-1.002666,-0.143618,0
0.030000,0.604000,1.326176,-2.789832,0.000000,-0.116243,0
0.030200,0.608000,0.951238,-2.083629,1.002666,-0.086818,0
0.030400,0.612000,0.570792,-1.339322,1.989519,-0.055805,0
0.030600,0.616000,0.190890,-0.568621,2.944996,-0.023693,0
0.030800,0.620000,-0.182423,0.216346,3.854029,0.009014,0
0.031000,0.624000,-0.543207,1.003228,4.702282,0.041801,0
0.031200,0.628000,-0.885720,1.779645,5.476377,0.074152,0
0.031400,0.632000,-1.204506,2.533380,6.164106,0.105557,0
0.031600,0.636000,-1.494486,3.252573,6.754623,0.135524,0
0.031800,0.640000,-1.751032,3.925912,7.238616,0.163580,0
0.032000,0.644000,-1.970045,4.542806,7.608452,0.189284,0
0.032200,0.648000,-2.148017,5.093553,7.858298,0.212231,0
0.032400,0.652000,-2.282088,5.569499,7.984214,0.232062,0
0.032600,0.656000,-2.370089,5.963163,7.984214,0.248465,0
0.032800,0.660000,-2.410577,6.268368,7.858298,0.261182,0
0.033000,0.664000,-2.402861,6.480328,7.608452,0.270014,0
0.033200,0.668000,-2.347006,6.595730,7.238616,0.274822,0
0.033400,0.672000,-2.243840,6.612781,6.754623,0.275533,0
0.033600,0.676000,-2.094935,6.531243,6.164106,0.272135,0
0.033800,0.680000,-1.902583,6.352429,5.476377,0.264685,0
0.034000,0.684000,-1.669763,6.079188,4.702282,0.253300,0
0.034200,0.688000,-1.400092,5.715859,3.854029,0.238161,0
0.034400,0.692000,-1.097767,5.268201,2.944996,0.219508,0
0.034600,0.696000,-0.767500,4.743301,1.989519,0.197638,0
0.034800,0.700000,-0.414445,4.149468,1.002666,0.172895,0
0.035000,0.704000,-0.044113,3.496095,-0.000000,0.145671,0
0.035200,0.708000,0.337711,2.793516,-1.002666,0.116397,0
0.035400,0.712000,0.725061,2.052840,-1.989519,0.085535,0
0.035600,0.716000,1.111885,1.285777,-2.944996,0.053574,0
0.035800,0.720000,1.492139,0.504453,-3.854029,0.021019,0
0.036000,0.724000,1.859883,-0.278781,-4.702282,-0.011616,0
0.036200,0.728000,2.209372,-1.051542,-5.476377,-0.043814,0
0.036400,0.732000,2.535152,-1.801616,-6.164106,-0.075067,0
0.036600,0.736000,2.832143,-2.517143,-6.754623,-0.104881,0
0.036800,0.740000,3.095716,-3.186809,-7.238616,-0.132784,0
0.037000,0.744000,3.321773,-3.800025,-7.608452,-0.158334,0
0.037200,0.748000,3.506805,-4.347090,-7.858298,-0.181129,0
0.037400,0.752000,3.647952,-4.819346,-7.984214,-0.200806,0
0.037600,0.756000,3.743044,-5.209317,-7.984214,-0.217055,0
0.037800,0.760000,3.790639,-5.510823,-7.858298,-0.229618,0
0.038000,0.764000,3.790045,-5.719079,-7.608452,-0.238295,0
0.038200,0.768000,3.741327,-5.830772,-7.238616,-0.242949,0
0.038400,0.772000,3.645312,-5.844109,-6.754623,-0.243505,0
0.038600,0.776000,3.503572,-5.758852,-6.164106,-0.239952,0
0.038800,0.780000,3.318399,-5.576314,-5.476377,-0.232346,0
0.039000,0.784000,3.092773,-5.299346,-4.702282,-0.220806,0
0.039200,0.788000,2.830309,-4.932284,-3.854029,-0.205512,0
0.039400,0.792000,2.535204,-4.480888,-2.944996,-0.186704,0
0.039600,0.796000,2.212171,-3.952247,-1.989519,-0.164677,0
0.039800,0.800000,1.866362,-3.354668,-1.002666,-0.139778,0
0.040000,0.804000,1.503290,-2.697545,-0.000000,-0.112398,0
0.040200,0.808000,1.128738,-1.991211,1.002666,-0.082967,0
0.040400,0.812000,0.748671,-1.246776,1.989519,-0.051949,0
0.040600,0.816000,0.369143,-0.475950,2.944996,-0.019831,0
0.040800,0.820000,-0.003803,0.309140,3.854029,0.012881,0
0.041000,0.824000,-0.364227,1.096145,4.702282,0.045673,0
0.041200,0.828000,-0.706385,1.872681,5.476377,0.078028,0
0.041400,0.832000,-1.024823,2.626533,6.164106,0.109439,0
0.041600,0.836000,-1.314460,3.345842,6.754623,0.139410,0
0.041800,0.840000,-1.570669,4.019294,7.238616,0.167471,0
0.042000,0.844000,-1.789351,4.636299,7.608452,0.193179,0
0.042200,0.848000,-1.966998,5.187157,7.858298,0.216132,0
0.042400,0.852000,-2.100748,5.663210,7.984214,0.235967,0
0.042600,0.856000,-2.188434,6.056981,7.984214,0.252374,0
0.042800,0.860000,-2.228613,6.362290,7.858298,0.265095,0
0.043000,0.864000,-2.220592,6.574353,7.608452,0.273931,0
0.043200,0.868000,-2.164439,6.689855,7.238616,0.278744,0
0.043400,0.872000,-2.060979,6.707006,6.754623,0.279459,0
0.043600,0.876000,-1.911784,6.625564,6.164106,0.276065,0
0.043800,0.880000,-1.719148,6.446846,5.476377,0.268619,0
0.044000,0.884000,-1.486049,6.173700,4.702282,0.257237,0
0.044200,0.888000,-1.216103,5.810464,3.854029,0.242103,0
0.044400,0.892000,-0.913508,5.362896,2.944996,0.223454,0
0.044600,0.896000,-0.582976,4.838086,1.989519,0.201587,0
0.044800,0.900000,-0.229659,4.244341,1.002666,0.176848,0
0.045000,0.904000,0.140929,3.591055,-0.000000,0.149627,0
0.045200,0.908000,0.523005,2.888561,-1.002666,0.120357,0
0.045400,0.912000,0.910604,2.147968,-1.989519,0.089499,0
0.045600,0.916000,1.297672,1.380987,-2.944996,0.057541,0
0.045800,0.920000,1.678166,0.599744,-3.854029,0.024989,0
0.046000,0.924000,2.046145,-0.183410,-4.702282,-0.007642,0
0.046200,0.928000,2.395866,-0.956094,-5.476377,-0.039837,0
0.046400,0.932000,2.721874,-1.706091,-6.164106,-0.071087,0
0.046600,0.936000,3.019088,-2.421542,-6.754623,-0.100898,0
0.046800,0.940000,3.282882,-3.091134,-7.238616,-0.128797,0
0.047000,0.944000,3.509156,-3.704277,-7.608452,-0.154345,0
0.047200,0.948000,3.694401,-4.251270,-7.858298,-0.177136,0
0.047400,0.952000,3.835756,-4.723456,-7.984214,-0.196811,0
0.047600,0.956000,3.931054,-5.113358,-7.984214,-0.213057,0
0.047800,0.960000,3.978852,-5.414796,-7.858298,-0.225616,0
0.048000,0.964000,3.978456,-5.622985,-7.608452,-0.234291,0
0.048200,0.968000,3.929933,-5.734611,-7.238616,-0.238942,0
0.048400,0.972000,3.834111,-5.747884,-6.754623,-0.239495,0
0.048600,0.976000,3.692559,-5.662563,-6.164106,-0.235940,0
0.048800,0.980000,3.507573,-5.479963,-5.476377,-0.228332,0
0.049000,0.984000,3.282129,-5.202933,-4.702282,-0.216789,0
0.049200,0.988000,3.019845,-4.835810,-3.854029,-0.201492,0
0.049400,0.992000,2.724916,-4.384355,-2.944996,-0.182681,0
0.049600,0.996000,2.402057,-3.855656,-1.989519,-0.160652,0
0.049800,1.000000,2.056419,-3.258019,-1.002666,-0.135751,0
0.050000,1.000000,1.692698,-2.608999,0.000000,-0.108708,0
0.050200,1.000000,1.316870,-1.909266,1.002666,-0.079553,0
0.050400,1.000000,0.935046,-1.170284,1.989519,-0.048762,0
0.050600,1.000000,0.553390,-0.404038,2.944996,-0.016835,0
0.050800,1.000000,0.178032,0.377138,3.854029,0.015714,0
0.051000,1.000000,-0.185025,1.160734,4.702282,0.048364,0
0.051200,1.000000,-0.529986,1.934248,5.476377,0.080594,0
0.051400,1.000000,-0.851361,2.685370,6.164106,0.111890,0
0.051600,1.000000,-1.144038,3.402173,6.754623,0.141757,0
0.051800,1.000000,-1.403369,4.073289,7.238616,0.169720,0
0.052000,1.000000,-1.625237,4.688085,7.608452,0.195337,0
0.052200,1.000000,-1.806122,5.236831,7.858298,0.218201,0
0.052400,1.000000,-1.943152,5.710846,7.984214,0.237952,0
0.052600,1.000000,-2.034153,6.102633,7.984214,0.254276,0
0.052800,1.000000,-2.077675,6.406000,7.858298,0.266917,0
0.053000,1.000000,-2.073021,6.616152,7.608452,0.275673,0
0.053200,1.000000,-2.020255,6.729765,7.238616,0.280407,0
0.053400,1.000000,-1.920201,6.745043,6.754623,0.281043,0
0.053600,1.000000,-1.774427,6.661742,6.164106,0.277573,0
0.053800,1.000000,-1.585226,6.481172,5.476377,0.270049,0
0.054000,1.000000,-1.355575,6.206179,4.702282,0.258591,0
0.054200,1.000000,-1.089089,5.841100,3.854029,0.243379,0
0.054400,1.000000,-0.789965,5.391692,2.944996,0.224654,0
0.054600,1.000000,-0.462915,4.865043,1.989519,0.202710,0
0.054800,1.000000,-0.113090,4.269458,1.002666,0.177894,0
0.055000,1.000000,0.253998,3.614332,-0.000000,0.150597,0
0.055200,1.000000,0.632564,2.909996,-1.002666,0.121250,0
0.055400,1.000000,1.016644,2.167561,-1.989519,0.090315,0
0.055600,1.000000,1.400185,1.398736,-2.944996,0.058281,0
0.055800,1.000000,1.777143,0.615646,-3.854029,0.025652,0
0.056000,1.000000,2.141579,-0.169356,-4.702282,-0.007057,0
0.056200,1.000000,2.487749,-0.943890,-5.476377,-0.039329,0
0.056400,1.000000,2.810198,-1.695739,-6.164106,-0.070656,0
0.056600,1.000000,3.103846,-2.413046,-6.754623,-0.100544,0
0.056800,1.000000,3.364065,-3.084495,-7.238616,-0.128521,0
0.057000,1.000000,3.586758,-3.699498,-7.608452,-0.154146,0
0.057200,1.000000,3.768414,-4.248352,-7.858298,-0.177015,0
0.057400,1.000000,3.906175,-4.722402,-7.984214,-0.196767,0
0.057600,1.000000,3.997870,-5.114170,-7.984214,-0.213090,0
0.057800,1.000000,4.042059,-5.417476,-7.858298,-0.225728,0
0.058000,1.000000,4.038048,-5.627536,-7.608452,-0.234481,0
0.058200,1.000000,3.985903,-5.741035,-7.238616,-0.239210,0
0.058400,1.000000,3.886452,-5.756183,-6.754623,-0.239841,0
0.058600,1.000000,3.741266,-5.672739,-6.164106,-0.236364,0
0.058800,1.000000,3.552639,-5.492018,-5.476377,-0.228834,0
0.059000,1.000000,3.323549,-5.216868,-4.702282,-0.217370,0
0.059200,1.000000,3.057611,-4.851629,-3.854029,-0.202151,0
0.059400,1.000000,2.759024,-4.402059,-2.944996,-0.183419,0
0.059600,1.000000,2.432500,-3.875246,-1.989519,-0.161469,0
0.059800,1.000000,2.083192,-3.279498,-1.002666,-0.136646,0
0.060000,1.000000,1.716612,-2.624209,0.000000,-0.109342,0
0.060200,1.000000,1.338543,-1.919713,1.002666,-0.079988,0
0.060400,1.000000,0.954952,-1.177118,1.989519,-0.049047,0
0.060600,1.000000,0.571892,-0.408134,2.944996,-0.017006,0
0.060800,1.000000,0.195405,0.375112,3.854029,0.015630,0
0.061000,1.000000,-0.168566,1.160268,4.702282,0.048345,0
0.061200,1.000000,-0.514280,1.934954,5.476377,0.080623,0
0.061400,1.000000,-0.836282,2.686953,6.164106,0.111956,0
0.061600,1.000000,-1.129489,3.404407,6.754623,0.141850,0
0.061800,1.000000,-1.389276,4.076002,7.238616,0.169833,0
0.062000,1.000000,-1.611543,4.691147,7.608452,0.195464,0
0.062200,1.000000,-1.792781,5.240142,7.858298,0.218339,0
0.062400,1.000000,-1.930131,5.714330,7.984214,0.238097,0
0.062600,1.000000,-2.021422,6.106234,7.984214,0.254426,0
0.062800,1.000000,-2.065213,6.409674,7.858298,0.267070,0
0.063000,1.000000,-2.060811,6.619865,7.608452,0.275828,0
0.063200,1.000000,-2.008283,6.733493,7.238616,0.280562,0
0.063400,1.000000,-1.908455,6.748768,6.754623,0.281199,0
0.063600,1.000000,-1.762898,6.665449,6.164106,0.277727,0
0.063800,1.000000,-1.573905,6.484851,5.476377,0.270202,0
0.064000,1.000000,-1.344456,6.209823,4.702282,0.258743,0
0.064200,1.000000,-1.078166,5.844702,3.854029,0.243529,0
0.064400,1.000000,-0.779232,5.395249,2.944996,0.224802,0
0.064600,1.000000,-0.452368,4.868551,1.989519,0.202856,0
0.064800,1.000000,-0.102724,4.272916,1.002666,0.178038,0
0.065000,1.000000,0.264186,3.617738,-0.000000,0.150739,0
0.065200,1.000000,0.642578,2.913351,-1.002666,0.121390,0
0.065400,1.000000,1.026488,2.170863,-1.989519,0.090453,0
0.065600,1.000000,1.409861,1.401985,-2.944996,0.058416,0
0.065800,1.000000,1.786655,0.618843,-3.854029,0.025785,0
0.066000,1.000000,2.150930,-0.166212,-4.702282,-0.006925,0
0.066200,1.000000,2.496941,-0.940797,-5.476377,-0.039200,0
0.066400,1.000000,2.819235,-1.692698,-6.164106,-0.070529,0
0.066600,1.000000,3.112730,-2.410055,-6.754623,-0.100419,0
0.066800,1.000000,3.372800,-3.081554,-7.238616,-0.128398,0
0.067000,1.000000,3.595344,-3.696606,-7.608452,-0.154025,0
0.067200,1.000000,3.776856,-4.245509,-7.858298,-0.176896,0
0.067400,1.000000,3.914474,-4.719606,-7.984214,-0.196650,0
0.067600,1.000000,4.006030,-5.111421,-7.984214,-0.212976,0
0.067800,1.000000,4.050081,-5.414774,-7.858298,-0.225616,0
0.068000,1.000000,4.045934,-5.624879,-7.608452,-0.234370,0
0.068200,1.000000,3.993657,-5.738423,-7.238616,-0.239101,0
0.068400,1.000000,3.894075,-5.753614,-6.754623,-0.239734,0
0.068600,1.000000,3.748760,-5.670213,-6.164106,-0.236259,0
0.068800,1.000000,3.560006,-5.489535,-5.476377,-0.228731,0
0.069000,1.000000,3.330791,-5.214428,-4.702282,-0.217268,0
0.069200,1.000000,3.064732,-4.849229,-3.854029,-0.202051,0
0.069400,1.000000,2.766025,-4.399700,-2.944996,-0.183321,0
0.069600,1.000000,2.439383,-3.872927,-1.989519,-0.161372,0
0.069800,1.000000,2.089959,-3.277218,-1.002666,-0.136551,0
0.070000,1.000000,1.723264,-2.621968,0.000000,-0.109249,0
0.070200,1.000000,1.345083,-1.917509,1.002666,-0.079896,0
0.070400,1.000000,0.961382,-1.174951,1.989519,-0.048956,0
0.070600,1.000000,0.578213,-0.406004,2.944996,-0.016917,0
0.070800,1.000000,0.201620,0.377206,3.854029,0.015717,0
0.071000,1.000000,-0.162457,1.162327,4.702282,0.048430,0
0.071200,1.000000,-0.508274,1.936978,5.476377,0.080707,0
0.071400,1.000000,-0.830376,2.688943,6.164106,0.112039,0
0.071600,1.000000,-1.123683,3.406364,6.754623,0.141932,0
0.071800,1.000000,-1.383568,4.077925,7.238616,0.169914,0
0.072000,1.000000,-1.605931,4.693038,7.608452,0.195543,0
0.072200,1.000000,-1.787264,5.242001,7.858298,0.218417,0
0.072400,1.000000,-1.924707,5.716158,7.984214,0.238173,0
0.072600,1.000000,-2.016090,6.108031,7.984214,0.254501,0
0.072800,1.000000,-2.059971,6.411440,7.858298,0.267143,0
0.073000,1.000000,-2.055657,6.621602,7.608452,0.275900,0
0.073200,1.000000,-2.003216,6.735201,7.238616,0.280633,0
0.073400,1.000000,-1.903473,6.750447,6.754623,0.281269,0
0.073600,1.000000,-1.758000,6.667100,6.164106,0.277796,0
0.073800,1.000000,-1.569090,6.486474,5.476377,0.270270,0
0.074000,1.000000,-1.339722,6.211418,4.702282,0.258809,0
0.074200,1.000000,-1.073512,5.846271,3.854029,0.243595,0
0.074400,1.000000,-0.774657,5.396791,2.944996,0.224866,0
0.074600,1.000000,-0.447869,4.870067,1.989519,0.202919,0
0.074800,1.000000,-0.098302,4.274406,1.002666,0.178100,0
0.075000,1.000000,0.268534,3.619203,-0.000000,0.150800,0
0.075200,1.000000,0.646853,2.914791,-1.002666,0.121450,0
0.075400,1.000000,1.030690,2.172279,-1.989519,0.090512,0
0.075600,1.000000,1.413993,1.403377,-2.944996,0.058474,0
0.075800,1.000000,1.790717,0.620212,-3.854029,0.025842,0
0.076000,1.000000,2.154923,-0.164866,-4.702282,-0.006869,0
0.076200,1.000000,2.500867,-0.939474,-5.476377,-0.039145,0
0.076400,1.000000,2.823095,-1.691397,-6.164106,-0.070475,0
0.076600,1.000000,3.116525,-2.408776,-6.754623,-0.100366,0
0.076800,1.000000,3.376530,-3.080297,-7.238616,-0.128346,0
0.077000,1.000000,3.599012,-3.695370,-7.608452,-0.153974,0
0.077200,1.000000,3.780462,-4.244294,-7.858298,-0.176846,0
0.077400,1.000000,3.918019,-4.718412,-7.984214,-0.196600,0
0.077600,1.000000,4.009515,-5.110247,-7.984214,-0.212927,0
0.077800,1.000000,4.053507,-5.413619,-7.858298,-0.225567,0
0.078000,1.000000,4.049302,-5.623744,-7.608452,-0.234323,0
0.078200,1.000000,3.996968,-5.737307,-7.238616,-0.239054,0
0.078400,1.000000,3.897330,-5.752517,-6.754623,-0.239688,0
0.078600,1.000000,3.751961,-5.669135,-6.164106,-0.236214,0
0.078800,1.000000,3.563153,-5.488474,-5.476377,-0.228686,0
0.079000,1.000000,3.333885,-5.213385,-4.702282,-0.217224,0
0.079200,1.000000,3.067774,-4.848204,-3.854029,-0.202009,0
0.079400,1.000000,2.769015,-4.398692,-2.944996,-0.183279,0
0.079600,1.000000,2.442323,-3.871936,-1.989519,-0.161331,0
0.079800,1.000000,2.092849,-3.276244,-1.002666,-0.136510,0
0.080000,1.000000,1.726105,-2.621010,-0.000000,-0.109209,0
0.080200,1.000000,1.347877,-1.916567,1.002666,-0.079857,0
0.080400,1.000000,0.964129,-1.174025,1.989519,-0.048918,0
0.080600,1.000000,0.580913,-0.405094,2.944996,-0.016879,0
0.080800,1.000000,0.204275,0.378101,3.854029,0.015754,0
0.081000,1.000000,-0.159847,1.163207,4.702282,0.048467,0
0.081200,1.000000,-0.505708,1.937843,5.476377,0.080743,0
0.081400,1.000000,-0.827854,2.689793,6.164106,0.112075,0
0.081600,1.000000,-1.121203,3.407199,6.754623,0.141967,0
0.081800,1.000000,-1.381130,4.078747,7.238616,0.169948,0
0.082000,1.000000,-1.603534,4.693846,7.608452,0.195577,0
0.082200,1.000000,-1.784908,5.242795,7.858298,0.218450,0
0.082400,1.000000,-1.922390,5.716939,7.984214,0.238206,0
0.082600,1.000000,-2.013812,6.108799,7.984214,0.254533,0
0.082800,1.000000,-2.057732,6.412195,7.858298,0.267175,0
0.083000,1.000000,-2.053456,6.622344,7.608452,0.275931,0
0.083200,1.000000,-2.001052,6.735931,7.238616,0.280664,0
0.083400,1.000000,-1.901345,6.751164,6.754623,0.281299,0
0.083600,1.000000,-1.755908,6.667805,6.164106,0.277825,0
0.083800,1.000000,-1.567034,6.487167,5.476377,0.270299,0
0.084000,1.000000,-1.337700,6.212099,4.702282,0.258837,0
0.084200,1.000000,-1.071524,5.846940,3.854029,0.243623,0
0.084400,1.000000,-0.772703,5.397449,2.944996,0.224894,0
0.084600,1.000000,-0.445948,4.870714,1.989519,0.202946,0
0.084800,1.000000,-0.096413,4.275043,1.002666,0.178127,0
0.085000,1.000000,0.270391,3.619829,-0.000000,0.150826,0
0.085200,1.000000,0.648679,2.915407,-1.002666,0.121475,0
0.085400,1.000000,1.032485,2.172884,-1.989519,0.090537,0
0.085600,1.000000,1.415757,1.403972,-2.944996,0.058499,0
0.085800,1.000000,1.792452,0.620796,-3.854029,0.025867,0
0.086000,1.000000,2.156629,-0.164291,-4.702282,-0.006845,0
0.086200,1.000000,2.502544,-0.938909,-5.476377,-0.039121,0
0.086400,1.000000,2.824743,-1.690842,-6.164106,-0.070452,0
0.086600,1.000000,3.118145,-2.408230,-6.754623,-0.100343,0
0.086800,1.000000,3.378124,-3.079760,-7.238616,-0.128323,0
0.087000,1.000000,3.600579,-3.694842,-7.608452,-0.153952,0
0.087200,1.000000,3.782002,-4.243775,-7.858298,-0.176824,0
0.087400,1.000000,3.919533,-4.717901,-7.984214,-0.196579,0
0.087600,1.000000,4.011003,-5.109745,-7.984214,-0.212906,0
0.087800,1.000000,4.054970,-5.413126,-7.858298,-0.225547,0
0.088000,1.000000,4.050741,-5.623259,-7.608452,-0.234302,0
0.088200,1.000000,3.998383,-5.736830,-7.238616,-0.239035,0
0.088400,1.000000,3.898721,-5.752048,-6.754623,-0.239669,0
0.088600,1.000000,3.753328,-5.668674,-6.164106,-0.236195,0
0.088800,1.000000,3.564497,-5.488021,-5.476377,-0.228668,0
0.089000,1.000000,3.335207,-5.212940,-4.702282,-0.217206,0
0.089200,1.000000,3.069073,-4.847767,-3.854029,-0.201990,0
0.089400,1.000000,2.770293,-4.398261,-2.944996,-0.183261,0
0.089600,1.000000,2.443579,-3.871513,-1.989519,-0.161313,0
0.089800,1.000000,2.094084,-3.275828,-1.002666,-0.136493,0
0.090000,1.000000,1.727319,-2.620601,0.000000,-0.109192,0
0.090200,1.000000,1.349070,-1.916165,1.002666,-0.079840,0
0.090400,1.000000,0.965302,-1.173630,1.989519,-0.048901,0
0.090600,1.000000,0.582067,-0.404705,2.944996,-0.016863,0
0.090800,1.000000,0.205409,0.378483,3.854029,0.015770,0
0.091000,1.000000,-0.158732,1.163582,4.702282,0.048483,0
0.091200,1.000000,-0.504612,1.938212,5.476377,0.080759,0
0.091400,1.000000,-0.826776,2.690157,6.164106,0.112090,0
0.091600,1.000000,-1.120144,3.407556,6.754623,0.141982,0
0.091800,1.000000,-1.380089,4.079098,7.238616,0.169962,0
0.092000,1.000000,-1.602510,4.694191,7.608452,0.195591,0
0.092200,1.000000,-1.783901,5.243135,7.858298,0.218464,0
0.092400,1.000000,-1.921400,5.717272,7.984214,0.238220,0
0.092600,1.000000,-2.012839,6.109126,7.984214,0.254547,0
0.092800,1.000000,-2.056775,6.412517,7.858298,0.267188,0
0.093000,1.000000,-2.052515,6.622661,7.608452,0.275944,0
0.093200,1.000000,-2.000127,6.736242,7.238616,0.280677,0
0.093400,1.000000,-1.900436,6.751470,6.754623,0.281311,0
0.093600,1.000000,-1.755014,6.668106,6.164106,0.277838,0
0.093800,1.000000,-1.566155,6.487463,5.476377,0.270311,0
0.094000,1.000000,-1.336836,6.212390,4.702282,0.258850,0
0.094200,1.000000,-1.070675,5.847227,3.854029,0.243634,0
0.094400,1.000000,-0.771868,5.397731,2.944996,0.224905,0
0.094600,1.000000,-0.445127,4.870991,1.989519,0.202958,0
0.094800,1.000000,-0.095606,4.275315,1.002666,0.178138,0
0.095000,1.000000,0.271184,3.620097,-0.000000,0.150837,0
0.095200,1.000000,0.649458,2.915669,-1.002666,0.121486,0
0.095400,1.000000,1.033252,2.173142,-1.989519,0.090548,0
0.095600,1.000000,1.416511,1.404226,-2.944996,0.058509,0
0.095800,1.000000,1.793193,0.621046,-3.854029,0.025877,0
0.096000,1.000000,2.157357,-0.164046,-4.702282,-0.006835,0
0.096200,1.000000,2.503260,-0.938668,-5.476377,-0.039111,0
0.096400,1.000000,2.825447,-1.690604,-6.164106,-0.070442,0
0.096600,1.000000,3.118838,-2.407997,-6.754623,-0.100333,0
0.096800,1.000000,3.378804,-3.079531,-7.238616,-0.128314,0
0.097000,1.000000,3.601248,-3.694616,-7.608452,-0.153942,0
0.097200,1.000000,3.782660,-4.243553,-7.858298,-0.176815,0
0.097400,1.000000,3.920180,-4.717684,-7.984214,-0.196570,0
0.097600,1.000000,4.011639,-5.109531,-7.984214,-0.212897,0
0.097800,1.000000,4.055596,-5.412915,-7.858298,-0.225538,0
0.098000,1.000000,4.051356,-5.623051,-7.608452,-0.234294,0
0.098200,1.000000,3.998987,-5.736626,-7.238616,-0.239026,0
0.098400,1.000000,3.899315,-5.751848,-6.754623,-0.239660,0
0.098600,1.000000,3.753912,-5.668477,-6.164106,-0.236187,0
0.098800,1.000000,3.565072,-5.487828,-5.476377,-0.228659,0
0.099000,1.000000,3.335771,-5.212749,-4.702282,-0.217198,0
0.099200,1.000000,3.069628,-4.847580,-3.854029,-0.201982,0
0.099400,1.000000,2.770838,-4.398077,-2.944996,-0.183253,0
0.099600,1.000000,2.444115,-3.871332,-1.989519,-0.161306,0
0.099800,1.000000,2.094611,-3.275650,-1.002666,-0.136485,0
0.100000,1.000000,1.727838,-2.620426,0.000000,-0.109184,0
0.100200,1.000000,1.349580,-1.915993,1.002666,-0.079833,0
0.100400,1.000000,0.965803,-1.173461,1.989519,-0.048894,0
0.100600,1.000000,0.582559,-0.404539,2.944996,-0.016856,0
0.100800,1.000000,0.205893,0.378646,3.854029,0.015777,0
0.101000,1.000000,-0.158256,1.163743,4.702282,0.048489,0
0.101200,1.000000,-0.504144,1.938370,5.476377,0.080765,0
0.101400,1.000000,-0.826316,2.690312,6.164106,0.112096,0
0.101600,1.000000,-1.119691,3.407709,6.754623,0.141988,0
0.101800,1.000000,-1.379644,4.079248,7.238616,0.169969,0
0.102000,1.000000,-1.602073,4.694338,7.608452,0.195597,0
0.102200,1.000000,-1.783471,5.243279,7.858298,0.218470,0
0.102400,1.000000,-1.920978,5.717415,7.984214,0.238226,0
0.102600,1.000000,-2.012423,6.109267,7.984214,0.254553,0
0.102800,1.000000,-2.056366,6.412655,7.858298,0.267194,0
0.103000,1.000000,-2.052114,6.622796,7.608452,0.275950,0
0.103200,1.000000,-1.999732,6.736375,7.238616,0.280682,0
0.103400,1.000000,-1.900048,6.751601,6.754623,0.281317,0
0.103600,1.000000,-1.754633,6.668234,6.164106,0.277843,0
0.103800,1.000000,-1.565780,6.487589,5.476377,0.270316,0
0.104000,1.000000,-1.336467,6.212515,4.702282,0.258855,0
0.104200,1.000000,-1.070312,5.847349,3.854029,0.243640,0
0.104400,1.000000,-0.771511,5.397851,2.944996,0.224910,0
0.104600,1.000000,-0.444777,4.871109,1.989519,0.202963,0
0.104800,1.000000,-0.095261,4.275431,1.002666,0.178143,0
0.105000,1.000000,0.271523,3.620211,-0.000000,0.150842,0
0.105200,1.000000,0.649792,2.915782,-1.002666,0.121491,0
0.105400,1.000000,1.033579,2.173253,-1.989519,0.090552,0
0.105600,1.000000,1.416833,1.404334,-2.944996,0.058514,0
0.105800,1.000000,1.793510,0.621153,-3.854029,0.025881,0
0.106000,1.000000,2.157668,-0.163941,-4.702282,-0.006831,0
0.106200,1.000000,2.503566,-0.938565,-5.476377,-0.039107,0
0.106400,1.000000,2.825748,-1.690503,-6.164106,-0.070438,0
0.106600,1.000000,3.119134,-2.407897,-6.754623,-0.100329,0
0.106800,1.000000,3.379095,-3.079433,-7.238616,-0.128310,0
0.107000,1.000000,3.601534,-3.694520,-7.608452,-0.153938,0
0.107200,1.000000,3.782941,-4.243458,-7.858298,-0.176811,0
0.107400,1.000000,3.920456,-4.717590,-7.984214,-0.196566,0
0.107600,1.000000,4.011911,-5.109439,-7.984214,-0.212893,0
0.107800,1.000000,4.055863,-5.412825,-7.858298,-0.225534,0
0.108000,1.000000,4.051618,-5.622963,-7.608452,-0.234290,0
0.108200,1.000000,3.999245,-5.736539,-7.238616,-0.239022,0
0.108400,1.000000,3.899569,-5.751763,-6.754623,-0.239657,0
0.108600,1.000000,3.754162,-5.668393,-6.164106,-0.236183,0
0.108800,1.000000,3.565317,-5.487745,-5.476377,-0.228656,0
0.109000,1.000000,3.336013,-5.212668,-4.702282,-0.217195,0
0.109200,1.000000,3.069865,-4.847500,-3.854029,-0.201979,0
0.109400,1.000000,2.771071,-4.397999,-2.944996,-0.183250,0
0.109600,1.000000,2.444344,-3.871255,-1.989519,-0.161302,0
0.109800,1.000000,2.094836,-3.275574,-1.002666,-0.136482,0
0.110000,1.000000,1.728059,-2.620352,0.000000,-0.109181,0
0.110200,1.000000,1.349798,-1.915920,1.002666,-0.079830,0
0.110400,1.000000,0.966017,-1.173389,1.989519,-0.048891,0
0.110600,1.000000,0.582770,-0.404468,2.944996,-0.016853,0
0.110800,1.000000,0.206100,0.378716,3.854029,0.015780,0
0.111000,1.000000,-0.158052,1.163811,4.702282,0.048492,0
0.111200,1.000000,-0.503944,1.938438,5.476377,0.080768,0
0.111400,1.000000,-0.826119,2.690378,6.164106,0.112099,0
0.111600,1.000000,-1.119498,3.407774,6.754623,0.141991,0
0.111800,1.000000,-1.379454,4.079312,7.238616,0.169971,0
0.112000,1.000000,-1.601886,4.694401,7.608452,0.195600,0
0.112200,1.000000,-1.783287,5.243341,7.858298,0.218473,0
0.112400,1.000000,-1.920797,5.717476,7.984214,0.238228,0
0.112600,1.000000,-2.012246,6.109326,7.984214,0.254555,0
0.112800,1.000000,-2.056192,6.412714,7.858298,0.267196,0
0.113000,1.000000,-2.051942,6.622854,7.608452,0.275952,0
0.113200,1.000000,-1.999564,6.736432,7.238616,0.280685,0
0.113400,1.000000,-1.899882,6.751657,6.754623,0.281319,0
0.113600,1.000000,-1.754470,6.668289,6.164106,0.277845,0
0.113800,1.000000,-1.565619,6.487643,5.476377,0.270318,0
0.114000,1.000000,-1.336310,6.212568,4.702282,0.258857,0
0.114200,1.000000,-1.070157,5.847401,3.854029,0.243642,0
0.114400,1.000000,-0.771359,5.397902,2.944996,0.224913,0
0.114600,1.000000,-0.444627,4.871160,1.989519,0.202965,0
0.114800,1.000000,-0.095114,4.275481,1.002666,0.178145,0
0.115000,1.000000,0.271668,3.620260,-0.000000,0.150844,0
0.115200,1.000000,0.649934,2.915830,-1.002666,0.121493,0
0.115400,1.000000,1.033719,2.173300,-1.989519,0.090554,0
0.115600,1.000000,1.416971,1.404381,-2.944996,0.058516,0
0.115800,1.000000,1.793645,0.621198,-3.854029,0.025883,0
0.116000,1.000000,2.157801,-0.163896,-4.702282,-0.006829,0
0.116200,1.000000,2.503697,-0.938521,-5.476377,-0.039105,0
0.116400,1.000000,2.825877,-1.690460,-6.164106,-0.070436,0
0.116600,1.000000,3.119260,-2.407854,-6.754623,-0.100327,0
0.116800,1.000000,3.379219,-3.079391,-7.238616,-0.128308,0
0.117000,1.000000,3.601656,-3.694479,-7.608452,-0.153937,0
0.117200,1.000000,3.783061,-4.243418,-7.858298,-0.176809,0
0.117400,1.000000,3.920574,-4.717551,-7.984214,-0.196565,0
0.117600,1.000000,4.012027,-5.109400,-7.984214,-0.212892,0
0.117800,1.000000,4.055977,-5.412787,-7.858298,-0.225533,0
0.118000,1.000000,4.051731,-5.622925,-7.608452,-0.234289,0
0.118200,1.000000,3.999355,-5.736502,-7.238616,-0.239021,0
0.118400,1.000000,3.899677,-5.751726,-6.754623,-0.239655,0
0.118600,1.000000,3.754268,-5.668357,-6.164106,-0.236182,0
0.118800,1.000000,3.565422,-5.487710,-5.476377,-0.228655,0
0.119000,1.000000,3.336116,-5.212633,-4.702282,-0.217193,0
0.119200,1.000000,3.069966,-4.847466,-3.854029,-0.201978,0
0.119400,1.000000,2.771171,-4.397965,-2.944996,-0.183249,0
0.119600,1.000000,2.444442,-3.871222,-1.989519,-0.161301,0
0.119800,1.000000,2.094932,-3.275542,-1.002666,-0.136481,0
0.120000,1.000000,1.728154,-2.620320,0.000000,-0.109180,0
0.120200,1.000000,1.349891,-1.915889,1.002666,-0.079829,0
0.120400,1.000000,0.966108,-1.173358,1.989519,-0.048890,0
0.120600,1.000000,0.582860,-0.404438,2.944996,-0.016852,0
0.120800,1.000000,0.206188,0.378745,3.854029,0.015781,0
0.121000,1.000000,-0.157965,1.163841,4.702282,0.048493,0
0.121200,1.000000,-0.503858,1.938466,5.476377,0.080769,0
0.121400,1.000000,-0.826035,2.690406,6.164106,0.112100,0
0.121600,1.000000,-1.119416,3.407802,6.754623,0.141992,0
0.121800,1.000000,-1.379373,4.079339,7.238616,0.169972,0
0.122000,1.000000,-1.601806,4.694428,7.608452,0.195601,0
0.122200,1.000000,-1.783209,5.243368,7.858298,0.218474,0
0.122400,1.000000,-1.920720,5.717502,7.984214,0.238229,0
0.122600,1.000000,-2.012170,6.109352,7.984214,0.254556,0
0.122800,1.000000,-2.056117,6.412739,7.858298,0.267197,0
0.123000,1.000000,-2.051869,6.622879,7.608452,0.275953,0
0.123200,1.000000,-1.999491,6.736456,7.238616,0.280686,0
0.123400,1.000000,-1.899811,6.751681,6.754623,0.281320,0
0.123600,1.000000,-1.754400,6.668313,6.164106,0.277846,0
0.123800,1.000000,-1.565551,6.487666,5.476377,0.270319,0
0.124000,1.000000,-1.336243,6.212591,4.702282,0.258858,0
0.124200,1.000000,-1.070091,5.847423,3.854029,0.243643,0
0.124400,1.000000,-0.771294,5.397924,2.944996,0.224914,0
0.124600,1.000000,-0.444563,4.871181,1.989519,0.202966,0
0.124800,1.000000,-0.095051,4.275502,1.002666,0.178146,0
0.125000,1.000000,0.271730,3.620280,-0.000000,0.150845,0
0.125200,1.000000,0.649995,2.915850,-1.002666,0.121494,0
0.125400,1.000000,1.033779,2.173320,-1.989519,0.090555,0
0.125600,1.000000,1.417030,1.404401,-2.944996,0.058517,0
0.125800,1.000000,1.793703,0.621218,-3.854029,0.025884,0
0.126000,1.000000,2.157858,-0.163877,-4.702282,-0.006828,0
0.126200,1.000000,2.503753,-0.938502,-5.476377,-0.039104,0
0.126400,1.000000,2.825932,-1.690441,-6.164106,-0.070435,0
0.126600,1.000000,3.119314,-2.407836,-6.754623,-0.100327,0
0.126800,1.000000,3.379272,-3.079373,-7.238616,-0.128307,0
0.127000,1.000000,3.601708,-3.694461,-7.608452,-0.153936,0
0.127200,1.000000,3.783112,-4.243400,-7.858298,-0.176808,0
0.127400,1.000000,3.920625,-4.717534,-7.984214,-0.196564,0
0.127600,1.000000,4.012077,-5.109383,-7.984214,-0.212891,0
0.127800,1.000000,4.056025,-5.412770,-7.858298,-0.225532,0
0.128000,1.000000,4.051779,-5.622909,-7.608452,-0.234288,0
0.128200,1.000000,3.999403,-5.736486,-7.238616,-0.239020,0
0.128400,1.000000,3.899724,-5.751711,-6.754623,-0.239655,0
0.128600,1.000000,3.754314,-5.668342,-6.164106,-0.236181,0
0.128800,1.000000,3.565466,-5.487695,-5.476377,-0.228654,0
0.129000,1.000000,3.336160,-5.212618,-4.702282,-0.217192,0
0.129200,1.000000,3.070009,-4.847451,-3.854029,-0.201977,0
0.129400,1.000000,2.771213,-4.397951,-2.944996,-0.183248,0
0.129600,1.000000,2.444484,-3.871208,-1.989519,-0.161300,0
0.129800,1.000000,2.094974,-3.275528,-1.002666,-0.136480,0
0.130000,1.000000,1.728194,-2.620306,0.000000,-0.109179,0
0.130200,1.000000,1.349930,-1.915875,1.002666,-0.079828,0
0.130400,1.000000,0.966147,-1.173345,1.989519,-0.048889,0
0.130600,1.000000,0.582898,-0.404425,2.944996,-0.016851,0
0.130800,1.000000,0.206226,0.378758,3.854029,0.015782,0
0.131000,1.000000,-0.157928,1.163853,4.702282,0.048494,0
0.131200,1.000000,-0.503822,1.938479,5.476377,0.080770,0
0.131400,1.000000,-0.825999,2.690418,6.164106,0.112101,0
0.131600,1.000000,-1.119380,3.407814,6.754623,0.141992,0
0.131800,1.000000,-1.379338,4.079351,7.238616,0.169973,0
0.132000,1.000000,-1.601772,4.694439,7.608452,0.195602,0
0.132200,1.000000,-1.783176,5.243379,7.858298,0.218474,0
0.132400,1.000000,-1.920687,5.717513,7.984214,0.238230,0
0.132600,1.000000,-2.012138,6.109363,7.984214,0.254557,0
0.132800,1.000000,-2.056086,6.412750,7.858298,0.267198,0
0.133000,1.000000,-2.051838,6.622889,7.608452,0.275954,0
0.133200,1.000000,-1.999461,6.736467,7.238616,0.280686,0
0.133400,1.000000,-1.899781,6.751691,6.754623,0.281320,0
0.133600,1.000000,-1.754370,6.668323,6.164106,0.277847,0
0.133800,1.000000,-1.565522,6.487676,5.476377,0.270320,0
0.134000,1.000000,-1.336214,6.212600,4.702282,0.258858,0
0.134200,1.000000,-1.070063,5.847433,3.854029,0.243643,0
0.134400,1.000000,-0.771266,5.397933,2.944996,0.224914,0
0.134600,1.000000,-0.444535,4.871190,1.989519,0.202966,0
0.134800,1.000000,-0.095024,4.275511,1.002666,0.178146,0
0.135000,1.000000,0.271756,3.620289,-0.000000,0.150845,0
0.135200,1.000000,0.650021,2.915859,-1.002666,0.121494,0
0.135400,1.000000,1.033804,2.173329,-1.989519,0.090555,0
0.135600,1.000000,1.417055,1.404409,-2.944996,0.058517,0
0.135800,1.000000,1.793728,0.621226,-3.854029,0.025884,0
0.136000,1.000000,2.157882,-0.163869,-4.702282,-0.006828,0
0.136200,1.000000,2.503777,-0.938494,-5.476377,-0.039104,0
0.136400,1.000000,2.825955,-1.690433,-6.164106,-0.070435,0
0.136600,1.000000,3.119337,-2.407828,-6.754623,-0.100326,0
0.136800,1.000000,3.379295,-3.079365,-7.238616,-0.128307,0
0.137000,1.000000,3.601730,-3.694454,-7.608452,-0.153936,0
0.137200,1.000000,3.783134,-4.243393,-7.858298,-0.176808,0
0.137400,1.000000,3.920646,-4.717526,-7.984214,-0.196564,0
0.137600,1.000000,4.012098,-5.109376,-7.984214,-0.212891,0
0.137800,1.000000,4.056046,-5.412763,-7.858298,-0.225532,0
0.138000,1.000000,4.051799,-5.622902,-7.608452,-0.234288,0
0.138200,1.000000,3.999423,-5.736479,-7.238616,-0.239020,0
0.138400,1.000000,3.899744,-5.751704,-6.754623,-0.239654,0
0.138600,1.000000,3.754333,-5.668335,-6.164106,-0.236181,0
0.138800,1.000000,3.565486,-5.487688,-5.476377,-0.228654,0
0.139000,1.000000,3.336178,-5.212612,-4.702282,-0.217192,0
0.139200,1.000000,3.070028,-4.847445,-3.854029,-0.201977,0
0.139400,1.000000,2.771232,-4.397945,-2.944996,-0.183248,0
0.139600,1.000000,2.444502,-3.871202,-1.989519,-0.161300,0
0.139800,1.000000,2.094991,-3.275522,-1.002666,-0.136480,0
0.140000,1.000000,1.728211,-2.620300,0.000000,-0.109179,0
0.140200,1.000000,1.349947,-1.915870,1.002666,-0.079828,0
0.140400,1.000000,0.966164,-1.173339,1.989519,-0.048889,0
0.140600,1.000000,0.582914,-0.404419,2.944996,-0.016851,0
0.140800,1.000000,0.206242,0.378764,3.854029,0.015782,0
0.141000,1.000000,-0.157912,1.163859,4.702282,0.048494,0
0.141200,1.000000,-0.503806,1.938484,5.476377,0.080770,0
0.141400,1.000000,-0.825984,2.690424,6.164106,0.112101,0
0.141600,1.000000,-1.119365,3.407819,6.754623,0.141992,0
0.141800,1.000000,-1.379323,4.079356,7.238616,0.169973,0
0.142000,1.000000,-1.601758,4.694444,7.608452,0.195602,0
0.142200,1.000000,-1.783161,5.243384,7.858298,0.218474,0
0.142400,1.000000,-1.920673,5.717517,7.984214,0.238230,0
0.142600,1.000000,-2.012124,6.109368,7.984214,0.254557,0
0.142800,1.000000,-2.056072,6.412754,7.858298,0.267198,0
0.143000,1.000000,-2.051824,6.622894,7.608452,0.275954,0
0.143200,1.000000,-1.999448,6.736471,7.238616,0.280686,0
0.143400,1.000000,-1.899768,6.751696,6.754623,0.281321,0
0.143600,1.000000,-1.754357,6.668327,6.164106,0.277847,0
0.143800,1.000000,-1.565509,6.487680,5.476377,0.270320,0
0.144000,1.000000,-1.336201,6.212604,4.702282,0.258859,0
0.144200,1.000000,-1.070051,5.847437,3.854029,0.243643,0
0.144400,1.000000,-0.771254,5.397937,2.944996,0.224914,0
0.144600,1.000000,-0.444524,4.871194,1.989519,0.202966,0
0.144800,1.000000,-0.095013,4.275515,1.002666,0.178146,0
0.145000,1.000000,0.271767,3.620293,-0.000000,0.150846,0
0.145200,1.000000,0.650032,2.915863,-1.002666,0.121494,0
0.145400,1.000000,1.033815,2.173332,-1.989519,0.090556,0
0.145600,1.000000,1.417065,1.404413,-2.944996,0.058517,0
0.145800,1.000000,1.793738,0.621230,-3.854029,0.025885,0
0.146000,1.000000,2.157893,-0.163865,-4.702282,-0.006828,0
0.146200,1.000000,2.503787,-0.938490,-5.476377,-0.039104,0
0.146400,1.000000,2.825965,-1.690430,-6.164106,-0.070435,0
0.146600,1.000000,3.119347,-2.407825,-6.754623,-0.100326,0
0.146800,1.000000,3.379305,-3.079362,-7.238616,-0.128307,0
0.147000,1.000000,3.601740,-3.694450,-7.608452,-0.153935,0
0.147200,1.000000,3.783144,-4.243390,-7.858298,-0.176808,0
0.147400,1.000000,3.920655,-4.717523,-7.984214,-0.196563,0
0.147600,1.000000,4.012107,-5.109373,-7.984214,-0.212891,0
0.147800,1.000000,4.056055,-5.412760,-7.858298,-0.225532,0
0.148000,1.000000,4.051808,-5.622899,-7.608452,-0.234287,0
0.148200,1.000000,3.999431,-5.736477,-7.238616,-0.239020,0
0.148400,1.000000,3.899752,-5.751701,-6.754623,-0.239654,0
0.148600,1.000000,3.754342,-5.668332,-6.164106,-0.236181,0
0.148800,1.000000,3.565494,-5.487686,-5.476377,-0.228654,0
0.149000,1.000000,3.336186,-5.212609,-4.702282,-0.217192,0
0.149200,1.000000,3.070036,-4.847442,-3.854029,-0.201977,0
0.149400,1.000000,2.771239,-4.397942,-2.944996,-0.183248,0
0.149600,1.000000,2.444509,-3.871199,-1.989519,-0.161300,0
0.149800,1.000000,2.094999,-3.275520,-1.002666,-0.136480,0
0.150000,1.000000,1.728219,-2.620298,0.000000,-0.109179,0
0.150200,1.000000,1.349955,-1.915867,1.002666,-0.079828,0
0.150400,1.000000,0.966171,-1.173337,1.989519,-0.048889,0
0.150600,1.000000,0.582921,-0.404417,2.944996,-0.016851,0
0.150800,1.000000,0.206249,0.378766,3.854029,0.015782,0
0.151000,1.000000,-0.157906,1.163861,4.702282,0.048494,0
0.151200,1.000000,-0.503799,1.938486,5.476377,0.080770,0
0.151400,1.000000,-0.825977,2.690426,6.164106,0.112101,0
0.151600,1.000000,-1.119359,3.407821,6.754623,0.141993,0
0.151800,1.000000,-1.379317,4.079358,7.238616,0.169973,0
0.152000,1.000000,-1.601751,4.694446,7.608452,0.195602,0
0.152200,1.000000,-1.783155,5.243386,7.858298,0.218474,0
0.152400,1.000000,-1.920667,5.717519,7.984214,0.238230,0
0.152600,1.000000,-2.012118,6.109369,7.984214,0.254557,0
0.152800,1.000000,-2.056066,6.412756,7.858298,0.267198,0
0.153000,1.000000,-2.051818,6.622896,7.608452,0.275954,0
0.153200,1.000000,-1.999442,6.736473,7.238616,0.280686,0
0.153400,1.000000,-1.899762,6.751698,6.754623,0.281321,0
0.153600,1.000000,-1.754352,6.668329,6.164106,0.277847,0
0.153800,1.000000,-1.565504,6.487682,5.476377,0.270320,0
0.154000,1.000000,-1.336196,6.212606,4.702282,0.258859,0
0.154200,1.000000,-1.070045,5.847439,3.854029,0.243643,0
0.154400,1.000000,-0.771249,5.397939,2.944996,0.224914,0
0.154600,1.000000,-0.444519,4.871196,1.989519,0.202966,0
0.154800,1.000000,-0.095008,4.275516,1.002666,0.178147,0
0.155000,1.000000,0.271772,3.620295,-0.000000,0.150846,0
0.155200,1.000000,0.650036,2.915864,-1.002666,0.121494,0
0.155400,1.000000,1.033820,2.173334,-1.989519,0.090556,0
0.155600,1.000000,1.417070,1.404414,-2.944996,0.058517,0
0.155800,1.000000,1.793743,0.621231,-3.854029,0.025885,0
0.156000,1.000000,2.157897,-0.163864,-4.702282,-0.006828,0
0.156200,1.000000,2.503791,-0.938489,-5.476377,-0.039104,0
0.156400,1.000000,2.825969,-1.690428,-6.164106,-0.070435,0
0.156600,1.000000,3.119351,-2.407824,-6.754623,-0.100326,0
0.156800,1.000000,3.379309,-3.079361,-7.238616,-0.128307,0
0.157000,1.000000,3.601744,-3.694449,-7.608452,-0.153935,0
0.157200,1.000000,3.783148,-4.243389,-7.858298,-0.176808,0
0.157400,1.000000,3.920659,-4.717522,-7.984214,-0.196563,0
0.157600,1.000000,4.012111,-5.109372,-7.984214,-0.212890,0
0.157800,1.000000,4.056059,-5.412759,-7.858298,-0.225532,0
0.158000,1.000000,4.051811,-5.622898,-7.608452,-0.234287,0
0.158200,1.000000,3.999435,-5.736475,-7.238616,-0.239020,0
0.158400,1.000000,3.899756,-5.751700,-6.754623,-0.239654,0
0.158600,1.000000,3.754345,-5.668331,-6.164106,-0.236180,0
0.158800,1.000000,3.565497,-5.487684,-5.476377,-0.228654,0
0.159000,1.000000,3.336190,-5.212608,-4.702282,-0.217192,0
0.159200,1.000000,3.070039,-4.847441,-3.854029,-0.201977,0
0.159400,1.000000,2.771243,-4.397941,-2.944996,-0.183248,0
0.159600,1.000000,2.444513,-3.871198,-1.989519,-0.161300,0
0.159800,1.000000,2.095002,-3.275518,-1.002666,-0.136480,0
0.160000,1.000000,1.728222,-2.620297,-0.000000,-0.109179,0
0.160200,1.000000,1.349958,-1.915866,1.002666,-0.079828,0
0.160400,1.000000,0.966174,-1.173336,1.989519,-0.048889,0
0.160600,1.000000,0.582924,-0.404416,2.944996,-0.016851,0
0.160800,1.000000,0.206252,0.378767,3.854029,0.015782,0
0.161000,1.000000,-0.157903,1.163862,4.702282,0.048494,0
0.161200,1.000000,-0.503797,1.938487,5.476377,0.080770,0
0.161400,1.000000,-0.825975,2.690427,6.164106,0.112101,0
0.161600,1.000000,-1.119356,3.407822,6.754623,0.141993,0
0.161800,1.000000,-1.379314,4.079359,7.238616,0.169973,0
0.162000,1.000000,-1.601749,4.694447,7.608452,0.195602,0
0.162200,1.000000,-1.783152,5.243387,7.858298,0.218474,0
0.162400,1.000000,-1.920664,5.717520,7.984214,0.238230,0
0.162600,1.000000,-2.012115,6.109370,7.984214,0.254557,0
0.162800,1.000000,-2.056064,6.412757,7.858298,0.267198,0
0.163000,1.000000,-2.051816,6.622896,7.608452,0.275954,0
0.163200,1.000000,-1.999439,6.736474,7.238616,0.280686,0
0.163400,1.000000,-1.899760,6.751698,6.754623,0.281321,0
0.163600,1.000000,-1.754350,6.668330,6.164106,0.277847,0
0.163800,1.000000,-1.565502,6.487683,5.476377,0.270320,0
0.164000,1.000000,-1.336194,6.212607,4.702282,0.258859,0
0.164200,1.000000,-1.070043,5.847440,3.854029,0.243643,0
0.164400,1.000000,-0.771247,5.397940,2.944996,0.224914,0
0.164600,1.000000,-0.444517,4.871197,1.989519,0.202967,0
0.164800,1.000000,-0.095006,4.275517,1.002666,0.178147,0
0.165000,1.000000,0.271774,3.620295,0.000000,0.150846,0
0.165200,1.000000,0.650038,2.915865,-1.002666,0.121494,0
0.165400,1.000000,1.033822,2.173335,-1.989519,0.090556,0
0.165600,1.000000,1.417072,1.404415,-2.944996,0.058517,0
0.165800,1.000000,1.793744,0.621232,-3.854029,0.025885,0
0.166000,1.000000,2.157899,-0.163863,-4.702282,-0.006828,0
0.166200,1.000000,2.503793,-0.938488,-5.476377,-0.039104,0
0.166400,1.000000,2.825971,-1.690428,-6.164106,-0.070434,0
0.166600,1.000000,3.119353,-2.407823,-6.754623,-0.100326,0
0.166800,1.000000,3.379311,-3.079360,-7.238616,-0.128307,0
0.167000,1.000000,3.601746,-3.694448,-7.608452,-0.153935,0
0.167200,1.000000,3.783149,-4.243388,-7.858298,-0.176808,0
0.167400,1.000000,3.920661,-4.717521,-7.984214,-0.196563,0
0.167600,1.000000,4.012112,-5.109371,-7.984214,-0.212890,0
0.167800,1.000000,4.056061,-5.412758,-7.858298,-0.225532,0
0.168000,1.000000,4.051813,-5.622897,-7.608452,-0.234287,0
0.168200,1.000000,3.999437,-5.736475,-7.238616,-0.239020,0
0.168400,1.000000,3.899757,-5.751699,-6.754623,-0.239654,0
0.168600,1.000000,3.754347,-5.668331,-6.164106,-0.236180,0
0.168800,1.000000,3.565499,-5.487684,-5.476377,-0.228653,0
0.169000,1.000000,3.336191,-5.212608,-4.702282,-0.217192,0
0.169200,1.000000,3.070041,-4.847440,-3.854029,-0.201977,0
0.169400,1.000000,2.771244,-4.397941,-2.944996,-0.183248,0
0.169600,1.000000,2.444514,-3.871198,-1.989519,-0.161300,0
0.169800,1.000000,2.095003,-3.275518,-1.002666,-0.136480,0
0.170000,1.000000,1.728223,-2.620296,0.000000,-0.109179,0
0.170200,1.000000,1.349959,-1.915866,1.002666,-0.079828,0
0.170400,1.000000,0.966176,-1.173335,1.989519,-0.048889,0
0.170600,1.000000,0.582926,-0.404416,2.944996,-0.016851,0
0.170800,1.000000,0.206253,0.378767,3.854029,0.015782,0
0.171000,1.000000,-0.157901,1.163862,4.702282,0.048494,0
0.171200,1.000000,-0.503795,1.938488,5.476377,0.080770,0
0.171400,1.000000,-0.825973,2.690427,6.164106,0.112101,0
0.171600,1.000000,-1.119355,3.407822,6.754623,0.141993,0
0.171800,1.000000,-1.379313,4.079359,7.238616,0.169973,0
0.172000,1.000000,-1.601748,4.694448,7.608452,0.195602,0
0.172200,1.000000,-1.783151,5.243387,7.858298,0.218474,0
0.172400,1.000000,-1.920663,5.717521,7.984214,0.238230,0
0.172600,1.000000,-2.012114,6.109371,7.984214,0.254557,0
0.172800,1.000000,-2.056063,6.412758,7.858298,0.267198,0
0.173000,1.000000,-2.051815,6.622897,7.608452,0.275954,0
0.173200,1.000000,-1.999438,6.736474,7.238616,0.280686,0
0.173400,1.000000,-1.899759,6.751699,6.754623,0.281321,0
0.173600,1.000000,-1.754349,6.668330,6.164106,0.277847,0
0.173800,1.000000,-1.565501,6.487683,5.476377,0.270320,0
0.174000,1.000000,-1.336193,6.212607,4.702282,0.258859,0
0.174200,1.000000,-1.070042,5.847440,3.854029,0.243643,0
0.174400,1.000000,-0.771246,5.397940,2.944996,0.224914,0
0.174600,1.000000,-0.444516,4.871197,1.989519,0.202967,0
0.174800,1.000000,-0.095005,4.275517,1.002666,0.178147,0
0.175000,1.000000,0.271775,3.620296,-0.000000,0.150846,0
0.175200,1.000000,0.650039,2.915865,-1.002666,0.121494,0
0.175400,1.000000,1.033823,2.173335,-1.989519,0.090556,0
0.175600,1.000000,1.417073,1.404415,-2.944996,0.058517,0
0.175800,1.000000,1.793745,0.621232,-3.854029,0.025885,0
0.176000,1.000000,2.157900,-0.163863,-4.702282,-0.006828,0
0.176200,1.000000,2.503794,-0.938488,-5.476377,-0.039104,0
0.176400,1.000000,2.825972,-1.690428,-6.164106,-0.070434,0
0.176600,1.000000,3.119353,-2.407823,-6.754623,-0.100326,0
0.176800,1.000000,3.379311,-3.079360,-7.238616,-0.128307,0
0.177000,1.000000,3.601746,-3.694448,-7.608452,-0.153935,0
0.177200,1.000000,3.783150,-4.243388,-7.858298,-0.176808,0
0.177400,1.000000,3.920662,-4.717521,-7.984214,-0.196563,0
0.177600,1.000000,4.012113,-5.109371,-7.984214,-0.212890,0
0.177800,1.000000,4.056061,-5.412758,-7.858298,-0.225532,0
0.178000,1.000000,4.051814,-5.622897,-7.608452,-0.234287,0
0.178200,1.000000,3.999437,-5.736475,-7.238616,-0.239020,0
0.178400,1.000000,3.899758,-5.751699,-6.754623,-0.239654,0
0.178600,1.000000,3.754347,-5.668331,-6.164106,-0.236180,0
0.178800,1.000000,3.565499,-5.487684,-5.476377,-0.228653,0
0.179000,1.000000,3.336192,-5.212608,-4.702282,-0.217192,0
0.179200,1.000000,3.070041,-4.847440,-3.854029,-0.201977,0
0.179400,1.000000,2.771245,-4.397941,-2.944996,-0.183248,0
0.179600,1.000000,2.444515,-3.871197,-1.989519,-0.161300,0
0.179800,1.000000,2.095004,-3.275518,-1.002666,-0.136480,0
0.180000,1.000000,1.728224,-2.620296,0.000000,-0.109179,0
0.180200,1.000000,1.349960,-1.915865,1.002666,-0.079828,0
0.180400,1.000000,0.966176,-1.173335,1.989519,-0.048889,0
0.180600,1.000000,0.582926,-0.404415,2.944996,-0.016851,0
0.180800,1.000000,0.206254,0.378768,3.854029,0.015782,0
0.181000,1.000000,-0.157901,1.163862,4.702282,0.048494,0
0.181200,1.000000,-0.503795,1.938488,5.476377,0.080770,0
0.181400,1.000000,-0.825973,2.690427,6.164106,0.112101,0
0.181600,1.000000,-1.119354,3.407822,6.754623,0.141993,0
0.181800,1.000000,-1.379312,4.079359,7.238616,0.169973,0
0.182000,1.000000,-1.601747,4.694448,7.608452,0.195602,0
0.182200,1.000000,-1.783151,5.243387,7.858298,0.218474,0
0.182400,1.000000,-1.920663,5.717521,7.984214,0.238230,0
0.182600,1.000000,-2.012114,6.109371,7.984214,0.254557,0
0.182800,1.000000,-2.056062,6.412758,7.858298,0.267198,0
0.183000,1.000000,-2.051815,6.622897,7.608452,0.275954,0
0.183200,1.000000,-1.999438,6.736474,7.238616,0.280686,0
0.183400,1.000000,-1.899759,6.751699,6.754623,0.281321,0
0.183600,1.000000,-1.754348,6.668330,6.164106,0.277847,0
0.183800,1.000000,-1.565500,6.487683,5.476377,0.270320,0
0.184000,1.000000,-1.336193,6.212607,4.702282,0.258859,0
0.184200,1.000000,-1.070042,5.847440,3.854029,0.243643,0
0.184400,1.000000,-0.771245,5.397940,2.944996,0.224914,0
0.184600,1.000000,-0.444515,4.871197,1.989519,0.202967,0
0.184800,1.000000,-0.095004,4.275518,1.002666,0.178147,0
0.185000,1.000000,0.271775,3.620296,0.000000,0.150846,0
0.185200,1.000000,0.650040,2.915865,-1.002666,0.121494,0
0.185400,1.000000,1.033823,2.173335,-1.989519,0.090556,0
0.185600,1.000000,1.417073,1.404415,-2.944996,0.058517,0
0.185800,1.000000,1.793746,0.621232,-3.854029,0.025885,0
0.186000,1.000000,2.157900,-0.163863,-4.702282,-0.006828,0
0.186200,1.000000,2.503794,-0.938488,-5.476377,-0.039104,0
0.186400,1.000000,2.825972,-1.690427,-6.164106,-0.070434,0
0.186600,1.000000,3.119354,-2.407823,-6.754623,-0.100326,0
0.186800,1.000000,3.379312,-3.079360,-7.238616,-0.128307,0
0.187000,1.000000,3.601747,-3.694448,-7.608452,-0.153935,0
0.187200,1.000000,3.783150,-4.243388,-7.858298,-0.176808,0
0.187400,1.000000,3.920662,-4.717521,-7.984214,-0.196563,0
0.187600,1.000000,4.012113,-5.109371,-7.984214,-0.212890,0
0.187800,1.000000,4.056062,-5.412758,-7.858298,-0.225532,0
0.188000,1.000000,4.051814,-5.622897,-7.608452,-0.234287,0
0.188200,1.000000,3.999437,-5.736474,-7.238616,-0.239020,0
0.188400,1.000000,3.899758,-5.751699,-6.754623,-0.239654,0
0.188600,1.000000,3.754348,-5.668330,-6.164106,-0.236180,0
0.188800,1.000000,3.565500,-5.487684,-5.476377,-0.228653,0
0.189000,1.000000,3.336192,-5.212607,-4.702282,-0.217192,0
0.189200,1.000000,3.070041,-4.847440,-3.854029,-0.201977,0
0.189400,1.000000,2.771245,-4.397940,-2.944996,-0.183248,0
0.189600,1.000000,2.444515,-3.871197,-1.989519,-0.161300,0
0.189800,1.000000,2.095004,-3.275518,-1.002666,-0.136480,0
0.190000,1.000000,1.728224,-2.620296,0.000000,-0.109179,0
0.190200,1.000000,1.349960,-1.915865,1.002666,-0.079828,0
0.190400,1.000000,0.966176,-1.173335,1.989519,-0.048889,0
0.190600,1.000000,0.582926,-0.404415,2.944996,-0.016851,0
0.190800,1.000000,0.206254,0.378768,3.854029,0.015782,0
0.191000,1.000000,-0.157901,1.163862,4.702282,0.048494,0
0.191200,1.000000,-0.503795,1.938488,5.476377,0.080770,0
0.191400,1.000000,-0.825973,2.690427,6.164106,0.112101,0
0.191600,1.000000,-1.119354,3.407822,6.754623,0.141993,0
0.191800,1.000000,-1.379312,4.079360,7.238616,0.169973,0
0.192000,1.000000,-1.601747,4.694448,7.608452,0.195602,0
0.192200,1.000000,-1.783151,5.243387,7.858298,0.218474,0
0.192400,1.000000,-1.920662,5.717521,7.984214,0.238230,0
0.192600,1.000000,-2.012114,6.109371,7.984214,0.254557,0
0.192800,1.000000,-2.056062,6.412758,7.858298,0.267198,0
0.193000,1.000000,-2.051814,6.622897,7.608452,0.275954,0
0.193200,1.000000,-1.999438,6.736474,7.238616,0.280686,0
0.193400,1.000000,-1.899758,6.751699,6.754623,0.281321,0
0.193600,1.000000,-1.754348,6.668330,6.164106,0.277847,0
0.193800,1.000000,-1.565500,6.487684,5.476377,0.270320,0
0.194000,1.000000,-1.336192,6.212607,4.702282,0.258859,0
0.194200,1.000000,-1.070042,5.847440,3.854029,0.243643,0
0.194400,1.000000,-0.771245,5.397940,2.944996,0.224914,0
0.194600,1.000000,-0.444515,4.871197,1.989519,0.202967,0
0.194800,1.000000,-0.095004,4.275518,1.002666,0.178147,0
0.195000,1.000000,0.271776,3.620296,-0.000000,0.150846,0
0.195200,1.000000,0.650040,2.915865,-1.002666,0.121494,0
0.195400,1.000000,1.033823,2.173335,-1.989519,0.090556,0
0.195600,1.000000,1.417073,1.404415,-2.944996,0.058517,0
0.195800,1.000000,1.793746,0.621232,-3.854029,0.025885,0
0.196000,1.000000,2.157900,-0.163863,-4.702282,-0.006828,0
0.196200,1.000000,2.503794,-0.938488,-5.476377,-0.039104,0
0.196400,1.000000,2.825972,-1.690427,-6.164106,-0.070434,0
0.196600,1.000000,3.119354,-2.407823,-6.754623,-0.100326,0
0.196800,1.000000,3.379312,-3.079360,-7.238616,-0.128307,0
0.197000,1.000000,3.601747,-3.694448,-7.608452,-0.153935,0
0.197200,1.000000,3.783150,-4.243388,-7.858298,-0.176808,0
0.197400,1.000000,3.920662,-4.717521,-7.984214,-0.196563,0
0.197600,1.000000,4.012113,-5.109371,-7.984214,-0.212890,0
0.197800,1.000000,4.056062,-5.412758,-7.858298,-0.225532,0
0.198000,1.000000,4.051814,-5.622897,-7.608452,-0.234287,0
0.198200,1.000000,3.999438,-5.736474,-7.238616,-0.239020,0
0.198400,1.000000,3.899758,-5.751699,-6.754623,-0.239654,0
0.198600,1.000000,3.754348,-5.668330,-6.164106,-0.236180,0
0.198800,1.000000,3.565500,-5.487684,-5.476377,-0.228653,0
0.199000,1.000000,3.336192,-5.212607,-4.702282,-0.217192,0
0.199200,1.000000,3.070042,-4.847440,-3.854029,-0.201977,0
0.199400,1.000000,2.771245,-4.397940,-2.944996,-0.183248,0
0.199600,1.000000,2.444515,-3.871197,-1.989519,-0.161300,0
0.199800,1.000000,2.095004,-3.275518,-1.002666,-0.136480,0
0.200000,1.000000,1.728224,-2.620296,0.000000,-0.109179,0
0.200200,1.000000,1.349960,-1.915865,1.002666,-0.079828,0
0.200400,1.000000,0.966177,-1.173335,1.989519,-0.048889,0
0.200600,1.000000,0.582927,-0.404415,2.944996,-0.016851,0
0.200800,1.000000,0.206254,0.378768,3.854029,0.015782,0
0.201000,1.000000,-0.157901,1.163862,4.702282,0.048494,0
0.201200,1.000000,-0.503795,1.938488,5.476377,0.080770,0
0.201400,1.000000,-0.825973,2.690427,6.164106,0.112101,0
0.201600,1.000000,-1.119354,3.407823,6.754623,0.141993,0
0.201800,1.000000,-1.379312,4.079360,7.238616,0.169973,0
0.202000,1.000000,-1.601747,4.694448,7.608452,0.195602,0
0.202200,1.000000,-1.783151,5.243388,7.858298,0.218474,0
0.202400,1.000000,-1.920662,5.717521,7.984214,0.238230,0
0.202600,1.000000,-2.012114,6.109371,7.984214,0.254557,0
0.202800,1.000000,-2.056062,6.412758,7.858298,0.267198,0
0.203000,1.000000,-2.051814,6.622897,7.608452,0.275954,0
0.203200,1.000000,-1.999438,6.736474,7.238616,0.280686,0
0.203400,1.000000,-1.899758,6.751699,6.754623,0.281321,0
0.203600,1.000000,-1.754348,6.668330,6.164106,0.277847,0
0.203800,1.000000,-1.565500,6.487684,5.476377,0.270320,0
0.204000,1.000000,-1.336192,6.212607,4.702282,0.258859,0
0.204200,1.000000,-1.070042,5.847440,3.854029,0.243643,0
0.204400,1.000000,-0.771245,5.397940,2.944996,0.224914,0
0.204600,1.000000,-0.444515,4.871197,1.989519,0.202967,0
0.204800,1.000000,-0.095004,4.275518,1.002666,0.178147,0
0.205000,1.000000,0.271776,3.620296,-0.000000,0.150846,0
0.205200,1.000000,0.650040,2.915865,-1.002666,0.121494,0
0.205400,1.000000,1.033823,2.173335,-1.989519,0.090556,0
0.205600,1.000000,1.417073,1.404415,-2.944996,0.058517,0
0.205800,1.000000,1.793746,0.621232,-3.854029,0.025885,0
0.206000,1.000000,2.157901,-0.163863,-4.702282,-0.006828,0
0.206200,1.000000,2.503794,-0.938488,-5.476377,-0.039104,0
0.206400,1.000000,2.825973,-1.690427,-6.164106,-0.070434,0
0.206600,1.000000,3.119354,-2.407823,-6.754623,-0.100326,0
0.206800,1.000000,3.379312,-3.079360,-7.238616,-0.128307,0
0.207000,1.000000,3.601747,-3.694448,-7.608452,-0.153935,0
0.207200,1.000000,3.783150,-4.243388,-7.858298,-0.176808,0
0.207400,1.000000,3.920662,-4.717521,-7.984214,-0.196563,0
0.207600,1.000000,4.012113,-5.109371,-7.984214,-0.212890,0
0.207800,1.000000,4.056062,-5.412758,-7.858298,-0.225532,0
0.208000,1.000000,4.051814,-5.622897,-7.608452,-0.234287,0
0.208200,1.000000,3.999438,-5.736474,-7.238616,-0.239020,0
0.208400,1.000000,3.899758,-5.751699,-6.754623,-0.239654,0
0.208600,1.000000,3.754348,-5.668330,-6.164106,-0.236180,0
0.208800,1.000000,3.565500,-5.487684,-5.476377,-0.228653,0
0.209000,1.000000,3.336192,-5.212607,-4.702282,-0.217192,0
0.209200,1.000000,3.070042,-4.847440,-3.854029,-0.201977,0
0.209400,1.000000,2.771245,-4.397940,-2.944996,-0.183248,0
0.209600,1.000000,2.444515,-3.871197,-1.989519,-0.161300,0
0.209800,1.000000,2.095004,-3.275518,-1.002666,-0.136480,0
0.210000,1.000000,1.728224,-2.620296,0.000000,-0.109179,0
0.210200,1.000000,1.349960,-1.915865,1.002666,-0.079828,0
0.210400,1.000000,0.966177,-1.173335,1.989519,-0.048889,0
0.210600,1.000000,0.582927,-0.404415,2.944996,-0.016851,0
0.210800,1.000000,0.206254,0.378768,3.854029,0.015782,0
0.211000,1.000000,-0.157901,1.163862,4.702282,0.048494,0
0.211200,1.000000,-0.503794,1.938488,5.476377,0.080770,0
0.211400,1.000000,-0.825973,2.690427,6.164106,0.112101,0
0.211600,1.000000,-1.119354,3.407823,6.754623,0.141993,0
0.211800,1.000000,-1.379312,4.079360,7.238616,0.169973,0
0.212000,1.000000,-1.601747,4.694448,7.608452,0.195602,0
0.212200,1.000000,-1.783151,5.243388,7.858298,0.218474,0
0.212400,1.000000,-1.920662,5.717521,7.984214,0.238230,0
0.212600,1.000000,-2.012113,6.109371,7.984214,0.254557,0
0.212800,1.000000,-2.056062,6.412758,7.858298,0.267198,0
0.213000,1.000000,-2.051814,6.622897,7.608452,0.275954,0
0.213200,1.000000,-1.999438,6.736474,7.238616,0.280686,0
0.213400,1.000000,-1.899758,6.751699,6.754623,0.281321,0
0.213600,1.000000,-1.754348,6.668330,6.164106,0.277847,0
0.213800,1.000000,-1.565500,6.487684,5.476377,0.270320,0
0.214000,1.000000,-1.336192,6.212607,4.702282,0.258859,0
0.214200,1.000000,-1.070042,5.847440,3.854029,0.243643,0
0.214400,1.000000,-0.771245,5.397940,2.944996,0.224914,0
0.214600,1.000000,-0.444515,4.871197,1.989519,0.202967,0
0.214800,1.000000,-0.095004,4.275518,1.002666,0.178147,0
0.215000,1.000000,0.271776,3.620296,0.000000,0.150846,0
0.215200,1.000000,0.650040,2.915865,-1.002666,0.121494,0
0.215400,1.000000,1.033823,2.173335,-1.989519,0.090556,0
0.215600,1.000000,1.417073,1.404415,-2.944996,0.058517,0
0.215800,1.000000,1.793746,0.621232,-3.854029,0.025885,0
0.216000,1.000000,2.157901,-0.163862,-4.702282,-0.006828,0
0.216200,1.000000,2.503794,-0.938488,-5.476377,-0.039104,0
0.216400,1.000000,2.825973,-1.690427,-6.164106,-0.070434,0
0.216600,1.000000,3.119354,-2.407823,-6.754623,-0.100326,0
0.216800,1.000000,3.379312,-3.079360,-7.238616,-0.128307,0
0.217000,1.000000,3.601747,-3.694448,-7.608452,-0.153935,0
0.217200,1.000000,3.783151,-4.243388,-7.858298,-0.176808,0
0.217400,1.000000,3.920662,-4.717521,-7.984214,-0.196563,0
0.217600,1.000000,4.012113,-5.109371,-7.984214,-0.212890,0
0.217800,1.000000,4.056062,-5.412758,-7.858298,-0.225532,0
0.218000,1.000000,4.051814,-5.622897,-7.608452,-0.234287,0
0.218200,1.000000,3.999438,-5.736474,-7.238616,-0.239020,0
0.218400,1.000000,3.899758,-5.751699,-6.754623,-0.239654,0
0.218600,1.000000,3.754348,-5.668330,-6.164106,-0.236180,0
0.218800,1.000000,3.565500,-5.487684,-5.476377,-0.228653,0
0.219000,1.000000,3.336192,-5.212607,-4.702282,-0.217192,0
0.219200,1.000000,3.070042,-4.847440,-3.854029,-0.201977,0
0.219400,1.000000,2.771245,-4.397940,-2.944996,-0.183248,0
0.219600,1.000000,2.444515,-3.871197,-1.989519,-0.161300,0
0.219800,1.000000,2.095004,-3.275518,-1.002666,-0.136480,0
0.220000,1.000000,1.728224,-2.620296,0.000000,-0.109179,0
0.220200,1.000000,1.349960,-1.915865,1.002666,-0.079828,0
0.220400,1.000000,0.966177,-1.173335,1.989519,-0.048889,0
0.220600,1.000000,0.582927,-0.404415,2.944996,-0.016851,0
0.220800,1.000000,0.206254,0.378768,3.854029,0.015782,0
0.221000,1.000000,-0.157901,1.163862,4.702282,0.048494,0
0.221200,1.000000,-0.503794,1.938488,5.476377,0.080770,0
0.221400,1.000000,-0.825973,2.690427,6.164106,0.112101,0
0.221600,1.000000,-1.119354,3.407823,6.754623,0.141993,0
0.221800,1.000000,-1.379312,4.079360,7.238616,0.169973,0
0.222000,1.000000,-1.601747,4.694448,7.608452,0.195602,0
0.222200,1.000000,-1.783151,5.243388,7.858298,0.218474,0
0.222400,1.000000,-1.920662,5.717521,7.984214,0.238230,0
0.222600,1.000000,-2.012113,6.109371,7.984214,0.254557,0
0.222800,1.000000,-2.056062,6.412758,7.858298,0.267198,0
0.223000,1.000000,-2.051814,6.622897,7.608452,0.275954,0
0.223200,1.000000,-1.999438,6.736474,7.238616,0.280686,0
0.223400,1.000000,-1.899758,6.751699,6.754623,0.281321,0
0.223600,1.000000,-1.754348,6.668330,6.164106,0.277847,0
0.223800,1.000000,-1.565500,6.487684,5.476377,0.270320,0
0.224000,1.000000,-1.336192,6.212607,4.702282,0.258859,0
0.224200,1.000000,-1.070042,5.847440,3.854029,0.243643,0
0.224400,1.000000,-0.771245,5.397940,2.944996,0.224914,0
0.224600,1.000000,-0.444515,4.871197,1.989519,0.202967,0
0.224800,1.000000,-0.095004,4.275518,1.002666,0.178147,0
0.225000,1.000000,0.271776,3.620296,0.000000,0.150846,0
0.225200,1.000000,0.650040,2.915865,-1.002666,0.121494,0
0.225400,1.000000,1.033823,2.173335,-1.989519,0.090556,0
0.225600,1.000000,1.417073,1.404415,-2.944996,0.058517,0
0.225800,1.000000,1.793746,0.621232,-3.854029,0.025885,0
0.226000,1.000000,2.157901,-0.163862,-4.702282,-0.006828,0
0.226200,1.000000,2.503794,-0.938488,-5.476377,-0.039104,0
0.226400,1.000000,2.825973,-1.690427,-6.164106,-0.070434,0
0.226600,1.000000,3.119354,-2.407823,-6.754623,-0.100326,0
0.226800,1.000000,3.379312,-3.079360,-7.238616,-0.128307,0
0.227000,1.000000,3.601747,-3.694448,-7.608452,-0.153935,0
0.227200,1.000000,3.783151,-4.243388,-7.858298,-0.176808,0
0.227400,1.000000,3.920662,-4.717521,-7.984214,-0.196563,0
0.227600,1.000000,4.012113,-5.109371,-7.984214,-0.212890,0
0.227800,1.000000,4.056062,-5.412758,-7.858298,-0.225532,0
0.228000,1.000000,4.051814,-5.622897,-7.608452,-0.234287,0
0.228200,1.000000,3.999438,-5.736474,-7.238616,-0.239020,0
0.228400,1.000000,3.899758,-5.751699,-6.754623,-0.239654,0
0.228600,1.000000,3.754348,-5.668330,-6.164106,-0.236180,0
0.228800,1.000000,3.565500,-5.487684,-5.476377,-0.228653,0
0.229000,1.000000,3.336192,-5.212607,-4.702282,-0.217192,0
0.229200,1.000000,3.070042,-4.847440,-3.854029,-0.201977,0
0.229400,1.000000,2.771245,-4.397940,-2.944996,-0.183248,0
0.229600,1.000000,2.444515,-3.871197,-1.989519,-0.161300,0
0.229800,1.000000,2.095004,-3.275518,-1.002666,-0.136480,0
0.230000,1.000000,1.728224,-2.620296,0.000000,-0.109179,0
0.230200,1.000000,1.349960,-1.915865,1.002666,-0.079828,0
0.230400,1.000000,0.966177,-1.173335,1.989519,-0.048889,0
0.230600,1.000000,0.582927,-0.404415,2.944996,-0.016851,0
0.230800,1.000000,0.206254,0.378768,3.854029,0.015782,0
0.231000,1.000000,-0.157901,1.163862,4.702282,0.048494,0
0.231200,1.000000,-0.503794,1.938488,5.476377,0.080770,0
0.231400,1.000000,-0.825973,2.690427,6.164106,0.112101,0
0.231600,1.000000,-1.119354,3.407823,6.754623,0.141993,0
0.231800,1.000000,-1.379312,4.079360,7.238616,0.169973,0
0.232000,1.000000,-1.601747,4.694448,7.608452,0.195602,0
0.232200,1.000000,-1.783151,5.243388,7.858298,0.218474,0
0.232400,1.000000,-1.920662,5.717521,7.984214,0.238230,0
0.232600,1.000000,-2.012113,6.109371,7.984214,0.254557,0
0.232800,1.000000,-2.056062,6.412758,7.858298,0.267198,0
0.233000,1.000000,-2.051814,6.622897,7.608452,0.275954,0
0.233200,1.000000,-1.999438,6.736474,7.238616,0.280686,0
0.233400,1.000000,-1.899758,6.751699,6.754623,0.281321,0
0.233600,1.000000,-1.754348,6.668330,6.164106,0.277847,0
0.233800,1.000000,-1.565500,6.487684,5.476377,0.270320,0
0.234000,1.000000,-1.336192,6.212607,4.702282,0.258859,0
0.234200,1.000000,-1.070042,5.847440,3.854029,0.243643,0
0.234400,1.000000,-0.771245,5.397940,2.944996,0.224914,0
0.234600,1.000000,-0.444515,4.871197,1.989519,0.202967,0
0.234800,1.000000,-0.095004,4.275518,1.002666,0.178147,0
0.235000,1.000000,0.271776,3.620296,-0.000000,0.150846,0
0.235200,1.000000,0.650040,2.915865,-1.002666,0.121494,0
0.235400,1.000000,1.033823,2.173335,-1.989519,0.090556,0
0.235600,1.000000,1.417073,1.404415,-2.944996,0.058517,0
0.235800,1.000000,1.793746,0.621232,-3.854029,0.025885,0
0.236000,1.000000,2.157901,-0.163862,-4.702282,-0.006828,0
0.236200,1.000000,2.503794,-0.938488,-5.476377,-0.039104,0
0.236400,1.000000,2.825973,-1.690427,-6.164106,-0.070434,0
0.236600,1.000000,3.119354,-2.407823,-6.754623,-0.100326,0
0.236800,1.000000,3.379312,-3.079360,-7.238616,-0.128307,0
0.237000,1.000000,3.601747,-3.694448,-7.608452,-0.153935,0
0.237200,1.000000,3.783151,-4.243388,-7.858298,-0.176808,0
0.237400,1.000000,3.920662,-4.717521,-7.984214,-0.196563,0
0.237600,1.000000,4.012113,-5.109371,-7.984214,-0.212890,0
0.237800,1.000000,4.056062,-5.412758,-7.858298,-0.225532,0
0.238000,1.000000,4.051814,-5.622897,-7.608452,-0.234287,0
0.238200,1.000000,3.999438,-5.736474,-7.238616,-0.239020,0
0.238400,1.000000,3.899758,-5.751699,-6.754623,-0.239654,0
0.238600,1.000000,3.754348,-5.668330,-6.164106,-0.236180,0
0.238800,1.000000,3.565500,-5.487684,-5.476377,-0.228653,0
0.239000,1.000000,3.336192,-5.212607,-4.702282,-0.217192,0
0.239200,1.000000,3.070042,-4.847440,-3.854029,-0.201977,0
0.239400,1.000000,2.771245,-4.397940,-2.944996,-0.183248,0
0.239600,1.000000,2.444515,-3.871197,-1.989519,-0.161300,0
0.239800,1.000000,2.095004,-3.275518,-1.002666,-0.136480,0
0.240000,1.000000,1.728224,-2.620296,0.000000,-0.109179,0
0.240200,1.000000,1.349960,-1.915865,1.002666,-0.079828,0
0.240400,1.000000,0.966177,-1.173335,1.989519,-0.048889,0
0.240600,1.000000,0.582927,-0.404415,2.944996,-0.016851,0
0.240800,1.000000,0.206254,0.378768,3.854029,0.015782,0
0.241000,1.000000,-0.157901,1.163862,4.702282,0.048494,0
0.241200,1.000000,-0.503794,1.938488,5.476377,0.080770,0
0.241400,1.000000,-0.825973,2.690427,6.164106,0.112101,0
0.241600,1.000000,-1.119354,3.407823,6.754623,0.141993,0
0.241800,1.000000,-1.379312,4.079360,7.238616,0.169973,0
0.242000,1.000000,-1.601747,4.694448,7.608452,0.195602,0
0.242200,1.000000,-1.783151,5.243388,7.858298,0.218474,0
0.242400,1.000000,-1.920662,5.717521,7.984214,0.238230,0
0.242600,1.000000,-2.012113,6.109371,7.984214,0.254557,0
0.242800,1.000000,-2.056062,6.412758,7.858298,0.267198,0
0.243000,1.000000,-2.051814,6.622897,7.608452,0.275954,0
0.243200,1.000000,-1.999438,6.736474,7.238616,0.280686,0
0.243400,1.000000,-1.899758,6.751699,6.754623,0.281321,0
0.243600,1.000000,-1.754348,6.668330,6.164106,0.277847,0
0.243800,1.000000,-1.565500,6.487684,5.476377,0.270320,0
0.244000,1.000000,-1.336192,6.212607,4.702282,0.258859,0
0.244200,1.000000,-1.070042,5.847440,3.854029,0.243643,0
0.244400,1.000000,-0.771245,5.397940,2.944996,0.224914,0
0.244600,1.000000,-0.444515,4.871197,1.989519,0.202967,0
0.244800,1.000000,-0.095004,4.275518,1.002666,0.178147,0
0.245000,1.000000,0.271776,3.620296,-0.000000,0.150846,0
0.245200,1.000000,0.650040,2.915865,-1.002666,0.121494,0
0.245400,1.000000,1.033823,2.173335,-1.989519,0.090556,0
0.245600,1.000000,1.417073,1.404415,-2.944996,0.058517,0
0.245800,1.000000,1.793746,0.621232,-3.854029,0.025885,0
0.246000,1.000000,2.157901,-0.163862,-4.702282,-0.006828,0
0.246200,1.000000,2.503794,-0.938488,-5.476377,-0.039104,0
0.246400,1.000000,2.825973,-1.690427,-6.164106,-0.070434,0
0.246600,1.000000,3.119354,-2.407823,-6.754623,-0.100326,0
0.246800,1.000000,3.379312,-3.079360,-7.238616,-0.128307,0
0.247000,1.000000,3.601747,-3.694448,-7.608452,-0.153935,0
0.247200,1.000000,3.783151,-4.243388,-7.858298,-0.176808,0
0.247400,1.000000,3.920662,-4.717521,-7.984214,-0.196563,0
0.247600,1.000000,4.012113,-5.109371,-7.984214,-0.212890,0
0.247800,1.000000,4.056062,-5.412758,-7.858298,-0.225532,0
0.248000,1.000000,4.051814,-5.622897,-7.608452,-0.234287,0
0.248200,1.000000,3.999438,-5.736474,-7.238616,-0.239020,0
0.248400,1.000000,3.899758,-5.751699,-6.754623,-0.239654,0
0.248600,1.000000,3.754348,-5.668330,-6.164106,-0.236180,0
0.248800,1.000000,3.565500,-5.487684,-5.476377,-0.228653,0
0.249000,1.000000,3.336192,-5.212607,-4.702282,-0.217192,0
0.249200,1.000000,3.070042,-4.847440,-3.854029,-0.201977,0
0.249400,1.000000,2.771245,-4.397940,-2.944996,-0.183248,0
0.249600,1.000000,2.444515,-3.871197,-1.989519,-0.161300,0
0.249800,1.000000,2.095004,-3.275518,-1.002666,-0.136480,0
0.250000,1.000000,1.728224,-2.620296,0.000000,-0.109179,0
0.250200,1.000000,1.349960,-1.915865,1.002666,-0.079828,0
0.250400,1.000000,0.966177,-1.173335,1.989519,-0.048889,0
0.250600,1.000000,0.582927,-0.404415,2.944996,-0.016851,0
0.250800,1.000000,0.206254,0.378768,3.854029,0.015782,0
0.251000,1.000000,-0.157901,1.163862,4.702282,0.048494,0
0.251200,1.000000,-0.503794,1.938488,5.476377,0.080770,0
0.251400,1.000000,-0.825973,2.690427,6.164106,0.112101,0
0.251600,1.000000,-1.119354,3.407823,6.754623,0.141993,0
0.251800,1.000000,-1.379312,4.079360,7.238616,0.169973,0
0.252000,1.000000,-1.601747,4.694448,7.608452,0.195602,0
0.252200,1.000000,-1.783151,5.243388,7.858298,0.218474,0
0.252400,1.000000,-1.920662,5.717521,7.984214,0.238230,0
0.252600,1.000000,-2.012113,6.109371,7.984214,0.254557,0
0.252800,1.000000,-2.056062,6.412758,7.858298,0.267198,0
0.253000,1.000000,-2.051814,6.622897,7.608452,0.275954,0
0.253200,1.000000,-1.999438,6.736474,7.238616,0.280686,0
0.253400,1.000000,-1.899758,6.751699,6.754623,0.281321,0
0.253600,1.000000,-1.754348,6.668330,6.164106,0.277847,0
0.253800,1.000000,-1.565500,6.487684,5.476377,0.270320,0
0.254000,1.000000,-1.336192,6.212607,4.702282,0.258859,0
0.254200,1.000000,-1.070042,5.847440,3.854029,0.243643,0
0.254400,1.000000,-0.771245,5.397940,2.944996,0.224914,0
0.254600,1.000000,-0.444515,4.871197,1.989519,0.202967,0
0.254800,1.000000,-0.095004,4.275518,1.002666,0.178147,0
0.255000,1.000000,0.271776,3.620296,0.000000,0.150846,0
0.255200,1.000000,0.650040,2.915865,-1.002666,0.121494,0
0.255400,1.000000,1.033823,2.173335,-1.989519,0.090556,0
0.255600,1.000000,1.417073,1.404415,-2.944996,0.058517,0
0.255800,1.000000,1.793746,0.621232,-3.854029,0.025885,0
0.256000,1.000000,2.157901,-0.163862,-4.702282,-0.006828,0
0.256200,1.000000,2.503794,-0.938488,-5.476377,-0.039104,0
0.256400,1.000000,2.825973,-1.690427,-6.164106,-0.070434,0
0.256600,1.000000,3.119354,-2.407823,-6.754623,-0.100326,0
0.256800,1.000000,3.379312,-3.079360,-7.238616,-0.128307,0
0.257000,1.000000,3.601747,-3.694448,-7.608452,-0.153935,0
0.257200,1.000000,3.783151,-4.243388,-7.858298,-0.176808,0
0.257400,1.000000,3.920662,-4.717521,-7.984214,-0.196563,0
0.257600,1.000000,4.012113,-5.109371,-7.984214,-0.212890,0
0.257800,1.000000,4.056062,-5.412758,-7.858298,-0.225532,0
0.258000,1.000000,4.051814,-5.622897,-7.608452,-0.234287,0
0.258200,1.000000,3.999438,-5.736474,-7.238616,-0.239020,0
0.258400,1.000000,3.899758,-5.751699,-6.754623,-0.239654,0
0.258600,1.000000,3.754348,-5.668330,-6.164106,-0.236180,0
0.258800,1.000000,3.565500,-5.487684,-5.476377,-0.228653,0
0.259000,1.000000,3.336192,-5.212607,-4.702282,-0.217192,0
0.259200,1.000000,3.070042,-4.847440,-3.854029,-0.201977,0
0.259400,1.000000,2.771245,-4.397940,-2.944996,-0.183248,0
0.259600,1.000000,2.444515,-3.871197,-1.989519,-0.161300,0
0.259800,1.000000,2.095004,-3.275518,-1.002666,-0.136480,0
0.260000,1.000000,1.728224,-2.620296,0.000000,-0.109179,0
0.260200,1.000000,1.349960,-1.915865,1.002666,-0.079828,0
0.260400,1.000000,0.966177,-1.173335,1.989519,-0.048889,0
0.260600,1.000000,0.582927,-0.404415,2.944996,-0.016851,0
0.260800,1.000000,0.206254,0.378768,3.854029,0.015782,0
0.261000,1.000000,-0.157901,1.163862,4.702282,0.048494,0
0.261200,1.000000,-0.503794,1.938488,5.476377,0.080770,0
0.261400,1.000000,-0.825973,2.690427,6.164106,0.112101,0
0.261600,1.000000,-1.119354,3.407823,6.754623,0.141993,0
0.261800,1.000000,-1.379312,4.079360,7.238616,0.169973,0
0.262000,1.000000,-1.601747,4.694448,7.608452,0.195602,0
0.262200,1.000000,-1.783151,5.243388,7.858298,0.218474,0
0.262400,1.000000,-1.920662,5.717521,7.984214,0.238230,0
0.262600,1.000000,-2.012113,6.109371,7.984214,0.254557,0
0.262800,1.000000,-2.056062,6.412758,7.858298,0.267198,0
0.263000,1.000000,-2.051814,6.622897,7.608452,0.275954,0
0.263200,1.000000,-1.999438,6.736474,7.238616,0.280686,0
0.263400,1.000000,-1.899758,6.751699,6.754623,0.281321,0
0.263600,1.000000,-1.754348,6.668330,6.164106,0.277847,0
0.263800,1.000000,-1.565500,6.487684,5.476377,0.270320,0
0.264000,1.000000,-1.336192,6.212607,4.702282,0.258859,0
0.264200,1.000000,-1.070042,5.847440,3.854029,0.243643,0
0.264400,1.000000,-0.771245,5.397940,2.944996,0.224914,0
0.264600,1.000000,-0.444515,4.871197,1.989519,0.202967,0
0.264800,1.000000,-0.095004,4.275518,1.002666,0.178147,0
0.265000,1.000000,0.271776,3.620296,0.000000,0.150846,0
0.265200,1.000000,0.650040,2.915865,-1.002666,0.121494,0
0.265400,1.000000,1.033823,2.173335,-1.989519,0.090556,0
0.265600,1.000000,1.417073,1.404415,-2.944996,0.058517,0
0.265800,1.000000,1.793746,0.621232,-3.854029,0.025885,0
0.266000,1.000000,2.157901,-0.163862,-4.702282,-0.006828,0
0.266200,1.000000,2.503794,-0.938488,-5.476377,-0.039104,0
0.266400,1.000000,2.825973,-1.690427,-6.164106,-0.070434,0
0.266600,1.000000,3.119354,-2.407823,-6.754623,-0.100326,0
0.266800,1.000000,3.379312,-3.079360,-7.238616,-0.128307,0
0.267000,1.000000,3.601747,-3.694448,-7.608452,-0.153935,0
0.267200,1.000000,3.783151,-4.243388,-7.858298,-0.176808,0
0.267400,1.000000,3.920662,-4.717521,-7.984214,-0.196563,0
0.267600,1.000000,4.012113,-5.109371,-7.984214,-0.212890,0
0.267800,1.000000,4.056062,-5.412758,-7.858298,-0.225532,0
0.268000,1.000000,4.051814,-5.622897,-7.608452,-0.234287,0
0.268200,1.000000,3.999438,-5.736474,-7.238616,-0.239020,0
0.268400,1.000000,3.899758,-5.751699,-6.754623,-0.239654,0
0.268600,1.000000,3.754348,-5.668330,-6.164106,-0.236180,0
0.268800,1.000000,3.565500,-5.487684,-5.476377,-0.228653,0
0.269000,1.000000,3.336192,-5.212607,-4.702282,-0.217192,0
0.269200,1.000000,3.070042,-4.847440,-3.854029,-0.201977,0
0.269400,1.000000,2.771245,-4.397940,-2.944996,-0.183248,0
0.269600,1.000000,2.444515,-3.871197,-1.989519,-0.161300,0
0.269800,1.000000,2.095004,-3.275518,-1.002666,-0.136480,0
0.270000,1.000000,1.728224,-2.620296,0.000000,-0.109179,0
0.270200,1.000000,1.349960,-1.915865,1.002666,-0.079828,0
0.270400,1.000000,0.966177,-1.173335,1.989519,-0.048889,0
0.270600,1.000000,0.582927,-0.404415,2.944996,-0.016851,0
0.270800,1.000000,0.206254,0.378768,3.854029,0.015782,0
0.271000,1.000000,-0.157901,1.163862,4.702282,0.048494,0
0.271200,1.000000,-0.503794,1.938488,5.476377,0.080770,0
0.271400,1.000000,-0.825973,2.690427,6.164106,0.112101,0
0.271600,1.000000,-1.119354,3.407823,6.754623,0.141993,0
0.271800,1.000000,-1.379312,4.079360,7.238616,0.169973,0
0.272000,1.000000,-1.601747,4.694448,7.608452,0.195602,0
0.272200,1.000000,-1.783151,5.243388,7.858298,0.218474,0
0.272400,1.000000,-1.920662,5.717521,7.984214,0.238230,0
0.272600,1.000000,-2.012113,6.109371,7.984214,0.254557,0
0.272800,1.000000,-2.056062,6.412758,7.858298,0.267198,0
0.273000,1.000000,-2.051814,6.622897,7.608452,0.275954,0
0.273200,1.000000,-1.999438,6.736474,7.238616,0.280686,0
0.273400,1.000000,-1.899758,6.751699,6.754623,0.281321,0
0.273600,1.000000,-1.754348,6.668330,6.164106,0.277847,0
0.273800,1.000000,-1.565500,6.487684,5.476377,0.270320,0
0.274000,1.000000,-1.336192,6.212607,4.702282,0.258859,0
0.274200,1.000000,-1.070042,5.847440,3.854029,0.243643,0
0.274400,1.000000,-0.771245,5.397940,2.944996,0.224914,0
0.274600,1.000000,-0.444515,4.871197,1.989519,0.202967,0
0.274800,1.000000,-0.095004,4.275518,1.002666,0.178147,0
0.275000,1.000000,0.271776,3.620296,-0.000000,0.150846,0
0.275200,1.000000,0.650040,2.915865,-1.002666,0.121494,0
0.275400,1.000000,1.033823,2.173335,-1.989519,0.090556,0
0.275600,1.000000,1.417073,1.404415,-2.944996,0.058517,0
0.275800,1.000000,1.793746,0.621232,-3.854029,0.025885,0
0.276000,1.000000,2.157901,-0.163862,-4.702282,-0.006828,0
0.276200,1.000000,2.503794,-0.938488,-5.476377,-0.039104,0
0.276400,1.000000,2.825973,-1.690427,-6.164106,-0.070434,0
0.276600,1.000000,3.119354,-2.407823,-6.754623,-0.100326,0
0.276800,1.000000,3.379312,-3.079360,-7.238616,-0.128307,0
0.277000,1.000000,3.601747,-3.694448,-7.608452,-0.153935,0
0.277200,1.000000,3.783151,-4.243388,-7.858298,-0.176808,0
0.277400,1.000000,3.920662,-4.717521,-7.984214,-0.196563,0
0.277600,1.000000,4.012113,-5.109371,-7.984214,-0.212890,0
0.277800,1.000000,4.056062,-5.412758,-7.858298,-0.225532,0
0.278000,1.000000,4.051814,-5.622897,-7.608452,-0.234287,0
0.278200,1.000000,3.999438,-5.736474,-7.238616,-0.239020,0
0.278400,1.000000,3.899758,-5.751699,-6.754623,-0.239654,0
0.278600,1.000000,3.754348,-5.668330,-6.164106,-0.236180,0
0.278800,1.000000,3.565500,-5.487684,-5.476377,-0.228653,0
0.279000,1.000000,3.336192,-5.212607,-4.702282,-0.217192,0
0.279200,1.000000,3.070042,-4.847440,-3.854029,-0.201977,0
0.279400,1.000000,2.771245,-4.397940,-2.944996,-0.183248,0
0.279600,1.000000,2.444515,-3.871197,-1.989519,-0.161300,0
0.279800,1.000000,2.095004,-3.275518,-1.002666,-0.136480,0
0.280000,1.000000,1.728224,-2.620296,0.000000,-0.109179,0
0.280200,1.000000,1.349960,-1.915865,1.002666,-0.079828,0
0.280400,1.000000,0.966177,-1.173335,1.989519,-0.048889,0
0.280600,1.000000,0.582927,-0.404415,2.944996,-0.016851,0
0.280800,1.000000,0.206254,0.378768,3.854029,0.015782,0
0.281000,1.000000,-0.157901,1.163862,4.702282,0.048494,0
0.281200,1.000000,-0.503794,1.938488,5.476377,0.080770,0
0.281400,1.000000,-0.825973,2.690427,6.164106,0.112101,0
0.281600,1.000000,-1.119354,3.407823,6.754623,0.141993,0
0.281800,1.000000,-1.379312,4.079360,7.238616,0.169973,0
0.282000,1.000000,-1.601747,4.694448,7.608452,0.195602,0
0.282200,1.000000,-1.783151,5.243388,7.858298,0.218474,0
0.282400,1.000000,-1.920662,5.717521,7.984214,0.238230,0
0.282600,1.000000,-2.012113,6.109371,7.984214,0.254557,0
0.282800,1.000000,-2.056062,6.412758,7.858298,0.267198,0
0.283000,1.000000,-2.051814,6.622897,7.608452,0.275954,0
0.283200,1.000000,-1.999438,6.736474,7.238616,0.280686,0
0.283400,1.000000,-1.899758,6.751699,6.754623,0.281321,0
0.283600,1.000000,-1.754348,6.668330,6.164106,0.277847,0
0.283800,1.000000,-1.565500,6.487684,5.476377,0.270320,0
0.284000,1.000000,-1.336192,6.212607,4.702282,0.258859,0
0.284200,1.000000,-1.070042,5.847440,3.854029,0.243643,0
0.284400,1.000000,-0.771245,5.397940,2.944996,0.224914,0
0.284600,1.000000,-0.444515,4.871197,1.989519,0.202967,0
0.284800,1.000000,-0.095004,4.275518,1.002666,0.178147,0
0.285000,1.000000,0.271776,3.620296,-0.000000,0.150846,0
0.285200,1.000000,0.650040,2.915865,-1.002666,0.121494,0
0.285400,1.000000,1.033823,2.173335,-1.989519,0.090556,0
0.285600,1.000000,1.417073,1.404415,-2.944996,0.058517,0
0.285800,1.000000,1.793746,0.621232,-3.854029,0.025885,0
0.286000,1.000000,2.157901,-0.163862,-4.702282,-0.006828,0
0.286200,1.000000,2.503794,-0.938488,-5.476377,-0.039104,0
0.286400,1.000000,2.825973,-1.690427,-6.164106,-0.070434,0
0.286600,1.000000,3.119354,-2.407823,-6.754623,-0.100326,0
0.286800,1.000000,3.379312,-3.079360,-7.238616,-0.128307,0
0.287000,1.000000,3.601747,-3.694448,-7.608452,-0.153935,0
0.287200,1.000000,3.783151,-4.243388,-7.858298,-0.176808,0
0.287400,1.000000,3.920662,-4.717521,-7.984214,-0.196563,0
0.287600,1.000000,4.012113,-5.109371,-7.984214,-0.212890,0
0.287800,1.000000,4.056062,-5.412758,-7.858298,-0.225532,0
0.288000,1.000000,4.051814,-5.622897,-7.608452,-0.234287,0
0.288200,1.000000,3.999438,-5.736474,-7.238616,-0.239020,0
0.288400,1.000000,3.899758,-5.751699,-6.754623,-0.239654,0
0.288600,1.000000,3.754348,-5.668330,-6.164106,-0.236180,0
0.288800,1.000000,3.565500,-5.487684,-5.476377,-0.228653,0
0.289000,1.000000,3.336192,-5.212607,-4.702282,-0.217192,0
0.289200,1.000000,3.070042,-4.847440,-3.854029,-0.201977,0
0.289400,1.000000,2.771245,-4.397940,-2.944996,-0.183248,0
0.289600,1.000000,2.444515,-3.871197,-1.989519,-0.161300,0
0.289800,1.000000,2.095004,-3.275518,-1.002666,-0.136480,0
0.290000,1.000000,1.728224,-2.620296,0.000000,-0.109179,0
0.290200,1.000000,1.349960,-1.915865,1.002666,-0.079828,0
0.290400,1.000000,0.966177,-1.173335,1.989519,-0.048889,0
0.290600,1.000000,0.582927,-0.404415,2.944996,-0.016851,0
0.290800,1.000000,0.206254,0.378768,3.854029,0.015782,0
0.291000,1.000000,-0.157901,1.163862,4.702282,0.048494,0
0.291200,1.000000,-0.503794,1.938488,5.476377,0.080770,0
0.291400,1.000000,-0.825973,2.690427,6.164106,0.112101,0
0.291600,1.000000,-1.119354,3.407823,6.754623,0.141993,0
0.291800,1.000000,-1.379312,4.079360,7.238616,0.169973,0
0.292000,1.000000,-1.601747,4.694448,7.608452,0.195602,0
0.292200,1.000000,-1.783151,5.243388,7.858298,0.218474,0
0.292400,1.000000,-1.920662,5.717521,7.984214,0.238230,0
0.292600,1.000000,-2.012113,6.109371,7.984214,0.254557,0
0.292800,1.000000,-2.056062,6.412758,7.858298,0.267198,0
0.293000,1.000000,-2.051814,6.622897,7.608452,0.275954,0
0.293200,1.000000,-1.999438,6.736474,7.238616,0.280686,0
0.293400,1.000000,-1.899758,6.751699,6.754623,0.281321,0
0.293600,1.000000,-1.754348,6.668330,6.164106,0.277847,0
0.293800,1.000000,-1.565500,6.487684,5.476377,0.270320,0
0.294000,1.000000,-1.336192,6.212607,4.702282,0.258859,0
0.294200,1.000000,-1.070042,5.847440,3.854029,0.243643,0
0.294400,1.000000,-0.771245,5.397940,2.944996,0.224914,0
0.294600,1.000000,-0.444515,4.871197,1.989519,0.202967,0
0.294800,1.000000,-0.095004,4.275518,1.002666,0.178147,0
0.295000,1.000000,0.271776,3.620296,-0.000000,0.150846,0
0.295200,1.000000,0.650040,2.915865,-1.002666,0.121494,0
0.295400,1.000000,1.033823,2.173335,-1.989519,0.090556,0
0.295600,1.000000,1.417073,1.404415,-2.944996,0.058517,0
0.295800,1.000000,1.793746,0.621232,-3.854029,0.025885,0
0.296000,1.000000,2.157901,-0.163862,-4.702282,-0.006828,0
0.296200,1.000000,2.503794,-0.938488,-5.476377,-0.039104,0
0.296400,1.000000,2.825973,-1.690427,-6.164106,-0.070434,0
0.296600,1.000000,3.119354,-2.407823,-6.754623,-0.100326,0
0.296800,1.000000,3.379312,-3.079360,-7.238616,-0.128307,0
0.297000,1.000000,3.601747,-3.694448,-7.608452,-0.153935,0
0.297200,1.000000,3.783151,-4.243388,-7.858298,-0.176808,0
0.297400,1.000000,3.920662,-4.717521,-7.984214,-0.196563,0
0.297600,1.000000,4.012113,-5.109371,-7.984214,-0.212890,0
0.297800,1.000000,4.056062,-5.412758,-7.858298,-0.225532,0
0.298000,1.000000,4.051814,-5.622897,-7.608452,-0.234287,0
0.298200,1.000000,3.999438,-5.736474,-7.238616,-0.239020,0
0.298400,1.000000,3.899758,-5.751699,-6.754623,-0.239654,0
0.298600,1.000000,3.754348,-5.668330,-6.164106,-0.236180,0
0.298800,1.000000,3.565500,-5.487684,-5.476377,-0.228653,0
0.299000,1.000000,3.336192,-5.212607,-4.702282,-0.217192,0
0.299200,1.000000,3.070042,-4.847440,-3.854029,-0.201977,0
0.299400,1.000000,2.771245,-4.397940,-2.944996,-0.183248,0
0.299600,1.000000,2.444515,-3.871197,-1.989519,-0.161300,0
0.299800,1.000000,2.095004,-3.275518,-1.002666,-0.136480,0
0.300000,1.000000,1.728224,-2.620296,0.000000,-0.109179,0
0.300200,1.000000,1.349960,-1.915865,1.002666,-0.079828,0
0.300400,1.000000,0.966177,-1.173335,1.989519,-0.048889,0
0.300600,1.000000,0.582927,-0.404415,2.944996,-0.016851,0
0.300800,1.000000,0.206254,0.378768,3.854029,0.015782,0
0.301000,1.000000,-0.157901,1.163862,4.702282,0.048494,0
0.301200,1.000000,-0.503794,1.938488,5.476377,0.080770,0
0.301400,1.000000,-0.825973,2.690427,6.164106,0.112101,0
0.301600,1.000000,-1.119354,3.407823,6.754623,0.141993,0
0.301800,1.000000,-1.379312,4.079360,7.238616,0.169973,0
0.302000,1.000000,-1.601747,4.694448,7.608452,0.195602,0
0.302200,1.000000,-1.783151,5.243388,7.858298,0.218474,0
0.302400,1.000000,-1.920662,5.717521,7.984214,0.238230,0
0.302600,1.000000,-2.012113,6.109371,7.984214,0.254557,0
0.302800,1.000000,-2.056062,6.412758,7.858298,0.267198,0
0.303000,1.000000,-2.051814,6.622897,7.608452,0.275954,0
0.303200,1.000000,-1.999438,6.736474,7.238616,0.280686,0
0.303400,1.000000,-1.899758,6.751699,6.754623,0.281321,0
0.303600,1.000000,-1.754348,6.668330,6.164106,0.277847,0
0.303800,1.000000,-1.565500,6.487684,5.476377,0.270320,0
0.304000,1.000000,-1.336192,6.212607,4.702282,0.258859,0
0.304200,1.000000,-1.070042,5.847440,3.854029,0.243643,0
0.304400,1.000000,-0.771245,5.397940,2.944996,0.224914,0
0.304600,1.000000,-0.444515,4.871197,1.989519,0.202967,0
0.304800,1.000000,-0.095004,4.275518,1.002666,0.178147,0
0.305000,1.000000,0.271776,3.620296,0.000000,0.150846,0
0.305200,1.000000,0.650040,2.915865,-1.002666,0.121494,0
0.305400,1.000000,1.033823,2.173335,-1.989519,0.090556,0
0.305600,1.000000,1.417073,1.404415,-2.944996,0.058517,0
0.305800,1.000000,1.793746,0.621232,-3.854029,0.025885,0
0.306000,1.000000,2.157901,-0.163862,-4.702282,-0.006828,0
0.306200,1.000000,2.503794,-0.938488,-5.476377,-0.039104,0
0.306400,1.000000,2.825973,-1.690427,-6.164106,-0.070434,0
0.306600,1.000000,3.119354,-2.407823,-6.754623,-0.100326,0
0.306800,1.000000,3.379312,-3.079360,-7.238616,-0.128307,0
0.307000,1.000000,3.601747,-3.694448,-7.608452,-0.153935,0
0.307200,1.000000,3.783151,-4.243388,-7.858298,-0.176808,0
0.307400,1.000000,3.920662,-4.717521,-7.984214,-0.196563,0
0.307600,1.000000,4.012113,-5.109371,-7.984214,-0.212890,0
0.307800,1.000000,4.056062,-5.412758,-7.858298,-0.225532,0
0.308000,1.000000,4.051814,-5.622897,-7.608452,-0.234287,0
0.308200,1.000000,3.999438,-5.736474,-7.238616,-0.239020,0
0.308400,1.000000,3.899758,-5.751699,-6.754623,-0.239654,0
0.308600,1.000000,3.754348,-5.668330,-6.164106,-0.236180,0
0.308800,1.000000,3.565500,-5.487684,-5.476377,-0.228653,0
0.309000,1.000000,3.336192,-5.212607,-4.702282,-0.217192,0
0.309200,1.000000,3.070042,-4.847440,-3.854029,-0.201977,0
0.309400,1.000000,2.771245,-4.397940,-2.944996,-0.183248,0
0.309600,1.000000,2.444515,-3.871197,-1.989519,-0.161300,0
0.309800,1.000000,2.095004,-3.275518,-1.002666,-0.136480,0
0.310000,1.000000,1.728224,-2.620296,0.000000,-0.109179,0
0.310200,1.000000,1.349960,-1.915865,1.002666,-0.079828,0
0.310400,1.000000,0.966177,-1.173335,1.989519,-0.048889,0
0.310600,1.000000,0.582927,-0.404415,2.944996,-0.016851,0
0.310800,1.000000,0.206254,0.378768,3.854029,0.015782,0
0.311000,1.000000,-0.157901,1.163862,4.702282,0.048494,0
0.311200,1.000000,-0.503794,1.938488,5.476377,0.080770,0
0.311400,1.000000,-0.825973,2.690427,6.164106,0.112101,0
0.311600,1.000000,-1.119354,3.407823,6.754623,0.141993,0
0.311800,1.000000,-1.379312,4.079360,7.238616,0.169973,0
0.312000,1.000000,-1.601747,4.694448,7.608452,0.195602,0
0.312200,1.000000,-1.783151,5.243388,7.858298,0.218474,0
0.312400,1.000000,-1.920662,5.717521,7.984214,0.238230,0
0.312600,1.000000,-2.012113,6.109371,7.984214,0.254557,0
0.312800,1.000000,-2.056062,6.412758,7.858298,0.267198,0
0.313000,1.000000,-2.051814,6.622897,7.608452,0.275954,0
0.313200,1.000000,-1.999438,6.736474,7.238616,0.280686,0
0.313400,1.000000,-1.899758,6.751699,6.754623,0.281321,0
0.313600,1.000000,-1.754348,6.668330,6.164106,0.277847,0
0.313800,1.000000,-1.565500,6.487684,5.476377,0.270320,0
0.314000,1.000000,-1.336192,6.212607,4.702282,0.258859,0
0.314200,1.000000,-1.070042,5.847440,3.854029,0.243643,0
0.314400,1.000000,-0.771245,5.397940,2.944996,0.224914,0
0.314600,1.000000,-0.444515,4.871197,1.989519,0.202967,0
0.314800,1.000000,-0.095004,4.275518,1.002666,0.178147,0
0.315000,1.000000,0.271776,3.620296,-0.000000,0.150846,0
0.315200,1.000000,0.650040,2.915865,-1.002666,0.121494,0
0.315400,1.000000,1.033823,2.173335,-1.989519,0.090556,0
0.315600,1.000000,1.417073,1.404415,-2.944996,0.058517,0
0.315800,1.000000,1.793746,0.621232,-3.854029,0.025885,0
0.316000,1.000000,2.157901,-0.163862,-4.702282,-0.006828,0
0.316200,1.000000,2.503794,-0.938488,-5.476377,-0.039104,0
0.316400,1.000000,2.825973,-1.690427,-6.164106,-0.070434,0
0.316600,1.000000,3.119354,-2.407823,-6.754623,-0.100326,0
0.316800,1.000000,3.379312,-3.079360,-7.238616,-0.128307,0
0.317000,1.000000,3.601747,-3.694448,-7.608452,-0.153935,0
0.317200,1.000000,3.783151,-4.243388,-7.858298,-0.176808,0
0.317400,1.000000,3.920662,-4.717521,-7.984214,-0.196563,0
0.317600,1.000000,4.012113,-5.109371,-7.984214,-0.212890,0
0.317800,1.000000,4.056062,-5.412758,-7.858298,-0.225532,0
0.318000,1.000000,4.051814,-5.622897,-7.608452,-0.234287,0
0.318200,1.000000,3.999438,-5.736474,-7.238616,-0.239020,0
0.318400,1.000000,3.899758,-5.751699,-6.754623,-0.239654,0
0.318600,1.000000,3.754348,-5.668330,-6.164106,-0.236180,0
0.318800,1.000000,3.565500,-5.487684,-5.476377,-0.228653,0
0.319000,1.000000,3.336192,-5.212607,-4.702282,-0.217192,0
0.319200,1.000000,3.070042,-4.847440,-3.854029,-0.201977,0
0.319400,1.000000,2.771245,-4.397940,-2.944996,-0.183248,0
0.319600,1.000000,2.444515,-3.871197,-1.989519,-0.161300,0
0.319800,1.000000,2.095004,-3.275518,-1.002666,-0.136480,0
0.320000,1.000000,1.728224,-2.620296,-0.000000,-0.109179,0
0.320200,1.000000,1.349960,-1.915865,1.002666,-0.079828,0
0.320400,1.000000,0.966177,-1.173335,1.989519,-0.048889,0
0.320600,1.000000,0.582927,-0.404415,2.944996,-0.016851,0
0.320800,1.000000,0.206254,0.378768,3.854029,0.015782,0
0.321000,1.000000,-0.157901,1.163862,4.702282,0.048494,0
0.321200,1.000000,-0.503794,1.938488,5.476377,0.080770,0
0.321400,1.000000,-0.825973,2.690427,6.164106,0.112101,0
0.321600,1.000000,-1.119354,3.407823,6.754623,0.141993,0
0.321800,1.000000,-1.379312,4.079360,7.238616,0.169973,0
0.322000,1.000000,-1.601747,4.694448,7.608452,0.195602,0
0.322200,1.000000,-1.783151,5.243388,7.858298,0.218474,0
0.322400,1.000000,-1.920662,5.717521,7.984214,0.238230,0
0.322600,1.000000,-2.012113,6.109371,7.984214,0.254557,0
0.322800,1.000000,-2.056062,6.412758,7.858298,0.267198,0
0.323000,1.000000,-2.051814,6.622897,7.608452,0.275954,0
0.323200,1.000000,-1.999438,6.736474,7.238616,0.280686,0
0.323400,1.000000,-1.899758,6.751699,6.754623,0.281321,0
0.323600,1.000000,-1.754348,6.668330,6.164106,0.277847,0
0.323800,1.000000,-1.565500,6.487684,5.476377,0.270320,0
0.324000,1.000000,-1.336192,6.212607,4.702282,0.258859,0
0.324200,1.000000,-1.070042,5.847440,3.854029,0.243643,0
0.324400,1.000000,-0.771245,5.397940,2.944996,0.224914,0
0.324600,1.000000,-0.444515,4.871197,1.989519,0.202967,0
0.324800,1.000000,-0.095004,4.275518,1.002666,0.178147,0
0.325000,1.000000,0.271776,3.620296,-0.000000,0.150846,0
0.325200,1.000000,0.650040,2.915865,-1.002666,0.121494,0
0.325400,1.000000,1.033823,2.173335,-1.989519,0.090556,0
0.325600,1.000000,1.417073,1.404415,-2.944996,0.058517,0
0.325800,1.000000,1.793746,0.621232,-3.854029,0.025885,0
0.326000,1.000000,2.157901,-0.163862,-4.702282,-0.006828,0
0.326200,1.000000,2.503794,-0.938488,-5.476377,-0.039104,0
0.326400,1.000000,2.825973,-1.690427,-6.164106,-0.070434,0
0.326600,1.000000,3.119354,-2.407823,-6.754623,-0.100326,0
0.326800,1.000000,3.379312,-3.079360,-7.238616,-0.128307,0
0.327000,1.000000,3.601747,-3.694448,-7.608452,-0.153935,0
0.327200,1.000000,3.783151,-4.243388,-7.858298,-0.176808,0
0.327400,1.000000,3.920662,-4.717521,-7.984214,-0.196563,0
0.327600,1.000000,4.012113,-5.109371,-7.984214,-0.212890,0
0.327800,1.000000,4.056062,-5.412758,-7.858298,-0.225532,0
0.328000,1.000000,4.051814,-5.622897,-7.608452,-0.234287,0
0.328200,1.000000,3.999438,-5.736474,-7.238616,-0.239020,0
0.328400,1.000000,3.899758,-5.751699,-6.754623,-0.239654,0
0.328600,1.000000,3.754348,-5.668330,-6.164106,-0.236180,0
0.328800,1.000000,3.565500,-5.487684,-5.476377,-0.228653,0
0.329000,1.000000,3.336192,-5.212607,-4.702282,-0.217192,0
0.329200,1.000000,3.070042,-4.847440,-3.854029,-0.201977,0
0.329400,1.000000,2.771245,-4.397940,-2.944996,-0.183248,0
0.329600,1.000000,2.444515,-3.871197,-1.989519,-0.161300,0
0.329800,1.000000,2.095004,-3.275518,-1.002666,-0.136480,0
0.330000,1.000000,1.728224,-2.620296,-0.000000,-0.109179,0
0.330200,1.000000,1.349960,-1.915865,1.002666,-0.079828,0
0.330400,1.000000,0.966177,-1.173335,1.989519,-0.048889,0
0.330600,1.000000,0.582927,-0.404415,2.944996,-0.016851,0
0.330800,1.000000,0.206254,0.378768,3.854029,0.015782,0
0.331000,1.000000,-0.157901,1.163862,4.702282,0.048494,0
0.331200,1.000000,-0.503794,1.938488,5.476377,0.080770,0
0.331400,1.000000,-0.825973,2.690427,6.164106,0.112101,0
0.331600,1.000000,-1.119354,3.407823,6.754623,0.141993,0
0.331800,1.000000,-1.379312,4.079360,7.238616,0.169973,0
0.332000,1.000000,-1.601747,4.694448,7.608452,0.195602,0
0.332200,1.000000,-1.783151,5.243388,7.858298,0.218474,0
0.332400,1.000000,-1.920662,5.717521,7.984214,0.238230,0
0.332600,1.000000,-2.012113,6.109371,7.984214,0.254557,0
0.332800,1.000000,-2.056062,6.412758,7.858298,0.267198,0
0.333000,1.000000,-2.051814,6.622897,7.608452,0.275954,0
0.333200,1.000000,-1.999438,6.736474,7.238616,0.280686,0
0.333400,1.000000,-1.899758,6.751699,6.754623,0.281321,0
0.333600,1.000000,-1.754348,6.668330,6.164106,0.277847,0
0.333800,1.000000,-1.565500,6.487684,5.476377,0.270320,0
0.334000,1.000000,-1.336192,6.212607,4.702282,0.258859,0
0.334200,1.000000,-1.070042,5.847440,3.854029,0.243643,0
0.334400,1.000000,-0.771245,5.397940,2.944996,0.224914,0
0.334600,1.000000,-0.444515,4.871197,1.989519,0.202967,0
0.334800,1.000000,-0.095004,4.275518,1.002666,0.178147,0
0.335000,1.000000,0.271776,3.620296,-0.000000,0.150846,0
0.335200,1.000000,0.650040,2.915865,-1.002666,0.121494,0
0.335400,1.000000,1.033823,2.173335,-1.989519,0.090556,0
0.335600,1.000000,1.417073,1.404415,-2.944996,0.058517,0
0.335800,1.000000,1.793746,0.621232,-3.854029,0.025885,0
0.336000,1.000000,2.157901,-0.163862,-4.702282,-0.006828,0
0.336200,1.000000,2.503794,-0.938488,-5.476377,-0.039104,0
0.336400,1.000000,2.825973,-1.690427,-6.164106,-0.070434,0
0.336600,1.000000,3.119354,-2.407823,-6.754623,-0.100326,0
0.336800,1.000000,3.379312,-3.079360,-7.238616,-0.128307,0
0.337000,1.000000,3.601747,-3.694448,-7.608452,-0.153935,0
0.337200,1.000000,3.783151,-4.243388,-7.858298,-0.176808,0
0.337400,1.000000,3.920662,-4.717521,-7.984214,-0.196563,0
0.337600,1.000000,4.012113,-5.109371,-7.984214,-0.212890,0
0.337800,1.000000,4.056062,-5.412758,-7.858298,-0.225532,0
0.338000,1.000000,4.051814,-5.622897,-7.608452,-0.234287,0
0.338200,1.000000,3.999438,-5.736474,-7.238616,-0.239020,0
0.338400,1.000000,3.899758,-5.751699,-6.754623,-0.239654,0
0.338600,1.000000,3.754348,-5.668330,-6.164106,-0.236180,0
0.338800,1.000000,3.565500,-5.487684,-5.476377,-0.228653,0
0.339000,1.000000,3.336192,-5.212607,-4.702282,-0.217192,0
0.339200,1.000000,3.070042,-4.847440,-3.854029,-0.201977,0
0.339400,1.000000,2.771245,-4.397940,-2.944996,-0.183248,0
0.339600,1.000000,2.444515,-3.871197,-1.989519,-0.161300,0
0.339800,1.000000,2.095004,-3.275518,-1.002666,-0.136480,0
0.340000,1.000000,1.728224,-2.620296,0.000000,-0.109179,0
0.340200,1.000000,1.349960,-1.915865,1.002666,-0.079828,0
0.340400,1.000000,0.966177,-1.173335,1.989519,-0.048889,0
0.340600,1.000000,0.582927,-0.404415,2.944996,-0.016851,0
0.340800,1.000000,0.206254,0.378768,3.854029,0.015782,0
0.341000,1.000000,-0.157901,1.163862,4.702282,0.048494,0
0.341200,1.000000,-0.503794,1.938488,5.476377,0.080770,0
0.341400,1.000000,-0.825973,2.690427,6.164106,0.112101,0
0.341600,1.000000,-1.119354,3.407823,6.754623,0.141993,0
0.341800,1.000000,-1.379312,4.079360,7.238616,0.169973,0
0.342000,1.000000,-1.601747,4.694448,7.608452,0.195602,0
0.342200,1.000000,-1.783151,5.243388,7.858298,0.218474,0
0.342400,1.000000,-1.920662,5.717521,7.984214,0.238230,0
0.342600,1.000000,-2.012113,6.109371,7.984214,0.254557,0
0.342800,1.000000,-2.056062,6.412758,7.858298,0.267198,0
0.343000,1.000000,-2.051814,6.622897,7.608452,0.275954,0
0.343200,1.000000,-1.999438,6.736474,7.238616,0.280686,0
0.343400,1.000000,-1.899758,6.751699,6.754623,0.281321,0
0.343600,1.000000,-1.754348,6.668330,6.164106,0.277847,0
0.343800,1.000000,-1.565500,6.487684,5.476377,0.270320,0
0.344000,1.000000,-1.336192,6.212607,4.702282,0.258859,0
0.344200,1.000000,-1.070042,5.847440,3.854029,0.243643,0
0.344400,1.000000,-0.771245,5.397940,2.944996,0.224914,0
0.344600,1.000000,-0.444515,4.871197,1.989519,0.202967,0
0.344800,1.000000,-0.095004,4.275518,1.002666,0.178147,0
0.345000,1.000000,0.271776,3.620296,-0.000000,0.150846,0
0.345200,1.000000,0.650040,2.915865,-1.002666,0.121494,0
0.345400,1.000000,1.033823,2.173335,-1.989519,0.090556,0
0.345600,1.000000,1.417073,1.404415,-2.944996,0.058517,0
0.345800,1.000000,1.793746,0.621232,-3.854029,0.025885,0
0.346000,1.000000,2.157901,-0.163862,-4.702282,-0.006828,0
0.346200,1.000000,2.503794,-0.938488,-5.476377,-0.039104,0
0.346400,1.000000,2.825973,-1.690427,-6.164106,-0.070434,0
0.346600,1.000000,3.119354,-2.407823,-6.754623,-0.100326,0
0.346800,1.000000,3.379312,-3.079360,-7.238616,-0.128307,0
0.347000,1.000000,3.601747,-3.694448,-7.608452,-0.153935,0
0.347200,1.000000,3.783151,-4.243388,-7.858298,-0.176808,0
0.347400,1.000000,3.920662,-4.717521,-7.984214,-0.196563,0
0.347600,1.000000,4.012113,-5.109371,-7.984214,-0.212890,0
0.347800,1.000000,4.056062,-5.412758,-7.858298,-0.225532,0
0.348000,1.000000,4.051814,-5.622897,-7.608452,-0.234287,0
0.348200,1.000000,3.999438,-5.736474,-7.238616,-0.239020,0
0.348400,1.000000,3.899758,-5.751699,-6.754623,-0.239654,0
0.348600,1.000000,3.754348,-5.668330,-6.164106,-0.236180,0
0.348800,1.000000,3.565500,-5.487684,-5.476377,-0.228653,0
0.349000,1.000000,3.336192,-5.212607,-4.702282,-0.217192,0
0.349200,1.000000,3.070042,-4.847440,-3.854029,-0.201977,0
0.349400,1.000000,2.771245,-4.397940,-2.944996,-0.183248,0
0.349600,1.000000,2.444515,-3.871197,-1.989519,-0.161300,0
0.349800,1.000000,2.095004,-3.275518,-1.002666,-0.136480,0
0.350000,1.000000,1.728224,-2.620296,0.000000,-0.109179,0
0.350200,1.000000,1.349960,-1.915865,1.002666,-0.079828,0
0.350400,1.000000,0.966177,-1.173335,1.989519,-0.048889,0
0.350600,1.000000,0.582927,-0.404415,2.944996,-0.016851,0
0.350800,1.000000,0.206254,0.378768,3.854029,0.015782,0
0.351000,1.000000,-0.157901,1.163862,4.702282,0.048494,0
0.351200,1.000000,-0.503794,1.938488,5.476377,0.080770,0
0.351400,1.000000,-0.825973,2.690427,6.164106,0.112101,0
0.351600,1.000000,-1.119354,3.407823,6.754623,0.141993,0
0.351800,1.000000,-1.379312,4.079360,7.238616,0.169973,0
0.352000,1.000000,-1.601747,4.694448,7.608452,0.195602,0
0.352200,1.000000,-1.783151,5.243388,7.858298,0.218474,0
0.352400,1.000000,-1.920662,5.717521,7.984214,0.238230,0
0.352600,1.000000,-2.012113,6.109371,7.984214,0.254557,0
0.352800,1.000000,-2.056062,6.412758,7.858298,0.267198,0
0.353000,1.000000,-2.051814,6.622897,7.608452,0.275954,0
0.353200,1.000000,-1.999438,6.736474,7.238616,0.280686,0
0.353400,1.000000,-1.899758,6.751699,6.754623,0.281321,0
0.353600,1.000000,-1.754348,6.668330,6.164106,0.277847,0
0.353800,1.000000,-1.565500,6.487684,5.476377,0.270320,0
0.354000,1.000000,-1.336192,6.212607,4.702282,0.258859,0
0.354200,1.000000,-1.070042,5.847440,3.854029,0.243643,0
0.354400,1.000000,-0.771245,5.397940,2.944996,0.224914,0
0.354600,1.000000,-0.444515,4.871197,1.989519,0.202967,0
0.354800,1.000000,-0.095004,4.275518,1.002666,0.178147,0
0.355000,1.000000,0.271776,3.620296,-0.000000,0.150846,0
0.355200,1.000000,0.650040,2.915865,-1.002666,0.121494,0
0.355400,1.000000,1.033823,2.173335,-1.989519,0.090556,0
0.355600,1.000000,1.417073,1.404415,-2.944996,0.058517,0
0.355800,1.000000,1.793746,0.621232,-3.854029,0.025885,0
0.356000,1.000000,2.157901,-0.163862,-4.702282,-0.006828,0
0.356200,1.000000,2.503794,-0.938488,-5.476377,-0.039104,0
0.356400,1.000000,2.825973,-1.690427,-6.164106,-0.070434,0
0.356600,1.000000,3.119354,-2.407823,-6.754623,-0.100326,0
0.356800,1.000000,3.379312,-3.079360,-7.238616,-0.128307,0
0.357000,1.000000,3.601747,-3.694448,-7.608452,-0.153935,0
0.357200,1.000000,3.783151,-4.243388,-7.858298,-0.176808,0
0.357400,1.000000,3.920662,-4.717521,-7.984214,-0.196563,0
0.357600,1.000000,4.012113,-5.109371,-7.984214,-0.212890,0
0.357800,1.000000,4.056062,-5.412758,-7.858298,-0.225532,0
0.358000,1.000000,4.051814,-5.622897,-7.608452,-0.234287,0
0.358200,1.000000,3.999438,-5.736474,-7.238616,-0.239020,0
0.358400,1.000000,3.899758,-5.751699,-6.754623,-0.239654,0
0.358600,1.000000,3.754348,-5.668330,-6.164106,-0.236180,0
0.358800,1.000000,3.565500,-5.487684,-5.476377,-0.228653,0
0.359000,1.000000,3.336192,-5.212607,-4.702282,-0.217192,0
0.359200,1.000000,3.070042,-4.847440,-3.854029,-0.201977,0
0.359400,1.000000,2.771245,-4.397940,-2.944996,-0.183248,0
0.359600,1.000000,2.444515,-3.871197,-1.989519,-0.161300,0
0.359800,1.000000,2.095004,-3.275518,-1.002666,-0.136480,0
0.360000,1.000000,1.728224,-2.620296,0.000000,-0.109179,0
0.360200,1.000000,1.349960,-1.915865,1.002666,-0.079828,0
0.360400,1.000000,0.966177,-1.173335,1.989519,-0.048889,0
0.360600,1.000000,0.582927,-0.404415,2.944996,-0.016851,0
0.360800,1.000000,0.206254,0.378768,3.854029,0.015782,0
0.361000,1.000000,-0.157901,1.163862,4.702282,0.048494,0
0.361200,1.000000,-0.503794,1.938488,5.476377,0.080770,0
0.361400,1.000000,-0.825973,2.690427,6.164106,0.112101,0
0.361600,1.000000,-1.119354,3.407823,6.754623,0.141993,0
0.361800,1.000000,-1.379312,4.079360,7.238616,0.169973,0
0.362000,1.000000,-1.601747,4.694448,7.608452,0.195602,0
0.362200,1.000000,-1.783151,5.243388,7.858298,0.218474,0
0.362400,1.000000,-1.920662,5.717521,7.984214,0.238230,0
0.362600,1.000000,-2.012113,6.109371,7.984214,0.254557,0
0.362800,1.000000,-2.056062,6.412758,7.858298,0.267198,0
0.363000,1.000000,-2.051814,6.622897,7.608452,0.275954,0
0.363200,1.000000,-1.999438,6.736474,7.238616,0.280686,0
0.363400,1.000000,-1.899758,6.751699,6.754623,0.281321,0
0.363600,1.000000,-1.754348,6.668330,6.164106,0.277847,0
0.363800,1.000000,-1.565500,6.487684,5.476377,0.270320,0
0.364000,1.000000,-1.336192,6.212607,4.702282,0.258859,0
0.364200,1.000000,-1.070042,5.847440,3.854029,0.243643,0
0.364400,1.000000,-0.771245,5.397940,2.944996,0.224914,0
0.364600,1.000000,-0.444515,4.871197,1.989519,0.202967,0
0.364800,1.000000,-0.095004,4.275518,1.002666,0.178147,0
0.365000,1.000000,0.271776,3.620296,-0.000000,0.150846,0
0.365200,1.000000,0.650040,2.915865,-1.002666,0.121494,0
0.365400,1.000000,1.033823,2.173335,-1.989519,0.090556,0
0.365600,1.000000,1.417073,1.404415,-2.944996,0.058517,0
0.365800,1.000000,1.793746,0.621232,-3.854029,0.025885,0
0.366000,1.000000,2.157901,-0.163862,-4.702282,-0.006828,0
0.366200,1.000000,2.503794,-0.938488,-5.476377,-0.039104,0
0.366400,1.000000,2.825973,-1.690427,-6.164106,-0.070434,0
0.366600,1.000000,3.119354,-2.407823,-6.754623,-0.100326,0
0.366800,1.000000,3.379312,-3.079360,-7.238616,-0.128307,0
0.367000,1.000000,3.601747,-3.694448,-7.608452,-0.153935,0
0.367200,1.000000,3.783151,-4.243388,-7.858298,-0.176808,0
0.367400,1.000000,3.920662,-4.717521,-7.984214,-0.196563,0
0.367600,1.000000,4.012113,-5.109371,-7.984214,-0.212890,0
0.367800,1.000000,4.056062,-5.412758,-7.858298,-0.225532,0
0.368000,1.000000,4.051814,-5.622897,-7.608452,-0.234287,0
0.368200,1.000000,3.999438,-5.736474,-7.238616,-0.239020,0
0.368400,1.000000,3.899758,-5.751699,-6.754623,-0.239654,0
0.368600,1.000000,3.754348,-5.668330,-6.164106,-0.236180,0
0.368800,1.000000,3.565500,-5.487684,-5.476377,-0.228653,0
0.369000,1.000000,3.336192,-5.212607,-4.702282,-0.217192,0
0.369200,1.000000,3.070042,-4.847440,-3.854029,-0.201977,0
0.369400,1.000000,2.771245,-4.397940,-2.944996,-0.183248,0
0.369600,1.000000,2.444515,-3.871197,-1.989519,-0.161300,0
0.369800,1.000000,2.095004,-3.275518,-1.002666,-0.136480,0
0.370000,1.000000,1.728224,-2.620296,-0.000000,-0.109179,0
0.370200,1.000000,1.349960,-1.915865,1.002666,-0.079828,0
0.370400,1.000000,0.966177,-1.173335,1.989519,-0.048889,0
0.370600,1.000000,0.582927,-0.404415,2.944996,-0.016851,0
0.370800,1.000000,0.206254,0.378768,3.854029,0.015782,0
0.371000,1.000000,-0.157901,1.163862,4.702282,0.048494,0
0.371200,1.000000,-0.503794,1.938488,5.476377,0.080770,0
0.371400,1.000000,-0.825973,2.690427,6.164106,0.112101,0
0.371600,1.000000,-1.119354,3.407823,6.754623,0.141993,0
0.371800,1.000000,-1.379312,4.079360,7.238616,0.169973,0
0.372000,1.000000,-1.601747,4.694448,7.608452,0.195602,0
0.372200,1.000000,-1.783151,5.243388,7.858298,0.218474,0
0.372400,1.000000,-1.920662,5.717521,7.984214,0.238230,0
0.372600,1.000000,-2.012113,6.109371,7.984214,0.254557,0
0.372800,1.000000,-2.056062,6.412758,7.858298,0.267198,0
0.373000,1.000000,-2.051814,6.622897,7.608452,0.275954,0
0.373200,1.000000,-1.999438,6.736474,7.238616,0.280686,0
0.373400,1.000000,-1.899758,6.751699,6.754623,0.281321,0
0.373600,1.000000,-1.754348,6.668330,6.164106,0.277847,0
0.373800,1.000000,-1.565500,6.487684,5.476377,0.270320,0
0.374000,1.000000,-1.336192,6.212607,4.702282,0.258859,0
0.374200,1.000000,-1.070042,5.847440,3.854029,0.243643,0
0.374400,1.000000,-0.771245,5.397940,2.944996,0.224914,0
0.374600,1.000000,-0.444515,4.871197,1.989519,0.202967,0
0.374800,1.000000,-0.095004,4.275518,1.002666,0.178147,0
0.375000,1.000000,0.271776,3.620296,0.000000,0.150846,0
0.375200,1.000000,0.650040,2.915865,-1.002666,0.121494,0
0.375400,1.000000,1.033823,2.173335,-1.989519,0.090556,0
0.375600,1.000000,1.417073,1.404415,-2.944996,0.058517,0
0.375800,1.000000,1.793746,0.621232,-3.854029,0.025885,0
0.376000,1.000000,2.157901,-0.163862,-4.702282,-0.006828,0
0.376200,1.000000,2.503794,-0.938488,-5.476377,-0.039104,0
0.376400,1.000000,2.825973,-1.690427,-6.164106,-0.070434,0
0.376600,1.000000,3.119354,-2.407823,-6.754623,-0.100326,0
0.376800,1.000000,3.379312,-3.079360,-7.238616,-0.128307,0
0.377000,1.000000,3.601747,-3.694448,-7.608452,-0.153935,0
0.377200,1.000000,3.783151,-4.243388,-7.858298,-0.176808,0
0.377400,1.000000,3.920662,-4.717521,-7.984214,-0.196563,0
0.377600,1.000000,4.012113,-5.109371,-7.984214,-0.212890,0
0.377800,1.000000,4.056062,-5.412758,-7.858298,-0.225532,0
0.378000,1.000000,4.051814,-5.622897,-7.608452,-0.234287,0
0.378200,1.000000,3.999438,-5.736474,-7.238616,-0.239020,0
0.378400,1.000000,3.899758,-5.751699,-6.754623,-0.239654,0
0.378600,1.000000,3.754348,-5.668330,-6.164106,-0.236180,0
0.378800,1.000000,3.565500,-5.487684,-5.476377,-0.228653,0
0.379000,1.000000,3.336192,-5.212607,-4.702282,-0.217192,0
0.379200,1.000000,3.070042,-4.847440,-3.854029,-0.201977,0
0.379400,1.000000,2.771245,-4.397940,-2.944996,-0.183248,0
0.379600,1.000000,2.444515,-3.871197,-1.989519,-0.161300,0
0.379800,1.000000,2.095004,-3.275518,-1.002666,-0.136480,0
0.380000,1.000000,1.728224,-2.620296,0.000000,-0.109179,0
0.380200,1.000000,1.349960,-1.915865,1.002666,-0.079828,0
0.380400,1.000000,0.966177,-1.173335,1.989519,-0.048889,0
0.380600,1.000000,0.582927,-0.404415,2.944996,-0.016851,0
0.380800,1.000000,0.206254,0.378768,3.854029,0.015782,0
0.381000,1.000000,-0.157901,1.163862,4.702282,0.048494,0
0.381200,1.000000,-0.503794,1.938488,5.476377,0.080770,0
0.381400,1.000000,-0.825973,2.690427,6.164106,0.112101,0
0.381600,1.000000,-1.119354,3.407823,6.754623,0.141993,0
0.381800,1.000000,-1.379312,4.079360,7.238616,0.169973,0
0.382000,1.000000,-1.601747,4.694448,7.608452,0.195602,0
0.382200,1.000000,-1.783151,5.243388,7.858298,0.218474,0
0.382400,1.000000,-1.920662,5.717521,7.984214,0.238230,0
0.382600,1.000000,-2.012113,6.109371,7.984214,0.254557,0
0.382800,1.000000,-2.056062,6.412758,7.858298,0.267198,0
0.383000,1.000000,-2.051814,6.622897,7.608452,0.275954,0
0.383200,1.000000,-1.999438,6.736474,7.238616,0.280686,0
0.383400,1.000000,-1.899758,6.751699,6.754623,0.281321,0
0.383600,1.000000,-1.754348,6.668330,6.164106,0.277847,0
0.383800,1.000000,-1.565500,6.487684,5.476377,0.270320,0
0.384000,1.000000,-1.336192,6.212607,4.702282,0.258859,0
0.384200,1.000000,-1.070042,5.847440,3.854029,0.243643,0
0.384400,1.000000,-0.771245,5.397940,2.944996,0.224914,0
0.384600,1.000000,-0.444515,4.871197,1.989519,0.202967,0
0.384800,1.000000,-0.095004,4.275518,1.002666,0.178147,0
0.385000,1.000000,0.271776,3.620296,0.000000,0.150846,0
0.385200,1.000000,0.650040,2.915865,-1.002666,0.121494,0
0.385400,1.000000,1.033823,2.173335,-1.989519,0.090556,0
0.385600,1.000000,1.417073,1.404415,-2.944996,0.058517,0
0.385800,1.000000,1.793746,0.621232,-3.854029,0.025885,0
0.386000,1.000000,2.157901,-0.163862,-4.702282,-0.006828,0
0.386200,1.000000,2.503794,-0.938488,-5.476377,-0.039104,0
0.386400,1.000000,2.825973,-1.690427,-6.164106,-0.070434,0
0.386600,1.000000,3.119354,-2.407823,-6.754623,-0.100326,0
0.386800,1.000000,3.379312,-3.079360,-7.238616,-0.128307,0
0.387000,1.000000,3.601747,-3.694448,-7.608452,-0.153935,0
0.387200,1.000000,3.783151,-4.243388,-7.858298,-0.176808,0
0.387400,1.000000,3.920662,-4.717521,-7.984214,-0.196563,0
0.387600,1.000000,4.012113,-5.109371,-7.984214,-0.212890,0
0.387800,1.000000,4.056062,-5.412758,-7.858298,-0.225532,0
0.388000,1.000000,4.051814,-5.622897,-7.608452,-0.234287,0
0.388200,1.000000,3.999438,-5.736474,-7.238616,-0.239020,0
0.388400,1.000000,3.899758,-5.751699,-6.754623,-0.239654,0
0.388600,1.000000,3.754348,-5.668330,-6.164106,-0.236180,0
0.388800,1.000000,3.565500,-5.487684,-5.476377,-0.228653,0
0.389000,1.000000,3.336192,-5.212607,-4.702282,-0.217192,0
0.389200,1.000000,3.070042,-4.847440,-3.854029,-0.201977,0
0.389400,1.000000,2.771245,-4.397940,-2.944996,-0.183248,0
0.389600,1.000000,2.444515,-3.871197,-1.989519,-0.161300,0
0.389800,1.000000,2.095004,-3.275518,-1.002666,-0.136480,0
0.390000,1.000000,1.728224,-2.620296,0.000000,-0.109179,0
0.390200,1.000000,1.349960,-1.915865,1.002666,-0.079828,0
0.390400,1.000000,0.966177,-1.173335,1.989519,-0.048889,0
0.390600,1.000000,0.582927,-0.404415,2.944996,-0.016851,0
0.390800,1.000000,0.206254,0.378768,3.854029,0.015782,0
0.391000,1.000000,-0.157901,1.163862,4.702282,0.048494,0
0.391200,1.000000,-0.503794,1.938488,5.476377,0.080770,0
0.391400,1.000000,-0.825973,2.690427,6.164106,0.112101,0
0.391600,1.000000,-1.119354,3.407823,6.754623,0.141993,0
0.391800,1.000000,-1.379312,4.079360,7.238616,0.169973,0
0.392000,1.000000,-1.601747,4.694448,7.608452,0.195602,0
0.392200,1.000000,-1.783151,5.243388,7.858298,0.218474,0
0.392400,1.000000,-1.920662,5.717521,7.984214,0.238230,0
0.392600,1.000000,-2.012113,6.109371,7.984214,0.254557,0
0.392800,1.000000,-2.056062,6.412758,7.858298,0.267198,0
0.393000,1.000000,-2.051814,6.622897,7.608452,0.275954,0
0.393200,1.000000,-1.999438,6.736474,7.238616,0.280686,0
0.393400,1.000000,-1.899758,6.751699,6.754623,0.281321,0
0.393600,1.000000,-1.754348,6.668330,6.164106,0.277847,0
0.393800,1.000000,-1.565500,6.487684,5.476377,0.270320,0
0.394000,1.000000,-1.336192,6.212607,4.702282,0.258859,0
0.394200,1.000000,-1.070042,5.847440,3.854029,0.243643,0
0.394400,1.000000,-0.771245,5.397940,2.944996,0.224914,0
0.394600,1.000000,-0.444515,4.871197,1.989519,0.202967,0
0.394800,1.000000,-0.095004,4.275518,1.002666,0.178147,0
0.395000,1.000000,0.271776,3.620296,-0.000000,0.150846,0
0.395200,1.000000,0.650040,2.915865,-1.002666,0.121494,0
0.395400,1.000000,1.033823,2.173335,-1.989519,0.090556,0
0.395600,1.000000,1.417073,1.404415,-2.944996,0.058517,0
0.395800,1.000000,1.793746,0.621232,-3.854029,0.025885,0
0.396000,1.000000,2.157901,-0.163862,-4.702282,-0.006828,0
0.396200,1.000000,2.503794,-0.938488,-5.476377,-0.039104,0
0.396400,1.000000,2.825973,-1.690427,-6.164106,-0.070434,0
0.396600,1.000000,3.119354,-2.407823,-6.754623,-0.100326,0
0.396800,1.000000,3.379312,-3.079360,-7.238616,-0.128307,0
0.397000,1.000000,3.601747,-3.694448,-7.608452,-0.153935,0
0.397200,1.000000,3.783151,-4.243388,-7.858298,-0.176808,0
0.397400,1.000000,3.920662,-4.717521,-7.984214,-0.196563,0
0.397600,1.000000,4.012113,-5.109371,-7.984214,-0.212890,0
0.397800,1.000000,4.056062,-5.412758,-7.858298,-0.225532,0
0.398000,1.000000,4.051814,-5.622897,-7.608452,-0.234287,0
0.398200,1.000000,3.999438,-5.736474,-7.238616,-0.239020,0
0.398400,1.000000,3.899758,-5.751699,-6.754623,-0.239654,0
0.398600,1.000000,3.754348,-5.668330,-6.164106,-0.236180,0
0.398800,1.000000,3.565500,-5.487684,-5.476377,-0.228653,0
0.399000,1.000000,3.336192,-5.212607,-4.702282,-0.217192,0
0.399200,1.000000,3.070042,-4.847440,-3.854029,-0.201977,0
0.399400,1.000000,2.771245,-4.397940,-2.944996,-0.183248,0
0.399600,1.000000,2.444515,-3.871197,-1.989519,-0.161300,0
0.399800,1.000000,2.095004,-3.275518,-1.002666,-0.136480,0
0.400000,1.000000,1.728224,-2.620296,0.000000,-0.109179,0
