time_s,reference_a,current_a,u_i,u1,duty,feedforward
0.000000,0.004000,0.000816,0.008160,0.000000,0.000340,1
0.000200,0.008000,0.002257,0.014815,1.002666,0.042395,1
0.000400,0.012000,0.004176,0.020324,1.989519,0.083743,1
0.000600,0.016000,0.006463,0.024958,2.944996,0.123748,1
0.000800,0.020000,0.009033,0.028925,3.854029,0.161790,1
0.001000,0.024000,0.011819,0.032385,4.702282,0.197278,1
0.001200,0.028000,0.014774,0.035459,5.476377,0.229660,1
0.001400,0.032000,0.017859,0.038238,6.164106,0.258431,1
0.001600,0.036000,0.021046,0.040793,6.754623,0.283142,1
0.001800,0.040000,0.024311,0.043179,7.238616,0.303408,1
0.002000,0.044000,0.027639,0.045435,7.608452,0.318912,1
0.002200,0.048000,0.031017,0.047594,7.858298,0.329412,1
0.002400,0.052000,0.034434,0.049678,7.984214,0.334746,1
0.002600,0.056000,0.037883,0.051707,7.984214,0.334830,1
0.002800,0.060000,0.041358,0.053694,7.858298,0.329666,1
0.003000,0.064000,0.044855,0.055649,7.608452,0.319338,1
0.003200,0.068000,0.048370,0.057581,7.238616,0.304008,1
0.003400,0.072000,0.051901,0.059495,6.754623,0.283922,1
0.003600,0.076000,0.055446,0.061397,6.164106,0.259396,1
0.003800,0.080000,0.059003,0.063290,5.476377,0.230819,1
0.004000,0.084000,0.062570,0.065176,4.702282,0.198644,1
0.004200,0.088000,0.066147,0.067059,3.854029,0.163379,1
0.004400,0.092000,0.069734,0.068938,2.944996,0.125581,1
0.004600,0.096000,0.073329,0.070816,1.989519,0.085847,1
0.004800,0.100000,0.076932,0.072693,1.002666,0.044807,1
0.005000,0.104000,0.080542,0.074570,0.000000,0.003107,1
0.005200,0.108000,0.084160,0.076447,-1.002666,-0.038592,1
0.005400,0.112000,0.087784,0.078326,-1.989519,-0.079633,1
0.005600,0.116000,0.091416,0.080205,-2.944996,-0.119366,1
0.005800,0.120000,0.095053,0.082086,-3.854029,-0.157164,1
0.006000,0.124000,0.098698,0.083968,-4.702282,-0.192430,1
0.006200,0.128000,0.102348,0.085852,-5.476377,-0.224605,1
0.006400,0.132000,0.106004,0.087737,-6.164106,-0.253182,1
0.006600,0.136000,0.109666,0.089625,-6.754623,-0.277708,1
0.006800,0.140000,0.113334,0.091513,-7.238616,-0.297796,1
0.007000,0.144000,0.117008,0.093404,-7.608452,-0.313127,1
0.007200,0.148000,0.120687,0.095296,-7.858298,-0.323458,1
0.007400,0.152000,0.124372,0.097190,-7.984214,-0.328626,1
0.007600,0.156000,0.128062,0.099086,-7.984214,-0.328547,1
0.007800,0.160000,0.131757,0.100984,-7.858298,-0.323221,1
0.008000,0.164000,0.135458,0.102883,-7.608452,-0.312732,1
0.008200,0.168000,0.139163,0.104784,-7.238616,-0.297243,1
0.008400,0.172000,0.142874,0.106686,-6.754623,-0.276997,1
0.008600,0.176000,0.146589,0.108590,-6.164106,-0.252313,1
0.008800,0.180000,0.150309,0.110496,-5.476377,-0.223578,1
0.009000,0.184000,0.154034,0.112403,-4.702282,-0.191245,1
0.009200,0.188000,0.157764,0.114312,-3.854029,-0.155822,1
0.009400,0.192000,0.161498,0.116223,-2.944996,-0.117866,1
0.009600,0.196000,0.165236,0.118135,-1.989519,-0.077974,1
0.009800,0.200000,0.168979,0.120048,-1.002666,-0.036776,1
0.010000,0.204000,0.172727,0.121963,-0.000000,0.005082,1
0.010200,0.208000,0.176478,0.123879,1.002666,0.046939,1
0.010400,0.212000,0.180234,0.125797,1.989519,0.088138,1
0.010600,0.216000,0.183994,0.127716,2.944996,0.128030,1
0.010800,0.220000,0.187758,0.129636,3.854029,0.165986,1
0.011000,0.224000,0.191526,0.131558,4.702282,0.201410,1
0.011200,0.228000,0.195298,0.133481,5.476377,0.233744,1
0.011400,0.232000,0.199073,0.135406,6.164106,0.262480,1
0.011600,0.236000,0.202853,0.137331,6.754623,0.287165,1
0.011800,0.240000,0.206636,0.139258,7.238616,0.307411,1
0.012000,0.244000,0.210423,0.141186,7.608452,0.322902,1
0.012200,0.248000,0.214213,0.143116,7.858298,0.333392,1
0.012400,0.252000,0.218007,0.145046,7.984214,0.338719,1
0.012600,0.256000,0.221805,0.146978,7.984214,0.338800,1
0.012800,0.260000,0.225606,0.148911,7.858298,0.333634,1
0.013000,0.264000,0.229410,0.150845,7.608452,0.323304,1
0.013200,0.268000,0.233217,0.152780,7.238616,0.307975,1
0.013400,0.272000,0.237028,0.154716,6.754623,0.287889,1
0.013600,0.276000,0.240842,0.156654,6.164106,0.263365,1
0.013800,0.280000,0.244659,0.158592,5.476377,0.234790,1
0.014000,0.284000,0.248479,0.160532,4.702282,0.202617,1
0.014200,0.288000,0.252303,0.162472,3.854029,0.167354,1
0.014400,0.292000,0.256129,0.164413,2.944996,0.129559,1
0.014600,0.296000,0.259958,0.166356,1.989519,0.089828,1
0.014800,0.300000,0.263790,0.168299,1.002666,0.048790,1
0.015000,0.304000,0.267625,0.170244,-0.000000,0.007093,1
0.015200,0.308000,0.271462,0.172189,-1.002666,-0.034603,1
0.015400,0.312000,0.275303,0.174135,-1.989519,-0.075641,1
0.015600,0.316000,0.279146,0.176082,-2.944996,-0.115371,1
0.015800,0.320000,0.282992,0.178030,-3.854029,-0.153167,1
0.016000,0.324000,0.286840,0.179979,-4.702282,-0.188429,1
0.016200,0.328000,0.290691,0.181929,-5.476377,-0.220602,1
0.016400,0.332000,0.294544,0.183879,-6.164106,-0.249176,1
0.016600,0.336000,0.298400,0.185831,-6.754623,-0.273700,1
0.016800,0.340000,0.302258,0.187783,-7.238616,-0.293785,1
0.017000,0.344000,0.306119,0.189736,-7.608452,-0.309113,1
0.017200,0.348000,0.309982,0.191690,-7.858298,-0.319442,1
0.017400,0.352000,0.313848,0.193645,-7.984214,-0.324607,1
0.017600,0.356000,0.317715,0.195600,-7.984214,-0.324526,1
0.017800,0.360000,0.321585,0.197556,-7.858298,-0.319198,1
0.018000,0.364000,0.325457,0.199513,-7.608452,-0.308706,1
0.018200,0.368000,0.329331,0.201471,-7.238616,-0.293214,1
0.018400,0.372000,0.333208,0.203429,-6.754623,-0.272966,1
0.018600,0.376000,0.337086,0.205388,-6.164106,-0.248280,1
0.018800,0.380000,0.340967,0.207348,-5.476377,-0.219543,1
0.019000,0.384000,0.344849,0.209308,-4.702282,-0.187207,1
0.019200,0.388000,0.348733,0.211269,-3.854029,-0.151782,1
0.019400,0.392000,0.352620,0.213231,-2.944996,-0.113824,1
0.019600,0.396000,0.356508,0.215193,-1.989519,-0.073930,1
0.019800,0.400000,0.360398,0.217156,-1.002666,-0.032730,1
0.020000,0.404000,0.364291,0.219120,-0.000000,0.009130,1
0.020200,0.408000,0.368184,0.221084,1.002666,0.050990,1
0.020400,0.412000,0.372080,0.223049,1.989519,0.092190,1
0.020600,0.416000,0.375978,0.225014,2.944996,0.132084,1
0.020800,0.420000,0.379877,0.226980,3.854029,0.170042,1
0.021000,0.424000,0.383778,0.228947,4.702282,0.205468,1
0.021200,0.428000,0.387680,0.230914,5.476377,0.237804,1
0.021400,0.432000,0.391584,0.232882,6.164106,0.266541,1
0.021600,0.436000,0.395490,0.234850,6.754623,0.291228,1
0.021800,0.440000,0.399397,0.236819,7.238616,0.311476,1
0.022000,0.444000,0.403306,0.238788,7.608452,0.326968,1
0.022200,0.448000,0.407217,0.240758,7.858298,0.337461,1
0.022400,0.452000,0.411129,0.242728,7.984214,0.342789,1
0.022600,0.456000,0.415042,0.244699,7.984214,0.342871,1
0.022800,0.460000,0.418957,0.246671,7.858298,0.337707,1
0.023000,0.464000,0.422874,0.248642,7.608452,0.327379,1
0.023200,0.468000,0.426792,0.250615,7.238616,0.312051,1
0.023400,0.472000,0.430711,0.252588,6.754623,0.291967,1
0.023600,0.476000,0.434631,0.254561,6.164106,0.267444,1
0.023800,0.480000,0.438553,0.256534,5.476377,0.238871,1
0.024000,0.484000,0.442476,0.258509,4.702282,0.206700,1
0.024200,0.488000,0.446401,0.260483,3.854029,0.171438,1
0.024400,0.492000,0.450327,0.262458,2.944996,0.133644,1
0.024600,0.496000,0.454254,0.264433,1.989519,0.093915,1
0.024800,0.500000,0.458182,0.266409,1.002666,0.052878,1
0.025000,0.504000,0.462111,0.268386,-0.000000,0.011183,1
0.025200,0.508000,0.466042,0.270362,-1.002666,-0.030513,1
0.025400,0.512000,0.469974,0.272339,-1.989519,-0.071549,1
0.025600,0.516000,0.473907,0.274317,-2.944996,-0.111278,1
0.025800,0.520000,0.477841,0.276294,-3.854029,-0.149072,1
0.026000,0.524000,0.481776,0.278273,-4.702282,-0.184334,1
0.026200,0.528000,0.485712,0.280251,-5.476377,-0.216505,1
0.026400,0.532000,0.489650,0.282230,-6.164106,-0.245078,1
0.026600,0.536000,0.493588,0.284209,-6.754623,-0.269601,1
0.026800,0.540000,0.497528,0.286189,-7.238616,-0.289684,1
0.027000,0.544000,0.501468,0.288169,-7.608452,-0.305012,1
0.027200,0.548000,0.505410,0.290149,-7.858298,-0.315340,1
0.027400,0.552000,0.509352,0.292130,-7.984214,-0.320504,1
0.027600,0.556000,0.513296,0.294111,-7.984214,-0.320421,1
0.027800,0.560000,0.517240,0.296092,-7.858298,-0.315092,1
0.028000,0.564000,0.521185,0.298073,-7.608452,-0.304599,1
0.028200,0.568000,0.525132,0.300055,-7.238616,-0.289107,1
0.028400,0.572000,0.529079,0.302038,-6.754623,-0.268858,1
0.028600,0.576000,0.533027,0.304020,-6.164106,-0.244170,1
0.028800,0.580000,0.536976,0.306003,-5.476377,-0.215432,1
0.029000,0.584000,0.540926,0.307986,-4.702282,-0.183096,1
0.029200,0.588000,0.544876,0.309969,-3.854029,-0.147669,1
0.029400,0.592000,0.548828,0.311953,-2.944996,-0.109710,1
0.029600,0.596000,0.552780,0.313937,-1.989519,-0.069816,1
0.029800,0.600000,0.556733,0.315921,-1.002666,-0.028614,1
0.030000,0.604000,0.560687,0.317906,0.000000,0.013246,1
0.030200,0.608000,0.564642,0.319890,1.002666,0.055107,1
0.030400,0.612000,0.568597,0.321875,1.989519,0.096308,1
0.030600,0.616000,0.572553,0.323860,2.944996,0.136202,1
0.030800,0.620000,0.576510,0.325846,3.854029,0.174161,1
0.031000,0.624000,0.580468,0.327832,4.702282,0.209588,1
0.031200,0.628000,0.584426,0.329818,5.476377,0.241925,1
0.031400,0.632000,0.588385,0.331804,6.164106,0.270663,1
0.031600,0.636000,0.592345,0.333790,6.754623,0.295351,1
0.031800,0.640000,0.596306,0.335777,7.238616,0.315600,1
0.032000,0.644000,0.600267,0.337764,7.608452,0.331092,1
0.032200,0.648000,0.604228,0.339751,7.858298,0.341585,1
0.032400,0.652000,0.608191,0.341738,7.984214,0.346915,1
0.032600,0.656000,0.612154,0.343726,7.984214,0.346997,1
0.032800,0.660000,0.616118,0.345714,7.858298,0.341834,1
0.033000,0.664000,0.620082,0.347702,7.608452,0.331506,1
0.033200,0.668000,0.624047,0.349690,7.238616,0.316179,1
0.033400,0.672000,0.628012,0.351678,6.754623,0.296096,1
0.033600,0.676000,0.631978,0.353667,6.164106,0.271574,1
0.033800,0.680000,0.635945,0.355655,5.476377,0.243001,1
0.034000,0.684000,0.639912,0.357644,4.702282,0.210830,1
0.034200,0.688000,0.643880,0.359634,3.854029,0.175569,1
0.034400,0.692000,0.647848,0.361623,2.944996,0.137776,1
0.034600,0.696000,0.651817,0.363612,1.989519,0.098047,1
0.034800,0.700000,0.655786,0.365602,1.002666,0.057011,1
0.035000,0.704000,0.659756,0.367592,-0.000000,0.015316,1
0.035200,0.708000,0.663727,0.369582,-1.002666,-0.026379,1
0.035400,0.712000,0.667697,0.371572,-1.989519,-0.067414,1
0.035600,0.716000,0.671669,0.373562,-2.944996,-0.107143,1
0.035800,0.720000,0.675641,0.375553,-3.854029,-0.144937,1
0.036000,0.724000,0.679613,0.377544,-4.702282,-0.180197,1
0.036200,0.728000,0.683586,0.379534,-5.476377,-0.212368,1
0.036400,0.732000,0.687559,0.381525,-6.164106,-0.240941,1
0.036600,0.736000,0.691533,0.383517,-6.754623,-0.265463,1
0.036800,0.740000,0.695507,0.385508,-7.238616,-0.285546,1
0.037000,0.744000,0.699481,0.387499,-7.608452,-0.300873,1
0.037200,0.748000,0.703456,0.389491,-7.858298,-0.311200,1
0.037400,0.752000,0.707432,0.391483,-7.984214,-0.316364,1
0.037600,0.756000,0.711408,0.393474,-7.984214,-0.316281,1
0.037800,0.760000,0.715384,0.395466,-7.858298,-0.310951,1
0.038000,0.764000,0.719361,0.397459,-7.608452,-0.300458,1
0.038200,0.768000,0.723338,0.399451,-7.238616,-0.284965,1
0.038400,0.772000,0.727315,0.401443,-6.754623,-0.264716,1
0.038600,0.776000,0.731293,0.403436,-6.164106,-0.240028,1
0.038800,0.780000,0.735271,0.405428,-5.476377,-0.211290,1
0.039000,0.784000,0.739250,0.407421,-4.702282,-0.178953,1
0.039200,0.788000,0.743229,0.409414,-3.854029,-0.143526,1
0.039400,0.792000,0.747208,0.411407,-2.944996,-0.105566,1
0.039600,0.796000,0.751188,0.413400,-1.989519,-0.065672,1
0.039800,0.800000,0.755167,0.415393,-1.002666,-0.024470,1
0.040000,0.804000,0.759148,0.417387,-0.000000,0.017391,1
0.040200,0.808000,0.763128,0.419380,1.002666,0.059252,1
0.040400,0.812000,0.767109,0.421374,1.989519,0.100454,1
0.040600,0.816000,0.771091,0.423368,2.944996,0.140348,1
0.040800,0.820000,0.775072,0.425361,3.854029,0.178308,1
0.041000,0.824000,0.779054,0.427355,4.702282,0.213735,1
0.041200,0.828000,0.783036,0.429349,5.476377,0.246072,1
0.041400,0.832000,0.787019,0.431343,6.164106,0.274810,1
0.041600,0.836000,0.791002,0.433338,6.754623,0.299498,1
0.041800,0.840000,0.794985,0.435332,7.238616,0.319748,1
0.042000,0.844000,0.798968,0.437326,7.608452,0.335241,1
0.042200,0.848000,0.802952,0.439321,7.858298,0.345734,1
0.042400,0.852000,0.806936,0.441315,7.984214,0.351064,1
0.042600,0.856000,0.810920,0.443310,7.984214,0.351147,1
0.042800,0.860000,0.814905,0.445305,7.858298,0.345983,1
0.043000,0.864000,0.818889,0.447300,7.608452,0.335656,1
0.043200,0.868000,0.822874,0.449295,7.238616,0.320330,1
0.043400,0.872000,0.826860,0.451290,6.754623,0.300246,1
0.043600,0.876000,0.830845,0.453285,6.164106,0.275725,1
0.043800,0.880000,0.834831,0.455280,5.476377,0.247152,1
0.044000,0.884000,0.838817,0.457275,4.702282,0.214982,1
0.044200,0.888000,0.842803,0.459271,3.854029,0.179721,1
0.044400,0.892000,0.846789,0.461266,2.944996,0.141928,1
0.044600,0.896000,0.850776,0.463262,1.989519,0.102199,1
0.044800,0.900000,0.854763,0.465257,1.002666,0.061163,1
0.045000,0.904000,0.858750,0.467253,-0.000000,0.019469,1
0.045200,0.908000,0.862738,0.469249,-1.002666,-0.022226,1
0.045400,0.912000,0.866725,0.471244,-1.989519,-0.063261,1
0.045600,0.916000,0.870713,0.473240,-2.944996,-0.102990,1
0.045800,0.920000,0.874701,0.475236,-3.854029,-0.140783,1
0.046000,0.924000,0.878689,0.477232,-4.702282,-0.176044,1
0.046200,0.928000,0.882677,0.479228,-5.476377,-0.208215,1
0.046400,0.932000,0.886666,0.481224,-6.164106,-0.236787,1
0.046600,0.936000,0.890655,0.483221,-6.754623,-0.261308,1
0.046800,0.940000,0.894644,0.485217,-7.238616,-0.281392,1
0.047000,0.944000,0.898633,0.487213,-7.608452,-0.296718,1
0.047200,0.948000,0.902622,0.489210,-7.858298,-0.307045,1
0.047400,0.952000,0.906612,0.491206,-7.984214,-0.312209,1
0.047600,0.956000,0.910601,0.493203,-7.984214,-0.312125,1
0.047800,0.960000,0.914591,0.495199,-7.858298,-0.306796,1
0.048000,0.964000,0.918581,0.497196,-7.608452,-0.296302,1
0.048200,0.968000,0.922571,0.499193,-7.238616,-0.280809,1
0.048400,0.972000,0.926562,0.501189,-6.754623,-0.260560,1
0.048600,0.976000,0.930552,0.503186,-6.164106,-0.235872,1
0.048800,0.980000,0.934543,0.505183,-5.476377,-0.207133,1
0.049000,0.984000,0.938534,0.507180,-4.702282,-0.174796,1
0.049200,0.988000,0.942525,0.509177,-3.854029,-0.139369,1
0.049400,0.992000,0.946516,0.511174,-2.944996,-0.101409,1
0.049600,0.996000,0.950507,0.513171,-1.989519,-0.061515,1
0.049800,1.000000,0.954499,0.515168,-1.002666,-0.020312,1
0.050000,1.000000,0.957674,0.509005,0.000000,0.021209,1
0.050200,1.000000,0.960225,0.504347,1.002666,0.062792,1
0.050400,1.000000,0.962298,0.500836,1.989519,0.103765,1
0.050600,1.000000,0.964003,0.498199,2.944996,0.143466,1
0.050800,1.000000,0.965425,0.496229,3.854029,0.181261,1
0.051000,1.000000,0.966631,0.494767,4.702282,0.216544,1
0.051200,1.000000,0.967668,0.493691,5.476377,0.248753,1
0.051400,1.000000,0.968576,0.492909,6.164106,0.277376,1
0.051600,1.000000,0.969382,0.492351,6.754623,0.301957,1
0.051800,1.000000,0.970109,0.491963,7.238616,0.322107,1
0.052000,1.000000,0.970774,0.491704,7.608452,0.337507,1
0.052200,1.000000,0.971390,0.491543,7.858298,0.347910,1
0.052400,1.000000,0.971966,0.491457,7.984214,0.353153,1
0.052600,1.000000,0.972510,0.491426,7.984214,0.353152,1
0.052800,1.000000,0.973028,0.491437,7.858298,0.347906,1
0.053000,1.000000,0.973525,0.491479,7.608452,0.337497,1
0.053200,1.000000,0.974003,0.491545,7.238616,0.322090,1
0.053400,1.000000,0.974466,0.491629,6.754623,0.301927,1
0.053600,1.000000,0.974915,0.491725,6.164106,0.277326,1
0.053800,1.000000,0.975352,0.491830,5.476377,0.248675,1
0.054000,1.000000,0.975779,0.491941,4.702282,0.216426,1
0.054200,1.000000,0.976196,0.492057,3.854029,0.181087,1
0.054400,1.000000,0.976603,0.492176,2.944996,0.143216,1
0.054600,1.000000,0.977003,0.492296,1.989519,0.103409,1
0.054800,1.000000,0.977394,0.492417,1.002666,0.062295,1
0.055000,1.000000,0.977778,0.492538,-0.000000,0.020522,1
0.055200,1.000000,0.978155,0.492659,-1.002666,-0.021250,1
0.055400,1.000000,0.978525,0.492779,-1.989519,-0.062364,1
0.055600,1.000000,0.978889,0.492897,-2.944996,-0.102171,1
0.055800,1.000000,0.979246,0.493015,-3.854029,-0.140042,1
0.056000,1.000000,0.979597,0.493131,-4.702282,-0.175381,1
0.056200,1.000000,0.979941,0.493246,-5.476377,-0.207630,1
0.056400,1.000000,0.980280,0.493358,-6.164106,-0.236281,1
0.056600,1.000000,0.980613,0.493470,-6.754623,-0.260881,1
0.056800,1.000000,0.980940,0.493579,-7.238616,-0.281043,1
0.057000,1.000000,0.981262,0.493687,-7.608452,-0.296449,1
0.057200,1.000000,0.981578,0.493793,-7.858298,-0.306854,1
0.057400,1.000000,0.981889,0.493898,-7.984214,-0.312097,1
0.057600,1.000000,0.982195,0.494000,-7.984214,-0.312092,1
0.057800,1.000000,0.982495,0.494101,-7.858298,-0.306842,1
0.058000,1.000000,0.982791,0.494201,-7.608452,-0.296427,1
0.058200,1.000000,0.983081,0.494299,-7.238616,-0.281013,1
0.058400,1.000000,0.983366,0.494395,-6.754623,-0.260843,1
0.058600,1.000000,0.983647,0.494489,-6.164106,-0.236234,1
0.058800,1.000000,0.983923,0.494582,-5.476377,-0.207575,1
0.059000,1.000000,0.984194,0.494673,-4.702282,-0.175317,1
0.059200,1.000000,0.984461,0.494763,-3.854029,-0.139969,1
0.059400,1.000000,0.984723,0.494852,-2.944996,-0.102089,1
0.059600,1.000000,0.984980,0.494938,-1.989519,-0.062274,1
0.059800,1.000000,0.985234,0.495024,-1.002666,-0.021152,1
0.060000,1.000000,0.985483,0.495108,0.000000,0.020629,1
0.060200,1.000000,0.985728,0.495190,1.002666,0.062411,1
0.060400,1.000000,0.985969,0.495271,1.989519,0.103533,1
0.060600,1.000000,0.986205,0.495351,2.944996,0.143348,1
0.060800,1.000000,0.986438,0.495430,3.854029,0.181227,1
0.061000,1.000000,0.986667,0.495507,4.702282,0.216575,1
0.061200,1.000000,0.986892,0.495582,5.476377,0.248832,1
0.061400,1.000000,0.987113,0.495657,6.164106,0.277490,1
0.061600,1.000000,0.987330,0.495730,6.754623,0.302098,1
0.061800,1.000000,0.987544,0.495802,7.238616,0.322267,1
0.062000,1.000000,0.987754,0.495873,7.608452,0.337680,1
0.062200,1.000000,0.987960,0.495943,7.858298,0.348093,1
0.062400,1.000000,0.988164,0.496011,7.984214,0.353343,1
0.062600,1.000000,0.988363,0.496078,7.984214,0.353346,1
0.062800,1.000000,0.988560,0.496145,7.858298,0.348102,1
0.063000,1.000000,0.988752,0.496210,7.608452,0.337694,1
0.063200,1.000000,0.988942,0.496274,7.238616,0.322287,1
0.063400,1.000000,0.989129,0.496336,6.754623,0.302123,1
0.063600,1.000000,0.989312,0.496398,6.164106,0.277521,1
0.063800,1.000000,0.989492,0.496459,5.476377,0.248868,1
0.064000,1.000000,0.989670,0.496519,4.702282,0.216617,1
0.064200,1.000000,0.989844,0.496577,3.854029,0.181275,1
0.064400,1.000000,0.990015,0.496635,2.944996,0.143401,1
0.064600,1.000000,0.990184,0.496692,1.989519,0.103592,1
0.064800,1.000000,0.990349,0.496748,1.002666,0.062476,1
0.065000,1.000000,0.990512,0.496803,-0.000000,0.020700,1
0.065200,1.000000,0.990672,0.496856,-1.002666,-0.021075,1
0.065400,1.000000,0.990829,0.496909,-1.989519,-0.062192,1
0.065600,1.000000,0.990984,0.496962,-2.944996,-0.102001,1
0.065800,1.000000,0.991136,0.497013,-3.854029,-0.139876,1
0.066000,1.000000,0.991286,0.497063,-4.702282,-0.175217,1
0.066200,1.000000,0.991433,0.497113,-5.476377,-0.207469,1
0.066400,1.000000,0.991577,0.497162,-6.164106,-0.236123,1
0.066600,1.000000,0.991719,0.497209,-6.754623,-0.260726,1
0.066800,1.000000,0.991859,0.497256,-7.238616,-0.280890,1
0.067000,1.000000,0.991996,0.497303,-7.608452,-0.296298,1
0.067200,1.000000,0.992131,0.497348,-7.858298,-0.306706,1
0.067400,1.000000,0.992264,0.497393,-7.984214,-0.311951,1
0.067600,1.000000,0.992395,0.497437,-7.984214,-0.311949,1
0.067800,1.000000,0.992523,0.497480,-7.858298,-0.306701,1
0.068000,1.000000,0.992649,0.497523,-7.608452,-0.296289,1
0.068200,1.000000,0.992773,0.497564,-7.238616,-0.280877,1
0.068400,1.000000,0.992895,0.497606,-6.754623,-0.260709,1
0.068600,1.000000,0.993015,0.497646,-6.164106,-0.236102,1
0.068800,1.000000,0.993133,0.497686,-5.476377,-0.207445,1
0.069000,1.000000,0.993248,0.497725,-4.702282,-0.175190,1
0.069200,1.000000,0.993362,0.497763,-3.854029,-0.139844,1
0.069400,1.000000,0.993474,0.497801,-2.944996,-0.101966,1
0.069600,1.000000,0.993584,0.497838,-1.989519,-0.062153,1
0.069800,1.000000,0.993693,0.497874,-1.002666,-0.021033,1
0.070000,1.000000,0.993799,0.497910,0.000000,0.020746,1
0.070200,1.000000,0.993904,0.497945,1.002666,0.062525,1
0.070400,1.000000,0.994006,0.497980,1.989519,0.103646,1
0.070600,1.000000,0.994107,0.498014,2.944996,0.143459,1
0.070800,1.000000,0.994207,0.498048,3.854029,0.181337,1
0.071000,1.000000,0.994305,0.498081,4.702282,0.216682,1
0.071200,1.000000,0.994401,0.498113,5.476377,0.248937,1
0.071400,1.000000,0.994495,0.498145,6.164106,0.277594,1
0.071600,1.000000,0.994588,0.498176,6.754623,0.302200,1
0.071800,1.000000,0.994679,0.498207,7.238616,0.322368,1
0.072000,1.000000,0.994769,0.498237,7.608452,0.337779,1
0.072200,1.000000,0.994857,0.498267,7.858298,0.348190,1
0.072400,1.000000,0.994944,0.498296,7.984214,0.353438,1
0.072600,1.000000,0.995029,0.498325,7.984214,0.353439,1
0.072800,1.000000,0.995113,0.498353,7.858298,0.348194,1
0.073000,1.000000,0.995196,0.498381,7.608452,0.337785,1
0.073200,1.000000,0.995277,0.498408,7.238616,0.322376,1
0.073400,1.000000,0.995356,0.498435,6.754623,0.302211,1
0.073600,1.000000,0.995435,0.498461,6.164106,0.277607,1
0.073800,1.000000,0.995512,0.498487,5.476377,0.248953,1
0.074000,1.000000,0.995587,0.498513,4.702282,0.216700,1
0.074200,1.000000,0.995662,0.498538,3.854029,0.181357,1
0.074400,1.000000,0.995735,0.498563,2.944996,0.143482,1
0.074600,1.000000,0.995807,0.498587,1.989519,0.103671,1
0.074800,1.000000,0.995878,0.498611,1.002666,0.062553,1
0.075000,1.000000,0.995947,0.498634,-0.000000,0.020776,1
0.075200,1.000000,0.996016,0.498657,-1.002666,-0.021000,1
0.075400,1.000000,0.996083,0.498680,-1.989519,-0.062118,1
0.075600,1.000000,0.996149,0.498702,-2.944996,-0.101929,1
0.075800,1.000000,0.996214,0.498724,-3.854029,-0.139804,1
0.076000,1.000000,0.996278,0.498746,-4.702282,-0.175147,1
0.076200,1.000000,0.996340,0.498767,-5.476377,-0.207400,1
0.076400,1.000000,0.996402,0.498788,-6.164106,-0.236055,1
0.076600,1.000000,0.996463,0.498808,-6.754623,-0.260659,1
0.076800,1.000000,0.996523,0.498828,-7.238616,-0.280825,1
0.077000,1.000000,0.996581,0.498848,-7.608452,-0.296234,1
0.077200,1.000000,0.996639,0.498867,-7.858298,-0.306643,1
0.077400,1.000000,0.996696,0.498886,-7.984214,-0.311889,1
0.077600,1.000000,0.996751,0.498905,-7.984214,-0.311888,1
0.077800,1.000000,0.996806,0.498924,-7.858298,-0.306641,1
0.078000,1.000000,0.996860,0.498942,-7.608452,-0.296230,1
0.078200,1.000000,0.996913,0.498960,-7.238616,-0.280819,1
0.078400,1.000000,0.996965,0.498977,-6.754623,-0.260652,1
0.078600,1.000000,0.997016,0.498994,-6.164106,-0.236046,1
0.078800,1.000000,0.997067,0.499011,-5.476377,-0.207390,1
0.079000,1.000000,0.997116,0.499028,-4.702282,-0.175136,1
0.079200,1.000000,0.997165,0.499044,-3.854029,-0.139791,1
0.079400,1.000000,0.997212,0.499061,-2.944996,-0.101914,1
0.079600,1.000000,0.997260,0.499076,-1.989519,-0.062102,1
0.079800,1.000000,0.997306,0.499092,-1.002666,-0.020982,1
0.080000,1.000000,0.997351,0.499107,-0.000000,0.020796,1
0.080200,1.000000,0.997396,0.499122,1.002666,0.062575,1
0.080400,1.000000,0.997440,0.499137,1.989519,0.103694,1
0.080600,1.000000,0.997483,0.499152,2.944996,0.143506,1
0.080800,1.000000,0.997525,0.499166,3.854029,0.181383,1
0.081000,1.000000,0.997567,0.499180,4.702282,0.216728,1
0.081200,1.000000,0.997608,0.499194,5.476377,0.248982,1
0.081400,1.000000,0.997649,0.499208,6.164106,0.277638,1
0.081600,1.000000,0.997688,0.499221,6.754623,0.302244,1
0.081800,1.000000,0.997727,0.499234,7.238616,0.322410,1
0.082000,1.000000,0.997766,0.499247,7.608452,0.337821,1
0.082200,1.000000,0.997803,0.499260,7.858298,0.348232,1
0.082400,1.000000,0.997840,0.499272,7.984214,0.353479,1
0.082600,1.000000,0.997877,0.499284,7.984214,0.353479,1
0.082800,1.000000,0.997913,0.499297,7.858298,0.348233,1
0.083000,1.000000,0.997948,0.499308,7.608452,0.337823,1
0.083200,1.000000,0.997982,0.499320,7.238616,0.322414,1
0.083400,1.000000,0.998016,0.499332,6.754623,0.302248,1
0.083600,1.000000,0.998050,0.499343,6.164106,0.277644,1
0.083800,1.000000,0.998083,0.499354,5.476377,0.248989,1
0.084000,1.000000,0.998115,0.499365,4.702282,0.216735,1
0.084200,1.000000,0.998147,0.499376,3.854029,0.181392,1
0.084400,1.000000,0.998178,0.499386,2.944996,0.143516,1
0.084600,1.000000,0.998209,0.499396,1.989519,0.103705,1
0.084800,1.000000,0.998239,0.499407,1.002666,0.062586,1
0.085000,1.000000,0.998269,0.499417,-0.000000,0.020809,1
0.085200,1.000000,0.998298,0.499426,-1.002666,-0.020968,1
0.085400,1.000000,0.998327,0.499436,-1.989519,-0.062087,1
0.085600,1.000000,0.998355,0.499446,-2.944996,-0.101898,1
0.085800,1.000000,0.998383,0.499455,-3.854029,-0.139774,1
0.086000,1.000000,0.998410,0.499464,-4.702282,-0.175117,1
0.086200,1.000000,0.998437,0.499473,-5.476377,-0.207371,1
0.086400,1.000000,0.998463,0.499482,-6.164106,-0.236026,1
0.086600,1.000000,0.998489,0.499491,-6.754623,-0.260631,1
0.086800,1.000000,0.998515,0.499499,-7.238616,-0.280797,1
0.087000,1.000000,0.998540,0.499508,-7.608452,-0.296206,1
0.087200,1.000000,0.998564,0.499516,-7.858298,-0.306616,1
0.087400,1.000000,0.998588,0.499524,-7.984214,-0.311862,1
0.087600,1.000000,0.998612,0.499532,-7.984214,-0.311862,1
0.087800,1.000000,0.998636,0.499540,-7.858298,-0.306615,1
0.088000,1.000000,0.998659,0.499548,-7.608452,-0.296204,1
0.088200,1.000000,0.998681,0.499556,-7.238616,-0.280794,1
0.088400,1.000000,0.998704,0.499563,-6.754623,-0.260628,1
0.088600,1.000000,0.998725,0.499570,-6.164106,-0.236022,1
0.088800,1.000000,0.998747,0.499578,-5.476377,-0.207367,1
0.089000,1.000000,0.998768,0.499585,-4.702282,-0.175112,1
0.089200,1.000000,0.998789,0.499592,-3.854029,-0.139768,1
0.089400,1.000000,0.998809,0.499599,-2.944996,-0.101892,1
0.089600,1.000000,0.998829,0.499606,-1.989519,-0.062080,1
0.089800,1.000000,0.998849,0.499612,-1.002666,-0.020961,1
0.090000,1.000000,0.998869,0.499619,0.000000,0.020817,1
0.090200,1.000000,0.998888,0.499625,1.002666,0.062595,1
0.090400,1.000000,0.998906,0.499631,1.989519,0.103715,1
0.090600,1.000000,0.998925,0.499638,2.944996,0.143526,1
0.090800,1.000000,0.998943,0.499644,3.854029,0.181403,1
0.091000,1.000000,0.998961,0.499650,4.702282,0.216747,1
0.091200,1.000000,0.998978,0.499656,5.476377,0.249001,1
0.091400,1.000000,0.998996,0.499662,6.164106,0.277657,1
0.091600,1.000000,0.999013,0.499667,6.754623,0.302262,1
0.091800,1.000000,0.999029,0.499673,7.238616,0.322429,1
0.092000,1.000000,0.999046,0.499678,7.608452,0.337839,1
0.092200,1.000000,0.999062,0.499684,7.858298,0.348249,1
0.092400,1.000000,0.999077,0.499689,7.984214,0.353496,1
0.092600,1.000000,0.999093,0.499694,7.984214,0.353496,1
0.092800,1.000000,0.999108,0.499700,7.858298,0.348250,1
0.093000,1.000000,0.999123,0.499705,7.608452,0.337840,1
0.093200,1.000000,0.999138,0.499710,7.238616,0.322430,1
0.093400,1.000000,0.999153,0.499714,6.754623,0.302264,1
0.093600,1.000000,0.999167,0.499719,6.164106,0.277659,1
0.093800,1.000000,0.999181,0.499724,5.476377,0.249004,1
0.094000,1.000000,0.999195,0.499729,4.702282,0.216750,1
0.094200,1.000000,0.999208,0.499733,3.854029,0.181407,1
0.094400,1.000000,0.999222,0.499738,2.944996,0.143531,1
0.094600,1.000000,0.999235,0.499742,1.989519,0.103719,1
0.094800,1.000000,0.999248,0.499747,1.002666,0.062601,1
0.095000,1.000000,0.999261,0.499751,-0.000000,0.020823,1
0.095200,1.000000,0.999273,0.499755,-1.002666,-0.020955,1
0.095400,1.000000,0.999285,0.499759,-1.989519,-0.062073,1
0.095600,1.000000,0.999297,0.499763,-2.944996,-0.101885,1
0.095800,1.000000,0.999309,0.499767,-3.854029,-0.139761,1
0.096000,1.000000,0.999321,0.499771,-4.702282,-0.175105,1
0.096200,1.000000,0.999332,0.499775,-5.476377,-0.207358,1
0.096400,1.000000,0.999344,0.499779,-6.164106,-0.236014,1
0.096600,1.000000,0.999355,0.499783,-6.754623,-0.260618,1
0.096800,1.000000,0.999365,0.499786,-7.238616,-0.280785,1
0.097000,1.000000,0.999376,0.499790,-7.608452,-0.296194,1
0.097200,1.000000,0.999387,0.499793,-7.858298,-0.306604,1
0.097400,1.000000,0.999397,0.499797,-7.984214,-0.311851,1
0.097600,1.000000,0.999407,0.499800,-7.984214,-0.311851,1
0.097800,1.000000,0.999417,0.499804,-7.858298,-0.306604,1
0.098000,1.000000,0.999427,0.499807,-7.608452,-0.296194,1
0.098200,1.000000,0.999437,0.499810,-7.238616,-0.280784,1
0.098400,1.000000,0.999446,0.499813,-6.754623,-0.260617,1
0.098600,1.000000,0.999456,0.499817,-6.164106,-0.236012,1
0.098800,1.000000,0.999465,0.499820,-5.476377,-0.207357,1
0.099000,1.000000,0.999474,0.499823,-4.702282,-0.175102,1
0.099200,1.000000,0.999483,0.499826,-3.854029,-0.139758,1
0.099400,1.000000,0.999491,0.499829,-2.944996,-0.101882,1
0.099600,1.000000,0.999500,0.499831,-1.989519,-0.062070,1
0.099800,1.000000,0.999508,0.499834,-1.002666,-0.020951,1
0.100000,1.000000,0.999517,0.499837,0.000000,0.020827,1
0.100200,1.000000,0.999525,0.499840,1.002666,0.062604,1
0.100400,1.000000,0.999533,0.499843,1.989519,0.103723,1
0.100600,1.000000,0.999541,0.499845,2.944996,0.143535,1
0.100800,1.000000,0.999548,0.499848,3.854029,0.181412,1
0.101000,1.000000,0.999556,0.499850,4.702282,0.216756,1
0.101200,1.000000,0.999564,0.499853,5.476377,0.249010,1
0.101400,1.000000,0.999571,0.499855,6.164106,0.277665,1
0.101600,1.000000,0.999578,0.499858,6.754623,0.302270,1
0.101800,1.000000,0.999585,0.499860,7.238616,0.322437,1
0.102000,1.000000,0.999592,0.499863,7.608452,0.337846,1
0.102200,1.000000,0.999599,0.499865,7.858298,0.348257,1
0.102400,1.000000,0.999606,0.499867,7.984214,0.353503,1
0.102600,1.000000,0.999613,0.499869,7.984214,0.353503,1
0.102800,1.000000,0.999619,0.499872,7.858298,0.348257,1
0.103000,1.000000,0.999626,0.499874,7.608452,0.337847,1
0.103200,1.000000,0.999632,0.499876,7.238616,0.322437,1
0.103400,1.000000,0.999638,0.499878,6.754623,0.302271,1
0.103600,1.000000,0.999644,0.499880,6.164106,0.277666,1
0.103800,1.000000,0.999650,0.499882,5.476377,0.249011,1
0.104000,1.000000,0.999656,0.499884,4.702282,0.216757,1
0.104200,1.000000,0.999662,0.499886,3.854029,0.181413,1
0.104400,1.000000,0.999668,0.499888,2.944996,0.143537,1
0.104600,1.000000,0.999673,0.499890,1.989519,0.103725,1
0.104800,1.000000,0.999679,0.499892,1.002666,0.062607,1
0.105000,1.000000,0.999684,0.499894,-0.000000,0.020829,1
0.105200,1.000000,0.999689,0.499895,-1.002666,-0.020949,1
0.105400,1.000000,0.999695,0.499897,-1.989519,-0.062068,1
0.105600,1.000000,0.999700,0.499899,-2.944996,-0.101879,1
0.105800,1.000000,0.999705,0.499901,-3.854029,-0.139755,1
0.106000,1.000000,0.999710,0.499902,-4.702282,-0.175099,1
0.106200,1.000000,0.999715,0.499904,-5.476377,-0.207353,1
0.106400,1.000000,0.999720,0.499906,-6.164106,-0.236008,1
0.106600,1.000000,0.999724,0.499907,-6.754623,-0.260613,1
0.106800,1.000000,0.999729,0.499909,-7.238616,-0.280779,1
0.107000,1.000000,0.999734,0.499910,-7.608452,-0.296189,1
0.107200,1.000000,0.999738,0.499912,-7.858298,-0.306599,1
0.107400,1.000000,0.999742,0.499913,-7.984214,-0.311846,1
0.107600,1.000000,0.999747,0.499915,-7.984214,-0.311846,1
0.107800,1.000000,0.999751,0.499916,-7.858298,-0.306599,1
0.108000,1.000000,0.999755,0.499918,-7.608452,-0.296189,1
0.108200,1.000000,0.999759,0.499919,-7.238616,-0.280779,1
0.108400,1.000000,0.999763,0.499920,-6.754623,-0.260613,1
0.108600,1.000000,0.999767,0.499922,-6.164106,-0.236008,1
0.108800,1.000000,0.999771,0.499923,-5.476377,-0.207352,1
0.109000,1.000000,0.999775,0.499924,-4.702282,-0.175098,1
0.109200,1.000000,0.999779,0.499926,-3.854029,-0.139754,1
0.109400,1.000000,0.999783,0.499927,-2.944996,-0.101878,1
0.109600,1.000000,0.999786,0.499928,-1.989519,-0.062066,1
0.109800,1.000000,0.999790,0.499929,-1.002666,-0.020947,1
0.110000,1.000000,0.999794,0.499930,0.000000,0.020830,1
0.110200,1.000000,0.999797,0.499932,1.002666,0.062608,1
0.110400,1.000000,0.999800,0.499933,1.989519,0.103727,1
0.110600,1.000000,0.999804,0.499934,2.944996,0.143539,1
0.110800,1.000000,0.999807,0.499935,3.854029,0.181415,1
0.111000,1.000000,0.999810,0.499936,4.702282,0.216759,1
0.111200,1.000000,0.999814,0.499937,5.476377,0.249013,1
0.111400,1.000000,0.999817,0.499938,6.164106,0.277669,1
0.111600,1.000000,0.999820,0.499939,6.754623,0.302273,1
0.111800,1.000000,0.999823,0.499940,7.238616,0.322440,1
0.112000,1.000000,0.999826,0.499941,7.608452,0.337850,1
0.112200,1.000000,0.999829,0.499942,7.858298,0.348260,1
0.112400,1.000000,0.999832,0.499943,7.984214,0.353507,1
0.112600,1.000000,0.999835,0.499944,7.984214,0.353507,1
0.112800,1.000000,0.999837,0.499945,7.858298,0.348260,1
0.113000,1.000000,0.999840,0.499946,7.608452,0.337850,1
0.113200,1.000000,0.999843,0.499947,7.238616,0.322440,1
0.113400,1.000000,0.999845,0.499948,6.754623,0.302274,1
0.113600,1.000000,0.999848,0.499949,6.164106,0.277669,1
0.113800,1.000000,0.999851,0.499950,5.476377,0.249014,1
0.114000,1.000000,0.999853,0.499950,4.702282,0.216760,1
0.114200,1.000000,0.999856,0.499951,3.854029,0.181416,1
0.114400,1.000000,0.999858,0.499952,2.944996,0.143540,1
0.114600,1.000000,0.999860,0.499953,1.989519,0.103728,1
0.114800,1.000000,0.999863,0.499954,1.002666,0.062609,1
0.115000,1.000000,0.999865,0.499955,-0.000000,0.020831,1
0.115200,1.000000,0.999867,0.499955,-1.002666,-0.020946,1
0.115400,1.000000,0.999870,0.499956,-1.989519,-0.062065,1
0.115600,1.000000,0.999872,0.499957,-2.944996,-0.101877,1
0.115800,1.000000,0.999874,0.499958,-3.854029,-0.139753,1
0.116000,1.000000,0.999876,0.499958,-4.702282,-0.175097,1
0.116200,1.000000,0.999878,0.499959,-5.476377,-0.207351,1
0.116400,1.000000,0.999880,0.499960,-6.164106,-0.236006,1
0.116600,1.000000,0.999882,0.499960,-6.754623,-0.260611,1
0.116800,1.000000,0.999884,0.499961,-7.238616,-0.280777,1
0.117000,1.000000,0.999886,0.499962,-7.608452,-0.296187,1
0.117200,1.000000,0.999888,0.499962,-7.858298,-0.306597,1
0.117400,1.000000,0.999890,0.499963,-7.984214,-0.311844,1
0.117600,1.000000,0.999892,0.499964,-7.984214,-0.311844,1
0.117800,1.000000,0.999894,0.499964,-7.858298,-0.306597,1
0.118000,1.000000,0.999895,0.499965,-7.608452,-0.296187,1
0.118200,1.000000,0.999897,0.499965,-7.238616,-0.280777,1
0.118400,1.000000,0.999899,0.499966,-6.754623,-0.260611,1
0.118600,1.000000,0.999901,0.499967,-6.164106,-0.236006,1
0.118800,1.000000,0.999902,0.499967,-5.476377,-0.207350,1
0.119000,1.000000,0.999904,0.499968,-4.702282,-0.175096,1
0.119200,1.000000,0.999906,0.499968,-3.854029,-0.139753,1
0.119400,1.000000,0.999907,0.499969,-2.944996,-0.101876,1
0.119600,1.000000,0.999909,0.499969,-1.989519,-0.062065,1
0.119800,1.000000,0.999910,0.499970,-1.002666,-0.020946,1
0.120000,1.000000,0.999912,0.499970,0.000000,0.020832,1
0.120200,1.000000,0.999913,0.499971,1.002666,0.062610,1
0.120400,1.000000,0.999915,0.499971,1.989519,0.103729,1
0.120600,1.000000,0.999916,0.499972,2.944996,0.143540,1
0.120800,1.000000,0.999918,0.499972,3.854029,0.181417,1
0.121000,1.000000,0.999919,0.499973,4.702282,0.216761,1
0.121200,1.000000,0.999920,0.499973,5.476377,0.249015,1
0.121400,1.000000,0.999922,0.499974,6.164106,0.277670,1
0.121600,1.000000,0.999923,0.499974,6.754623,0.302275,1
0.121800,1.000000,0.999924,0.499975,7.238616,0.322441,1
0.122000,1.000000,0.999926,0.499975,7.608452,0.337851,1
0.122200,1.000000,0.999927,0.499975,7.858298,0.348261,1
0.122400,1.000000,0.999928,0.499976,7.984214,0.353508,1
0.122600,1.000000,0.999929,0.499976,7.984214,0.353508,1
0.122800,1.000000,0.999931,0.499977,7.858298,0.348261,1
0.123000,1.000000,0.999932,0.499977,7.608452,0.337851,1
0.123200,1.000000,0.999933,0.499977,7.238616,0.322441,1
0.123400,1.000000,0.999934,0.499978,6.754623,0.302275,1
0.123600,1.000000,0.999935,0.499978,6.164106,0.277670,1
0.123800,1.000000,0.999936,0.499978,5.476377,0.249015,1
0.124000,1.000000,0.999937,0.499979,4.702282,0.216761,1
0.124200,1.000000,0.999938,0.499979,3.854029,0.181417,1
0.124400,1.000000,0.999939,0.499980,2.944996,0.143541,1
0.124600,1.000000,0.999940,0.499980,1.989519,0.103729,1
0.124800,1.000000,0.999941,0.499980,1.002666,0.062610,1
0.125000,1.000000,0.999942,0.499981,-0.000000,0.020833,1
0.125200,1.000000,0.999943,0.499981,-1.002666,-0.020945,1
0.125400,1.000000,0.999944,0.499981,-1.989519,-0.062064,1
0.125600,1.000000,0.999945,0.499982,-2.944996,-0.101876,1
0.125800,1.000000,0.999946,0.499982,-3.854029,-0.139752,1
0.126000,1.000000,0.999947,0.499982,-4.702282,-0.175096,1
0.126200,1.000000,0.999948,0.499982,-5.476377,-0.207350,1
0.126400,1.000000,0.999949,0.499983,-6.164106,-0.236005,1
0.126600,1.000000,0.999950,0.499983,-6.754623,-0.260610,1
0.126800,1.000000,0.999951,0.499983,-7.238616,-0.280776,1
0.127000,1.000000,0.999951,0.499984,-7.608452,-0.296186,1
0.127200,1.000000,0.999952,0.499984,-7.858298,-0.306596,1
0.127400,1.000000,0.999953,0.499984,-7.984214,-0.311843,1
0.127600,1.000000,0.999954,0.499984,-7.984214,-0.311843,1
0.127800,1.000000,0.999955,0.499985,-7.858298,-0.306596,1
0.128000,1.000000,0.999955,0.499985,-7.608452,-0.296186,1
0.128200,1.000000,0.999956,0.499985,-7.238616,-0.280776,1
0.128400,1.000000,0.999957,0.499985,-6.754623,-0.260610,1
0.128600,1.000000,0.999958,0.499986,-6.164106,-0.236005,1
0.128800,1.000000,0.999958,0.499986,-5.476377,-0.207350,1
0.129000,1.000000,0.999959,0.499986,-4.702282,-0.175096,1
0.129200,1.000000,0.999960,0.499986,-3.854029,-0.139752,1
0.129400,1.000000,0.999960,0.499987,-2.944996,-0.101875,1
0.129600,1.000000,0.999961,0.499987,-1.989519,-0.062064,1
0.129800,1.000000,0.999962,0.499987,-1.002666,-0.020945,1
0.130000,1.000000,0.999962,0.499987,0.000000,0.020833,1
0.130200,1.000000,0.999963,0.499988,1.002666,0.062611,1
0.130400,1.000000,0.999964,0.499988,1.989519,0.103729,1
0.130600,1.000000,0.999964,0.499988,2.944996,0.143541,1
0.130800,1.000000,0.999965,0.499988,3.854029,0.181417,1
0.131000,1.000000,0.999965,0.499988,4.702282,0.216761,1
0.131200,1.000000,0.999966,0.499989,5.476377,0.249015,1
0.131400,1.000000,0.999967,0.499989,6.164106,0.277671,1
0.131600,1.000000,0.999967,0.499989,6.754623,0.302276,1
0.131800,1.000000,0.999968,0.499989,7.238616,0.322442,1
0.132000,1.000000,0.999968,0.499989,7.608452,0.337852,1
0.132200,1.000000,0.999969,0.499989,7.858298,0.348262,1
0.132400,1.000000,0.999969,0.499990,7.984214,0.353508,1
0.132600,1.000000,0.999970,0.499990,7.984214,0.353508,1
0.132800,1.000000,0.999970,0.499990,7.858298,0.348262,1
0.133000,1.000000,0.999971,0.499990,7.608452,0.337852,1
0.133200,1.000000,0.999971,0.499990,7.238616,0.322442,1
0.133400,1.000000,0.999972,0.499990,6.754623,0.302276,1
0.133600,1.000000,0.999972,0.499991,6.164106,0.277671,1
0.133800,1.000000,0.999973,0.499991,5.476377,0.249015,1
0.134000,1.000000,0.999973,0.499991,4.702282,0.216761,1
0.134200,1.000000,0.999974,0.499991,3.854029,0.181418,1
0.134400,1.000000,0.999974,0.499991,2.944996,0.143541,1
0.134600,1.000000,0.999975,0.499991,1.989519,0.103730,1
0.134800,1.000000,0.999975,0.499992,1.002666,0.062611,1
0.135000,1.000000,0.999975,0.499992,-0.000000,0.020833,1
0.135200,1.000000,0.999976,0.499992,-1.002666,-0.020945,1
0.135400,1.000000,0.999976,0.499992,-1.989519,-0.062064,1
0.135600,1.000000,0.999977,0.499992,-2.944996,-0.101875,1
0.135800,1.000000,0.999977,0.499992,-3.854029,-0.139752,1
0.136000,1.000000,0.999977,0.499992,-4.702282,-0.175095,1
0.136200,1.000000,0.999978,0.499993,-5.476377,-0.207349,1
0.136400,1.000000,0.999978,0.499993,-6.164106,-0.236005,1
0.136600,1.000000,0.999979,0.499993,-6.754623,-0.260610,1
0.136800,1.000000,0.999979,0.499993,-7.238616,-0.280776,1
0.137000,1.000000,0.999979,0.499993,-7.608452,-0.296186,1
0.137200,1.000000,0.999980,0.499993,-7.858298,-0.306596,1
0.137400,1.000000,0.999980,0.499993,-7.984214,-0.311843,1
0.137600,1.000000,0.999980,0.499993,-7.984214,-0.311843,1
0.137800,1.000000,0.999981,0.499993,-7.858298,-0.306596,1
0.138000,1.000000,0.999981,0.499994,-7.608452,-0.296186,1
0.138200,1.000000,0.999981,0.499994,-7.238616,-0.280776,1
0.138400,1.000000,0.999982,0.499994,-6.754623,-0.260610,1
0.138600,1.000000,0.999982,0.499994,-6.164106,-0.236005,1
0.138800,1.000000,0.999982,0.499994,-5.476377,-0.207349,1
0.139000,1.000000,0.999982,0.499994,-4.702282,-0.175095,1
0.139200,1.000000,0.999983,0.499994,-3.854029,-0.139751,1
0.139400,1.000000,0.999983,0.499994,-2.944996,-0.101875,1
0.139600,1.000000,0.999983,0.499994,-1.989519,-0.062064,1
0.139800,1.000000,0.999984,0.499994,-1.002666,-0.020945,1
0.140000,1.000000,0.999984,0.499995,0.000000,0.020833,1
0.140200,1.000000,0.999984,0.499995,1.002666,0.062611,1
0.140400,1.000000,0.999984,0.499995,1.989519,0.103730,1
0.140600,1.000000,0.999985,0.499995,2.944996,0.143541,1
0.140800,1.000000,0.999985,0.499995,3.854029,0.181418,1
0.141000,1.000000,0.999985,0.499995,4.702282,0.216762,1
0.141200,1.000000,0.999985,0.499995,5.476377,0.249015,1
0.141400,1.000000,0.999986,0.499995,6.164106,0.277671,1
0.141600,1.000000,0.999986,0.499995,6.754623,0.302276,1
0.141800,1.000000,0.999986,0.499995,7.238616,0.322442,1
0.142000,1.000000,0.999986,0.499995,7.608452,0.337852,1
0.142200,1.000000,0.999987,0.499996,7.858298,0.348262,1
0.142400,1.000000,0.999987,0.499996,7.984214,0.353509,1
0.142600,1.000000,0.999987,0.499996,7.984214,0.353509,1
0.142800,1.000000,0.999987,0.499996,7.858298,0.348262,1
0.143000,1.000000,0.999988,0.499996,7.608452,0.337852,1
0.143200,1.000000,0.999988,0.499996,7.238616,0.322442,1
0.143400,1.000000,0.999988,0.499996,6.754623,0.302276,1
0.143600,1.000000,0.999988,0.499996,6.164106,0.277671,1
0.143800,1.000000,0.999988,0.499996,5.476377,0.249016,1
0.144000,1.000000,0.999989,0.499996,4.702282,0.216762,1
0.144200,1.000000,0.999989,0.499996,3.854029,0.181418,1
0.144400,1.000000,0.999989,0.499996,2.944996,0.143541,1
0.144600,1.000000,0.999989,0.499996,1.989519,0.103730,1
0.144800,1.000000,0.999989,0.499996,1.002666,0.062611,1
0.145000,1.000000,0.999989,0.499996,-0.000000,0.020833,1
0.145200,1.000000,0.999990,0.499997,-1.002666,-0.020945,1
0.145400,1.000000,0.999990,0.499997,-1.989519,-0.062063,1
0.145600,1.000000,0.999990,0.499997,-2.944996,-0.101875,1
0.145800,1.000000,0.999990,0.499997,-3.854029,-0.139751,1
0.146000,1.000000,0.999990,0.499997,-4.702282,-0.175095,1
0.146200,1.000000,0.999991,0.499997,-5.476377,-0.207349,1
0.146400,1.000000,0.999991,0.499997,-6.164106,-0.236005,1
0.146600,1.000000,0.999991,0.499997,-6.754623,-0.260609,1
0.146800,1.000000,0.999991,0.499997,-7.238616,-0.280776,1
0.147000,1.000000,0.999991,0.499997,-7.608452,-0.296186,1
0.147200,1.000000,0.999991,0.499997,-7.858298,-0.306596,1
0.147400,1.000000,0.999991,0.499997,-7.984214,-0.311842,1
0.147600,1.000000,0.999992,0.499997,-7.984214,-0.311842,1
0.147800,1.000000,0.999992,0.499997,-7.858298,-0.306596,1
0.148000,1.000000,0.999992,0.499997,-7.608452,-0.296186,1
0.148200,1.000000,0.999992,0.499997,-7.238616,-0.280776,1
0.148400,1.000000,0.999992,0.499997,-6.754623,-0.260609,1
0.148600,1.000000,0.999992,0.499997,-6.164106,-0.236005,1
0.148800,1.000000,0.999992,0.499997,-5.476377,-0.207349,1
0.149000,1.000000,0.999993,0.499997,-4.702282,-0.175095,1
0.149200,1.000000,0.999993,0.499998,-3.854029,-0.139751,1
0.149400,1.000000,0.999993,0.499998,-2.944996,-0.101875,1
0.149600,1.000000,0.999993,0.499998,-1.989519,-0.062063,1
0.149800,1.000000,0.999993,0.499998,-1.002666,-0.020945,1
0.150000,1.000000,0.999993,0.499998,0.000000,0.020833,1
0.150200,1.000000,0.999993,0.499998,1.002666,0.062611,1
0.150400,1.000000,0.999993,0.499998,1.989519,0.103730,1
0.150600,1.000000,0.999993,0.499998,2.944996,0.143541,1
0.150800,1.000000,0.999994,0.499998,3.854029,0.181418,1
0.151000,1.000000,0.999994,0.499998,4.702282,0.216762,1
0.151200,1.000000,0.999994,0.499998,5.476377,0.249016,1
0.151400,1.000000,0.999994,0.499998,6.164106,0.277671,1
0.151600,1.000000,0.999994,0.499998,6.754623,0.302276,1
0.151800,1.000000,0.999994,0.499998,7.238616,0.322442,1
0.152000,1.000000,0.999994,0.499998,7.608452,0.337852,1
0.152200,1.000000,0.999994,0.499998,7.858298,0.348262,1
0.152400,1.000000,0.999994,0.499998,7.984214,0.353509,1
0.152600,1.000000,0.999994,0.499998,7.984214,0.353509,1
0.152800,1.000000,0.999995,0.499998,7.858298,0.348262,1
0.153000,1.000000,0.999995,0.499998,7.608452,0.337852,1
0.153200,1.000000,0.999995,0.499998,7.238616,0.322442,1
0.153400,1.000000,0.999995,0.499998,6.754623,0.302276,1
0.153600,1.000000,0.999995,0.499998,6.164106,0.277671,1
0.153800,1.000000,0.999995,0.499998,5.476377,0.249016,1
0.154000,1.000000,0.999995,0.499998,4.702282,0.216762,1
0.154200,1.000000,0.999995,0.499998,3.854029,0.181418,1
0.154400,1.000000,0.999995,0.499998,2.944996,0.143541,1
0.154600,1.000000,0.999995,0.499998,1.989519,0.103730,1
0.154800,1.000000,0.999995,0.499998,1.002666,0.062611,1
0.155000,1.000000,0.999996,0.499998,-0.000000,0.020833,1
0.155200,1.000000,0.999996,0.499999,-1.002666,-0.020944,1
0.155400,1.000000,0.999996,0.499999,-1.989519,-0.062063,1
0.155600,1.000000,0.999996,0.499999,-2.944996,-0.101875,1
0.155800,1.000000,0.999996,0.499999,-3.854029,-0.139751,1
0.156000,1.000000,0.999996,0.499999,-4.702282,-0.175095,1
0.156200,1.000000,0.999996,0.499999,-5.476377,-0.207349,1
0.156400,1.000000,0.999996,0.499999,-6.164106,-0.236004,1
0.156600,1.000000,0.999996,0.499999,-6.754623,-0.260609,1
0.156800,1.000000,0.999996,0.499999,-7.238616,-0.280776,1
0.157000,1.000000,0.999996,0.499999,-7.608452,-0.296186,1
0.157200,1.000000,0.999996,0.499999,-7.858298,-0.306596,1
0.157400,1.000000,0.999996,0.499999,-7.984214,-0.311842,1
0.157600,1.000000,0.999996,0.499999,-7.984214,-0.311842,1
0.157800,1.000000,0.999996,0.499999,-7.858298,-0.306596,1
0.158000,1.000000,0.999997,0.499999,-7.608452,-0.296186,1
0.158200,1.000000,0.999997,0.499999,-7.238616,-0.280776,1
0.158400,1.000000,0.999997,0.499999,-6.754623,-0.260609,1
0.158600,1.000000,0.999997,0.499999,-6.164106,-0.236004,1
0.158800,1.000000,0.999997,0.499999,-5.476377,-0.207349,1
0.159000,1.000000,0.999997,0.499999,-4.702282,-0.175095,1
0.159200,1.000000,0.999997,0.499999,-3.854029,-0.139751,1
0.159400,1.000000,0.999997,0.499999,-2.944996,-0.101875,1
0.159600,1.000000,0.999997,0.499999,-1.989519,-0.062063,1
0.159800,1.000000,0.999997,0.499999,-1.002666,-0.020944,1
0.160000,1.000000,0.999997,0.499999,-0.000000,0.020833,1
0.160200,1.000000,0.999997,0.499999,1.002666,0.062611,1
0.160400,1.000000,0.999997,0.499999,1.989519,0.103730,1
0.160600,1.000000,0.999997,0.499999,2.944996,0.143541,1
0.160800,1.000000,0.999997,0.499999,3.854029,0.181418,1
0.161000,1.000000,0.999997,0.499999,4.702282,0.216762,1
0.161200,1.000000,0.999997,0.499999,5.476377,0.249016,1
0.161400,1.000000,0.999997,0.499999,6.164106,0.277671,1
0.161600,1.000000,0.999997,0.499999,6.754623,0.302276,1
0.161800,1.000000,0.999997,0.499999,7.238616,0.322442,1
0.162000,1.000000,0.999998,0.499999,7.608452,0.337852,1
0.162200,1.000000,0.999998,0.499999,7.858298,0.348262,1
0.162400,1.000000,0.999998,0.499999,7.984214,0.353509,1
0.162600,1.000000,0.999998,0.499999,7.984214,0.353509,1
0.162800,1.000000,0.999998,0.499999,7.858298,0.348262,1
0.163000,1.000000,0.999998,0.499999,7.608452,0.337852,1
0.163200,1.000000,0.999998,0.499999,7.238616,0.322442,1
0.163400,1.000000,0.999998,0.499999,6.754623,0.302276,1
0.163600,1.000000,0.999998,0.499999,6.164106,0.277671,1
0.163800,1.000000,0.999998,0.499999,5.476377,0.249016,1
0.164000,1.000000,0.999998,0.499999,4.702282,0.216762,1
0.164200,1.000000,0.999998,0.499999,3.854029,0.181418,1
0.164400,1.000000,0.999998,0.499999,2.944996,0.143541,1
0.164600,1.000000,0.999998,0.499999,1.989519,0.103730,1
0.164800,1.000000,0.999998,0.499999,1.002666,0.062611,1
0.165000,1.000000,0.999998,0.499999,0.000000,0.020833,1
0.165200,1.000000,0.999998,0.499999,-1.002666,-0.020944,1
0.165400,1.000000,0.999998,0.499999,-1.989519,-0.062063,1
0.165600,1.000000,0.999998,0.499999,-2.944996,-0.101875,1
0.165800,1.000000,0.999998,0.499999,-3.854029,-0.139751,1
0.166000,1.000000,0.999998,0.499999,-4.702282,-0.175095,1
0.166200,1.000000,0.999998,0.499999,-5.476377,-0.207349,1
0.166400,1.000000,0.999998,0.499999,-6.164106,-0.236004,1
0.166600,1.000000,0.999998,0.499999,-6.754623,-0.260609,1
0.166800,1.000000,0.999998,0.499999,-7.238616,-0.280776,1
0.167000,1.000000,0.999998,0.499999,-7.608452,-0.296186,1
0.167200,1.000000,0.999998,0.499999,-7.858298,-0.306596,1
0.167400,1.000000,0.999998,0.499999,-7.984214,-0.311842,1
0.167600,1.000000,0.999998,0.499999,-7.984214,-0.311842,1
0.167800,1.000000,0.999998,0.499999,-7.858298,-0.306596,1
0.168000,1.000000,0.999999,0.499999,-7.608452,-0.296186,1
0.168200,1.000000,0.999999,0.500000,-7.238616,-0.280776,1
0.168400,1.000000,0.999999,0.500000,-6.754623,-0.260609,1
0.168600,1.000000,0.999999,0.500000,-6.164106,-0.236004,1
0.168800,1.000000,0.999999,0.500000,-5.476377,-0.207349,1
0.169000,1.000000,0.999999,0.500000,-4.702282,-0.175095,1
0.169200,1.000000,0.999999,0.500000,-3.854029,-0.139751,1
0.169400,1.000000,0.999999,0.500000,-2.944996,-0.101875,1
0.169600,1.000000,0.999999,0.500000,-1.989519,-0.062063,1
0.169800,1.000000,0.999999,0.500000,-1.002666,-0.020944,1
0.170000,1.000000,0.999999,0.500000,0.000000,0.020833,1
0.170200,1.000000,0.999999,0.500000,1.002666,0.062611,1
0.170400,1.000000,0.999999,0.500000,1.989519,0.103730,1
0.170600,1.000000,0.999999,0.500000,2.944996,0.143542,1
0.170800,1.000000,0.999999,0.500000,3.854029,0.181418,1
0.171000,1.000000,0.999999,0.500000,4.702282,0.216762,1
0.171200,1.000000,0.999999,0.500000,5.476377,0.249016,1
0.171400,1.000000,0.999999,0.500000,6.164106,0.277671,1
0.171600,1.000000,0.999999,0.500000,6.754623,0.302276,1
0.171800,1.000000,0.999999,0.500000,7.238616,0.322442,1
0.172000,1.000000,0.999999,0.500000,7.608452,0.337852,1
0.172200,1.000000,0.999999,0.500000,7.858298,0.348262,1
0.172400,1.000000,0.999999,0.500000,7.984214,0.353509,1
0.172600,1.000000,0.999999,0.500000,7.984214,0.353509,1
0.172800,1.000000,0.999999,0.500000,7.858298,0.348262,1
0.173000,1.000000,0.999999,0.500000,7.608452,0.337852,1
0.173200,1.000000,0.999999,0.500000,7.238616,0.322442,1
0.173400,1.000000,0.999999,0.500000,6.754623,0.302276,1
0.173600,1.000000,0.999999,0.500000,6.164106,0.277671,1
0.173800,1.000000,0.999999,0.500000,5.476377,0.249016,1
0.174000,1.000000,0.999999,0.500000,4.702282,0.216762,1
0.174200,1.000000,0.999999,0.500000,3.854029,0.181418,1
0.174400,1.000000,0.999999,0.500000,2.944996,0.143542,1
0.174600,1.000000,0.999999,0.500000,1.989519,0.103730,1
0.174800,1.000000,0.999999,0.500000,1.002666,0.062611,1
0.175000,1.000000,0.999999,0.500000,-0.000000,0.020833,1
0.175200,1.000000,0.999999,0.500000,-1.002666,-0.020944,1
0.175400,1.000000,0.999999,0.500000,-1.989519,-0.062063,1
0.175600,1.000000,0.999999,0.500000,-2.944996,-0.101875,1
0.175800,1.000000,0.999999,0.500000,-3.854029,-0.139751,1
0.176000,1.000000,0.999999,0.500000,-4.702282,-0.175095,1
0.176200,1.000000,0.999999,0.500000,-5.476377,-0.207349,1
0.176400,1.000000,0.999999,0.500000,-6.164106,-0.236004,1
0.176600,1.000000,0.999999,0.500000,-6.754623,-0.260609,1
0.176800,1.000000,0.999999,0.500000,-7.238616,-0.280776,1
0.177000,1.000000,0.999999,0.500000,-7.608452,-0.296186,1
0.177200,1.000000,0.999999,0.500000,-7.858298,-0.306596,1
0.177400,1.000000,0.999999,0.500000,-7.984214,-0.311842,1
0.177600,1.000000,0.999999,0.500000,-7.984214,-0.311842,1
0.177800,1.000000,0.999999,0.500000,-7.858298,-0.306596,1
0.178000,1.000000,0.999999,0.500000,-7.608452,-0.296186,1
0.178200,1.000000,0.999999,0.500000,-7.238616,-0.280776,1
0.178400,1.000000,0.999999,0.500000,-6.754623,-0.260609,1
0.178600,1.000000,0.999999,0.500000,-6.164106,-0.236004,1
0.178800,1.000000,0.999999,0.500000,-5.476377,-0.207349,1
0.179000,1.000000,0.999999,0.500000,-4.702282,-0.175095,1
0.179200,1.000000,0.999999,0.500000,-3.854029,-0.139751,1
0.179400,1.000000,0.999999,0.500000,-2.944996,-0.101875,1
0.179600,1.000000,0.999999,0.500000,-1.989519,-0.062063,1
0.179800,1.000000,0.999999,0.500000,-1.002666,-0.020944,1
0.180000,1.000000,0.999999,0.500000,0.000000,0.020833,1
0.180200,1.000000,0.999999,0.500000,1.002666,0.062611,1
0.180400,1.000000,0.999999,0.500000,1.989519,0.103730,1
0.180600,1.000000,0.999999,0.500000,2.944996,0.143542,1
0.180800,1.000000,0.999999,0.500000,3.854029,0.181418,1
0.181000,1.000000,1.000000,0.500000,4.702282,0.216762,1
0.181200,1.000000,1.000000,0.500000,5.476377,0.249016,1
0.181400,1.000000,1.000000,0.500000,6.164106,0.277671,1
0.181600,1.000000,1.000000,0.500000,6.754623,0.302276,1
0.181800,1.000000,1.000000,0.500000,7.238616,0.322442,1
0.182000,1.000000,1.000000,0.500000,7.608452,0.337852,1
0.182200,1.000000,1.000000,0.500000,7.858298,0.348262,1
0.182400,1.000000,1.000000,0.500000,7.984214,0.353509,1
0.182600,1.000000,1.000000,0.500000,7.984214,0.353509,1
0.182800,1.000000,1.000000,0.500000,7.858298,0.348262,1
0.183000,1.000000,1.000000,0.500000,7.608452,0.337852,1
0.183200,1.000000,1.000000,0.500000,7.238616,0.322442,1
0.183400,1.000000,1.000000,0.500000,6.754623,0.302276,1
0.183600,1.000000,1.000000,0.500000,6.164106,0.277671,1
0.183800,1.000000,1.000000,0.500000,5.476377,0.249016,1
0.184000,1.000000,1.000000,0.500000,4.702282,0.216762,1
0.184200,1.000000,1.000000,0.500000,3.854029,0.181418,1
0.184400,1.000000,1.000000,0.500000,2.944996,0.143542,1
0.184600,1.000000,1.000000,0.500000,1.989519,0.103730,1
0.184800,1.000000,1.000000,0.500000,1.002666,0.062611,1
0.185000,1.000000,1.000000,0.500000,0.000000,0.020833,1
0.185200,1.000000,1.000000,0.500000,-1.002666,-0.020944,1
0.185400,1.000000,1.000000,0.500000,-1.989519,-0.062063,1
0.185600,1.000000,1.000000,0.500000,-2.944996,-0.101875,1
0.185800,1.000000,1.000000,0.500000,-3.854029,-0.139751,1
0.186000,1.000000,1.000000,0.500000,-4.702282,-0.175095,1
0.186200,1.000000,1.000000,0.500000,-5.476377,-0.207349,1
0.186400,1.000000,1.000000,0.500000,-6.164106,-0.236004,1
0.186600,1.000000,1.000000,0.500000,-6.754623,-0.260609,1
0.186800,1.000000,1.000000,0.500000,-7.238616,-0.280776,1
0.187000,1.000000,1.000000,0.500000,-7.608452,-0.296186,1
0.187200,1.000000,1.000000,0.500000,-7.858298,-0.306596,1
0.187400,1.000000,1.000000,0.500000,-7.984214,-0.311842,1
0.187600,1.000000,1.000000,0.500000,-7.984214,-0.311842,1
0.187800,1.000000,1.000000,0.500000,-7.858298,-0.306596,1
0.188000,1.000000,1.000000,0.500000,-7.608452,-0.296186,1
0.188200,1.000000,1.000000,0.500000,-7.238616,-0.280776,1
0.188400,1.000000,1.000000,0.500000,-6.754623,-0.260609,1
0.188600,1.000000,1.000000,0.500000,-6.164106,-0.236004,1
0.188800,1.000000,1.000000,0.500000,-5.476377,-0.207349,1
0.189000,1.000000,1.000000,0.500000,-4.702282,-0.175095,1
0.189200,1.000000,1.000000,0.500000,-3.854029,-0.139751,1
0.189400,1.000000,1.000000,0.500000,-2.944996,-0.101875,1
0.189600,1.000000,1.000000,0.500000,-1.989519,-0.062063,1
0.189800,1.000000,1.000000,0.500000,-1.002666,-0.020944,1
0.190000,1.000000,1.000000,0.500000,0.000000,0.020833,1
0.190200,1.000000,1.000000,0.500000,1.002666,0.062611,1
0.190400,1.000000,1.000000,0.500000,1.989519,0.103730,1
0.190600,1.000000,1.000000,0.500000,2.944996,0.143542,1
0.190800,1.000000,1.000000,0.500000,3.854029,0.181418,1
0.191000,1.000000,1.000000,0.500000,4.702282,0.216762,1
0.191200,1.000000,1.000000,0.500000,5.476377,0.249016,1
0.191400,1.000000,1.000000,0.500000,6.164106,0.277671,1
0.191600,1.000000,1.000000,0.500000,6.754623,0.302276,1
0.191800,1.000000,1.000000,0.500000,7.238616,0.322442,1
0.192000,1.000000,1.000000,0.500000,7.608452,0.337852,1
0.192200,1.000000,1.000000,0.500000,7.858298,0.348262,1
0.192400,1.000000,1.000000,0.500000,7.984214,0.353509,1
0.192600,1.000000,1.000000,0.500000,7.984214,0.353509,1
0.192800,1.000000,1.000000,0.500000,7.858298,0.348262,1
0.193000,1.000000,1.000000,0.500000,7.608452,0.337852,1
0.193200,1.000000,1.000000,0.500000,7.238616,0.322442,1
0.193400,1.000000,1.000000,0.500000,6.754623,0.302276,1
0.193600,1.000000,1.000000,0.500000,6.164106,0.277671,1
0.193800,1.000000,1.000000,0.500000,5.476377,0.249016,1
0.194000,1.000000,1.000000,0.500000,4.702282,0.216762,1
0.194200,1.000000,1.000000,0.500000,3.854029,0.181418,1
0.194400,1.000000,1.000000,0.500000,2.944996,0.143542,1
0.194600,1.000000,1.000000,0.500000,1.989519,0.103730,1
0.194800,1.000000,1.000000,0.500000,1.002666,0.062611,1
0.195000,1.000000,1.000000,0.500000,-0.000000,0.020833,1
0.195200,1.000000,1.000000,0.500000,-1.002666,-0.020944,1
0.195400,1.000000,1.000000,0.500000,-1.989519,-0.062063,1
0.195600,1.000000,1.000000,0.500000,-2.944996,-0.101875,1
0.195800,1.000000,1.000000,0.500000,-3.854029,-0.139751,1
0.196000,1.000000,1.000000,0.500000,-4.702282,-0.175095,1
0.196200,1.000000,1.000000,0.500000,-5.476377,-0.207349,1
0.196400,1.000000,1.000000,0.500000,-6.164106,-0.236004,1
0.196600,1.000000,1.000000,0.500000,-6.754623,-0.260609,1
0.196800,1.000000,1.000000,0.500000,-7.238616,-0.280776,1
0.197000,1.000000,1.000000,0.500000,-7.608452,-0.296186,1
0.197200,1.000000,1.000000,0.500000,-7.858298,-0.306596,1
0.197400,1.000000,1.000000,0.500000,-7.984214,-0.311842,1
0.197600,1.000000,1.000000,0.500000,-7.984214,-0.311842,1
0.197800,1.000000,1.000000,0.500000,-7.858298,-0.306596,1
0.198000,1.000000,1.000000,0.500000,-7.608452,-0.296186,1
0.198200,1.000000,1.000000,0.500000,-7.238616,-0.280776,1
0.198400,1.000000,1.000000,0.500000,-6.754623,-0.260609,1
0.198600,1.000000,1.000000,0.500000,-6.164106,-0.236004,1
0.198800,1.000000,1.000000,0.500000,-5.476377,-0.207349,1
0.199000,1.000000,1.000000,0.500000,-4.702282,-0.175095,1
0.199200,1.000000,1.000000,0.500000,-3.854029,-0.139751,1
0.199400,1.000000,1.000000,0.500000,-2.944996,-0.101875,1
0.199600,1.000000,1.000000,0.500000,-1.989519,-0.062063,1
0.199800,1.000000,1.000000,0.500000,-1.002666,-0.020944,1
0.200000,1.000000,1.000000,0.500000,0.000000,0.020833,1
0.200200,1.000000,1.000000,0.500000,1.002666,0.062611,1
0.200400,1.000000,1.000000,0.500000,1.989519,0.103730,1
0.200600,1.000000,1.000000,0.500000,2.944996,0.143542,1
0.200800,1.000000,1.000000,0.500000,3.854029,0.181418,1
0.201000,1.000000,1.000000,0.500000,4.702282,0.216762,1
0.201200,1.000000,1.000000,0.500000,5.476377,0.249016,1
0.201400,1.000000,1.000000,0.500000,6.164106,0.277671,1
0.201600,1.000000,1.000000,0.500000,6.754623,0.302276,1
0.201800,1.000000,1.000000,0.500000,7.238616,0.322442,1
0.202000,1.000000,1.000000,0.500000,7.608452,0.337852,1
0.202200,1.000000,1.000000,0.500000,7.858298,0.348262,1
0.202400,1.000000,1.000000,0.500000,7.984214,0.353509,1
0.202600,1.000000,1.000000,0.500000,7.984214,0.353509,1
0.202800,1.000000,1.000000,0.500000,7.858298,0.348262,1
0.203000,1.000000,1.000000,0.500000,7.608452,0.337852,1
0.203200,1.000000,1.000000,0.500000,7.238616,0.322442,1
0.203400,1.000000,1.000000,0.500000,6.754623,0.302276,1
0.203600,1.000000,1.000000,0.500000,6.164106,0.277671,1
0.203800,1.000000,1.000000,0.500000,5.476377,0.249016,1
0.204000,1.000000,1.000000,0.500000,4.702282,0.216762,1
0.204200,1.000000,1.000000,0.500000,3.854029,0.181418,1
0.204400,1.000000,1.000000,0.500000,2.944996,0.143542,1
0.204600,1.000000,1.000000,0.500000,1.989519,0.103730,1
0.204800,1.000000,1.000000,0.500000,1.002666,0.062611,1
0.205000,1.000000,1.000000,0.500000,-0.000000,0.020833,1
0.205200,1.000000,1.000000,0.500000,-1.002666,-0.020944,1
0.205400,1.000000,1.000000,0.500000,-1.989519,-0.062063,1
0.205600,1.000000,1.000000,0.500000,-2.944996,-0.101875,1
0.205800,1.000000,1.000000,0.500000,-3.854029,-0.139751,1
0.206000,1.000000,1.000000,0.500000,-4.702282,-0.175095,1
0.206200,1.000000,1.000000,0.500000,-5.476377,-0.207349,1
0.206400,1.000000,1.000000,0.500000,-6.164106,-0.236004,1
0.206600,1.000000,1.000000,0.500000,-6.754623,-0.260609,1
0.206800,1.000000,1.000000,0.500000,-7.238616,-0.280776,1
0.207000,1.000000,1.000000,0.500000,-7.608452,-0.296186,1
0.207200,1.000000,1.000000,0.500000,-7.858298,-0.306596,1
0.207400,1.000000,1.000000,0.500000,-7.984214,-0.311842,1
0.207600,1.000000,1.000000,0.500000,-7.984214,-0.311842,1
0.207800,1.000000,1.000000,0.500000,-7.858298,-0.306596,1
0.208000,1.000000,1.000000,0.500000,-7.608452,-0.296186,1
0.208200,1.000000,1.000000,0.500000,-7.238616,-0.280776,1
0.208400,1.000000,1.000000,0.500000,-6.754623,-0.260609,1
0.208600,1.000000,1.000000,0.500000,-6.164106,-0.236004,1
0.208800,1.000000,1.000000,0.500000,-5.476377,-0.207349,1
0.209000,1.000000,1.000000,0.500000,-4.702282,-0.175095,1
0.209200,1.000000,1.000000,0.500000,-3.854029,-0.139751,1
0.209400,1.000000,1.000000,0.500000,-2.944996,-0.101875,1
0.209600,1.000000,1.000000,0.500000,-1.989519,-0.062063,1
0.209800,1.000000,1.000000,0.500000,-1.002666,-0.020944,1
0.210000,1.000000,1.000000,0.500000,0.000000,0.020833,1
0.210200,1.000000,1.000000,0.500000,1.002666,0.062611,1
0.210400,1.000000,1.000000,0.500000,1.989519,0.103730,1
0.210600,1.000000,1.000000,0.500000,2.944996,0.143542,1
0.210800,1.000000,1.000000,0.500000,3.854029,0.181418,1
0.211000,1.000000,1.000000,0.500000,4.702282,0.216762,1
0.211200,1.000000,1.000000,0.500000,5.476377,0.249016,1
0.211400,1.000000,1.000000,0.500000,6.164106,0.277671,1
0.211600,1.000000,1.000000,0.500000,6.754623,0.302276,1
0.211800,1.000000,1.000000,0.500000,7.238616,0.322442,1
0.212000,1.000000,1.000000,0.500000,7.608452,0.337852,1
0.212200,1.000000,1.000000,0.500000,7.858298,0.348262,1
0.212400,1.000000,1.000000,0.500000,7.984214,0.353509,1
0.212600,1.000000,1.000000,0.500000,7.984214,0.353509,1
0.212800,1.000000,1.000000,0.500000,7.858298,0.348262,1
0.213000,1.000000,1.000000,0.500000,7.608452,0.337852,1
0.213200,1.000000,1.000000,0.500000,7.238616,0.322442,1
0.213400,1.000000,1.000000,0.500000,6.754623,0.302276,1
0.213600,1.000000,1.000000,0.500000,6.164106,0.277671,1
0.213800,1.000000,1.000000,0.500000,5.476377,0.249016,1
0.214000,1.000000,1.000000,0.500000,4.702282,0.216762,1
0.214200,1.000000,1.000000,0.500000,3.854029,0.181418,1
0.214400,1.000000,1.000000,0.500000,2.944996,0.143542,1
0.214600,1.000000,1.000000,0.500000,1.989519,0.103730,1
0.214800,1.000000,1.000000,0.500000,1.002666,0.062611,1
0.215000,1.000000,1.000000,0.500000,0.000000,0.020833,1
0.215200,1.000000,1.000000,0.500000,-1.002666,-0.020944,1
0.215400,1.000000,1.000000,0.500000,-1.989519,-0.062063,1
0.215600,1.000000,1.000000,0.500000,-2.944996,-0.101875,1
0.215800,1.000000,1.000000,0.500000,-3.854029,-0.139751,1
0.216000,1.000000,1.000000,0.500000,-4.702282,-0.175095,1
0.216200,1.000000,1.000000,0.500000,-5.476377,-0.207349,1
0.216400,1.000000,1.000000,0.500000,-6.164106,-0.236004,1
0.216600,1.000000,1.000000,0.500000,-6.754623,-0.260609,1
0.216800,1.000000,1.000000,0.500000,-7.238616,-0.280776,1
0.217000,1.000000,1.000000,0.500000,-7.608452,-0.296186,1
0.217200,1.000000,1.000000,0.500000,-7.858298,-0.306596,1
0.217400,1.000000,1.000000,0.500000,-7.984214,-0.311842,1
0.217600,1.000000,1.000000,0.500000,-7.984214,-0.311842,1
0.217800,1.000000,1.000000,0.500000,-7.858298,-0.306596,1
0.218000,1.000000,1.000000,0.500000,-7.608452,-0.296186,1
0.218200,1.000000,1.000000,0.500000,-7.238616,-0.280776,1
0.218400,1.000000,1.000000,0.500000,-6.754623,-0.260609,1
0.218600,1.000000,1.000000,0.500000,-6.164106,-0.236004,1
0.218800,1.000000,1.000000,0.500000,-5.476377,-0.207349,1
0.219000,1.000000,1.000000,0.500000,-4.702282,-0.175095,1
0.219200,1.000000,1.000000,0.500000,-3.854029,-0.139751,1
0.219400,1.000000,1.000000,0.500000,-2.944996,-0.101875,1
0.219600,1.000000,1.000000,0.500000,-1.989519,-0.062063,1
0.219800,1.000000,1.000000,0.500000,-1.002666,-0.020944,1
0.220000,1.000000,1.000000,0.500000,0.000000,0.020833,1
0.220200,1.000000,1.000000,0.500000,1.002666,0.062611,1
0.220400,1.000000,1.000000,0.500000,1.989519,0.103730,1
0.220600,1.000000,1.000000,0.500000,2.944996,0.143542,1
0.220800,1.000000,1.000000,0.500000,3.854029,0.181418,1
0.221000,1.000000,1.000000,0.500000,4.702282,0.216762,1
0.221200,1.000000,1.000000,0.500000,5.476377,0.249016,1
0.221400,1.000000,1.000000,0.500000,6.164106,0.277671,1
0.221600,1.000000,1.000000,0.500000,6.754623,0.302276,1
0.221800,1.000000,1.000000,0.500000,7.238616,0.322442,1
0.222000,1.000000,1.000000,0.500000,7.608452,0.337852,1
0.222200,1.000000,1.000000,0.500000,7.858298,0.348262,1
0.222400,1.000000,1.000000,0.500000,7.984214,0.353509,1
0.222600,1.000000,1.000000,0.500000,7.984214,0.353509,1
0.222800,1.000000,1.000000,0.500000,7.858298,0.348262,1
0.223000,1.000000,1.000000,0.500000,7.608452,0.337852,1
0.223200,1.000000,1.000000,0.500000,7.238616,0.322442,1
0.223400,1.000000,1.000000,0.500000,6.754623,0.302276,1
0.223600,1.000000,1.000000,0.500000,6.164106,0.277671,1
0.223800,1.000000,1.000000,0.500000,5.476377,0.249016,1
0.224000,1.000000,1.000000,0.500000,4.702282,0.216762,1
0.224200,1.000000,1.000000,0.500000,3.854029,0.181418,1
0.224400,1.000000,1.000000,0.500000,2.944996,0.143542,1
0.224600,1.000000,1.000000,0.500000,1.989519,0.103730,1
0.224800,1.000000,1.000000,0.500000,1.002666,0.062611,1
0.225000,1.000000,1.000000,0.500000,0.000000,0.020833,1
0.225200,1.000000,1.000000,0.500000,-1.002666,-0.020944,1
0.225400,1.000000,1.000000,0.500000,-1.989519,-0.062063,1
0.225600,1.000000,1.000000,0.500000,-2.944996,-0.101875,1
0.225800,1.000000,1.000000,0.500000,-3.854029,-0.139751,1
0.226000,1.000000,1.000000,0.500000,-4.702282,-0.175095,1
0.226200,1.000000,1.000000,0.500000,-5.476377,-0.207349,1
0.226400,1.000000,1.000000,0.500000,-6.164106,-0.236004,1
0.226600,1.000000,1.000000,0.500000,-6.754623,-0.260609,1
0.226800,1.000000,1.000000,0.500000,-7.238616,-0.280776,1
0.227000,1.000000,1.000000,0.500000,-7.608452,-0.296186,1
0.227200,1.000000,1.000000,0.500000,-7.858298,-0.306596,1
0.227400,1.000000,1.000000,0.500000,-7.984214,-0.311842,1
0.227600,1.000000,1.000000,0.500000,-7.984214,-0.311842,1
0.227800,1.000000,1.000000,0.500000,-7.858298,-0.306596,1
0.228000,1.000000,1.000000,0.500000,-7.608452,-0.296186,1
0.228200,1.000000,1.000000,0.500000,-7.238616,-0.280776,1
0.228400,1.000000,1.000000,0.500000,-6.754623,-0.260609,1
0.228600,1.000000,1.000000,0.500000,-6.164106,-0.236004,1
0.228800,1.000000,1.000000,0.500000,-5.476377,-0.207349,1
0.229000,1.000000,1.000000,0.500000,-4.702282,-0.175095,1
0.229200,1.000000,1.000000,0.500000,-3.854029,-0.139751,1
0.229400,1.000000,1.000000,0.500000,-2.944996,-0.101875,1
0.229600,1.000000,1.000000,0.500000,-1.989519,-0.062063,1
0.229800,1.000000,1.000000,0.500000,-1.002666,-0.020944,1
0.230000,1.000000,1.000000,0.500000,0.000000,0.020833,1
0.230200,1.000000,1.000000,0.500000,1.002666,0.062611,1
0.230400,1.000000,1.000000,0.500000,1.989519,0.103730,1
0.230600,1.000000,1.000000,0.500000,2.944996,0.143542,1
0.230800,1.000000,1.000000,0.500000,3.854029,0.181418,1
0.231000,1.000000,1.000000,0.500000,4.702282,0.216762,1
0.231200,1.000000,1.000000,0.500000,5.476377,0.249016,1
0.231400,1.000000,1.000000,0.500000,6.164106,0.277671,1
0.231600,1.000000,1.000000,0.500000,6.754623,0.302276,1
0.231800,1.000000,1.000000,0.500000,7.238616,0.322442,1
0.232000,1.000000,1.000000,0.500000,7.608452,0.337852,1
0.232200,1.000000,1.000000,0.500000,7.858298,0.348262,1
0.232400,1.000000,1.000000,0.500000,7.984214,0.353509,1
0.232600,1.000000,1.000000,0.500000,7.984214,0.353509,1
0.232800,1.000000,1.000000,0.500000,7.858298,0.348262,1
0.233000,1.000000,1.000000,0.500000,7.608452,0.337852,1
0.233200,1.000000,1.000000,0.500000,7.238616,0.322442,1
0.233400,1.000000,1.000000,0.500000,6.754623,0.302276,1
0.233600,1.000000,1.000000,0.500000,6.164106,0.277671,1
0.233800,1.000000,1.000000,0.500000,5.476377,0.249016,1
0.234000,1.000000,1.000000,0.500000,4.702282,0.216762,1
0.234200,1.000000,1.000000,0.500000,3.854029,0.181418,1
0.234400,1.000000,1.000000,0.500000,2.944996,0.143542,1
0.234600,1.000000,1.000000,0.500000,1.989519,0.103730,1
0.234800,1.000000,1.000000,0.500000,1.002666,0.062611,1
0.235000,1.000000,1.000000,0.500000,-0.000000,0.020833,1
0.235200,1.000000,1.000000,0.500000,-1.002666,-0.020944,1
0.235400,1.000000,1.000000,0.500000,-1.989519,-0.062063,1
0.235600,1.000000,1.000000,0.500000,-2.944996,-0.101875,1
0.235800,1.000000,1.000000,0.500000,-3.854029,-0.139751,1
0.236000,1.000000,1.000000,0.500000,-4.702282,-0.175095,1
0.236200,1.000000,1.000000,0.500000,-5.476377,-0.207349,1
0.236400,1.000000,1.000000,0.500000,-6.164106,-0.236004,1
0.236600,1.000000,1.000000,0.500000,-6.754623,-0.260609,1
0.236800,1.000000,1.000000,0.500000,-7.238616,-0.280776,1
0.237000,1.000000,1.000000,0.500000,-7.608452,-0.296186,1
0.237200,1.000000,1.000000,0.500000,-7.858298,-0.306596,1
0.237400,1.000000,1.000000,0.500000,-7.984214,-0.311842,1
0.237600,1.000000,1.000000,0.500000,-7.984214,-0.311842,1
0.237800,1.000000,1.000000,0.500000,-7.858298,-0.306596,1
0.238000,1.000000,1.000000,0.500000,-7.608452,-0.296186,1
0.238200,1.000000,1.000000,0.500000,-7.238616,-0.280776,1
0.238400,1.000000,1.000000,0.500000,-6.754623,-0.260609,1
0.238600,1.000000,1.000000,0.500000,-6.164106,-0.236004,1
0.238800,1.000000,1.000000,0.500000,-5.476377,-0.207349,1
0.239000,1.000000,1.000000,0.500000,-4.702282,-0.175095,1
0.239200,1.000000,1.000000,0.500000,-3.854029,-0.139751,1
0.239400,1.000000,1.000000,0.500000,-2.944996,-0.101875,1
0.239600,1.000000,1.000000,0.500000,-1.989519,-0.062063,1
0.239800,1.000000,1.000000,0.500000,-1.002666,-0.020944,1
0.240000,1.000000,1.000000,0.500000,0.000000,0.020833,1
0.240200,1.000000,1.000000,0.500000,1.002666,0.062611,1
0.240400,1.000000,1.000000,0.500000,1.989519,0.103730,1
0.240600,1.000000,1.000000,0.500000,2.944996,0.143542,1
0.240800,1.000000,1.000000,0.500000,3.854029,0.181418,1
0.241000,1.000000,1.000000,0.500000,4.702282,0.216762,1
0.241200,1.000000,1.000000,0.500000,5.476377,0.249016,1
0.241400,1.000000,1.000000,0.500000,6.164106,0.277671,1
0.241600,1.000000,1.000000,0.500000,6.754623,0.302276,1
0.241800,1.000000,1.000000,0.500000,7.238616,0.322442,1
0.242000,1.000000,1.000000,0.500000,7.608452,0.337852,1
0.242200,1.000000,1.000000,0.500000,7.858298,0.348262,1
0.242400,1.000000,1.000000,0.500000,7.984214,0.353509,1
0.242600,1.000000,1.000000,0.500000,7.984214,0.353509,1
0.242800,1.000000,1.000000,0.500000,7.858298,0.348262,1
0.243000,1.000000,1.000000,0.500000,7.608452,0.337852,1
0.243200,1.000000,1.000000,0.500000,7.238616,0.322442,1
0.243400,1.000000,1.000000,0.500000,6.754623,0.302276,1
0.243600,1.000000,1.000000,0.500000,6.164106,0.277671,1
0.243800,1.000000,1.000000,0.500000,5.476377,0.249016,1
0.244000,1.000000,1.000000,0.500000,4.702282,0.216762,1
0.244200,1.000000,1.000000,0.500000,3.854029,0.181418,1
0.244400,1.000000,1.000000,0.500000,2.944996,0.143542,1
0.244600,1.000000,1.000000,0.500000,1.989519,0.103730,1
0.244800,1.000000,1.000000,0.500000,1.002666,0.062611,1
0.245000,1.000000,1.000000,0.500000,-0.000000,0.020833,1
0.245200,1.000000,1.000000,0.500000,-1.002666,-0.020944,1
0.245400,1.000000,1.000000,0.500000,-1.989519,-0.062063,1
0.245600,1.000000,1.000000,0.500000,-2.944996,-0.101875,1
0.245800,1.000000,1.000000,0.500000,-3.854029,-0.139751,1
0.246000,1.000000,1.000000,0.500000,-4.702282,-0.175095,1
0.246200,1.000000,1.000000,0.500000,-5.476377,-0.207349,1
0.246400,1.000000,1.000000,0.500000,-6.164106,-0.236004,1
0.246600,1.000000,1.000000,0.500000,-6.754623,-0.260609,1
0.246800,1.000000,1.000000,0.500000,-7.238616,-0.280776,1
0.247000,1.000000,1.000000,0.500000,-7.608452,-0.296186,1
0.247200,1.000000,1.000000,0.500000,-7.858298,-0.306596,1
0.247400,1.000000,1.000000,0.500000,-7.984214,-0.311842,1
0.247600,1.000000,1.000000,0.500000,-7.984214,-0.311842,1
0.247800,1.000000,1.000000,0.500000,-7.858298,-0.306596,1
0.248000,1.000000,1.000000,0.500000,-7.608452,-0.296186,1
0.248200,1.000000,1.000000,0.500000,-7.238616,-0.280776,1
0.248400,1.000000,1.000000,0.500000,-6.754623,-0.260609,1
0.248600,1.000000,1.000000,0.500000,-6.164106,-0.236004,1
0.248800,1.000000,1.000000,0.500000,-5.476377,-0.207349,1
0.249000,1.000000,1.000000,0.500000,-4.702282,-0.175095,1
0.249200,1.000000,1.000000,0.500000,-3.854029,-0.139751,1
0.249400,1.000000,1.000000,0.500000,-2.944996,-0.101875,1
0.249600,1.000000,1.000000,0.500000,-1.989519,-0.062063,1
0.249800,1.000000,1.000000,0.500000,-1.002666,-0.020944,1
0.250000,1.000000,1.000000,0.500000,0.000000,0.020833,1
0.250200,1.000000,1.000000,0.500000,1.002666,0.062611,1
0.250400,1.000000,1.000000,0.500000,1.989519,0.103730,1
0.250600,1.000000,1.000000,0.500000,2.944996,0.143542,1
0.250800,1.000000,1.000000,0.500000,3.854029,0.181418,1
0.251000,1.000000,1.000000,0.500000,4.702282,0.216762,1
0.251200,1.000000,1.000000,0.500000,5.476377,0.249016,1
0.251400,1.000000,1.000000,0.500000,6.164106,0.277671,1
0.251600,1.000000,1.000000,0.500000,6.754623,0.302276,1
0.251800,1.000000,1.000000,0.500000,7.238616,0.322442,1
0.252000,1.000000,1.000000,0.500000,7.608452,0.337852,1
0.252200,1.000000,1.000000,0.500000,7.858298,0.348262,1
0.252400,1.000000,1.000000,0.500000,7.984214,0.353509,1
0.252600,1.000000,1.000000,0.500000,7.984214,0.353509,1
0.252800,1.000000,1.000000,0.500000,7.858298,0.348262,1
0.253000,1.000000,1.000000,0.500000,7.608452,0.337852,1
0.253200,1.000000,1.000000,0.500000,7.238616,0.322442,1
0.253400,1.000000,1.000000,0.500000,6.754623,0.302276,1
0.253600,1.000000,1.000000,0.500000,6.164106,0.277671,1
0.253800,1.000000,1.000000,0.500000,5.476377,0.249016,1
0.254000,1.000000,1.000000,0.500000,4.702282,0.216762,1
0.254200,1.000000,1.000000,0.500000,3.854029,0.181418,1
0.254400,1.000000,1.000000,0.500000,2.944996,0.143542,1
0.254600,1.000000,1.000000,0.500000,1.989519,0.103730,1
0.254800,1.000000,1.000000,0.500000,1.002666,0.062611,1
0.255000,1.000000,1.000000,0.500000,0.000000,0.020833,1
0.255200,1.000000,1.000000,0.500000,-1.002666,-0.020944,1
0.255400,1.000000,1.000000,0.500000,-1.989519,-0.062063,1
0.255600,1.000000,1.000000,0.500000,-2.944996,-0.101875,1
0.255800,1.000000,1.000000,0.500000,-3.854029,-0.139751,1
0.256000,1.000000,1.000000,0.500000,-4.702282,-0.175095,1
0.256200,1.000000,1.000000,0.500000,-5.476377,-0.207349,1
0.256400,1.000000,1.000000,0.500000,-6.164106,-0.236004,1
0.256600,1.000000,1.000000,0.500000,-6.754623,-0.260609,1
0.256800,1.000000,1.000000,0.500000,-7.238616,-0.280776,1
0.257000,1.000000,1.000000,0.500000,-7.608452,-0.296186,1
0.257200,1.000000,1.000000,0.500000,-7.858298,-0.306596,1
0.257400,1.000000,1.000000,0.500000,-7.984214,-0.311842,1
0.257600,1.000000,1.000000,0.500000,-7.984214,-0.311842,1
0.257800,1.000000,1.000000,0.500000,-7.858298,-0.306596,1
0.258000,1.000000,1.000000,0.500000,-7.608452,-0.296186,1
0.258200,1.000000,1.000000,0.500000,-7.238616,-0.280776,1
0.258400,1.000000,1.000000,0.500000,-6.754623,-0.260609,1
0.258600,1.000000,1.000000,0.500000,-6.164106,-0.236004,1
0.258800,1.000000,1.000000,0.500000,-5.476377,-0.207349,1
0.259000,1.000000,1.000000,0.500000,-4.702282,-0.175095,1
0.259200,1.000000,1.000000,0.500000,-3.854029,-0.139751,1
0.259400,1.000000,1.000000,0.500000,-2.944996,-0.101875,1
0.259600,1.000000,1.000000,0.500000,-1.989519,-0.062063,1
0.259800,1.000000,1.000000,0.500000,-1.002666,-0.020944,1
0.260000,1.000000,1.000000,0.500000,0.000000,0.020833,1
0.260200,1.000000,1.000000,0.500000,1.002666,0.062611,1
0.260400,1.000000,1.000000,0.500000,1.989519,0.103730,1
0.260600,1.000000,1.000000,0.500000,2.944996,0.143542,1
0.260800,1.000000,1.000000,0.500000,3.854029,0.181418,1
0.261000,1.000000,1.000000,0.500000,4.702282,0.216762,1
0.261200,1.000000,1.000000,0.500000,5.476377,0.249016,1
0.261400,1.000000,1.000000,0.500000,6.164106,0.277671,1
0.261600,1.000000,1.000000,0.500000,6.754623,0.302276,1
0.261800,1.000000,1.000000,0.500000,7.238616,0.322442,1
0.262000,1.000000,1.000000,0.500000,7.608452,0.337852,1
0.262200,1.000000,1.000000,0.500000,7.858298,0.348262,1
0.262400,1.000000,1.000000,0.500000,7.984214,0.353509,1
0.262600,1.000000,1.000000,0.500000,7.984214,0.353509,1
0.262800,1.000000,1.000000,0.500000,7.858298,0.348262,1
0.263000,1.000000,1.000000,0.500000,7.608452,0.337852,1
0.263200,1.000000,1.000000,0.500000,7.238616,0.322442,1
0.263400,1.000000,1.000000,0.500000,6.754623,0.302276,1
0.263600,1.000000,1.000000,0.500000,6.164106,0.277671,1
0.263800,1.000000,1.000000,0.500000,5.476377,0.249016,1
0.264000,1.000000,1.000000,0.500000,4.702282,0.216762,1
0.264200,1.000000,1.000000,0.500000,3.854029,0.181418,1
0.264400,1.000000,1.000000,0.500000,2.944996,0.143542,1
0.264600,1.000000,1.000000,0.500000,1.989519,0.103730,1
0.264800,1.000000,1.000000,0.500000,1.002666,0.062611,1
0.265000,1.000000,1.000000,0.500000,0.000000,0.020833,1
0.265200,1.000000,1.000000,0.500000,-1.002666,-0.020944,1
0.265400,1.000000,1.000000,0.500000,-1.989519,-0.062063,1
0.265600,1.000000,1.000000,0.500000,-2.944996,-0.101875,1
0.265800,1.000000,1.000000,0.500000,-3.854029,-0.139751,1
0.266000,1.000000,1.000000,0.500000,-4.702282,-0.175095,1
0.266200,1.000000,1.000000,0.500000,-5.476377,-0.207349,1
0.266400,1.000000,1.000000,0.500000,-6.164106,-0.236004,1
0.266600,1.000000,1.000000,0.500000,-6.754623,-0.260609,1
0.266800,1.000000,1.000000,0.500000,-7.238616,-0.280776,1
0.267000,1.000000,1.000000,0.500000,-7.608452,-0.296186,1
0.267200,1.000000,1.000000,0.500000,-7.858298,-0.306596,1
0.267400,1.000000,1.000000,0.500000,-7.984214,-0.311842,1
0.267600,1.000000,1.000000,0.500000,-7.984214,-0.311842,1
0.267800,1.000000,1.000000,0.500000,-7.858298,-0.306596,1
0.268000,1.000000,1.000000,0.500000,-7.608452,-0.296186,1
0.268200,1.000000,1.000000,0.500000,-7.238616,-0.280776,1
0.268400,1.000000,1.000000,0.500000,-6.754623,-0.260609,1
0.268600,1.000000,1.000000,0.500000,-6.164106,-0.236004,1
0.268800,1.000000,1.000000,0.500000,-5.476377,-0.207349,1
0.269000,1.000000,1.000000,0.500000,-4.702282,-0.175095,1
0.269200,1.000000,1.000000,0.500000,-3.854029,-0.139751,1
0.269400,1.000000,1.000000,0.500000,-2.944996,-0.101875,1
0.269600,1.000000,1.000000,0.500000,-1.989519,-0.062063,1
0.269800,1.000000,1.000000,0.500000,-1.002666,-0.020944,1
0.270000,1.000000,1.000000,0.500000,0.000000,0.020833,1
0.270200,1.000000,1.000000,0.500000,1.002666,0.062611,1
0.270400,1.000000,1.000000,0.500000,1.989519,0.103730,1
0.270600,1.000000,1.000000,0.500000,2.944996,0.143542,1
0.270800,1.000000,1.000000,0.500000,3.854029,0.181418,1
0.271000,1.000000,1.000000,0.500000,4.702282,0.216762,1
0.271200,1.000000,1.000000,0.500000,5.476377,0.249016,1
0.271400,1.000000,1.000000,0.500000,6.164106,0.277671,1
0.271600,1.000000,1.000000,0.500000,6.754623,0.302276,1
0.271800,1.000000,1.000000,0.500000,7.238616,0.322442,1
0.272000,1.000000,1.000000,0.500000,7.608452,0.337852,1
0.272200,1.000000,1.000000,0.500000,7.858298,0.348262,1
0.272400,1.000000,1.000000,0.500000,7.984214,0.353509,1
0.272600,1.000000,1.000000,0.500000,7.984214,0.353509,1
0.272800,1.000000,1.000000,0.500000,7.858298,0.348262,1
0.273000,1.000000,1.000000,0.500000,7.608452,0.337852,1
0.273200,1.000000,1.000000,0.500000,7.238616,0.322442,1
0.273400,1.000000,1.000000,0.500000,6.754623,0.302276,1
0.273600,1.000000,1.000000,0.500000,6.164106,0.277671,1
0.273800,1.000000,1.000000,0.500000,5.476377,0.249016,1
0.274000,1.000000,1.000000,0.500000,4.702282,0.216762,1
0.274200,1.000000,1.000000,0.500000,3.854029,0.181418,1
0.274400,1.000000,1.000000,0.500000,2.944996,0.143542,1
0.274600,1.000000,1.000000,0.500000,1.989519,0.103730,1
0.274800,1.000000,1.000000,0.500000,1.002666,0.062611,1
0.275000,1.000000,1.000000,0.500000,-0.000000,0.020833,1
0.275200,1.000000,1.000000,0.500000,-1.002666,-0.020944,1
0.275400,1.000000,1.000000,0.500000,-1.989519,-0.062063,1
0.275600,1.000000,1.000000,0.500000,-2.944996,-0.101875,1
0.275800,1.000000,1.000000,0.500000,-3.854029,-0.139751,1
0.276000,1.000000,1.000000,0.500000,-4.702282,-0.175095,1
0.276200,1.000000,1.000000,0.500000,-5.476377,-0.207349,1
0.276400,1.000000,1.000000,0.500000,-6.164106,-0.236004,1
0.276600,1.000000,1.000000,0.500000,-6.754623,-0.260609,1
0.276800,1.000000,1.000000,0.500000,-7.238616,-0.280776,1
0.277000,1.000000,1.000000,0.500000,-7.608452,-0.296186,1
0.277200,1.000000,1.000000,0.500000,-7.858298,-0.306596,1
0.277400,1.000000,1.000000,0.500000,-7.984214,-0.311842,1
0.277600,1.000000,1.000000,0.500000,-7.984214,-0.311842,1
0.277800,1.000000,1.000000,0.500000,-7.858298,-0.306596,1
0.278000,1.000000,1.000000,0.500000,-7.608452,-0.296186,1
0.278200,1.000000,1.000000,0.500000,-7.238616,-0.280776,1
0.278400,1.000000,1.000000,0.500000,-6.754623,-0.260609,1
0.278600,1.000000,1.000000,0.500000,-6.164106,-0.236004,1
0.278800,1.000000,1.000000,0.500000,-5.476377,-0.207349,1
0.279000,1.000000,1.000000,0.500000,-4.702282,-0.175095,1
0.279200,1.000000,1.000000,0.500000,-3.854029,-0.139751,1
0.279400,1.000000,1.000000,0.500000,-2.944996,-0.101875,1
0.279600,1.000000,1.000000,0.500000,-1.989519,-0.062063,1
0.279800,1.000000,1.000000,0.500000,-1.002666,-0.020944,1
0.280000,1.000000,1.000000,0.500000,0.000000,0.020833,1
0.280200,1.000000,1.000000,0.500000,1.002666,0.062611,1
0.280400,1.000000,1.000000,0.500000,1.989519,0.103730,1
0.280600,1.000000,1.000000,0.500000,2.944996,0.143542,1
0.280800,1.000000,1.000000,0.500000,3.854029,0.181418,1
0.281000,1.000000,1.000000,0.500000,4.702282,0.216762,1
0.281200,1.000000,1.000000,0.500000,5.476377,0.249016,1
0.281400,1.000000,1.000000,0.500000,6.164106,0.277671,1
0.281600,1.000000,1.000000,0.500000,6.754623,0.302276,1
0.281800,1.000000,1.000000,0.500000,7.238616,0.322442,1
0.282000,1.000000,1.000000,0.500000,7.608452,0.337852,1
0.282200,1.000000,1.000000,0.500000,7.858298,0.348262,1
0.282400,1.000000,1.000000,0.500000,7.984214,0.353509,1
0.282600,1.000000,1.000000,0.500000,7.984214,0.353509,1
0.282800,1.000000,1.000000,0.500000,7.858298,0.348262,1
0.283000,1.000000,1.000000,0.500000,7.608452,0.337852,1
0.283200,1.000000,1.000000,0.500000,7.238616,0.322442,1
0.283400,1.000000,1.000000,0.500000,6.754623,0.302276,1
0.283600,1.000000,1.000000,0.500000,6.164106,0.277671,1
0.283800,1.000000,1.000000,0.500000,5.476377,0.249016,1
0.284000,1.000000,1.000000,0.500000,4.702282,0.216762,1
0.284200,1.000000,1.000000,0.500000,3.854029,0.181418,1
0.284400,1.000000,1.000000,0.500000,2.944996,0.143542,1
0.284600,1.000000,1.000000,0.500000,1.989519,0.103730,1
0.284800,1.000000,1.000000,0.500000,1.002666,0.062611,1
0.285000,1.000000,1.000000,0.500000,-0.000000,0.020833,1
0.285200,1.000000,1.000000,0.500000,-1.002666,-0.020944,1
0.285400,1.000000,1.000000,0.500000,-1.989519,-0.062063,1
0.285600,1.000000,1.000000,0.500000,-2.944996,-0.101875,1
0.285800,1.000000,1.000000,0.500000,-3.854029,-0.139751,1
0.286000,1.000000,1.000000,0.500000,-4.702282,-0.175095,1
0.286200,1.000000,1.000000,0.500000,-5.476377,-0.207349,1
0.286400,1.000000,1.000000,0.500000,-6.164106,-0.236004,1
0.286600,1.000000,1.000000,0.500000,-6.754623,-0.260609,1
0.286800,1.000000,1.000000,0.500000,-7.238616,-0.280776,1
0.287000,1.000000,1.000000,0.500000,-7.608452,-0.296186,1
0.287200,1.000000,1.000000,0.500000,-7.858298,-0.306596,1
0.287400,1.000000,1.000000,0.500000,-7.984214,-0.311842,1
0.287600,1.000000,1.000000,0.500000,-7.984214,-0.311842,1
0.287800,1.000000,1.000000,0.500000,-7.858298,-0.306596,1
0.288000,1.000000,1.000000,0.500000,-7.608452,-0.296186,1
0.288200,1.000000,1.000000,0.500000,-7.238616,-0.280776,1
0.288400,1.000000,1.000000,0.500000,-6.754623,-0.260609,1
0.288600,1.000000,1.000000,0.500000,-6.164106,-0.236004,1
0.288800,1.000000,1.000000,0.500000,-5.476377,-0.207349,1
0.289000,1.000000,1.000000,0.500000,-4.702282,-0.175095,1
0.289200,1.000000,1.000000,0.500000,-3.854029,-0.139751,1
0.289400,1.000000,1.000000,0.500000,-2.944996,-0.101875,1
0.289600,1.000000,1.000000,0.500000,-1.989519,-0.062063,1
0.289800,1.000000,1.000000,0.500000,-1.002666,-0.020944,1
0.290000,1.000000,1.000000,0.500000,0.000000,0.020833,1
0.290200,1.000000,1.000000,0.500000,1.002666,0.062611,1
0.290400,1.000000,1.000000,0.500000,1.989519,0.103730,1
0.290600,1.000000,1.000000,0.500000,2.944996,0.143542,1
0.290800,1.000000,1.000000,0.500000,3.854029,0.181418,1
0.291000,1.000000,1.000000,0.500000,4.702282,0.216762,1
0.291200,1.000000,1.000000,0.500000,5.476377,0.249016,1
0.291400,1.000000,1.000000,0.500000,6.164106,0.277671,1
0.291600,1.000000,1.000000,0.500000,6.754623,0.302276,1
0.291800,1.000000,1.000000,0.500000,7.238616,0.322442,1
0.292000,1.000000,1.000000,0.500000,7.608452,0.337852,1
0.292200,1.000000,1.000000,0.500000,7.858298,0.348262,1
0.292400,1.000000,1.000000,0.500000,7.984214,0.353509,1
0.292600,1.000000,1.000000,0.500000,7.984214,0.353509,1
0.292800,1.000000,1.000000,0.500000,7.858298,0.348262,1
0.293000,1.000000,1.000000,0.500000,7.608452,0.337852,1
0.293200,1.000000,1.000000,0.500000,7.238616,0.322442,1
0.293400,1.000000,1.000000,0.500000,6.754623,0.302276,1
0.293600,1.000000,1.000000,0.500000,6.164106,0.277671,1
0.293800,1.000000,1.000000,0.500000,5.476377,0.249016,1
0.294000,1.000000,1.000000,0.500000,4.702282,0.216762,1
0.294200,1.000000,1.000000,0.500000,3.854029,0.181418,1
0.294400,1.000000,1.000000,0.500000,2.944996,0.143542,1
0.294600,1.000000,1.000000,0.500000,1.989519,0.103730,1
0.294800,1.000000,1.000000,0.500000,1.002666,0.062611,1
0.295000,1.000000,1.000000,0.500000,-0.000000,0.020833,1
0.295200,1.000000,1.000000,0.500000,-1.002666,-0.020944,1
0.295400,1.000000,1.000000,0.500000,-1.989519,-0.062063,1
0.295600,1.000000,1.000000,0.500000,-2.944996,-0.101875,1
0.295800,1.000000,1.000000,0.500000,-3.854029,-0.139751,1
0.296000,1.000000,1.000000,0.500000,-4.702282,-0.175095,1
0.296200,1.000000,1.000000,0.500000,-5.476377,-0.207349,1
0.296400,1.000000,1.000000,0.500000,-6.164106,-0.236004,1
0.296600,1.000000,1.000000,0.500000,-6.754623,-0.260609,1
0.296800,1.000000,1.000000,0.500000,-7.238616,-0.280776,1
0.297000,1.000000,1.000000,0.500000,-7.608452,-0.296186,1
0.297200,1.000000,1.000000,0.500000,-7.858298,-0.306596,1
0.297400,1.000000,1.000000,0.500000,-7.984214,-0.311842,1
0.297600,1.000000,1.000000,0.500000,-7.984214,-0.311842,1
0.297800,1.000000,1.000000,0.500000,-7.858298,-0.306596,1
0.298000,1.000000,1.000000,0.500000,-7.608452,-0.296186,1
0.298200,1.000000,1.000000,0.500000,-7.238616,-0.280776,1
0.298400,1.000000,1.000000,0.500000,-6.754623,-0.260609,1
0.298600,1.000000,1.000000,0.500000,-6.164106,-0.236004,1
0.298800,1.000000,1.000000,0.500000,-5.476377,-0.207349,1
0.299000,1.000000,1.000000,0.500000,-4.702282,-0.175095,1
0.299200,1.000000,1.000000,0.500000,-3.854029,-0.139751,1
0.299400,1.000000,1.000000,0.500000,-2.944996,-0.101875,1
0.299600,1.000000,1.000000,0.500000,-1.989519,-0.062063,1
0.299800,1.000000,1.000000,0.500000,-1.002666,-0.020944,1
0.300000,1.000000,1.000000,0.500000,0.000000,0.020833,1
0.300200,1.000000,1.000000,0.500000,1.002666,0.062611,1
0.300400,1.000000,1.000000,0.500000,1.989519,0.103730,1
0.300600,1.000000,1.000000,0.500000,2.944996,0.143542,1
0.300800,1.000000,1.000000,0.500000,3.854029,0.181418,1
0.301000,1.000000,1.000000,0.500000,4.702282,0.216762,1
0.301200,1.000000,1.000000,0.500000,5.476377,0.249016,1
0.301400,1.000000,1.000000,0.500000,6.164106,0.277671,1
0.301600,1.000000,1.000000,0.500000,6.754623,0.302276,1
0.301800,1.000000,1.000000,0.500000,7.238616,0.322442,1
0.302000,1.000000,1.000000,0.500000,7.608452,0.337852,1
0.302200,1.000000,1.000000,0.500000,7.858298,0.348262,1
0.302400,1.000000,1.000000,0.500000,7.984214,0.353509,1
0.302600,1.000000,1.000000,0.500000,7.984214,0.353509,1
0.302800,1.000000,1.000000,0.500000,7.858298,0.348262,1
0.303000,1.000000,1.000000,0.500000,7.608452,0.337852,1
0.303200,1.000000,1.000000,0.500000,7.238616,0.322442,1
0.303400,1.000000,1.000000,0.500000,6.754623,0.302276,1
0.303600,1.000000,1.000000,0.500000,6.164106,0.277671,1
0.303800,1.000000,1.000000,0.500000,5.476377,0.249016,1
0.304000,1.000000,1.000000,0.500000,4.702282,0.216762,1
0.304200,1.000000,1.000000,0.500000,3.854029,0.181418,1
0.304400,1.000000,1.000000,0.500000,2.944996,0.143542,1
0.304600,1.000000,1.000000,0.500000,1.989519,0.103730,1
0.304800,1.000000,1.000000,0.500000,1.002666,0.062611,1
0.305000,1.000000,1.000000,0.500000,0.000000,0.020833,1
0.305200,1.000000,1.000000,0.500000,-1.002666,-0.020944,1
0.305400,1.000000,1.000000,0.500000,-1.989519,-0.062063,1
0.305600,1.000000,1.000000,0.500000,-2.944996,-0.101875,1
0.305800,1.000000,1.000000,0.500000,-3.854029,-0.139751,1
0.306000,1.000000,1.000000,0.500000,-4.702282,-0.175095,1
0.306200,1.000000,1.000000,0.500000,-5.476377,-0.207349,1
0.306400,1.000000,1.000000,0.500000,-6.164106,-0.236004,1
0.306600,1.000000,1.000000,0.500000,-6.754623,-0.260609,1
0.306800,1.000000,1.000000,0.500000,-7.238616,-0.280776,1
0.307000,1.000000,1.000000,0.500000,-7.608452,-0.296186,1
0.307200,1.000000,1.000000,0.500000,-7.858298,-0.306596,1
0.307400,1.000000,1.000000,0.500000,-7.984214,-0.311842,1
0.307600,1.000000,1.000000,0.500000,-7.984214,-0.311842,1
0.307800,1.000000,1.000000,0.500000,-7.858298,-0.306596,1
0.308000,1.000000,1.000000,0.500000,-7.608452,-0.296186,1
0.308200,1.000000,1.000000,0.500000,-7.238616,-0.280776,1
0.308400,1.000000,1.000000,0.500000,-6.754623,-0.260609,1
0.308600,1.000000,1.000000,0.500000,-6.164106,-0.236004,1
0.308800,1.000000,1.000000,0.500000,-5.476377,-0.207349,1
0.309000,1.000000,1.000000,0.500000,-4.702282,-0.175095,1
0.309200,1.000000,1.000000,0.500000,-3.854029,-0.139751,1
0.309400,1.000000,1.000000,0.500000,-2.944996,-0.101875,1
0.309600,1.000000,1.000000,0.500000,-1.989519,-0.062063,1
0.309800,1.000000,1.000000,0.500000,-1.002666,-0.020944,1
0.310000,1.000000,1.000000,0.500000,0.000000,0.020833,1
0.310200,1.000000,1.000000,0.500000,1.002666,0.062611,1
0.310400,1.000000,1.000000,0.500000,1.989519,0.103730,1
0.310600,1.000000,1.000000,0.500000,2.944996,0.143542,1
0.310800,1.000000,1.000000,0.500000,3.854029,0.181418,1
0.311000,1.000000,1.000000,0.500000,4.702282,0.216762,1
0.311200,1.000000,1.000000,0.500000,5.476377,0.249016,1
0.311400,1.000000,1.000000,0.500000,6.164106,0.277671,1
0.311600,1.000000,1.000000,0.500000,6.754623,0.302276,1
0.311800,1.000000,1.000000,0.500000,7.238616,0.322442,1
0.312000,1.000000,1.000000,0.500000,7.608452,0.337852,1
0.312200,1.000000,1.000000,0.500000,7.858298,0.348262,1
0.312400,1.000000,1.000000,0.500000,7.984214,0.353509,1
0.312600,1.000000,1.000000,0.500000,7.984214,0.353509,1
0.312800,1.000000,1.000000,0.500000,7.858298,0.348262,1
0.313000,1.000000,1.000000,0.500000,7.608452,0.337852,1
0.313200,1.000000,1.000000,0.500000,7.238616,0.322442,1
0.313400,1.000000,1.000000,0.500000,6.754623,0.302276,1
0.313600,1.000000,1.000000,0.500000,6.164106,0.277671,1
0.313800,1.000000,1.000000,0.500000,5.476377,0.249016,1
0.314000,1.000000,1.000000,0.500000,4.702282,0.216762,1
0.314200,1.000000,1.000000,0.500000,3.854029,0.181418,1
0.314400,1.000000,1.000000,0.500000,2.944996,0.143542,1
0.314600,1.000000,1.000000,0.500000,1.989519,0.103730,1
0.314800,1.000000,1.000000,0.500000,1.002666,0.062611,1
0.315000,1.000000,1.000000,0.500000,-0.000000,0.020833,1
0.315200,1.000000,1.000000,0.500000,-1.002666,-0.020944,1
0.315400,1.000000,1.000000,0.500000,-1.989519,-0.062063,1
0.315600,1.000000,1.000000,0.500000,-2.944996,-0.101875,1
0.315800,1.000000,1.000000,0.500000,-3.854029,-0.139751,1
0.316000,1.000000,1.000000,0.500000,-4.702282,-0.175095,1
0.316200,1.000000,1.000000,0.500000,-5.476377,-0.207349,1
0.316400,1.000000,1.000000,0.500000,-6.164106,-0.236004,1
0.316600,1.000000,1.000000,0.500000,-6.754623,-0.260609,1
0.316800,1.000000,1.000000,0.500000,-7.238616,-0.280776,1
0.317000,1.000000,1.000000,0.500000,-7.608452,-0.296186,1
0.317200,1.000000,1.000000,0.500000,-7.858298,-0.306596,1
0.317400,1.000000,1.000000,0.500000,-7.984214,-0.311842,1
0.317600,1.000000,1.000000,0.500000,-7.984214,-0.311842,1
0.317800,1.000000,1.000000,0.500000,-7.858298,-0.306596,1
0.318000,1.000000,1.000000,0.500000,-7.608452,-0.296186,1
0.318200,1.000000,1.000000,0.500000,-7.238616,-0.280776,1
0.318400,1.000000,1.000000,0.500000,-6.754623,-0.260609,1
0.318600,1.000000,1.000000,0.500000,-6.164106,-0.236004,1
0.318800,1.000000,1.000000,0.500000,-5.476377,-0.207349,1
0.319000,1.000000,1.000000,0.500000,-4.702282,-0.175095,1
0.319200,1.000000,1.000000,0.500000,-3.854029,-0.139751,1
0.319400,1.000000,1.000000,0.500000,-2.944996,-0.101875,1
0.319600,1.000000,1.000000,0.500000,-1.989519,-0.062063,1
0.319800,1.000000,1.000000,0.500000,-1.002666,-0.020944,1
0.320000,1.000000,1.000000,0.500000,-0.000000,0.020833,1
0.320200,1.000000,1.000000,0.500000,1.002666,0.062611,1
0.320400,1.000000,1.000000,0.500000,1.989519,0.103730,1
0.320600,1.000000,1.000000,0.500000,2.944996,0.143542,1
0.320800,1.000000,1.000000,0.500000,3.854029,0.181418,1
0.321000,1.000000,1.000000,0.500000,4.702282,0.216762,1
0.321200,1.000000,1.000000,0.500000,5.476377,0.249016,1
0.321400,1.000000,1.000000,0.500000,6.164106,0.277671,1
0.321600,1.000000,1.000000,0.500000,6.754623,0.302276,1
0.321800,1.000000,1.000000,0.500000,7.238616,0.322442,1
0.322000,1.000000,1.000000,0.500000,7.608452,0.337852,1
0.322200,1.000000,1.000000,0.500000,7.858298,0.348262,1
0.322400,1.000000,1.000000,0.500000,7.984214,0.353509,1
0.322600,1.000000,1.000000,0.500000,7.984214,0.353509,1
0.322800,1.000000,1.000000,0.500000,7.858298,0.348262,1
0.323000,1.000000,1.000000,0.500000,7.608452,0.337852,1
0.323200,1.000000,1.000000,0.500000,7.238616,0.322442,1
0.323400,1.000000,1.000000,0.500000,6.754623,0.302276,1
0.323600,1.000000,1.000000,0.500000,6.164106,0.277671,1
0.323800,1.000000,1.000000,0.500000,5.476377,0.249016,1
0.324000,1.000000,1.000000,0.500000,4.702282,0.216762,1
0.324200,1.000000,1.000000,0.500000,3.854029,0.181418,1
0.324400,1.000000,1.000000,0.500000,2.944996,0.143542,1
0.324600,1.000000,1.000000,0.500000,1.989519,0.103730,1
0.324800,1.000000,1.000000,0.500000,1.002666,0.062611,1
0.325000,1.000000,1.000000,0.500000,-0.000000,0.020833,1
0.325200,1.000000,1.000000,0.500000,-1.002666,-0.020944,1
0.325400,1.000000,1.000000,0.500000,-1.989519,-0.062063,1
0.325600,1.000000,1.000000,0.500000,-2.944996,-0.101875,1
0.325800,1.000000,1.000000,0.500000,-3.854029,-0.139751,1
0.326000,1.000000,1.000000,0.500000,-4.702282,-0.175095,1
0.326200,1.000000,1.000000,0.500000,-5.476377,-0.207349,1
0.326400,1.000000,1.000000,0.500000,-6.164106,-0.236004,1
0.326600,1.000000,1.000000,0.500000,-6.754623,-0.260609,1
0.326800,1.000000,1.000000,0.500000,-7.238616,-0.280776,1
0.327000,1.000000,1.000000,0.500000,-7.608452,-0.296186,1
0.327200,1.000000,1.000000,0.500000,-7.858298,-0.306596,1
0.327400,1.000000,1.000000,0.500000,-7.984214,-0.311842,1
0.327600,1.000000,1.000000,0.500000,-7.984214,-0.311842,1
0.327800,1.000000,1.000000,0.500000,-7.858298,-0.306596,1
0.328000,1.000000,1.000000,0.500000,-7.608452,-0.296186,1
0.328200,1.000000,1.000000,0.500000,-7.238616,-0.280776,1
0.328400,1.000000,1.000000,0.500000,-6.754623,-0.260609,1
0.328600,1.000000,1.000000,0.500000,-6.164106,-0.236004,1
0.328800,1.000000,1.000000,0.500000,-5.476377,-0.207349,1
0.329000,1.000000,1.000000,0.500000,-4.702282,-0.175095,1
0.329200,1.000000,1.000000,0.500000,-3.854029,-0.139751,1
0.329400,1.000000,1.000000,0.500000,-2.944996,-0.101875,1
0.329600,1.000000,1.000000,0.500000,-1.989519,-0.062063,1
0.329800,1.000000,1.000000,0.500000,-1.002666,-0.020944,1
0.330000,1.000000,1.000000,0.500000,-0.000000,0.020833,1
0.330200,1.000000,1.000000,0.500000,1.002666,0.062611,1
0.330400,1.000000,1.000000,0.500000,1.989519,0.103730,1
0.330600,1.000000,1.000000,0.500000,2.944996,0.143542,1
0.330800,1.000000,1.000000,0.500000,3.854029,0.181418,1
0.331000,1.000000,1.000000,0.500000,4.702282,0.216762,1
0.331200,1.000000,1.000000,0.500000,5.476377,0.249016,1
0.331400,1.000000,1.000000,0.500000,6.164106,0.277671,1
0.331600,1.000000,1.000000,0.500000,6.754623,0.302276,1
0.331800,1.000000,1.000000,0.500000,7.238616,0.322442,1
0.332000,1.000000,1.000000,0.500000,7.608452,0.337852,1
0.332200,1.000000,1.000000,0.500000,7.858298,0.348262,1
0.332400,1.000000,1.000000,0.500000,7.984214,0.353509,1
0.332600,1.000000,1.000000,0.500000,7.984214,0.353509,1
0.332800,1.000000,1.000000,0.500000,7.858298,0.348262,1
0.333000,1.000000,1.000000,0.500000,7.608452,0.337852,1
0.333200,1.000000,1.000000,0.500000,7.238616,0.322442,1
0.333400,1.000000,1.000000,0.500000,6.754623,0.302276,1
0.333600,1.000000,1.000000,0.500000,6.164106,0.277671,1
0.333800,1.000000,1.000000,0.500000,5.476377,0.249016,1
0.334000,1.000000,1.000000,0.500000,4.702282,0.216762,1
0.334200,1.000000,1.000000,0.500000,3.854029,0.181418,1
0.334400,1.000000,1.000000,0.500000,2.944996,0.143542,1
0.334600,1.000000,1.000000,0.500000,1.989519,0.103730,1
0.334800,1.000000,1.000000,0.500000,1.002666,0.062611,1
0.335000,1.000000,1.000000,0.500000,-0.000000,0.020833,1
0.335200,1.000000,1.000000,0.500000,-1.002666,-0.020944,1
0.335400,1.000000,1.000000,0.500000,-1.989519,-0.062063,1
0.335600,1.000000,1.000000,0.500000,-2.944996,-0.101875,1
0.335800,1.000000,1.000000,0.500000,-3.854029,-0.139751,1
0.336000,1.000000,1.000000,0.500000,-4.702282,-0.175095,1
0.336200,1.000000,1.000000,0.500000,-5.476377,-0.207349,1
0.336400,1.000000,1.000000,0.500000,-6.164106,-0.236004,1
0.336600,1.000000,1.000000,0.500000,-6.754623,-0.260609,1
0.336800,1.000000,1.000000,0.500000,-7.238616,-0.280776,1
0.337000,1.000000,1.000000,0.500000,-7.608452,-0.296186,1
0.337200,1.000000,1.000000,0.500000,-7.858298,-0.306596,1
0.337400,1.000000,1.000000,0.500000,-7.984214,-0.311842,1
0.337600,1.000000,1.000000,0.500000,-7.984214,-0.311842,1
0.337800,1.000000,1.000000,0.500000,-7.858298,-0.306596,1
0.338000,1.000000,1.000000,0.500000,-7.608452,-0.296186,1
0.338200,1.000000,1.000000,0.500000,-7.238616,-0.280776,1
0.338400,1.000000,1.000000,0.500000,-6.754623,-0.260609,1
0.338600,1.000000,1.000000,0.500000,-6.164106,-0.236004,1
0.338800,1.000000,1.000000,0.500000,-5.476377,-0.207349,1
0.339000,1.000000,1.000000,0.500000,-4.702282,-0.175095,1
0.339200,1.000000,1.000000,0.500000,-3.854029,-0.139751,1
0.339400,1.000000,1.000000,0.500000,-2.944996,-0.101875,1
0.339600,1.000000,1.000000,0.500000,-1.989519,-0.062063,1
0.339800,1.000000,1.000000,0.500000,-1.002666,-0.020944,1
0.340000,1.000000,1.000000,0.500000,0.000000,0.020833,1
0.340200,1.000000,1.000000,0.500000,1.002666,0.062611,1
0.340400,1.000000,1.000000,0.500000,1.989519,0.103730,1
0.340600,1.000000,1.000000,0.500000,2.944996,0.143542,1
0.340800,1.000000,1.000000,0.500000,3.854029,0.181418,1
0.341000,1.000000,1.000000,0.500000,4.702282,0.216762,1
0.341200,1.000000,1.000000,0.500000,5.476377,0.249016,1
0.341400,1.000000,1.000000,0.500000,6.164106,0.277671,1
0.341600,1.000000,1.000000,0.500000,6.754623,0.302276,1
0.341800,1.000000,1.000000,0.500000,7.238616,0.322442,1
0.342000,1.000000,1.000000,0.500000,7.608452,0.337852,1
0.342200,1.000000,1.000000,0.500000,7.858298,0.348262,1
0.342400,1.000000,1.000000,0.500000,7.984214,0.353509,1
0.342600,1.000000,1.000000,0.500000,7.984214,0.353509,1
0.342800,1.000000,1.000000,0.500000,7.858298,0.348262,1
0.343000,1.000000,1.000000,0.500000,7.608452,0.337852,1
0.343200,1.000000,1.000000,0.500000,7.238616,0.322442,1
0.343400,1.000000,1.000000,0.500000,6.754623,0.302276,1
0.343600,1.000000,1.000000,0.500000,6.164106,0.277671,1
0.343800,1.000000,1.000000,0.500000,5.476377,0.249016,1
0.344000,1.000000,1.000000,0.500000,4.702282,0.216762,1
0.344200,1.000000,1.000000,0.500000,3.854029,0.181418,1
0.344400,1.000000,1.000000,0.500000,2.944996,0.143542,1
0.344600,1.000000,1.000000,0.500000,1.989519,0.103730,1
0.344800,1.000000,1.000000,0.500000,1.002666,0.062611,1
0.345000,1.000000,1.000000,0.500000,-0.000000,0.020833,1
0.345200,1.000000,1.000000,0.500000,-1.002666,-0.020944,1
0.345400,1.000000,1.000000,0.500000,-1.989519,-0.062063,1
0.345600,1.000000,1.000000,0.500000,-2.944996,-0.101875,1
0.345800,1.000000,1.000000,0.500000,-3.854029,-0.139751,1
0.346000,1.000000,1.000000,0.500000,-4.702282,-0.175095,1
0.346200,1.000000,1.000000,0.500000,-5.476377,-0.207349,1
0.346400,1.000000,1.000000,0.500000,-6.164106,-0.236004,1
0.346600,1.000000,1.000000,0.500000,-6.754623,-0.260609,1
0.346800,1.000000,1.000000,0.500000,-7.238616,-0.280776,1
0.347000,1.000000,1.000000,0.500000,-7.608452,-0.296186,1
0.347200,1.000000,1.000000,0.500000,-7.858298,-0.306596,1
0.347400,1.000000,1.000000,0.500000,-7.984214,-0.311842,1
0.347600,1.000000,1.000000,0.500000,-7.984214,-0.311842,1
0.347800,1.000000,1.000000,0.500000,-7.858298,-0.306596,1
0.348000,1.000000,1.000000,0.500000,-7.608452,-0.296186,1
0.348200,1.000000,1.000000,0.500000,-7.238616,-0.280776,1
0.348400,1.000000,1.000000,0.500000,-6.754623,-0.260609,1
0.348600,1.000000,1.000000,0.500000,-6.164106,-0.236004,1
0.348800,1.000000,1.000000,0.500000,-5.476377,-0.207349,1
0.349000,1.000000,1.000000,0.500000,-4.702282,-0.175095,1
0.349200,1.000000,1.000000,0.500000,-3.854029,-0.139751,1
0.349400,1.000000,1.000000,0.500000,-2.944996,-0.101875,1
0.349600,1.000000,1.000000,0.500000,-1.989519,-0.062063,1
0.349800,1.000000,1.000000,0.500000,-1.002666,-0.020944,1
0.350000,1.000000,1.000000,0.500000,0.000000,0.020833,1
0.350200,1.000000,1.000000,0.500000,1.002666,0.062611,1
0.350400,1.000000,1.000000,0.500000,1.989519,0.103730,1
0.350600,1.000000,1.000000,0.500000,2.944996,0.143542,1
0.350800,1.000000,1.000000,0.500000,3.854029,0.181418,1
0.351000,1.000000,1.000000,0.500000,4.702282,0.216762,1
0.351200,1.000000,1.000000,0.500000,5.476377,0.249016,1
0.351400,1.000000,1.000000,0.500000,6.164106,0.277671,1
0.351600,1.000000,1.000000,0.500000,6.754623,0.302276,1
0.351800,1.000000,1.000000,0.500000,7.238616,0.322442,1
0.352000,1.000000,1.000000,0.500000,7.608452,0.337852,1
0.352200,1.000000,1.000000,0.500000,7.858298,0.348262,1
0.352400,1.000000,1.000000,0.500000,7.984214,0.353509,1
0.352600,1.000000,1.000000,0.500000,7.984214,0.353509,1
0.352800,1.000000,1.000000,0.500000,7.858298,0.348262,1
0.353000,1.000000,1.000000,0.500000,7.608452,0.337852,1
0.353200,1.000000,1.000000,0.500000,7.238616,0.322442,1
0.353400,1.000000,1.000000,0.500000,6.754623,0.302276,1
0.353600,1.000000,1.000000,0.500000,6.164106,0.277671,1
0.353800,1.000000,1.000000,0.500000,5.476377,0.249016,1
0.354000,1.000000,1.000000,0.500000,4.702282,0.216762,1
0.354200,1.000000,1.000000,0.500000,3.854029,0.181418,1
0.354400,1.000000,1.000000,0.500000,2.944996,0.143542,1
0.354600,1.000000,1.000000,0.500000,1.989519,0.103730,1
0.354800,1.000000,1.000000,0.500000,1.002666,0.062611,1
0.355000,1.000000,1.000000,0.500000,-0.000000,0.020833,1
0.355200,1.000000,1.000000,0.500000,-1.002666,-0.020944,1
0.355400,1.000000,1.000000,0.500000,-1.989519,-0.062063,1
0.355600,1.000000,1.000000,0.500000,-2.944996,-0.101875,1
0.355800,1.000000,1.000000,0.500000,-3.854029,-0.139751,1
0.356000,1.000000,1.000000,0.500000,-4.702282,-0.175095,1
0.356200,1.000000,1.000000,0.500000,-5.476377,-0.207349,1
0.356400,1.000000,1.000000,0.500000,-6.164106,-0.236004,1
0.356600,1.000000,1.000000,0.500000,-6.754623,-0.260609,1
0.356800,1.000000,1.000000,0.500000,-7.238616,-0.280776,1
0.357000,1.000000,1.000000,0.500000,-7.608452,-0.296186,1
0.357200,1.000000,1.000000,0.500000,-7.858298,-0.306596,1
0.357400,1.000000,1.000000,0.500000,-7.984214,-0.311842,1
0.357600,1.000000,1.000000,0.500000,-7.984214,-0.311842,1
0.357800,1.000000,1.000000,0.500000,-7.858298,-0.306596,1
0.358000,1.000000,1.000000,0.500000,-7.608452,-0.296186,1
0.358200,1.000000,1.000000,0.500000,-7.238616,-0.280776,1
0.358400,1.000000,1.000000,0.500000,-6.754623,-0.260609,1
0.358600,1.000000,1.000000,0.500000,-6.164106,-0.236004,1
0.358800,1.000000,1.000000,0.500000,-5.476377,-0.207349,1
0.359000,1.000000,1.000000,0.500000,-4.702282,-0.175095,1
0.359200,1.000000,1.000000,0.500000,-3.854029,-0.139751,1
0.359400,1.000000,1.000000,0.500000,-2.944996,-0.101875,1
0.359600,1.000000,1.000000,0.500000,-1.989519,-0.062063,1
0.359800,1.000000,1.000000,0.500000,-1.002666,-0.020944,1
0.360000,1.000000,1.000000,0.500000,0.000000,0.020833,1
0.360200,1.000000,1.000000,0.500000,1.002666,0.062611,1
0.360400,1.000000,1.000000,0.500000,1.989519,0.103730,1
0.360600,1.000000,1.000000,0.500000,2.944996,0.143542,1
0.360800,1.000000,1.000000,0.500000,3.854029,0.181418,1
0.361000,1.000000,1.000000,0.500000,4.702282,0.216762,1
0.361200,1.000000,1.000000,0.500000,5.476377,0.249016,1
0.361400,1.000000,1.000000,0.500000,6.164106,0.277671,1
0.361600,1.000000,1.000000,0.500000,6.754623,0.302276,1
0.361800,1.000000,1.000000,0.500000,7.238616,0.322442,1
0.362000,1.000000,1.000000,0.500000,7.608452,0.337852,1
0.362200,1.000000,1.000000,0.500000,7.858298,0.348262,1
0.362400,1.000000,1.000000,0.500000,7.984214,0.353509,1
0.362600,1.000000,1.000000,0.500000,7.984214,0.353509,1
0.362800,1.000000,1.000000,0.500000,7.858298,0.348262,1
0.363000,1.000000,1.000000,0.500000,7.608452,0.337852,1
0.363200,1.000000,1.000000,0.500000,7.238616,0.322442,1
0.363400,1.000000,1.000000,0.500000,6.754623,0.302276,1
0.363600,1.000000,1.000000,0.500000,6.164106,0.277671,1
0.363800,1.000000,1.000000,0.500000,5.476377,0.249016,1
0.364000,1.000000,1.000000,0.500000,4.702282,0.216762,1
0.364200,1.000000,1.000000,0.500000,3.854029,0.181418,1
0.364400,1.000000,1.000000,0.500000,2.944996,0.143542,1
0.364600,1.000000,1.000000,0.500000,1.989519,0.103730,1
0.364800,1.000000,1.000000,0.500000,1.002666,0.062611,1
0.365000,1.000000,1.000000,0.500000,-0.000000,0.020833,1
0.365200,1.000000,1.000000,0.500000,-1.002666,-0.020944,1
0.365400,1.000000,1.000000,0.500000,-1.989519,-0.062063,1
0.365600,1.000000,1.000000,0.500000,-2.944996,-0.101875,1
0.365800,1.000000,1.000000,0.500000,-3.854029,-0.139751,1
0.366000,1.000000,1.000000,0.500000,-4.702282,-0.175095,1
0.366200,1.000000,1.000000,0.500000,-5.476377,-0.207349,1
0.366400,1.000000,1.000000,0.500000,-6.164106,-0.236004,1
0.366600,1.000000,1.000000,0.500000,-6.754623,-0.260609,1
0.366800,1.000000,1.000000,0.500000,-7.238616,-0.280776,1
0.367000,1.000000,1.000000,0.500000,-7.608452,-0.296186,1
0.367200,1.000000,1.000000,0.500000,-7.858298,-0.306596,1
0.367400,1.000000,1.000000,0.500000,-7.984214,-0.311842,1
0.367600,1.000000,1.000000,0.500000,-7.984214,-0.311842,1
0.367800,1.000000,1.000000,0.500000,-7.858298,-0.306596,1
0.368000,1.000000,1.000000,0.500000,-7.608452,-0.296186,1
0.368200,1.000000,1.000000,0.500000,-7.238616,-0.280776,1
0.368400,1.000000,1.000000,0.500000,-6.754623,-0.260609,1
0.368600,1.000000,1.000000,0.500000,-6.164106,-0.236004,1
0.368800,1.000000,1.000000,0.500000,-5.476377,-0.207349,1
0.369000,1.000000,1.000000,0.500000,-4.702282,-0.175095,1
0.369200,1.000000,1.000000,0.500000,-3.854029,-0.139751,1
0.369400,1.000000,1.000000,0.500000,-2.944996,-0.101875,1
0.369600,1.000000,1.000000,0.500000,-1.989519,-0.062063,1
0.369800,1.000000,1.000000,0.500000,-1.002666,-0.020944,1
0.370000,1.000000,1.000000,0.500000,-0.000000,0.020833,1
0.370200,1.000000,1.000000,0.500000,1.002666,0.062611,1
0.370400,1.000000,1.000000,0.500000,1.989519,0.103730,1
0.370600,1.000000,1.000000,0.500000,2.944996,0.143542,1
0.370800,1.000000,1.000000,0.500000,3.854029,0.181418,1
0.371000,1.000000,1.000000,0.500000,4.702282,0.216762,1
0.371200,1.000000,1.000000,0.500000,5.476377,0.249016,1
0.371400,1.000000,1.000000,0.500000,6.164106,0.277671,1
0.371600,1.000000,1.000000,0.500000,6.754623,0.302276,1
0.371800,1.000000,1.000000,0.500000,7.238616,0.322442,1
0.372000,1.000000,1.000000,0.500000,7.608452,0.337852,1
0.372200,1.000000,1.000000,0.500000,7.858298,0.348262,1
0.372400,1.000000,1.000000,0.500000,7.984214,0.353509,1
0.372600,1.000000,1.000000,0.500000,7.984214,0.353509,1
0.372800,1.000000,1.000000,0.500000,7.858298,0.348262,1
0.373000,1.000000,1.000000,0.500000,7.608452,0.337852,1
0.373200,1.000000,1.000000,0.500000,7.238616,0.322442,1
0.373400,1.000000,1.000000,0.500000,6.754623,0.302276,1
0.373600,1.000000,1.000000,0.500000,6.164106,0.277671,1
0.373800,1.000000,1.000000,0.500000,5.476377,0.249016,1
0.374000,1.000000,1.000000,0.500000,4.702282,0.216762,1
0.374200,1.000000,1.000000,0.500000,3.854029,0.181418,1
0.374400,1.000000,1.000000,0.500000,2.944996,0.143542,1
0.374600,1.000000,1.000000,0.500000,1.989519,0.103730,1
0.374800,1.000000,1.000000,0.500000,1.002666,0.062611,1
0.375000,1.000000,1.000000,0.500000,0.000000,0.020833,1
0.375200,1.000000,1.000000,0.500000,-1.002666,-0.020944,1
0.375400,1.000000,1.000000,0.500000,-1.989519,-0.062063,1
0.375600,1.000000,1.000000,0.500000,-2.944996,-0.101875,1
0.375800,1.000000,1.000000,0.500000,-3.854029,-0.139751,1
0.376000,1.000000,1.000000,0.500000,-4.702282,-0.175095,1
0.376200,1.000000,1.000000,0.500000,-5.476377,-0.207349,1
0.376400,1.000000,1.000000,0.500000,-6.164106,-0.236004,1
0.376600,1.000000,1.000000,0.500000,-6.754623,-0.260609,1
0.376800,1.000000,1.000000,0.500000,-7.238616,-0.280776,1
0.377000,1.000000,1.000000,0.500000,-7.608452,-0.296186,1
0.377200,1.000000,1.000000,0.500000,-7.858298,-0.306596,1
0.377400,1.000000,1.000000,0.500000,-7.984214,-0.311842,1
0.377600,1.000000,1.000000,0.500000,-7.984214,-0.311842,1
0.377800,1.000000,1.000000,0.500000,-7.858298,-0.306596,1
0.378000,1.000000,1.000000,0.500000,-7.608452,-0.296186,1
0.378200,1.000000,1.000000,0.500000,-7.238616,-0.280776,1
0.378400,1.000000,1.000000,0.500000,-6.754623,-0.260609,1
0.378600,1.000000,1.000000,0.500000,-6.164106,-0.236004,1
0.378800,1.000000,1.000000,0.500000,-5.476377,-0.207349,1
0.379000,1.000000,1.000000,0.500000,-4.702282,-0.175095,1
0.379200,1.000000,1.000000,0.500000,-3.854029,-0.139751,1
0.379400,1.000000,1.000000,0.500000,-2.944996,-0.101875,1
0.379600,1.000000,1.000000,0.500000,-1.989519,-0.062063,1
0.379800,1.000000,1.000000,0.500000,-1.002666,-0.020944,1
0.380000,1.000000,1.000000,0.500000,0.000000,0.020833,1
0.380200,1.000000,1.000000,0.500000,1.002666,0.062611,1
0.380400,1.000000,1.000000,0.500000,1.989519,0.103730,1
0.380600,1.000000,1.000000,0.500000,2.944996,0.143542,1
0.380800,1.000000,1.000000,0.500000,3.854029,0.181418,1
0.381000,1.000000,1.000000,0.500000,4.702282,0.216762,1
0.381200,1.000000,1.000000,0.500000,5.476377,0.249016,1
0.381400,1.000000,1.000000,0.500000,6.164106,0.277671,1
0.381600,1.000000,1.000000,0.500000,6.754623,0.302276,1
0.381800,1.000000,1.000000,0.500000,7.238616,0.322442,1
0.382000,1.000000,1.000000,0.500000,7.608452,0.337852,1
0.382200,1.000000,1.000000,0.500000,7.858298,0.348262,1
0.382400,1.000000,1.000000,0.500000,7.984214,0.353509,1
0.382600,1.000000,1.000000,0.500000,7.984214,0.353509,1
0.382800,1.000000,1.000000,0.500000,7.858298,0.348262,1
0.383000,1.000000,1.000000,0.500000,7.608452,0.337852,1
0.383200,1.000000,1.000000,0.500000,7.238616,0.322442,1
0.383400,1.000000,1.000000,0.500000,6.754623,0.302276,1
0.383600,1.000000,1.000000,0.500000,6.164106,0.277671,1
0.383800,1.000000,1.000000,0.500000,5.476377,0.249016,1
0.384000,1.000000,1.000000,0.500000,4.702282,0.216762,1
0.384200,1.000000,1.000000,0.500000,3.854029,0.181418,1
0.384400,1.000000,1.000000,0.500000,2.944996,0.143542,1
0.384600,1.000000,1.000000,0.500000,1.989519,0.103730,1
0.384800,1.000000,1.000000,0.500000,1.002666,0.062611,1
0.385000,1.000000,1.000000,0.500000,0.000000,0.020833,1
0.385200,1.000000,1.000000,0.500000,-1.002666,-0.020944,1
0.385400,1.000000,1.000000,0.500000,-1.989519,-0.062063,1
0.385600,1.000000,1.000000,0.500000,-2.944996,-0.101875,1
0.385800,1.000000,1.000000,0.500000,-3.854029,-0.139751,1
0.386000,1.000000,1.000000,0.500000,-4.702282,-0.175095,1
0.386200,1.000000,1.000000,0.500000,-5.476377,-0.207349,1
0.386400,1.000000,1.000000,0.500000,-6.164106,-0.236004,1
0.386600,1.000000,1.000000,0.500000,-6.754623,-0.260609,1
0.386800,1.000000,1.000000,0.500000,-7.238616,-0.280776,1
0.387000,1.000000,1.000000,0.500000,-7.608452,-0.296186,1
0.387200,1.000000,1.000000,0.500000,-7.858298,-0.306596,1
0.387400,1.000000,1.000000,0.500000,-7.984214,-0.311842,1
0.387600,1.000000,1.000000,0.500000,-7.984214,-0.311842,1
0.387800,1.000000,1.000000,0.500000,-7.858298,-0.306596,1
0.388000,1.000000,1.000000,0.500000,-7.608452,-0.296186,1
0.388200,1.000000,1.000000,0.500000,-7.238616,-0.280776,1
0.388400,1.000000,1.000000,0.500000,-6.754623,-0.260609,1
0.388600,1.000000,1.000000,0.500000,-6.164106,-0.236004,1
0.388800,1.000000,1.000000,0.500000,-5.476377,-0.207349,1
0.389000,1.000000,1.000000,0.500000,-4.702282,-0.175095,1
0.389200,1.000000,1.000000,0.500000,-3.854029,-0.139751,1
0.389400,1.000000,1.000000,0.500000,-2.944996,-0.101875,1
0.389600,1.000000,1.000000,0.500000,-1.989519,-0.062063,1
0.389800,1.000000,1.000000,0.500000,-1.002666,-0.020944,1
0.390000,1.000000,1.000000,0.500000,0.000000,0.020833,1
0.390200,1.000000,1.000000,0.500000,1.002666,0.062611,1
0.390400,1.000000,1.000000,0.500000,1.989519,0.103730,1
0.390600,1.000000,1.000000,0.500000,2.944996,0.143542,1
0.390800,1.000000,1.000000,0.500000,3.854029,0.181418,1
0.391000,1.000000,1.000000,0.500000,4.702282,0.216762,1
0.391200,1.000000,1.000000,0.500000,5.476377,0.249016,1
0.391400,1.000000,1.000000,0.500000,6.164106,0.277671,1
0.391600,1.000000,1.000000,0.500000,6.754623,0.302276,1
0.391800,1.000000,1.000000,0.500000,7.238616,0.322442,1
0.392000,1.000000,1.000000,0.500000,7.608452,0.337852,1
0.392200,1.000000,1.000000,0.500000,7.858298,0.348262,1
0.392400,1.000000,1.000000,0.500000,7.984214,0.353509,1
0.392600,1.000000,1.000000,0.500000,7.984214,0.353509,1
0.392800,1.000000,1.000000,0.500000,7.858298,0.348262,1
0.393000,1.000000,1.000000,0.500000,7.608452,0.337852,1
0.393200,1.000000,1.000000,0.500000,7.238616,0.322442,1
0.393400,1.000000,1.000000,0.500000,6.754623,0.302276,1
0.393600,1.000000,1.000000,0.500000,6.164106,0.277671,1
0.393800,1.000000,1.000000,0.500000,5.476377,0.249016,1
0.394000,1.000000,1.000000,0.500000,4.702282,0.216762,1
0.394200,1.000000,1.000000,0.500000,3.854029,0.181418,1
0.394400,1.000000,1.000000,0.500000,2.944996,0.143542,1
0.394600,1.000000,1.000000,0.500000,1.989519,0.103730,1
0.394800,1.000000,1.000000,0.500000,1.002666,0.062611,1
0.395000,1.000000,1.000000,0.500000,-0.000000,0.020833,1
0.395200,1.000000,1.000000,0.500000,-1.002666,-0.020944,1
0.395400,1.000000,1.000000,0.500000,-1.989519,-0.062063,1
0.395600,1.000000,1.000000,0.500000,-2.944996,-0.101875,1
0.395800,1.000000,1.000000,0.500000,-3.854029,-0.139751,1
0.396000,1.000000,1.000000,0.500000,-4.702282,-0.175095,1
0.396200,1.000000,1.000000,0.500000,-5.476377,-0.207349,1
0.396400,1.000000,1.000000,0.500000,-6.164106,-0.236004,1
0.396600,1.000000,1.000000,0.500000,-6.754623,-0.260609,1
0.396800,1.000000,1.000000,0.500000,-7.238616,-0.280776,1
0.397000,1.000000,1.000000,0.500000,-7.608452,-0.296186,1
0.397200,1.000000,1.000000,0.500000,-7.858298,-0.306596,1
0.397400,1.000000,1.000000,0.500000,-7.984214,-0.311842,1
0.397600,1.000000,1.000000,0.500000,-7.984214,-0.311842,1
0.397800,1.000000,1.000000,0.500000,-7.858298,-0.306596,1
0.398000,1.000000,1.000000,0.500000,-7.608452,-0.296186,1
0.398200,1.000000,1.000000,0.500000,-7.238616,-0.280776,1
0.398400,1.000000,1.000000,0.500000,-6.754623,-0.260609,1
0.398600,1.000000,1.000000,0.500000,-6.164106,-0.236004,1
0.398800,1.000000,1.000000,0.500000,-5.476377,-0.207349,1
0.399000,1.000000,1.000000,0.500000,-4.702282,-0.175095,1
0.399200,1.000000,1.000000,0.500000,-3.854029,-0.139751,1
0.399400,1.000000,1.000000,0.500000,-2.944996,-0.101875,1
0.399600,1.000000,1.000000,0.500000,-1.989519,-0.062063,1
0.399800,1.000000,1.000000,0.500000,-1.002666,-0.020944,1
0.400000,1.000000,1.000000,0.500000,0.000000,0.020833,1
