time_s,i_alpha,id,iq,duty,use_park
0.000000,0.200500,0.000000,0.000000,0.334167,0
0.000050,0.358793,0.200401,-0.006298,0.278470,0
0.000100,0.483770,0.358103,-0.022250,0.236700,0
0.000150,0.582448,0.481722,-0.044483,0.205910,0
0.000200,0.660365,0.578163,-0.070562,0.183774,0
0.000250,0.721894,0.652957,-0.098745,0.168452,0
0.000300,0.770488,0.710531,-0.127807,0.158489,0
0.000350,0.808870,0.754430,-0.156903,0.152737,0
0.000400,0.839192,0.787486,-0.185468,0.150284,0
0.000450,0.863150,0.811968,-0.213140,0.150411,0
0.000500,0.882086,0.829685,-0.239704,0.152548,0
0.000550,0.897057,0.842087,-0.265050,0.156241,0
0.000600,0.908898,0.850330,-0.289142,0.161132,0
0.000650,0.918268,0.855337,-0.311995,0.166935,0
0.000700,0.925689,0.857847,-0.333660,0.173424,0
0.000750,0.931569,0.858445,-0.354211,0.180416,0
0.000800,0.936234,0.857600,-0.373735,0.187767,0
0.000850,0.939940,0.855684,-0.392328,0.195361,0
0.000900,0.942888,0.852989,-0.410091,0.203105,0
0.000950,0.945238,0.849746,-0.427124,0.210922,0
0.001000,0.947116,0.846137,-0.443527,0.218751,0
0.001050,0.948622,0.842301,-0.459398,0.226543,0
0.001100,0.949833,0.838343,-0.474829,0.234256,0
0.001150,0.950812,0.834344,-0.489909,0.241857,0
0.001200,0.951608,0.830358,-0.504724,0.249317,0
0.001250,0.952258,0.826423,-0.519353,0.256612,0
0.001300,0.952795,0.822563,-0.533871,0.263722,0
0.001350,0.953241,0.818787,-0.548347,0.270630,0
0.001400,0.953615,0.815093,-0.562846,0.277321,0
0.001450,0.953933,0.811473,-0.577428,0.283782,0
0.001500,0.954207,0.807908,-0.592147,0.290002,0
0.001550,0.954445,0.804374,-0.607053,0.295970,0
0.001600,0.954656,0.800842,-0.622190,0.301678,0
0.001650,0.954844,0.797279,-0.637598,0.307117,0
0.001700,0.955015,0.793647,-0.653312,0.312280,0
0.001750,0.955172,0.789905,-0.669362,0.317160,0
0.001800,0.955318,0.786011,-0.685772,0.321752,0
0.001850,0.955456,0.781918,-0.702564,0.326050,0
0.001900,0.955586,0.777579,-0.719753,0.330048,0
0.001950,0.955711,0.772948,-0.737351,0.333743,0
0.002000,0.955832,0.767975,-0.755364,0.337130,0
0.002050,0.955949,0.762610,-0.773795,0.340206,0
0.002100,0.956063,0.756805,-0.792641,0.342967,0
0.002150,0.956175,0.750511,-0.811897,0.345410,0
0.002200,0.956285,0.743678,-0.831553,0.347533,0
0.002250,0.956393,0.736259,-0.851593,0.349333,0
0.002300,0.956501,0.728208,-0.872001,0.350809,0
0.002350,0.956607,0.719478,-0.892754,0.351958,0
0.002400,0.956712,0.710026,-0.913827,0.352780,0
0.002450,0.956817,0.699810,-0.935192,0.353275,0
0.002500,0.956921,0.688789,-0.956817,0.353440,0
0.002550,0.957024,0.676925,-0.978666,0.353277,0
0.002600,0.957127,0.664183,-1.000703,0.352785,0
0.002650,0.957230,0.650528,-1.022887,0.351965,0
0.002700,0.957332,0.635930,-1.045174,0.350817,0
0.002750,0.957433,0.620360,-1.067520,0.349343,0
0.002800,0.957535,0.603794,-1.089878,0.347545,0
0.002850,0.957636,0.586208,-1.112198,0.345423,0
0.002900,0.957737,0.567584,-1.134428,0.342980,0
0.002950,0.957837,0.547904,-1.156518,0.340218,0
0.003000,0.957937,0.527155,-1.178413,0.337141,0
0.003050,0.958037,0.505329,-1.200058,0.333751,0
0.003100,0.958137,0.482416,-1.221397,0.330051,0
0.003150,0.958237,0.458415,-1.242375,0.326045,0
0.003200,0.958336,0.433324,-1.262934,0.321738,0
0.003250,0.958435,0.407146,-1.283017,0.317132,0
0.003300,0.958533,0.379889,-1.302566,0.312234,0
0.003350,0.958632,0.351560,-1.321525,0.307048,0
0.003400,0.958730,0.322174,-1.339836,0.301578,0
0.003450,0.958828,0.291745,-1.357443,0.295830,0
0.003500,0.958926,0.260292,-1.374290,0.289811,0
0.003550,0.959023,0.227838,-1.390322,0.283525,0
0.003600,0.959121,0.194408,-1.405484,0.276980,0
0.003650,0.959218,0.160030,-1.419724,0.270180,0
0.003700,0.959314,0.124734,-1.432989,0.263135,0
0.003750,0.959411,0.088555,-1.445230,0.255849,0
0.003800,0.959507,0.051528,-1.456398,0.248331,0
0.003850,0.959604,0.013692,-1.466445,0.240587,0
0.003900,0.959699,-0.024911,-1.475327,0.232626,0
0.003950,0.959795,-0.064238,-1.483000,0.224456,0
0.004000,0.959891,-0.104243,-1.489423,0.216083,0
0.004050,0.959986,-0.144877,-1.494556,0.207518,0
0.004100,0.960081,-0.186092,-1.498364,0.198767,0
0.004150,0.960176,-0.227834,-1.500810,0.189840,0
0.004200,0.960270,-0.270050,-1.501865,0.180746,0
0.004250,0.960364,-0.312685,-1.501497,0.171493,0
0.004300,0.960458,-0.355683,-1.499680,0.162091,0
0.004350,0.960552,-0.398985,-1.496390,0.152549,0
0.004400,0.960646,-0.442532,-1.491604,0.142876,0
0.004450,0.960739,-0.486265,-1.485305,0.133082,0
0.004500,0.960833,-0.530120,-1.477475,0.123176,0
0.004550,0.960926,-0.574038,-1.468102,0.113169,0
0.004600,0.961018,-0.617955,-1.457174,0.103071,0
0.004650,0.961111,-0.661809,-1.444685,0.092890,0
0.004700,0.961203,-0.705535,-1.430628,0.082637,0
0.004750,0.961295,-0.749070,-1.415003,0.072323,0
0.004800,0.961387,-0.792351,-1.397809,0.061958,0
0.004850,0.961479,-0.835314,-1.379051,0.051551,0
0.004900,0.961570,-0.877896,-1.358733,0.041113,0
0.004950,0.961662,-0.920032,-1.336867,0.030655,0
0.005000,0.961753,-0.961662,-1.313462,0.020186,0
0.005050,0.961843,-1.002721,-1.288534,0.009718,0
0.005100,0.961934,-1.043150,-1.262100,-0.000741,0
0.005150,0.962024,-1.082886,-1.234180,-0.011179,0
0.005200,0.962114,-1.121872,-1.204796,-0.021585,0
0.005250,0.962204,-1.160046,-1.173972,-0.031951,0
0.005300,0.962294,-1.197353,-1.141736,-0.042265,0
0.005350,0.962384,-1.233735,-1.108118,-0.052517,0
0.005400,0.962473,-1.269137,-1.073149,-0.062698,0
0.005450,0.962562,-1.303506,-1.036863,-0.072797,0
0.005500,0.962651,-1.336789,-0.999298,-0.082804,0
0.005550,0.962739,-1.368936,-0.960490,-0.092710,0
0.005600,0.962828,-1.399897,-0.920481,-0.102504,0
0.005650,0.962916,-1.429625,-0.879313,-0.112177,0
0.005700,0.963004,-1.458076,-0.837030,-0.121719,0
0.005750,0.963092,-1.485204,-0.793678,-0.131121,0
0.005800,0.963180,-1.510969,-0.749304,-0.140374,0
0.005850,0.963267,-1.535330,-0.703957,-0.149469,0
0.005900,0.963354,-1.558250,-0.657688,-0.158396,0
0.005950,0.963441,-1.579693,-0.610549,-0.167146,0
0.006000,0.963528,-1.599626,-0.562593,-0.175712,0
0.006050,0.963615,-1.618018,-0.513874,-0.184085,0
0.006100,0.963701,-1.634839,-0.464448,-0.192255,0
0.006150,0.963787,-1.650062,-0.414371,-0.200217,0
0.006200,0.963873,-1.663662,-0.363701,-0.207960,0
0.006250,0.963959,-1.675618,-0.312496,-0.215479,0
0.006300,0.964044,-1.685909,-0.260814,-0.222764,0
0.006350,0.964130,-1.694517,-0.208715,-0.229811,0
0.006400,0.964215,-1.701426,-0.156260,-0.236610,0
0.006450,0.964300,-1.706624,-0.103508,-0.243156,0
0.006500,0.964385,-1.710099,-0.050520,-0.249442,0
0.006550,0.964469,-1.711843,0.002643,-0.255461,0
0.006600,0.964554,-1.711850,0.055919,-0.261209,0
0.006650,0.964638,-1.710115,0.109248,-0.266679,0
0.006700,0.964722,-1.706636,0.162568,-0.271866,0
0.006750,0.964805,-1.701415,0.215818,-0.276764,0
0.006800,0.964889,-1.694453,0.268938,-0.281370,0
0.006850,0.964972,-1.685757,0.321866,-0.285677,0
0.006900,0.965055,-1.675332,0.374543,-0.289683,0
0.006950,0.965138,-1.663188,0.426909,-0.293383,0
0.007000,0.965221,-1.649338,0.478904,-0.296774,0
0.007050,0.965304,-1.633793,0.530470,-0.299852,0
0.007100,0.965386,-1.616570,0.581550,-0.302613,0
0.007150,0.965468,-1.597686,0.632084,-0.305056,0
0.007200,0.965550,-1.577162,0.682018,-0.307179,0
0.007250,0.965632,-1.555018,0.731295,-0.308978,0
0.007300,0.965714,-1.531278,0.779861,-0.310452,0
0.007350,0.965795,-1.505967,0.827663,-0.311599,0
0.007400,0.965876,-1.479113,0.874647,-0.312420,0
0.007450,0.965957,-1.450744,0.920762,-0.312911,0
0.007500,0.966038,-1.420890,0.965957,-0.313075,0
0.007550,0.966119,-1.389585,1.010184,-0.312909,0
0.007600,0.966199,-1.356861,1.053395,-0.312414,0
0.007650,0.966279,-1.322755,1.095543,-0.311591,0
0.007700,0.966359,-1.287302,1.136583,-0.310441,0
0.007750,0.966439,-1.250542,1.176471,-0.308964,0
0.007800,0.966519,-1.212513,1.215165,-0.307162,0
0.007850,0.966598,-1.173257,1.252624,-0.305037,0
0.007900,0.966678,-1.132817,1.288809,-0.302591,0
0.007950,0.966757,-1.091235,1.323681,-0.299827,0
0.008000,0.966836,-1.048556,1.357205,-0.296747,0
0.008050,0.966914,-1.004825,1.389345,-0.293353,0
0.008100,0.966993,-0.960091,1.420070,-0.289651,0
0.008150,0.967071,-0.914399,1.449347,-0.285642,0
0.008200,0.967149,-0.867799,1.477146,-0.281331,0
0.008250,0.967227,-0.820340,1.503441,-0.276723,0
0.008300,0.967305,-0.772072,1.528205,-0.271822,0
0.008350,0.967383,-0.723046,1.551412,-0.266632,0
0.008400,0.967460,-0.673314,1.573041,-0.261160,0
0.008450,0.967538,-0.622928,1.593071,-0.255409,0
0.008500,0.967615,-0.571940,1.611481,-0.249387,0
0.008550,0.967691,-0.520405,1.628255,-0.243098,0
0.008600,0.967768,-0.468374,1.643378,-0.236550,0
0.008650,0.967845,-0.415903,1.656834,-0.229748,0
0.008700,0.967921,-0.363045,1.668612,-0.222699,0
0.008750,0.967997,-0.309855,1.678702,-0.215410,0
0.008800,0.968073,-0.256389,1.687096,-0.207889,0
0.008850,0.968149,-0.202700,1.693785,-0.200143,0
0.008900,0.968225,-0.148843,1.698767,-0.192179,0
0.008950,0.968300,-0.094874,1.702036,-0.184005,0
0.009000,0.968375,-0.040848,1.703592,-0.175630,0
0.009050,0.968450,0.013182,1.703436,-0.167062,0
0.009100,0.968525,0.067159,1.701569,-0.158308,0
0.009150,0.968600,0.121030,1.697995,-0.149378,0
0.009200,0.968674,0.174740,1.692720,-0.140281,0
0.009250,0.968749,0.228236,1.685750,-0.131026,0
0.009300,0.968823,0.281464,1.677096,-0.121621,0
0.009350,0.968897,0.334370,1.666767,-0.112075,0
0.009400,0.968971,0.386903,1.654776,-0.102400,0
0.009450,0.969044,0.439010,1.641137,-0.092603,0
0.009500,0.969118,0.490638,1.625865,-0.082695,0
0.009550,0.969191,0.541738,1.608977,-0.072685,0
0.009600,0.969264,0.592259,1.590492,-0.062583,0
0.009650,0.969337,0.642151,1.570431,-0.052400,0
0.009700,0.969410,0.691364,1.548814,-0.042145,0
0.009750,0.969483,0.739852,1.525666,-0.031828,0
0.009800,0.969555,0.787566,1.501011,-0.021459,0
0.009850,0.969627,0.834461,1.474874,-0.011050,0
0.009900,0.969700,0.880489,1.447285,-0.000609,0
0.009950,0.969772,0.925607,1.418270,0.009852,0
0.010000,0.969843,0.969772,1.387862,0.020323,0
0.010050,0.969915,1.012939,1.356091,0.030795,0
0.010100,0.969986,1.055068,1.322989,0.041256,0
0.010150,0.970058,1.096118,1.288592,0.051696,0
0.010200,0.970129,1.136050,1.252934,0.062106,0
0.010250,0.970200,1.174825,1.216052,0.072474,0
0.010300,0.970270,1.212407,1.177983,0.082791,0
0.010350,0.970341,1.248758,1.138766,0.093046,0
0.010400,0.970411,1.283846,1.098440,0.103229,0
0.010450,0.970481,1.317636,1.057047,0.113331,0
0.010500,0.970552,1.350097,1.014627,0.123341,0
0.010550,0.970621,1.381197,0.971224,0.133249,0
0.010600,0.970691,1.410908,0.926881,0.143046,0
0.010650,0.970761,1.439201,0.881643,0.152721,0
0.010700,0.970830,1.466050,0.835553,0.162266,0
0.010750,0.970899,1.491430,0.788659,0.171671,0
0.010800,0.970969,1.515317,0.741007,0.180927,0
0.010850,0.971037,1.537689,0.692644,0.190024,0
0.010900,0.971106,1.558524,0.643619,0.198953,0
0.010950,0.971175,1.577805,0.593978,0.207707,0
0.011000,0.971243,1.595512,0.543773,0.216275,0
0.011050,0.971311,1.611630,0.493051,0.224650,0
0.011100,0.971380,1.626145,0.441864,0.232824,0
0.011150,0.971448,1.639042,0.390261,0.240788,0
0.011200,0.971515,1.650311,0.338293,0.248534,0
0.011250,0.971583,1.659941,0.286011,0.256055,0
0.011300,0.971650,1.667925,0.233467,0.263343,0
0.011350,0.971718,1.674255,0.180712,0.270392,0
0.011400,0.971785,1.678925,0.127798,0.277194,0
0.011450,0.971852,1.681934,0.074775,0.283742,0
0.011500,0.971919,1.683277,0.021698,0.290031,0
0.011550,0.971985,1.682956,-0.031384,0.296053,0
0.011600,0.972052,1.680970,-0.084418,0.301803,0
0.011650,0.972118,1.677324,-0.137352,0.307276,0
0.011700,0.972184,1.672021,-0.190134,0.312465,0
0.011750,0.972250,1.665066,-0.242714,0.317366,0
0.011800,0.972316,1.656469,-0.295040,0.321974,0
0.011850,0.972382,1.646237,-0.347061,0.326284,0
0.011900,0.972447,1.634381,-0.398726,0.330293,0
0.011950,0.972513,1.620914,-0.449985,0.333995,0
0.012000,0.972578,1.605849,-0.500789,0.337388,0
0.012050,0.972643,1.589201,-0.551087,0.340468,0
0.012100,0.972708,1.570988,-0.600831,0.343233,0
0.012150,0.972773,1.551228,-0.649972,0.345678,0
0.012200,0.972838,1.529939,-0.698463,0.347803,0
0.012250,0.972902,1.507144,-0.746256,0.349604,0
0.012300,0.972966,1.482866,-0.793305,0.351081,0
0.012350,0.973031,1.457128,-0.839565,0.352231,0
0.012400,0.973095,1.429955,-0.884989,0.353054,0
0.012450,0.973158,1.401375,-0.929535,0.353548,0
0.012500,0.973222,1.371416,-0.973158,0.353714,0
0.012550,0.973286,1.340108,-1.015817,0.353550,0
0.012600,0.973349,1.307480,-1.057470,0.353058,0
0.012650,0.973412,1.273566,-1.098076,0.352238,0
0.012700,0.973476,1.238399,-1.137595,0.351090,0
0.012750,0.973539,1.202012,-1.175990,0.349615,0
0.012800,0.973601,1.164443,-1.213223,0.347816,0
0.012850,0.973664,1.125728,-1.249257,0.345693,0
0.012900,0.973727,1.085904,-1.284058,0.343250,0
0.012950,0.973789,1.045011,-1.317592,0.340488,0
0.013000,0.973851,1.003090,-1.349826,0.337410,0
0.013050,0.973913,0.960180,-1.380728,0.334019,0
0.013100,0.973975,0.916324,-1.410269,0.330319,0
0.013150,0.974037,0.871565,-1.438419,0.326312,0
0.013200,0.974099,0.825947,-1.465151,0.322004,0
0.013250,0.974160,0.779515,-1.490439,0.317398,0
0.013300,0.974221,0.732314,-1.514259,0.312499,0
0.013350,0.974283,0.684390,-1.536586,0.307312,0
0.013400,0.974344,0.635790,-1.557399,0.301842,0
0.013450,0.974405,0.586562,-1.576679,0.296094,0
0.013500,0.974465,0.536753,-1.594404,0.290074,0
0.013550,0.974526,0.486414,-1.610560,0.283787,0
0.013600,0.974586,0.435593,-1.625129,0.277241,0
0.013650,0.974647,0.384339,-1.638097,0.270441,0
0.013700,0.974707,0.332704,-1.649451,0.263395,0
0.013750,0.974767,0.280737,-1.659181,0.256109,0
0.013800,0.974827,0.228490,-1.667276,0.248590,0
0.013850,0.974887,0.176014,-1.673729,0.240846,0
0.013900,0.974946,0.123360,-1.678532,0.232884,0
0.013950,0.975006,0.070580,-1.681682,0.224713,0
0.014000,0.975065,0.017725,-1.683175,0.216340,0
0.014050,0.975124,-0.035152,-1.683010,0.207774,0
0.014100,0.975183,-0.087999,-1.681186,0.199022,0
0.014150,0.975242,-0.140765,-1.677704,0.190095,0
0.014200,0.975301,-0.193398,-1.672569,0.181000,0
0.014250,0.975360,-0.245846,-1.665786,0.171747,0
0.014300,0.975418,-0.298057,-1.657359,0.162344,0
0.014350,0.975476,-0.349981,-1.647299,0.152801,0
0.014400,0.975535,-0.401566,-1.635614,0.143128,0
0.014450,0.975593,-0.452762,-1.622315,0.133333,0
0.014500,0.975651,-0.503518,-1.607416,0.123427,0
0.014550,0.975708,-0.553784,-1.590931,0.113419,0
0.014600,0.975766,-0.603511,-1.572876,0.103320,0
0.014650,0.975824,-0.652649,-1.553268,0.093139,0
0.014700,0.975881,-0.701151,-1.532126,0.082886,0
0.014750,0.975938,-0.748969,-1.509472,0.072571,0
0.014800,0.975995,-0.796055,-1.485327,0.062205,0
0.014850,0.976052,-0.842363,-1.459714,0.051798,0
0.014900,0.976109,-0.887847,-1.432659,0.041359,0
0.014950,0.976166,-0.932463,-1.404188,0.030900,0
0.015000,0.976223,-0.976166,-1.374328,0.020431,0
0.015050,0.976279,-1.018913,-1.343110,0.009962,0
0.015100,0.976335,-1.060663,-1.310563,-0.000497,0
0.015150,0.976391,-1.101373,-1.276719,-0.010935,0
0.015200,0.976448,-1.141004,-1.241611,-0.021343,0
0.015250,0.976503,-1.179516,-1.205275,-0.031709,0
0.015300,0.976559,-1.216871,-1.167744,-0.042024,0
0.015350,0.976615,-1.253032,-1.129056,-0.052277,0
0.015400,0.976670,-1.287964,-1.089250,-0.062458,0
0.015450,0.976726,-1.321631,-1.048363,-0.072557,0
0.015500,0.976781,-1.354001,-1.006436,-0.082565,0
0.015550,0.976836,-1.385041,-0.963510,-0.092471,0
0.015600,0.976891,-1.414720,-0.919628,-0.102266,0
0.015650,0.976946,-1.443010,-0.874832,-0.111939,0
0.015700,0.977001,-1.469881,-0.829166,-0.121482,0
0.015750,0.977055,-1.495307,-0.782676,-0.130885,0
0.015800,0.977110,-1.519262,-0.735406,-0.140138,0
0.015850,0.977164,-1.541724,-0.687403,-0.149233,0
0.015900,0.977218,-1.562669,-0.638715,-0.158161,0
0.015950,0.977272,-1.582076,-0.589390,-0.166912,0
0.016000,0.977326,-1.599927,-0.539475,-0.175479,0
0.016050,0.977380,-1.616202,-0.489020,-0.183852,0
0.016100,0.977434,-1.630887,-0.438075,-0.192023,0
0.016150,0.977487,-1.643965,-0.386690,-0.199985,0
0.016200,0.977541,-1.655425,-0.334915,-0.207729,0
0.016250,0.977594,-1.665254,-0.282802,-0.215248,0
0.016300,0.977647,-1.673442,-0.230401,-0.222534,0
0.016350,0.977700,-1.679981,-0.177765,-0.229581,0
0.016400,0.977753,-1.684864,-0.124945,-0.236381,0
0.016450,0.977806,-1.688086,-0.071994,-0.242927,0
0.016500,0.977859,-1.689644,-0.018963,-0.249214,0
0.016550,0.977911,-1.689535,0.034095,-0.255234,0
0.016600,0.977964,-1.687760,0.087128,-0.260982,0
0.016650,0.978016,-1.684320,0.140083,-0.266453,0
0.016700,0.978068,-1.679218,0.192908,-0.271640,0
0.016750,0.978120,-1.672460,0.245551,-0.276539,0
0.016800,0.978172,-1.664050,0.297960,-0.281145,0
0.016850,0.978224,-1.653998,0.350083,-0.285453,0
0.016900,0.978276,-1.642312,0.401869,-0.289460,0
0.016950,0.978327,-1.629005,0.453267,-0.293160,0
0.017000,0.978379,-1.614089,0.504225,-0.296551,0
0.017050,0.978430,-1.597578,0.554694,-0.299629,0
0.017100,0.978481,-1.579488,0.604623,-0.302392,0
0.017150,0.978532,-1.559838,0.653963,-0.304835,0
0.017200,0.978583,-1.538646,0.702665,-0.306958,0
0.017250,0.978634,-1.515933,0.750681,-0.308758,0
0.017300,0.978685,-1.491721,0.797964,-0.310232,0
0.017350,0.978736,-1.466034,0.844467,-0.311380,0
0.017400,0.978786,-1.438897,0.890143,-0.312201,0
0.017450,0.978836,-1.410336,0.934948,-0.312694,0
0.017500,0.978887,-1.380380,0.978836,-0.312857,0
0.017550,0.978937,-1.349057,1.021766,-0.312692,0
0.017600,0.978987,-1.316399,1.063693,-0.312198,0
0.017650,0.979037,-1.282437,1.104577,-0.311375,0
0.017700,0.979086,-1.247206,1.144377,-0.310225,0
0.017750,0.979136,-1.210739,1.183053,-0.308749,0
0.017800,0.979186,-1.173072,1.220567,-0.306948,0
0.017850,0.979235,-1.134242,1.256883,-0.304824,0
0.017900,0.979284,-1.094288,1.291963,-0.302378,0
0.017950,0.979334,-1.053248,1.325773,-0.299614,0
0.018000,0.979383,-1.011164,1.358279,-0.296534,0
0.018050,0.979432,-0.968077,1.389450,-0.293142,0
0.018100,0.979480,-0.924028,1.419254,-0.289439,0
0.018150,0.979529,-0.879061,1.447661,-0.285431,0
0.018200,0.979578,-0.833222,1.474644,-0.281121,0
0.018250,0.979626,-0.786554,1.500175,-0.276514,0
0.018300,0.979674,-0.739103,1.524229,-0.271613,0
0.018350,0.979723,-0.690918,1.546782,-0.266424,0
0.018400,0.979771,-0.642044,1.567812,-0.260952,0
0.018450,0.979819,-0.592530,1.587297,-0.255202,0
0.018500,0.979867,-0.542426,1.605218,-0.249180,0
0.018550,0.979915,-0.491779,1.621558,-0.242891,0
0.018600,0.979962,-0.440641,1.636299,-0.236343,0
0.018650,0.980010,-0.389062,1.649427,-0.229542,0
0.018700,0.980057,-0.337093,1.660930,-0.222494,0
0.018750,0.980105,-0.284784,1.670794,-0.215205,0
0.018800,0.980152,-0.232188,1.679011,-0.207685,0
0.018850,0.980199,-0.179356,1.685573,-0.199939,0
0.018900,0.980246,-0.126341,1.690471,-0.191976,0
0.018950,0.980293,-0.073195,1.693702,-0.183802,0
0.019000,0.980340,-0.019971,1.695261,-0.175428,0
0.019050,0.980386,0.033280,1.695148,-0.166860,0
0.019100,0.980433,0.086504,1.693362,-0.158107,0
0.019150,0.980479,0.139649,1.689905,-0.149177,0
0.019200,0.980526,0.192662,1.684779,-0.140081,0
0.019250,0.980572,0.245491,1.677990,-0.130825,0
0.019300,0.980618,0.298084,1.669544,-0.121421,0
0.019350,0.980664,0.350389,1.659450,-0.111876,0
0.019400,0.980710,0.402354,1.647717,-0.102201,0
0.019450,0.980756,0.453927,1.634356,-0.092405,0
0.019500,0.980801,0.505059,1.619381,-0.082497,0
0.019550,0.980847,0.555698,1.602806,-0.072488,0
0.019600,0.980892,0.605794,1.584647,-0.062387,0
0.019650,0.980938,0.655297,1.564922,-0.052204,0
0.019700,0.980983,0.704159,1.543651,-0.041949,0
0.019750,0.981028,0.752332,1.520853,-0.031632,0
0.019800,0.981073,0.799767,1.496553,-0.021265,0
0.019850,0.981118,0.846418,1.470773,-0.010856,0
0.019900,0.981163,0.892238,1.443538,-0.000416,0
0.019950,0.981208,0.937183,1.414876,0.010045,0
0.020000,0.981252,0.981208,1.384815,0.020516,0
0.020050,0.981297,1.024269,1.353383,0.030987,0
0.020100,0.981341,1.066323,1.320613,0.041448,0
0.020150,0.981386,1.107329,1.286536,0.051888,0
0.020200,0.981430,1.147247,1.251185,0.062297,0
0.020250,0.981474,1.186037,1.214596,0.072665,0
0.020300,0.981518,1.223659,1.176805,0.082981,0
0.020350,0.981562,1.260078,1.137848,0.093236,0
0.020400,0.981605,1.295257,1.097764,0.103419,0
0.020450,0.981649,1.329162,1.056593,0.113520,0
0.020500,0.981693,1.361757,1.014375,0.123529,0
0.020550,0.981736,1.393012,0.971152,0.133437,0
0.020600,0.981779,1.422896,0.926966,0.143233,0
0.020650,0.981823,1.451378,0.881860,0.152908,0
0.020700,0.981866,1.478430,0.835880,0.162453,0
0.020750,0.981909,1.504025,0.789071,0.171857,0
0.020800,0.981952,1.528139,0.741478,0.181113,0
0.020850,0.981995,1.550747,0.693148,0.190209,0
0.020900,0.982037,1.571826,0.644130,0.199138,0
0.020950,0.982080,1.591357,0.594472,0.207891,0
0.021000,0.982123,1.609318,0.544222,0.216459,0
0.021050,0.982165,1.625693,0.493430,0.224834,0
0.021100,0.982207,1.640465,0.442146,0.233007,0
0.021150,0.982250,1.653619,0.390421,0.240970,0
0.021200,0.982292,1.665142,0.338306,0.248716,0
0.021250,0.982334,1.675023,0.285853,0.256237,0
0.021300,0.982376,1.683252,0.233112,0.263525,0
0.021350,0.982418,1.689820,0.180136,0.270573,0
0.021400,0.982459,1.694721,0.126978,0.277374,0
0.021450,0.982501,1.697950,0.073689,0.283922,0
0.021500,0.982543,1.699503,0.020323,0.290210,0
0.021550,0.982584,1.699379,-0.033068,0.296232,0
0.021600,0.982625,1.697578,-0.086431,0.301982,0
0.021650,0.982667,1.694101,-0.139714,0.307454,0
0.021700,0.982708,1.688952,-0.192863,0.312643,0
0.021750,0.982749,1.682136,-0.245828,0.317544,0
0.021800,0.982790,1.673659,-0.298554,0.322151,0
0.021850,0.982831,1.663529,-0.350990,0.326461,0
0.021900,0.982871,1.651757,-0.403084,0.330469,0
0.021950,0.982912,1.638353,-0.454786,0.334171,0
0.022000,0.982953,1.623331,-0.506043,0.337564,0
0.022050,0.982993,1.606706,-0.556805,0.340644,0
0.022100,0.983033,1.588493,-0.607022,0.343407,0
0.022150,0.983074,1.568711,-0.656644,0.345853,0
0.022200,0.983114,1.547379,-0.705622,0.347977,0
0.022250,0.983154,1.524518,-0.753908,0.349778,0
0.022300,0.983194,1.500151,-0.801455,0.351254,0
0.022350,0.983234,1.474301,-0.848214,0.352404,0
0.022400,0.983274,1.446993,-0.894141,0.353226,0
0.022450,0.983313,1.418256,-0.939189,0.353720,0
0.022500,0.983353,1.388116,-0.983313,0.353885,0
0.022550,0.983392,1.356603,-1.026471,0.353721,0
0.022600,0.983432,1.323749,-1.068620,0.353229,0
0.022650,0.983471,1.289586,-1.109718,0.352408,0
0.022700,0.983510,1.254147,-1.149723,0.351259,0
0.022750,0.983550,1.217467,-1.188598,0.349784,0
0.022800,0.983589,1.179582,-1.226302,0.347985,0
0.022850,0.983628,1.140531,-1.262800,0.345862,0
0.022900,0.983666,1.100350,-1.298054,0.343418,0
0.022950,0.983705,1.059080,-1.332030,0.340656,0
0.023000,0.983744,1.016762,-1.364695,0.337577,0
0.023050,0.983783,0.973436,-1.396015,0.334186,0
0.023100,0.983821,0.929146,-1.425960,0.330485,0
0.023150,0.983859,0.883936,-1.454500,0.326478,0
0.023200,0.983898,0.837849,-1.481607,0.322170,0
0.023250,0.983936,0.790932,-1.507254,0.317564,0
0.023300,0.983974,0.743230,-1.531416,0.312664,0
0.023350,0.984012,0.694791,-1.554068,0.307477,0
0.023400,0.984050,0.645662,-1.575188,0.302006,0
0.023450,0.984088,0.595892,-1.594755,0.296258,0
0.023500,0.984126,0.545530,-1.612750,0.290237,0
0.023550,0.984163,0.494625,-1.629155,0.283950,0
0.023600,0.984201,0.443229,-1.643954,0.277404,0
0.023650,0.984239,0.391390,-1.657131,0.270604,0
0.023700,0.984276,0.339161,-1.668673,0.263557,0
0.023750,0.984313,0.286594,-1.678570,0.256270,0
0.023800,0.984350,0.233739,-1.686811,0.248751,0
0.023850,0.984388,0.180649,-1.693388,0.241007,0
0.023900,0.984425,0.127377,-1.698294,0.233045,0
0.023950,0.984462,0.073975,-1.701524,0.224873,0
0.024000,0.984499,0.020495,-1.703076,0.216500,0
0.024050,0.984535,-0.033008,-1.702947,0.207933,0
0.024100,0.984572,-0.086484,-1.701137,0.199181,0
0.024150,0.984609,-0.139878,-1.697648,0.190253,0
0.024200,0.984645,-0.193139,-1.692483,0.181158,0
0.024250,0.984682,-0.246213,-1.685648,0.171904,0
0.024300,0.984718,-0.299048,-1.677149,0.162501,0
0.024350,0.984754,-0.351592,-1.666993,0.152958,0
0.024400,0.984791,-0.403793,-1.655192,0.143284,0
0.024450,0.984827,-0.455600,-1.641756,0.133489,0
0.024500,0.984863,-0.506961,-1.626699,0.123583,0
0.024550,0.984899,-0.557826,-1.610036,0.113575,0
0.024600,0.984934,-0.608144,-1.591782,0.103475,0
0.024650,0.984970,-0.657866,-1.571956,0.093293,0
0.024700,0.985006,-0.706943,-1.550577,0.083040,0
0.024750,0.985041,-0.755326,-1.527666,0.072725,0
0.024800,0.985077,-0.802966,-1.503246,0.062359,0
0.024850,0.985112,-0.849819,-1.477340,0.051951,0
0.024900,0.985148,-0.895835,-1.449974,0.041512,0
0.024950,0.985183,-0.940972,-1.421175,0.031053,0
0.025000,0.985218,-0.985183,-1.390972,0.020583,0
0.025050,0.985253,-1.028425,-1.359393,0.010114,0
0.025100,0.985288,-1.070656,-1.326471,-0.000346,0
0.025150,0.985323,-1.111833,-1.292237,-0.010784,0
0.025200,0.985358,-1.151916,-1.256725,-0.021192,0
0.025250,0.985393,-1.190865,-1.219970,-0.031559,0
0.025300,0.985427,-1.228642,-1.182008,-0.041874,0
0.025350,0.985462,-1.265209,-1.142877,-0.052127,0
0.025400,0.985497,-1.300530,-1.102615,-0.062309,0
0.025450,0.985531,-1.334570,-1.061262,-0.072408,0
0.025500,0.985565,-1.367296,-1.018859,-0.082417,0
0.025550,0.985600,-1.398675,-0.975447,-0.092323,0
0.025600,0.985634,-1.428675,-0.931069,-0.102118,0
0.025650,0.985668,-1.457268,-0.885768,-0.111792,0
0.025700,0.985702,-1.484425,-0.839591,-0.121335,0
0.025750,0.985736,-1.510119,-0.792581,-0.130738,0
0.025800,0.985770,-1.534325,-0.744786,-0.139992,0
0.025850,0.985804,-1.557018,-0.696252,-0.149087,0
0.025900,0.985837,-1.578176,-0.647028,-0.158015,0
0.025950,0.985871,-1.597778,-0.597161,-0.166767,0
0.026000,0.985904,-1.615805,-0.546702,-0.175334,0
0.026050,0.985938,-1.632239,-0.495699,-0.183707,0
0.026100,0.985971,-1.647063,-0.444203,-0.191879,0
0.026150,0.986005,-1.660262,-0.392265,-0.199841,0
0.026200,0.986038,-1.671824,-0.339937,-0.207585,0
0.026250,0.986071,-1.681737,-0.287269,-0.215105,0
0.026300,0.986104,-1.689991,-0.234314,-0.222391,0
0.026350,0.986137,-1.696577,-0.181123,-0.229438,0
0.026400,0.986170,-1.701490,-0.127751,-0.236238,0
0.026450,0.986203,-1.704724,-0.074248,-0.242785,0
0.026500,0.986235,-1.706276,-0.020668,-0.249072,0
0.026550,0.986268,-1.706143,0.032936,-0.255092,0
0.026600,0.986301,-1.704328,0.086511,-0.260841,0
0.026650,0.986333,-1.700830,0.140005,-0.266312,0
0.026700,0.986366,-1.695653,0.193364,-0.271500,0
0.026750,0.986398,-1.688802,0.246536,-0.276399,0
0.026800,0.986430,-1.680285,0.299469,-0.281005,0
0.026850,0.986463,-1.670108,0.352110,-0.285314,0
0.026900,0.986495,-1.658283,0.404407,-0.289321,0
0.026950,0.986527,-1.644820,0.456308,-0.293022,0
0.027000,0.986559,-1.629733,0.507763,-0.296413,0
0.027050,0.986591,-1.613037,0.558721,-0.299491,0
0.027100,0.986622,-1.594747,0.609130,-0.302254,0
0.027150,0.986654,-1.574883,0.658942,-0.304698,0
0.027200,0.986686,-1.553462,0.708107,-0.306821,0
0.027250,0.986717,-1.530508,0.756576,-0.308621,0
0.027300,0.986749,-1.506041,0.804303,-0.310096,0
0.027350,0.986780,-1.480086,0.851238,-0.311244,0
0.027400,0.986812,-1.452669,0.897337,-0.312065,0
0.027450,0.986843,-1.423816,0.942554,-0.312558,0
0.027500,0.986874,-1.393556,0.986843,-0.312722,0
0.027550,0.986906,-1.361919,1.030162,-0.312557,0
0.027600,0.986937,-1.328936,1.072466,-0.312063,0
0.027650,0.986968,-1.294639,1.113716,-0.311241,0
0.027700,0.986999,-1.259062,1.153869,-0.310092,0
0.027750,0.987029,-1.222240,1.192885,-0.308616,0
0.027800,0.987060,-1.184209,1.230728,-0.306815,0
0.027850,0.987091,-1.145007,1.267358,-0.304691,0
0.027900,0.987122,-1.104672,1.302740,-0.302246,0
0.027950,0.987152,-1.063245,1.336838,-0.299482,0
0.028000,0.987183,-1.020765,1.369620,-0.296402,0
0.028050,0.987213,-0.977275,1.401052,-0.293010,0
0.028100,0.987243,-0.932818,1.431104,-0.289308,0
0.028150,0.987274,-0.887438,1.459745,-0.285300,0
0.028200,0.987304,-0.841178,1.486947,-0.280990,0
0.028250,0.987334,-0.794086,1.512684,-0.276383,0
0.028300,0.987364,-0.746206,1.536930,-0.271483,0
0.028350,0.987394,-0.697587,1.559660,-0.266294,0
0.028400,0.987424,-0.648277,1.580853,-0.260822,0
0.028450,0.987454,-0.598323,1.600487,-0.255072,0
0.028500,0.987484,-0.547776,1.618542,-0.249051,0
0.028550,0.987513,-0.496684,1.635002,-0.242763,0
0.028600,0.987543,-0.445100,1.649849,-0.236215,0
0.028650,0.987573,-0.393072,1.663069,-0.229414,0
0.028700,0.987602,-0.340654,1.674649,-0.222366,0
0.028750,0.987632,-0.287896,1.684576,-0.215078,0
0.028800,0.987661,-0.234850,1.692842,-0.207558,0
0.028850,0.987690,-0.181569,1.699437,-0.199812,0
0.028900,0.987719,-0.128106,1.704356,-0.191849,0
0.028950,0.987749,-0.074513,1.707593,-0.183676,0
0.029000,0.987778,-0.020842,1.709145,-0.175302,0
0.029050,0.987807,0.032852,1.709011,-0.166734,0
0.029100,0.987836,0.086517,1.707190,-0.157981,0
0.029150,0.987865,0.140100,1.703684,-0.149052,0
0.029200,0.987893,0.193549,1.698496,-0.139956,0
0.029250,0.987922,0.246809,1.691632,-0.130701,0
0.029300,0.987951,0.299830,1.683098,-0.121297,0
0.029350,0.987979,0.352557,1.672902,-0.111753,0
0.029400,0.988008,0.404941,1.661055,-0.102078,0
0.029450,0.988036,0.456927,1.647568,-0.092282,0
0.029500,0.988065,0.508467,1.632454,-0.082374,0
0.029550,0.988093,0.559507,1.615728,-0.072365,0
0.029600,0.988121,0.609999,1.597406,-0.062264,0
0.029650,0.988150,0.659891,1.577507,-0.052082,0
0.029700,0.988178,0.709136,1.556050,-0.041827,0
0.029750,0.988206,0.757683,1.533055,-0.031511,0
0.029800,0.988234,0.805486,1.508547,-0.021143,0
0.029850,0.988262,0.852497,1.482548,-0.010735,0
0.029900,0.988290,0.898669,1.455084,-0.000295,0
0.029950,0.988317,0.943958,1.426183,0.010165,0
0.030000,0.988345,0.988317,1.395873,0.020636,0
0.030050,0.988373,1.031704,1.364183,0.031107,0
0.030100,0.988400,1.074075,1.331145,0.041567,0
0.030150,0.988428,1.115389,1.296791,0.052007,0
0.030200,0.988455,1.155605,1.261156,0.062416,0
0.030250,0.988483,1.194682,1.224273,0.072783,0
0.030300,0.988510,1.232583,1.186180,0.083099,0
0.030350,0.988537,1.269270,1.146915,0.093354,0
0.030400,0.988565,1.304706,1.106515,0.103537,0
0.030450,0.988592,1.338857,1.065021,0.113637,0
0.030500,0.988619,1.371688,1.022473,0.123646,0
0.030550,0.988646,1.403168,0.978913,0.133554,0
0.030600,0.988673,1.433265,0.934385,0.143350,0
0.030650,0.988700,1.461949,0.888932,0.153025,0
0.030700,0.988726,1.489192,0.842600,0.162569,0
0.030750,0.988753,1.514967,0.795433,0.171973,0
0.030800,0.988780,1.539248,0.747478,0.181228,0
0.030850,0.988807,1.562012,0.698783,0.190324,0
0.030900,0.988833,1.583235,0.649395,0.199253,0
0.030950,0.988860,1.602898,0.599363,0.208006,0
0.031000,0.988886,1.620979,0.548738,0.216574,0
0.031050,0.988912,1.637462,0.497567,0.224948,0
0.031100,0.988939,1.652330,0.445903,0.233121,0
0.031150,0.988965,1.665567,0.393796,0.241084,0
0.031200,0.988991,1.677162,0.341297,0.248829,0
0.031250,0.989017,1.687103,0.288458,0.256350,0
0.031300,0.989043,1.695379,0.235332,0.263638,0
0.031350,0.989069,1.701982,0.181970,0.270685,0
0.031400,0.989095,1.706906,0.128426,0.277487,0
0.031450,0.989121,1.710146,0.074751,0.284034,0
0.031500,0.989147,1.711698,0.021001,0.290322,0
0.031550,0.989173,1.711562,-0.032774,0.296344,0
0.031600,0.989199,1.709736,-0.086519,0.302093,0
0.031650,0.989224,1.706222,-0.140182,0.307565,0
0.031700,0.989250,1.701025,-0.193710,0.312754,0
0.031750,0.989275,1.694148,-0.247049,0.317654,0
0.031800,0.989301,1.685599,-0.300148,0.322261,0
0.031850,0.989326,1.675387,-0.352953,0.326571,0
0.031900,0.989352,1.663520,-0.405413,0.330579,0
0.031950,0.989377,1.650011,-0.457476,0.334281,0
0.032000,0.989402,1.634872,-0.509090,0.337673,0
0.032050,0.989427,1.618120,-0.560205,0.340752,0
0.032100,0.989452,1.599769,-0.610769,0.343516,0
0.032150,0.989477,1.579839,-0.660734,0.345961,0
0.032200,0.989502,1.558349,-0.710049,0.348085,0
0.032250,0.989527,1.535319,-0.758666,0.349886,0
0.032300,0.989552,1.510774,-0.806537,0.351361,0
0.032350,0.989577,1.484735,-0.853615,0.352511,0
0.032400,0.989602,1.457231,-0.899852,0.353333,0
0.032450,0.989626,1.428286,-0.945204,0.353827,0
0.032500,0.989651,1.397930,-0.989626,0.353992,0
0.032550,0.989676,1.366194,-1.033074,0.353828,0
0.032600,0.989700,1.333107,-1.075504,0.353335,0
0.032650,0.989724,1.298703,-1.116875,0.352513,0
0.032700,0.989749,1.263015,-1.157147,0.351365,0
0.032750,0.989773,1.226079,-1.196278,0.349890,0
0.032800,0.989797,1.187931,-1.234231,0.348090,0
0.032850,0.989822,1.148609,-1.270968,0.345967,0
0.032900,0.989846,1.108151,-1.306452,0.343523,0
0.032950,0.989870,1.066597,-1.340649,0.340760,0
0.033000,0.989894,1.023988,-1.373525,0.337681,0
0.033050,0.989918,0.980367,-1.405047,0.334290,0
0.033100,0.989942,0.935776,-1.435184,0.330589,0
0.033150,0.989966,0.890259,-1.463906,0.326582,0
0.033200,0.989990,0.843861,-1.491185,0.322273,0
0.033250,0.990013,0.796628,-1.516993,0.317667,0
0.033300,0.990037,0.748606,-1.541306,0.312767,0
0.033350,0.990061,0.699843,-1.564099,0.307579,0
0.033400,0.990084,0.650387,-1.585350,0.302108,0
0.033450,0.990108,0.600286,-1.605037,0.296360,0
0.033500,0.990131,0.549591,-1.623142,0.290339,0
0.033550,0.990155,0.498350,-1.639645,0.284052,0
0.033600,0.990178,0.446615,-1.654531,0.277505,0
0.033650,0.990201,0.394437,-1.667785,0.270705,0
0.033700,0.990225,0.341866,-1.679393,0.263658,0
0.033750,0.990248,0.288956,-1.689345,0.256371,0
0.033800,0.990271,0.235758,-1.697630,0.248851,0
0.033850,0.990294,0.182324,-1.704241,0.241106,0
0.033900,0.990317,0.128708,-1.709169,0.233144,0
0.033950,0.990340,0.074962,-1.712412,0.224972,0
0.034000,0.990363,0.021140,-1.713964,0.216599,0
0.034050,0.990386,-0.032706,-1.713825,0.208032,0
0.034100,0.990409,-0.086523,-1.711994,0.199280,0
0.034150,0.990432,-0.140257,-1.708474,0.190352,0
0.034200,0.990454,-0.193855,-1.703268,0.181256,0
0.034250,0.990477,-0.247264,-1.696381,0.172002,0
0.034300,0.990500,-0.300432,-1.687819,0.162599,0
0.034350,0.990522,-0.353306,-1.677590,0.153056,0
0.034400,0.990545,-0.405834,-1.665706,0.143382,0
0.034450,0.990567,-0.457964,-1.652178,0.133586,0
0.034500,0.990589,-0.509645,-1.637018,0.123680,0
0.034550,0.990612,-0.560825,-1.620242,0.113672,0
0.034600,0.990634,-0.611454,-1.601866,0.103572,0
0.034650,0.990656,-0.661482,-1.581908,0.093390,0
0.034700,0.990679,-0.710860,-1.560388,0.083136,0
0.034750,0.990701,-0.759539,-1.537328,0.072821,0
0.034800,0.990723,-0.807470,-1.512749,0.062454,0
0.034850,0.990745,-0.854607,-1.486676,0.052046,0
0.034900,0.990767,-0.900903,-1.459134,0.041607,0
0.034950,0.990789,-0.946312,-1.430151,0.031148,0
0.035000,0.990811,-0.990789,-1.399755,0.020678,0
0.035050,0.990832,-1.034290,-1.367977,0.010208,0
0.035100,0.990854,-1.076773,-1.334847,-0.000252,0
0.035150,0.990876,-1.118195,-1.300398,-0.010690,0
0.035200,0.990897,-1.158515,-1.264664,-0.021098,0
0.035250,0.990919,-1.197695,-1.227680,-0.031465,0
0.035300,0.990941,-1.235694,-1.189483,-0.041780,0
0.035350,0.990962,-1.272475,-1.150111,-0.052034,0
0.035400,0.990984,-1.308002,-1.109601,-0.062216,0
0.035450,0.991005,-1.342240,-1.067995,-0.072316,0
0.035500,0.991026,-1.375155,-1.025332,-0.082324,0
0.035550,0.991048,-1.406714,-0.981656,-0.092231,0
0.035600,0.991069,-1.436887,-0.937009,-0.102026,0
0.035650,0.991090,-1.465643,-0.891435,-0.111700,0
0.035700,0.991111,-1.492953,-0.844979,-0.121243,0
0.035750,0.991132,-1.518792,-0.797687,-0.130647,0
0.035800,0.991153,-1.543133,-0.749606,-0.139901,0
0.035850,0.991174,-1.565952,-0.700783,-0.148996,0
0.035900,0.991195,-1.587227,-0.651266,-0.157925,0
0.035950,0.991216,-1.606936,-0.601104,-0.166676,0
0.036000,0.991237,-1.625061,-0.550347,-0.175243,0
0.036050,0.991258,-1.641582,-0.499044,-0.183617,0
0.036100,0.991279,-1.656485,-0.447246,-0.191789,0
0.036150,0.991299,-1.669753,-0.395005,-0.199751,0
0.036200,0.991320,-1.681373,-0.342371,-0.207496,0
0.036250,0.991341,-1.691335,-0.289397,-0.215015,0
0.036300,0.991361,-1.699629,-0.236135,-0.222302,0
0.036350,0.991382,-1.706245,-0.182638,-0.229349,0
0.036400,0.991402,-1.711178,-0.128958,-0.236150,0
0.036450,0.991423,-1.714422,-0.075149,-0.242697,0
0.036500,0.991443,-1.715974,-0.021263,-0.248984,0
0.036550,0.991463,-1.715833,0.032647,-0.255005,0
0.036600,0.991484,-1.713999,0.086526,-0.260753,0
0.036650,0.991504,-1.710473,0.140323,-0.266224,0
0.036700,0.991524,-1.705259,0.193983,-0.271412,0
0.036750,0.991544,-1.698362,0.247455,-0.276312,0
0.036800,0.991564,-1.689788,0.300684,-0.280918,0
0.036850,0.991584,-1.679547,0.353619,-0.285227,0
0.036900,0.991604,-1.667647,0.406208,-0.289234,0
0.036950,0.991624,-1.654101,0.458397,-0.292935,0
0.037000,0.991644,-1.638922,0.510137,-0.296327,0
0.037050,0.991664,-1.622125,0.561376,-0.299406,0
0.037100,0.991684,-1.603727,0.612062,-0.302168,0
0.037150,0.991703,-1.583745,0.662147,-0.304613,0
0.037200,0.991723,-1.562199,0.711580,-0.306736,0
0.037250,0.991743,-1.539110,0.760314,-0.308536,0
0.037300,0.991762,-1.514502,0.808299,-0.310011,0
0.037350,0.991782,-1.488398,0.855488,-0.311160,0
0.037400,0.991801,-1.460823,0.901835,-0.311981,0
0.037450,0.991821,-1.431806,0.947295,-0.312474,0
0.037500,0.991840,-1.401375,0.991821,-0.312638,0
0.037550,0.991860,-1.369560,1.035370,-0.312473,0
0.037600,0.991879,-1.336391,1.077899,-0.311980,0
0.037650,0.991898,-1.301903,1.119367,-0.311158,0
0.037700,0.991917,-1.266128,1.159731,-0.310008,0
0.037750,0.991937,-1.229102,1.198952,-0.308533,0
0.037800,0.991956,-1.190861,1.236992,-0.306732,0
0.037850,0.991975,-1.151444,1.273813,-0.304608,0
0.037900,0.991994,-1.110889,1.309378,-0.302163,0
0.037950,0.992013,-1.069235,1.343652,-0.299400,0
0.038000,0.992032,-1.026525,1.376602,-0.296320,0
0.038050,0.992051,-0.982800,1.408195,-0.292928,0
0.038100,0.992070,-0.938103,1.438399,-0.289226,0
0.038150,0.992088,-0.892479,1.467185,-0.285219,0
0.038200,0.992107,-0.845972,1.494524,-0.280909,0
0.038250,0.992126,-0.798628,1.520389,-0.276302,0
0.038300,0.992145,-0.750494,1.544755,-0.271402,0
0.038350,0.992163,-0.701617,1.567597,-0.266213,0
0.038400,0.992182,-0.652047,1.588894,-0.260742,0
0.038450,0.992200,-0.601830,1.608623,-0.254992,0
0.038500,0.992219,-0.551018,1.626765,-0.248971,0
0.038550,0.992237,-0.499660,1.643303,-0.242683,0
0.038600,0.992256,-0.447806,1.658219,-0.236135,0
0.038650,0.992274,-0.395509,1.671500,-0.229334,0
0.038700,0.992293,-0.342819,1.683131,-0.222287,0
0.038750,0.992311,-0.289789,1.693102,-0.214999,0
0.038800,0.992329,-0.236470,1.701403,-0.207479,0
0.038850,0.992347,-0.182917,1.708025,-0.199733,0
0.038900,0.992366,-0.129180,1.712961,-0.191770,0
0.038950,0.992384,-0.075314,1.716207,-0.183598,0
0.039000,0.992402,-0.021372,1.717760,-0.175224,0
0.039050,0.992420,0.032594,1.717617,-0.166656,0
0.039100,0.992438,0.086530,1.715779,-0.157904,0
0.039150,0.992456,0.140382,1.712248,-0.148975,0
0.039200,0.992474,0.194098,1.707027,-0.139879,0
0.039250,0.992491,0.247624,1.700121,-0.130624,0
0.039300,0.992509,0.300908,1.691537,-0.121220,0
0.039350,0.992527,0.353898,1.681283,-0.111676,0
0.039400,0.992545,0.406540,1.669370,-0.102001,0
0.039450,0.992563,0.458782,1.655809,-0.092205,0
0.039500,0.992580,0.510575,1.640613,-0.082298,0
0.039550,0.992598,0.561865,1.623797,-0.072289,0
0.039600,0.992615,0.612602,1.605379,-0.062188,0
0.039650,0.992633,0.662737,1.585375,-0.052006,0
0.039700,0.992650,0.712220,1.563806,-0.041751,0
0.039750,0.992668,0.761002,1.540693,-0.031436,0
0.039800,0.992685,0.809035,1.516058,-0.021068,0
0.039850,0.992703,0.856271,1.489927,-0.010660,0
0.039900,0.992720,0.902664,1.462324,-0.000220,0
0.039950,0.992737,0.948167,1.433276,0.010240,0
0.040000,0.992754,0.992737,1.402814,0.020711,0
0.040050,0.992772,1.036329,1.370965,0.031181,0
0.040100,0.992789,1.078899,1.337763,0.041642,0
0.040150,0.992806,1.120407,1.303239,0.052081,0
0.040200,0.992823,1.160810,1.267427,0.062490,0
0.040250,0.992840,1.200069,1.230364,0.072857,0
0.040300,0.992857,1.238145,1.192085,0.083173,0
0.040350,0.992874,1.275001,1.152628,0.093427,0
0.040400,0.992891,1.310600,1.112032,0.103610,0
0.040450,0.992908,1.344907,1.070337,0.113710,0
0.040500,0.992925,1.377887,1.027584,0.123719,0
0.040550,0.992941,1.409509,0.983816,0.133627,0
0.040600,0.992958,1.439742,0.939075,0.143422,0
0.040650,0.992975,1.468554,0.893406,0.153097,0
0.040700,0.992992,1.495918,0.846853,0.162641,0
0.040750,0.993008,1.521807,0.799463,0.172045,0
0.040800,0.993025,1.546195,0.751282,0.181300,0
0.040850,0.993041,1.569058,0.702358,0.190396,0
0.040900,0.993058,1.590373,0.652740,0.199325,0
0.040950,0.993074,1.610120,0.602475,0.208077,0
0.041000,0.993091,1.628278,0.551614,0.216645,0
0.041050,0.993107,1.644830,0.500206,0.225019,0
0.041100,0.993124,1.659759,0.448304,0.233192,0
0.041150,0.993140,1.673051,0.395957,0.241155,0
0.041200,0.993156,1.684693,0.343217,0.248900,0
0.041250,0.993172,1.694672,0.290137,0.256420,0
0.041300,0.993189,1.702978,0.236768,0.263708,0
0.041350,0.993205,1.709605,0.183164,0.270755,0
0.041400,0.993221,1.714545,0.129377,0.277556,0
0.041450,0.993237,1.717792,0.075461,0.284104,0
0.041500,0.993253,1.719345,0.021469,0.290392,0
0.041550,0.993269,1.719201,-0.032547,0.296413,0
0.041600,0.993285,1.717360,-0.086532,0.302162,0
0.041650,0.993301,1.713824,-0.140434,0.307634,0
0.041700,0.993317,1.708597,-0.194199,0.312823,0
0.041750,0.993333,1.701683,-0.247775,0.317723,0
0.041800,0.993349,1.693090,-0.301107,0.322330,0
0.041850,0.993364,1.682826,-0.354145,0.326639,0
0.041900,0.993380,1.670900,-0.406834,0.330647,0
0.041950,0.993396,1.657325,-0.459124,0.334349,0
0.042000,0.993412,1.642114,-0.510963,0.337741,0
0.042050,0.993427,1.625282,-0.562299,0.340820,0
0.042100,0.993443,1.606846,-0.613082,0.343583,0
0.042150,0.993458,1.586823,-0.663262,0.346028,0
0.042200,0.993474,1.565233,-0.712788,0.348152,0
0.042250,0.993489,1.542098,-0.761613,0.349953,0
0.042300,0.993505,1.517441,-0.809688,0.351428,0
0.042350,0.993520,1.491284,-0.856966,0.352578,0
0.042400,0.993536,1.463656,-0.903399,0.353400,0
0.042450,0.993551,1.434582,-0.948943,0.353893,0
0.042500,0.993566,1.404091,-0.993551,0.354058,0
0.042550,0.993582,1.372213,-1.037180,0.353894,0
0.042600,0.993597,1.338981,-1.079788,0.353401,0
0.042650,0.993612,1.304425,-1.121331,0.352579,0
0.042700,0.993627,1.268582,-1.161768,0.351430,0
0.042750,0.993642,1.231485,-1.201061,0.349955,0
0.042800,0.993657,1.193171,-1.239169,0.348155,0
0.042850,0.993672,1.153679,-1.276056,0.346032,0
0.042900,0.993687,1.113047,-1.311685,0.343588,0
0.042950,0.993702,1.071315,-1.346020,0.340825,0
0.043000,0.993717,1.028525,-1.379029,0.337746,0
0.043050,0.993732,0.984718,-1.410677,0.334354,0
0.043100,0.993747,0.939938,-1.440934,0.330653,0
0.043150,0.993762,0.894229,-1.469770,0.326646,0
0.043200,0.993777,0.847636,-1.497157,0.322337,0
0.043250,0.993792,0.800205,-1.523067,0.317730,0
0.043300,0.993806,0.751983,-1.547474,0.312831,0
0.043350,0.993821,0.703017,-1.570355,0.307643,0
0.043400,0.993836,0.653355,-1.591688,0.302172,0
0.043450,0.993850,0.603047,-1.611450,0.296423,0
0.043500,0.993865,0.552143,-1.629622,0.290402,0
0.043550,0.993879,0.500692,-1.646187,0.284115,0
0.043600,0.993894,0.448745,-1.661127,0.277568,0
0.043650,0.993909,0.396354,-1.674429,0.270767,0
0.043700,0.993923,0.343570,-1.686079,0.263720,0
0.043750,0.993937,0.290445,-1.696065,0.256433,0
0.043800,0.993952,0.237032,-1.704377,0.248913,0
0.043850,0.993966,0.183384,-1.711008,0.241169,0
0.043900,0.993980,0.129553,-1.715951,0.233206,0
0.043950,0.993995,0.075592,-1.719200,0.225034,0
0.044000,0.994009,0.021555,-1.720752,0.216660,0
0.044050,0.994023,-0.032505,-1.720607,0.208093,0
0.044100,0.994037,-0.086535,-1.718763,0.199341,0
0.044150,0.994052,-0.140481,-1.715224,0.190413,0
0.044200,0.994066,-0.194290,-1.709991,0.181318,0
0.044250,0.994080,-0.247908,-1.703070,0.172063,0
0.044300,0.994094,-0.301284,-1.694469,0.162660,0
0.044350,0.994108,-0.354364,-1.684195,0.153116,0
0.044400,0.994122,-0.407096,-1.672259,0.143442,0
0.044450,0.994136,-0.459428,-1.658672,0.133647,0
0.044500,0.994150,-0.511308,-1.643448,0.123740,0
0.044550,0.994164,-0.562685,-1.626601,0.113732,0
0.044600,0.994177,-0.613508,-1.608149,0.103631,0
0.044650,0.994191,-0.663727,-1.588109,0.093449,0
0.044700,0.994205,-0.713293,-1.566501,0.083196,0
0.044750,0.994219,-0.762156,-1.543346,0.072880,0
0.044800,0.994233,-0.810268,-1.518668,0.062514,0
0.044850,0.994246,-0.857583,-1.492490,0.052105,0
0.044900,0.994260,-0.904052,-1.464839,0.041666,0
0.044950,0.994274,-0.949631,-1.435741,0.031207,0
0.045000,0.994287,-0.994274,-1.405225,0.020737,0
0.045050,0.994301,-1.037936,-1.373322,0.010267,0
0.045100,0.994314,-1.080576,-1.340062,-0.000193,0
0.045150,0.994328,-1.122151,-1.305479,-0.010632,0
0.045200,0.994341,-1.162619,-1.269607,-0.021040,0
0.045250,0.994355,-1.201941,-1.232480,-0.031407,0
0.045300,0.994368,-1.240079,-1.194136,-0.041722,0
0.045350,0.994381,-1.276993,-1.154613,-0.051976,0
0.045400,0.994395,-1.312648,-1.113949,-0.062158,0
0.045450,0.994408,-1.347009,-1.072184,-0.072258,0
0.045500,0.994421,-1.380042,-1.029360,-0.082267,0
0.045550,0.994435,-1.411714,-0.985519,-0.092173,0
0.045600,0.994448,-1.441993,-0.940705,-0.101969,0
0.045650,0.994461,-1.470850,-0.894960,-0.111643,0
0.045700,0.994474,-1.498256,-0.848331,-0.121187,0
0.045750,0.994487,-1.524185,-0.800863,-0.130590,0
0.045800,0.994500,-1.548610,-0.752604,-0.139844,0
0.045850,0.994513,-1.571507,-0.703601,-0.148940,0
0.045900,0.994526,-1.592854,-0.653902,-0.157868,0
0.045950,0.994539,-1.612630,-0.603556,-0.166620,0
0.046000,0.994552,-1.630815,-0.552613,-0.175187,0
0.046050,0.994565,-1.647391,-0.501123,-0.183561,0
0.046100,0.994578,-1.662342,-0.449138,-0.191733,0
0.046150,0.994591,-1.675652,-0.396707,-0.199695,0
0.046200,0.994604,-1.687310,-0.343884,-0.207440,0
0.046250,0.994617,-1.697302,-0.290720,-0.214960,0
0.046300,0.994629,-1.705620,-0.237267,-0.222247,0
0.046350,0.994642,-1.712254,-0.183579,-0.229294,0
0.046400,0.994655,-1.717199,-0.129708,-0.236095,0
0.046450,0.994668,-1.720450,-0.075708,-0.242642,0
0.046500,0.994680,-1.722002,-0.021631,-0.248929,0
0.046550,0.994693,-1.721856,0.032468,-0.254950,0
0.046600,0.994706,-1.720010,0.086537,-0.260699,0
0.046650,0.994718,-1.716466,0.140522,-0.266170,0
0.046700,0.994731,-1.711229,0.194370,-0.271358,0
0.046750,0.994743,-1.704302,0.248027,-0.276258,0
0.046800,0.994756,-1.695694,0.301441,-0.280864,0
0.046850,0.994768,-1.685411,0.354559,-0.285173,0
0.046900,0.994780,-1.673466,0.407328,-0.289180,0
0.046950,0.994793,-1.659868,0.459697,-0.292882,0
0.047000,0.994805,-1.644632,0.511614,-0.296273,0
0.047050,0.994818,-1.627772,0.563027,-0.299352,0
0.047100,0.994830,-1.609306,0.613886,-0.302115,0
0.047150,0.994842,-1.589250,0.664140,-0.304560,0
0.047200,0.994854,-1.567626,0.713741,-0.306683,0
0.047250,0.994867,-1.544454,0.762638,-0.308483,0
0.047300,0.994879,-1.519758,0.810784,-0.309958,0
0.047350,0.994891,-1.493561,0.858131,-0.311107,0
0.047400,0.994903,-1.465889,0.904632,-0.311928,0
0.047450,0.994915,-1.436770,0.950242,-0.312422,0
0.047500,0.994927,-1.406232,0.994915,-0.312586,0
0.047550,0.994939,-1.374306,1.038608,-0.312421,0
0.047600,0.994951,-1.341022,1.081276,-0.311928,0
0.047650,0.994963,-1.306415,1.122879,-0.311106,0
0.047700,0.994975,-1.270517,1.163375,-0.309957,0
0.047750,0.994987,-1.233364,1.202723,-0.308481,0
0.047800,0.994999,-1.194993,1.240886,-0.306680,0
0.047850,0.995011,-1.155442,1.277825,-0.304557,0
0.047900,0.995023,-1.114749,1.313504,-0.302112,0
0.047950,0.995035,-1.072956,1.347888,-0.299349,0
0.048000,0.995046,-1.030102,1.380942,-0.296269,0
0.048050,0.995058,-0.986231,1.412634,-0.292877,0
0.048100,0.995070,-0.941385,1.442933,-0.289176,0
0.048150,0.995082,-0.895609,1.471809,-0.285168,0
0.048200,0.995093,-0.848948,1.499233,-0.280859,0
0.048250,0.995105,-0.801448,1.525178,-0.276252,0
0.048300,0.995117,-0.753156,1.549618,-0.271352,0
0.048350,0.995128,-0.704120,1.572530,-0.266163,0
0.048400,0.995140,-0.654387,1.593890,-0.260692,0
0.048450,0.995151,-0.604007,1.613679,-0.254942,0
0.048500,0.995163,-0.553030,1.631875,-0.248921,0
0.048550,0.995174,-0.501506,1.648461,-0.242633,0
0.048600,0.995186,-0.449486,1.663420,-0.236086,0
0.048650,0.995197,-0.397021,1.676739,-0.229285,0
0.048700,0.995208,-0.344162,1.688403,-0.222237,0
0.048750,0.995220,-0.290963,1.698401,-0.214950,0
0.048800,0.995231,-0.237476,1.706723,-0.207430,0
0.048850,0.995243,-0.183752,1.713361,-0.199684,0
0.048900,0.995254,-0.129846,1.718308,-0.191722,0
0.048950,0.995265,-0.075811,1.721560,-0.183549,0
0.049000,0.995276,-0.021699,1.723112,-0.175175,0
0.049050,0.995288,0.032435,1.722965,-0.166608,0
0.049100,0.995299,0.086539,1.721116,-0.157855,0
0.049150,0.995310,0.140559,1.717570,-0.148926,0
0.049200,0.995321,0.194441,1.712328,-0.139830,0
0.049250,0.995332,0.248132,1.705396,-0.130576,0
0.049300,0.995343,0.301580,1.696781,-0.121172,0
0.049350,0.995354,0.354732,1.686491,-0.111628,0
0.049400,0.995365,0.407535,1.674537,-0.101953,0
0.049450,0.995376,0.459937,1.660930,-0.092158,0
0.049500,0.995387,0.511886,1.645683,-0.082250,0
0.049550,0.995398,0.563331,1.628812,-0.072242,0
0.049600,0.995409,0.614222,1.610333,-0.062141,0
0.049650,0.995420,0.664507,1.590264,-0.051959,0
0.049700,0.995431,0.714138,1.568626,-0.041704,0
0.049750,0.995442,0.763066,1.545438,-0.031389,0
0.049800,0.995453,0.811241,1.520726,-0.021021,0
0.049850,0.995463,0.858617,1.494512,-0.010613,0
0.049900,0.995474,0.905147,1.466822,-0.000173,0
0.049950,0.995485,0.950785,1.437684,0.010287,0
0.050000,0.995496,0.995485,1.407127,0.020757,0
0.050050,0.995506,1.039204,1.375180,0.031228,0
0.050100,0.995517,1.081898,1.341875,0.041688,0
0.050150,0.995528,1.123526,1.307245,0.052127,0
0.050200,0.995538,1.164046,1.271325,0.062536,0
0.050250,0.995549,1.203418,1.234149,0.072903,0
0.050300,0.995559,1.241603,1.195754,0.083219,0
0.050350,0.995570,1.278564,1.156178,0.093473,0
0.050400,0.995580,1.314264,1.115460,0.103655,0
0.050450,0.995591,1.348667,1.073641,0.113756,0
0.050500,0.995601,1.381741,1.030761,0.123765,0
0.050550,0.995612,1.413451,0.986862,0.133672,0
0.050600,0.995622,1.443768,0.941989,0.143467,0
0.050650,0.995633,1.472660,0.896185,0.153142,0
0.050700,0.995643,1.500099,0.849496,0.162686,0
0.050750,0.995653,1.526059,0.801968,0.172090,0
0.050800,0.995664,1.550513,0.753646,0.181345,0
0.050850,0.995674,1.573438,0.704580,0.190441,0
0.050900,0.995684,1.594810,0.654818,0.199369,0
0.050950,0.995694,1.614609,0.604408,0.208122,0
0.051000,0.995705,1.632815,0.553401,0.216689,0
0.051050,0.995715,1.649410,0.501846,0.225063,0
0.051100,0.995725,1.664378,0.449795,0.233236,0
0.051150,0.995735,1.677703,0.397299,0.241198,0
0.051200,0.995745,1.689373,0.344410,0.248944,0
0.051250,0.995755,1.699376,0.291180,0.256464,0
0.051300,0.995766,1.707702,0.237661,0.263751,0
0.051350,0.995776,1.714343,0.183906,0.270799,0
0.051400,0.995786,1.719292,0.129969,0.277600,0
0.051450,0.995796,1.722545,0.075902,0.284147,0
0.051500,0.995806,1.724098,0.021759,0.290435,0
0.051550,0.995816,1.723949,-0.032406,0.296456,0
0.051600,0.995825,1.722099,-0.086541,0.302205,0
0.051650,0.995835,1.718550,-0.140591,0.307677,0
0.051700,0.995845,1.713304,-0.194504,0.312865,0
0.051750,0.995855,1.706367,-0.248226,0.317765,0
0.051800,0.995865,1.697747,-0.301704,0.322372,0
0.051850,0.995875,1.687450,-0.354885,0.326682,0
0.051900,0.995885,1.675488,-0.407718,0.330689,0
0.051950,0.995894,1.661872,-0.460149,0.334391,0
0.052000,0.995904,1.646616,-0.512127,0.337783,0
0.052050,0.995914,1.629735,-0.563601,0.340862,0
0.052100,0.995924,1.611245,-0.614520,0.343625,0
0.052150,0.995933,1.591164,-0.664833,0.346070,0
0.052200,0.995943,1.569513,-0.714491,0.348194,0
0.052250,0.995953,1.546312,-0.763446,0.349994,0
0.052300,0.995962,1.521585,-0.811647,0.351470,0
0.052350,0.995972,1.495356,-0.859049,0.352619,0
0.052400,0.995981,1.467650,-0.905604,0.353441,0
0.052450,0.995991,1.438495,-0.951266,0.353934,0
0.052500,0.996000,1.407921,-0.995991,0.354099,0
0.052550,0.996010,1.375956,-1.039733,0.353935,0
0.052600,0.996019,1.342632,-1.082450,0.353442,0
0.052650,0.996029,1.307983,-1.124100,0.352620,0
0.052700,0.996038,1.272042,-1.164641,0.351471,0
0.052750,0.996048,1.234845,-1.204034,0.349996,0
0.052800,0.996057,1.196429,-1.242240,0.348196,0
0.052850,0.996066,1.156832,-1.279220,0.346072,0
0.052900,0.996076,1.116091,-1.314938,0.343628,0
0.052950,0.996085,1.074249,-1.349360,0.340865,0
0.053000,0.996094,1.031345,-1.382450,0.337786,0
0.053050,0.996104,0.987423,-1.414177,0.334394,0
0.053100,0.996113,0.942526,-1.444509,0.330693,0
0.053150,0.996122,0.896697,-1.473416,0.326686,0
0.053200,0.996131,0.849983,-1.500869,0.322377,0
0.053250,0.996140,0.802429,-1.526842,0.317770,0
0.053300,0.996150,0.754082,-1.551309,0.312870,0
0.053350,0.996159,0.704990,-1.574245,0.307682,0
0.053400,0.996168,0.655201,-1.595627,0.302211,0
0.053450,0.996177,0.604764,-1.615436,0.296462,0
0.053500,0.996186,0.553730,-1.633651,0.290441,0
0.053550,0.996195,0.502148,-1.650254,0.284154,0
0.053600,0.996204,0.450070,-1.665228,0.277607,0
0.053650,0.996213,0.397546,-1.678560,0.270806,0
0.053700,0.996222,0.344630,-1.690235,0.263759,0
0.053750,0.996231,0.291372,-1.700242,0.256472,0
0.053800,0.996240,0.237825,-1.708572,0.248952,0
0.053850,0.996249,0.184043,-1.715216,0.241207,0
0.053900,0.996258,0.130078,-1.720167,0.233245,0
0.053950,0.996267,0.075983,-1.723420,0.225073,0
0.054000,0.996276,0.021813,-1.724973,0.216699,0
0.054050,0.996284,-0.032380,-1.724823,0.208132,0
0.054100,0.996293,-0.086542,-1.722972,0.199380,0
0.054150,0.996302,-0.140620,-1.719420,0.190451,0
0.054200,0.996311,-0.194560,-1.714170,0.181355,0
0.054250,0.996320,-0.248309,-1.707230,0.172101,0
0.054300,0.996328,-0.301814,-1.698604,0.162698,0
0.054350,0.996337,-0.355022,-1.688302,0.153154,0
0.054400,0.996346,-0.407881,-1.676333,0.143480,0
0.054450,0.996354,-0.460338,-1.662710,0.133684,0
0.054500,0.996363,-0.512342,-1.647445,0.123777,0
0.054550,0.996372,-0.563841,-1.630555,0.113769,0
0.054600,0.996380,-0.614785,-1.612055,0.103669,0
0.054650,0.996389,-0.665122,-1.591964,0.093487,0
0.054700,0.996397,-0.714805,-1.570301,0.083233,0
0.054750,0.996406,-0.763783,-1.547088,0.072917,0
0.054800,0.996415,-0.812008,-1.522348,0.062550,0
0.054850,0.996423,-0.859433,-1.496105,0.052142,0
0.054900,0.996432,-0.906010,-1.468385,0.041703,0
0.054950,0.996440,-0.951694,-1.439216,0.031243,0
0.055000,0.996448,-0.996440,-1.408626,0.020773,0
0.055050,0.996457,-1.040203,-1.376645,0.010303,0
0.055100,0.996465,-1.082941,-1.343305,-0.000157,0
0.055150,0.996474,-1.124610,-1.308638,-0.010596,0
0.055200,0.996482,-1.165170,-1.272679,-0.021004,0
0.055250,0.996490,-1.204582,-1.235464,-0.031371,0
0.055300,0.996499,-1.242805,-1.197029,-0.041686,0
0.055350,0.996507,-1.279802,-1.157412,-0.051940,0
0.055400,0.996515,-1.315537,-1.116652,-0.062122,0
0.055450,0.996524,-1.349974,-1.074789,-0.072223,0
0.055500,0.996532,-1.383080,-1.031865,-0.082231,0
0.055550,0.996540,-1.414821,-0.987921,-0.092138,0
0.055600,0.996548,-1.445167,-0.943002,-0.101933,0
0.055650,0.996557,-1.474087,-0.897152,-0.111608,0
0.055700,0.996565,-1.501553,-0.850415,-0.121151,0
0.055750,0.996573,-1.527537,-0.802838,-0.130555,0
0.055800,0.996581,-1.552014,-0.754468,-0.139809,0
0.055850,0.996589,-1.574961,-0.705353,-0.148905,0
0.055900,0.996597,-1.596353,-0.655540,-0.157833,0
0.055950,0.996605,-1.616170,-0.605080,-0.166585,0
0.056000,0.996613,-1.634392,-0.554022,-0.175152,0
0.056050,0.996621,-1.651002,-0.502416,-0.183526,0
0.056100,0.996629,-1.665983,-0.450314,-0.191698,0
0.056150,0.996637,-1.679320,-0.397766,-0.199661,0
0.056200,0.996645,-1.691000,-0.344825,-0.207406,0
0.056250,0.996653,-1.701011,-0.291542,-0.214926,0
0.056300,0.996661,-1.709344,-0.237971,-0.222213,0
0.056350,0.996669,-1.715990,-0.184164,-0.229260,0
0.056400,0.996677,-1.720943,-0.130174,-0.236061,0
0.056450,0.996685,-1.724197,-0.076055,-0.242608,0
0.056500,0.996693,-1.725750,-0.021860,-0.248895,0
0.056550,0.996701,-1.725600,0.032357,-0.254916,0
0.056600,0.996709,-1.723746,0.086544,-0.260665,0
0.056650,0.996716,-1.720192,0.140646,-0.266136,0
0.056700,0.996724,-1.714940,0.194610,-0.271324,0
0.056750,0.996732,-1.707995,0.248383,-0.276224,0
0.056800,0.996740,-1.699365,0.301911,-0.280831,0
0.056850,0.996747,-1.689058,0.355143,-0.285140,0
0.056900,0.996755,-1.677083,0.408025,-0.289147,0
0.056950,0.996763,-1.663453,0.460505,-0.292848,0
0.057000,0.996771,-1.648181,0.512532,-0.296240,0
0.057050,0.996778,-1.631283,0.564054,-0.299319,0
0.057100,0.996786,-1.612774,0.615020,-0.302082,0
0.057150,0.996793,-1.592673,0.665379,-0.304526,0
0.057200,0.996801,-1.571001,0.715083,-0.306650,0
0.057250,0.996809,-1.547777,0.764083,-0.308450,0
0.057300,0.996816,-1.523026,0.812328,-0.309925,0
0.057350,0.996824,-1.496771,0.859773,-0.311074,0
0.057400,0.996831,-1.469038,0.906371,-0.311896,0
0.057450,0.996839,-1.439856,0.952074,-0.312389,0
0.057500,0.996846,-1.409252,0.996839,-0.312553,0
0.057550,0.996854,-1.377256,1.040621,-0.312389,0
0.057600,0.996861,-1.343901,1.083376,-0.311895,0
0.057650,0.996869,-1.309220,1.125063,-0.311074,0
0.057700,0.996876,-1.273245,1.165640,-0.309924,0
0.057750,0.996884,-1.236014,1.205068,-0.308449,0
0.057800,0.996891,-1.197562,1.243307,-0.306648,0
0.057850,0.996898,-1.157927,1.280319,-0.304525,0
0.057900,0.996906,-1.117150,1.316069,-0.302080,0
0.057950,0.996913,-1.075269,1.350520,-0.299317,0
0.058000,0.996920,-1.032326,1.383639,-0.296238,0
0.058050,0.996928,-0.988364,1.415394,-0.292846,0
0.058100,0.996935,-0.943425,1.445752,-0.289144,0
0.058150,0.996942,-0.897555,1.474683,-0.285137,0
0.058200,0.996950,-0.850799,1.502160,-0.280827,0
0.058250,0.996957,-0.803202,1.528154,-0.276220,0
0.058300,0.996964,-0.754811,1.552641,-0.271320,0
0.058350,0.996971,-0.705675,1.575596,-0.266132,0
0.058400,0.996978,-0.655842,1.596997,-0.260660,0
0.058450,0.996986,-0.605361,1.616822,-0.254911,0
0.058500,0.996993,-0.554282,1.635051,-0.248890,0
0.058550,0.997000,-0.502654,1.651667,-0.242602,0
0.058600,0.997007,-0.450530,1.666654,-0.236055,0
0.058650,0.997014,-0.397961,1.679996,-0.229254,0
0.058700,0.997021,-0.344998,1.691680,-0.222207,0
0.058750,0.997028,-0.291693,1.701694,-0.214919,0
0.058800,0.997035,-0.238100,1.710030,-0.207399,0
0.058850,0.997042,-0.184272,1.716678,-0.199654,0
0.058900,0.997049,-0.130260,1.721632,-0.191691,0
0.058950,0.997056,-0.076119,1.724887,-0.183519,0
0.059000,0.997063,-0.021903,1.726440,-0.175145,0
0.059050,0.997070,0.032337,1.726289,-0.166577,0
0.059100,0.997077,0.086545,1.724434,-0.157825,0
0.059150,0.997084,0.140668,1.720878,-0.148896,0
0.059200,0.997091,0.194654,1.715623,-0.139800,0
0.059250,0.997098,0.248448,1.708675,-0.130546,0
0.059300,0.997105,0.301998,1.700041,-0.121142,0
0.059350,0.997112,0.355250,1.689729,-0.111598,0
0.059400,0.997119,0.408153,1.677749,-0.101924,0
0.059450,0.997126,0.460654,1.664113,-0.092128,0
0.059500,0.997132,0.512701,1.648835,-0.082221,0
0.059550,0.997139,0.564243,1.631929,-0.072212,0
0.059600,0.997146,0.615228,1.613413,-0.062112,0
0.059650,0.997153,0.665608,1.593304,-0.051929,0
0.059700,0.997160,0.715331,1.571622,-0.041675,0
0.059750,0.997166,0.764349,1.548389,-0.031359,0
0.059800,0.997173,0.812613,1.523627,-0.020992,0
0.059850,0.997180,0.860076,1.497362,-0.010584,0
0.059900,0.997186,0.906691,1.469618,-0.000144,0
0.059950,0.997193,0.952412,1.440424,0.010316,0
0.060000,0.997200,0.997193,1.409808,0.020786,0
0.060050,0.997206,1.040991,1.377800,0.031256,0
0.060100,0.997213,1.083763,1.344432,0.041716,0
0.060150,0.997220,1.125465,1.309736,0.052156,0
0.060200,0.997226,1.166057,1.273748,0.062564,0
0.060250,0.997233,1.205499,1.236502,0.072931,0
0.060300,0.997239,1.243752,1.198035,0.083247,0
0.060350,0.997246,1.280779,1.158385,0.093501,0
0.060400,0.997252,1.316541,1.117591,0.103683,0
0.060450,0.997259,1.351005,1.075694,0.113784,0
0.060500,0.997266,1.384136,1.032735,0.123793,0
0.060550,0.997272,1.415902,0.988756,0.133700,0
0.060600,0.997278,1.446271,0.943801,0.143495,0
0.060650,0.997285,1.475212,0.897914,0.153170,0
0.060700,0.997291,1.502699,0.851139,0.162714,0
0.060750,0.997298,1.528703,0.803525,0.172118,0
0.060800,0.997304,1.553198,0.755116,0.181372,0
0.060850,0.997311,1.576161,0.705962,0.190468,0
0.060900,0.997317,1.597569,0.656110,0.199397,0
0.060950,0.997323,1.617400,0.605610,0.208149,0
0.061000,0.997330,1.635636,0.554512,0.216717,0
0.061050,0.997336,1.652258,0.502866,0.225091,0
0.061100,0.997342,1.667249,0.450723,0.233263,0
0.061150,0.997349,1.680595,0.398134,0.241226,0
0.061200,0.997355,1.692283,0.345152,0.248971,0
0.061250,0.997361,1.702301,0.291828,0.256491,0
0.061300,0.997368,1.710639,0.238215,0.263778,0
0.061350,0.997374,1.717289,0.184367,0.270826,0
0.061400,0.997380,1.722244,0.130336,0.277627,0
0.061450,0.997386,1.725500,0.076176,0.284174,0
0.061500,0.997392,1.727053,0.021940,0.290462,0
0.061550,0.997399,1.726901,-0.032319,0.296483,0
0.061600,0.997405,1.725045,-0.086546,0.302232,0
0.061650,0.997411,1.721487,-0.140689,0.307704,0
0.061700,0.997417,1.716230,-0.194693,0.312892,0
0.061750,0.997423,1.709279,-0.248506,0.317792,0
0.061800,0.997429,1.700641,-0.302075,0.322399,0
0.061850,0.997435,1.690325,-0.355346,0.326708,0
0.061900,0.997442,1.678340,-0.408267,0.330716,0
0.061950,0.997448,1.664699,-0.460786,0.334417,0
0.062000,0.997454,1.649415,-0.512851,0.337809,0
0.062050,0.997460,1.632503,-0.564411,0.340888,0
0.062100,0.997466,1.613980,-0.615414,0.343652,0
0.062150,0.997472,1.593863,-0.665810,0.346096,0
0.062200,0.997478,1.572173,-0.715550,0.348220,0
0.062250,0.997484,1.548932,-0.764585,0.350020,0
0.062300,0.997490,1.524162,-0.812865,0.351496,0
0.062350,0.997496,1.497887,-0.860344,0.352645,0
0.062400,0.997502,1.470133,-0.906975,0.353467,0
0.062450,0.997508,1.440928,-0.952711,0.353960,0
0.062500,0.997513,1.410301,-0.997508,0.354125,0
0.062550,0.997519,1.378282,-1.041320,0.353960,0
0.062600,0.997525,1.344902,-1.084106,0.353467,0
0.062650,0.997531,1.310195,-1.125822,0.352646,0
0.062700,0.997537,1.274194,-1.166428,0.351497,0
0.062750,0.997543,1.236935,-1.205883,0.350021,0
0.062800,0.997549,1.198455,-1.244148,0.348221,0
0.062850,0.997555,1.158791,-1.281186,0.346098,0
0.062900,0.997560,1.117984,-1.316961,0.343653,0
0.062950,0.997566,1.076073,-1.351436,0.340890,0
0.063000,0.997572,1.033099,-1.384577,0.337811,0
0.063050,0.997578,0.989105,-1.416353,0.334419,0
0.063100,0.997583,0.944135,-1.446731,0.330718,0
0.063150,0.997589,0.898232,-1.475682,0.326711,0
0.063200,0.997595,0.851442,-1.503177,0.322402,0
0.063250,0.997601,0.803811,-1.529189,0.317795,0
0.063300,0.997606,0.755387,-1.553692,0.312895,0
0.063350,0.997612,0.706216,-1.576662,0.307707,0
0.063400,0.997618,0.656348,-1.598077,0.302236,0
0.063450,0.997623,0.605831,-1.617914,0.296487,0
0.063500,0.997629,0.554716,-1.636155,0.290466,0
0.063550,0.997635,0.503053,-1.652782,0.284178,0
0.063600,0.997640,0.450893,-1.667778,0.277631,0
0.063650,0.997646,0.398288,-1.681128,0.270831,0
0.063700,0.997651,0.345288,-1.692819,0.263783,0
0.063750,0.997657,0.291947,-1.702839,0.256496,0
0.063800,0.997662,0.238318,-1.711180,0.248976,0
0.063850,0.997668,0.184452,-1.717831,0.241231,0
0.063900,0.997674,0.130404,-1.722788,0.233269,0
0.063950,0.997679,0.076227,-1.726044,0.225096,0
0.064000,0.997685,0.021973,-1.727597,0.216723,0
0.064050,0.997690,-0.032302,-1.727445,0.208155,0
0.064100,0.997696,-0.086547,-1.725588,0.199403,0
0.064150,0.997701,-0.140706,-1.722028,0.190475,0
0.064200,0.997707,-0.194728,-1.716769,0.181379,0
0.064250,0.997712,-0.248558,-1.709815,0.172125,0
0.064300,0.997717,-0.302143,-1.701174,0.162721,0
0.064350,0.997723,-0.355431,-1.690854,0.153177,0
0.064400,0.997728,-0.408368,-1.678865,0.143503,0
0.064450,0.997734,-0.460903,-1.665220,0.133708,0
0.064500,0.997739,-0.512984,-1.649930,0.123801,0
0.064550,0.997744,-0.564560,-1.633013,0.113792,0
0.064600,0.997750,-0.615578,-1.614483,0.103692,0
0.064650,0.997755,-0.665990,-1.594360,0.093510,0
0.064700,0.997760,-0.715745,-1.572663,0.083256,0
0.064750,0.997766,-0.764794,-1.549414,0.072940,0
0.064800,0.997771,-0.813090,-1.524636,0.062573,0
0.064850,0.997776,-0.860583,-1.498353,0.052165,0
0.064900,0.997782,-0.907227,-1.470590,0.041726,0
0.064950,0.997787,-0.952977,-1.441376,0.031266,0
0.065000,0.997792,-0.997787,-1.410740,0.020796,0
0.065050,0.997797,-1.041612,-1.378710,0.010326,0
0.065100,0.997803,-1.084411,-1.345320,-0.000134,0
0.065150,0.997808,-1.126139,-1.310602,-0.010573,0
0.065200,0.997813,-1.166756,-1.274590,-0.020981,0
0.065250,0.997818,-1.206223,-1.237319,-0.031348,0
0.065300,0.997823,-1.244500,-1.198827,-0.041664,0
0.065350,0.997829,-1.281548,-1.159152,-0.051918,0
0.065400,0.997834,-1.317333,-1.118332,-0.062100,0
0.065450,0.997839,-1.351818,-1.076408,-0.072200,0
0.065500,0.997844,-1.384969,-1.033422,-0.082209,0
0.065550,0.997849,-1.416754,-0.989415,-0.092116,0
0.065600,0.997854,-1.447140,-0.944431,-0.101911,0
0.065650,0.997859,-1.476100,-0.898514,-0.111586,0
0.065700,0.997864,-1.503602,-0.851711,-0.121129,0
0.065750,0.997869,-1.529621,-0.804066,-0.130533,0
0.065800,0.997874,-1.554131,-0.755627,-0.139787,0
0.065850,0.997880,-1.577107,-0.706442,-0.148883,0
0.065900,0.997885,-1.598528,-0.656559,-0.157811,0
0.065950,0.997890,-1.618371,-0.606028,-0.166563,0
0.066000,0.997895,-1.636616,-0.554898,-0.175131,0
0.066050,0.997900,-1.653247,-0.503220,-0.183505,0
0.066100,0.997905,-1.668247,-0.451045,-0.191677,0
0.066150,0.997910,-1.681600,-0.398424,-0.199639,0
0.066200,0.997915,-1.693294,-0.345409,-0.207384,0
0.066250,0.997919,-1.703317,-0.292053,-0.214904,0
0.066300,0.997924,-1.711660,-0.238408,-0.222191,0
0.066350,0.997929,-1.718313,-0.184528,-0.229239,0
0.066400,0.997934,-1.723270,-0.130464,-0.236039,0
0.066450,0.997939,-1.726527,-0.076271,-0.242587,0
0.066500,0.997944,-1.728080,-0.022003,-0.248874,0
0.066550,0.997949,-1.727927,0.032288,-0.254895,0
0.066600,0.997954,-1.726070,0.086548,-0.260644,0
0.066650,0.997959,-1.722508,0.140722,-0.266115,0
0.066700,0.997963,-1.717247,0.194759,-0.271303,0
0.066750,0.997968,-1.710291,0.248604,-0.276203,0
0.066800,0.997973,-1.701647,0.302204,-0.280810,0
0.066850,0.997978,-1.691324,0.355506,-0.285119,0
0.066900,0.997983,-1.679332,0.408458,-0.289126,0
0.066950,0.997988,-1.665682,0.461008,-0.292828,0
0.067000,0.997992,-1.650388,0.513103,-0.296219,0
0.067050,0.997997,-1.633465,0.564692,-0.299298,0
0.067100,0.998002,-1.614930,0.615724,-0.302062,0
0.067150,0.998007,-1.594801,0.666150,-0.304506,0
0.067200,0.998011,-1.573098,0.715918,-0.306629,0
0.067250,0.998016,-1.549843,0.764981,-0.308430,0
0.067300,0.998021,-1.525057,0.813289,-0.309905,0
0.067350,0.998025,-1.498766,0.860795,-0.311054,0
0.067400,0.998030,-1.470996,0.907451,-0.311876,0
0.067450,0.998035,-1.441774,0.953213,-0.312369,0
0.067500,0.998039,-1.411129,0.998035,-0.312533,0
0.067550,0.998044,-1.379091,1.041872,-0.312369,0
0.067600,0.998049,-1.345691,1.084681,-0.311875,0
0.067650,0.998053,-1.310963,1.126420,-0.311054,0
0.067700,0.998058,-1.274941,1.167048,-0.309904,0
0.067750,0.998063,-1.237661,1.206525,-0.308429,0
0.067800,0.998067,-1.199159,1.244812,-0.306628,0
0.067850,0.998072,-1.159472,1.281870,-0.304505,0
0.067900,0.998076,-1.118642,1.317664,-0.302060,0
0.067950,0.998081,-1.076706,1.352157,-0.299297,0
0.068000,0.998086,-1.033708,1.385317,-0.296218,0
0.068050,0.998090,-0.989690,1.417109,-0.292826,0
0.068100,0.998095,-0.944694,1.447504,-0.289124,0
0.068150,0.998099,-0.898765,1.476470,-0.285117,0
0.068200,0.998104,-0.851949,1.503980,-0.280808,0
0.068250,0.998108,-0.804292,1.530005,-0.276201,0
0.068300,0.998113,-0.755840,1.554521,-0.271301,0
0.068350,0.998117,-0.706642,1.577503,-0.266113,0
0.068400,0.998122,-0.656747,1.598928,-0.260641,0
0.068450,0.998126,-0.606202,1.618776,-0.254892,0
0.068500,0.998130,-0.555059,1.637026,-0.248871,0
0.068550,0.998135,-0.503368,1.653661,-0.242583,0
0.068600,0.998139,-0.451179,1.668664,-0.236036,0
0.068650,0.998144,-0.398545,1.682020,-0.229235,0
0.068700,0.998148,-0.345517,1.693717,-0.222188,0
0.068750,0.998153,-0.292147,1.703742,-0.214900,0
0.068800,0.998157,-0.238489,1.712086,-0.207380,0
0.068850,0.998161,-0.184595,1.718740,-0.199635,0
0.068900,0.998166,-0.130518,1.723699,-0.191672,0
0.068950,0.998170,-0.076311,1.726956,-0.183500,0
0.069000,0.998174,-0.022029,1.728509,-0.175126,0
0.069050,0.998179,0.032275,1.728356,-0.166559,0
0.069100,0.998183,0.086548,1.726497,-0.157806,0
0.069150,0.998187,0.140737,1.722935,-0.148878,0
0.069200,0.998192,0.194786,1.717672,-0.139782,0
0.069250,0.998196,0.248644,1.710714,-0.130527,0
0.069300,0.998200,0.302258,1.702068,-0.121124,0
0.069350,0.998205,0.355573,1.691742,-0.111580,0
0.069400,0.998209,0.408538,1.679746,-0.101905,0
0.069450,0.998213,0.461100,1.666092,-0.092110,0
0.069500,0.998217,0.513208,1.650794,-0.082202,0
0.069550,0.998222,0.564809,1.633867,-0.072194,0
0.069600,0.998226,0.615854,1.615327,-0.062093,0
0.069650,0.998230,0.666292,1.595193,-0.051911,0
0.069700,0.998234,0.716072,1.573484,-0.041657,0
0.069750,0.998238,0.765146,1.550223,-0.031341,0
0.069800,0.998243,0.813466,1.525431,-0.020974,0
0.069850,0.998247,0.860983,1.499134,-0.010566,0
0.069900,0.998251,0.907650,1.471357,-0.000126,0
0.069950,0.998255,0.953423,1.442127,0.010334,0
0.070000,0.998259,0.998255,1.411475,0.020804,0
0.070050,0.998263,1.042102,1.379429,0.031274,0
0.070100,0.998267,1.084921,1.346021,0.041734,0
0.070150,0.998272,1.126670,1.311285,0.052174,0
0.070200,0.998276,1.167308,1.275254,0.062582,0
0.070250,0.998280,1.206794,1.237964,0.072949,0
0.070300,0.998284,1.245089,1.199453,0.083265,0
0.070350,0.998288,1.282155,1.159757,0.093519,0
0.070400,0.998292,1.317957,1.118916,0.103701,0
0.070450,0.998296,1.352458,1.076971,0.113802,0
0.070500,0.998300,1.385625,1.033963,0.123810,0
0.070550,0.998304,1.417425,0.989934,0.133717,0
0.070600,0.998308,1.447826,0.944927,0.143513,0
0.070650,0.998312,1.476799,0.898988,0.153187,0
0.070700,0.998316,1.504315,0.852161,0.162731,0
0.070750,0.998320,1.530346,0.804492,0.172135,0
0.070800,0.998324,1.554867,0.756030,0.181390,0
0.070850,0.998328,1.577854,0.706821,0.190486,0
0.070900,0.998332,1.599284,0.656913,0.199414,0
0.070950,0.998336,1.619135,0.606357,0.208166,0
0.071000,0.998340,1.637389,0.555203,0.216734,0
0.071050,0.998344,1.654028,0.503499,0.225108,0
0.071100,0.998348,1.669034,0.451299,0.233280,0
0.071150,0.998352,1.682393,0.398653,0.241243,0
0.071200,0.998356,1.694092,0.345613,0.248988,0
0.071250,0.998360,1.704119,0.292231,0.256508,0
0.071300,0.998363,1.712464,0.238560,0.263795,0
0.071350,0.998367,1.719120,0.184654,0.270843,0
0.071400,0.998371,1.724079,0.130565,0.277644,0
0.071450,0.998375,1.727337,0.076346,0.284191,0
0.071500,0.998379,1.728890,0.022052,0.290478,0
0.071550,0.998383,1.728736,-0.032264,0.296499,0
0.071600,0.998387,1.726877,-0.086549,0.302249,0
0.071650,0.998390,1.723313,-0.140749,0.307720,0
0.071700,0.998394,1.718049,-0.194811,0.312908,0
0.071750,0.998398,1.711089,-0.248681,0.317808,0
0.071800,0.998402,1.702441,-0.302305,0.322415,0
0.071850,0.998406,1.692112,-0.355632,0.326725,0
0.071900,0.998409,1.680113,-0.408609,0.330732,0
0.071950,0.998413,1.666457,-0.461182,0.334433,0
0.072000,0.998417,1.651155,-0.513301,0.337825,0
0.072050,0.998421,1.634224,-0.564914,0.340905,0
0.072100,0.998425,1.615680,-0.615969,0.343668,0
0.072150,0.998428,1.595541,-0.666418,0.346112,0
0.072200,0.998432,1.573827,-0.716208,0.348236,0
0.072250,0.998436,1.550561,-0.765293,0.350036,0
0.072300,0.998439,1.525763,-0.813623,0.351512,0
0.072350,0.998443,1.499460,-0.861150,0.352661,0
0.072400,0.998447,1.471677,-0.907827,0.353483,0
0.072450,0.998451,1.442441,-0.953609,0.353976,0
0.072500,0.998454,1.411781,-0.998451,0.354141,0
0.072550,0.998458,1.379728,-1.042307,0.353976,0
0.072600,0.998462,1.346313,-1.085135,0.353483,0
0.072650,0.998465,1.311570,-1.126892,0.352661,0
0.072700,0.998469,1.275531,-1.167538,0.351512,0
0.072750,0.998472,1.238234,-1.207032,0.350037,0
0.072800,0.998476,1.199714,-1.245335,0.348237,0
0.072850,0.998480,1.160010,-1.282409,0.346113,0
0.072900,0.998483,1.119160,-1.318218,0.343669,0
0.072950,0.998487,1.077206,-1.352726,0.340906,0
0.073000,0.998491,1.034189,-1.385900,0.337827,0
0.073050,0.998494,0.990150,-1.417706,0.334435,0
0.073100,0.998498,0.945135,-1.448113,0.330733,0
0.073150,0.998501,0.899186,-1.477091,0.326726,0
0.073200,0.998505,0.852349,-1.504612,0.322417,0
0.073250,0.998508,0.804671,-1.530648,0.317810,0
0.073300,0.998512,0.756198,-1.555174,0.312910,0
0.073350,0.998515,0.706979,-1.578165,0.307722,0
0.073400,0.998519,0.657061,-1.599599,0.302251,0
0.073450,0.998522,0.606495,-1.619455,0.296502,0
0.073500,0.998526,0.555330,-1.637712,0.290481,0
0.073550,0.998529,0.503616,-1.654354,0.284193,0
0.073600,0.998533,0.451405,-1.669363,0.277646,0
0.073650,0.998536,0.398748,-1.682724,0.270846,0
0.073700,0.998540,0.345697,-1.694425,0.263798,0
0.073750,0.998543,0.292305,-1.704454,0.256511,0
0.073800,0.998547,0.238624,-1.712801,0.248991,0
0.073850,0.998550,0.184707,-1.719457,0.241246,0
0.073900,0.998554,0.130607,-1.724417,0.233284,0
0.073950,0.998557,0.076378,-1.727675,0.225111,0
0.074000,0.998561,0.022073,-1.729228,0.216737,0
0.074050,0.998564,-0.032254,-1.729074,0.208170,0
0.074100,0.998567,-0.086550,-1.727214,0.199418,0
0.074150,0.998571,-0.140760,-1.723650,0.190490,0
0.074200,0.998574,-0.194832,-1.718384,0.181394,0
0.074250,0.998578,-0.248713,-1.711423,0.172139,0
0.074300,0.998581,-0.302348,-1.702772,0.162736,0
0.074350,0.998584,-0.355685,-1.692441,0.153192,0
0.074400,0.998588,-0.408671,-1.680440,0.143518,0
0.074450,0.998591,-0.461255,-1.666780,0.133722,0
0.074500,0.998594,-0.513384,-1.651475,0.123815,0
0.074550,0.998598,-0.565006,-1.634541,0.113807,0
0.074600,0.998601,-0.616072,-1.615993,0.103706,0
0.074650,0.998604,-0.666529,-1.595850,0.093524,0
0.074700,0.998608,-0.716330,-1.574132,0.083270,0
0.074750,0.998611,-0.765423,-1.550860,0.072955,0
0.074800,0.998614,-0.813762,-1.526058,0.062588,0
0.074850,0.998618,-0.861298,-1.499750,0.052179,0
0.074900,0.998621,-0.907984,-1.471961,0.041740,0
0.074950,0.998624,-0.953775,-1.442720,0.031280,0
0.075000,0.998627,-0.998624,-1.412054,0.020810,0
0.075050,0.998631,-1.042488,-1.379995,0.010340,0
0.075100,0.998634,-1.085324,-1.346573,-0.000120,0
0.075150,0.998637,-1.127089,-1.311823,-0.010559,0
0.075200,0.998640,-1.167742,-1.275777,-0.020967,0
0.075250,0.998644,-1.207243,-1.238473,-0.031334,0
0.075300,0.998647,-1.245553,-1.199945,-0.041650,0
0.075350,0.998650,-1.282634,-1.160234,-0.051904,0
0.075400,0.998653,-1.318449,-1.119377,-0.062086,0
0.075450,0.998656,-1.352964,-1.077415,-0.072186,0
0.075500,0.998660,-1.386143,-1.034390,-0.082195,0
0.075550,0.998663,-1.417955,-0.990343,-0.092102,0
0.075600,0.998666,-1.448367,-0.945319,-0.101897,0
0.075650,0.998669,-1.477351,-0.899361,-0.111572,0
0.075700,0.998672,-1.504876,-0.852516,-0.121116,0
0.075750,0.998675,-1.530917,-0.804829,-0.130519,0
0.075800,0.998679,-1.555447,-0.756347,-0.139774,0
0.075850,0.998682,-1.578442,-0.707119,-0.148869,0
0.075900,0.998685,-1.599880,-0.657193,-0.157798,0
0.075950,0.998688,-1.619739,-0.606617,-0.166550,0
0.076000,0.998691,-1.637999,-0.555443,-0.175117,0
0.076050,0.998694,-1.654643,-0.503720,-0.183491,0
0.076100,0.998697,-1.669654,-0.451499,-0.191663,0
0.076150,0.998700,-1.683018,-0.398833,-0.199626,0
0.076200,0.998704,-1.694721,-0.345773,-0.207371,0
0.076250,0.998707,-1.704751,-0.292371,-0.214891,0
0.076300,0.998710,-1.713099,-0.238680,-0.222178,0
0.076350,0.998713,-1.719757,-0.184754,-0.229225,0
0.076400,0.998716,-1.724717,-0.130644,-0.236026,0
0.076450,0.998719,-1.727975,-0.076406,-0.242573,0
0.076500,0.998722,-1.729528,-0.022091,-0.248861,0
0.076550,0.998725,-1.729374,0.032245,-0.254882,0
0.076600,0.998728,-1.727514,0.086550,-0.260631,0
0.076650,0.998731,-1.723948,0.140770,-0.266102,0
0.076700,0.998734,-1.718682,0.194852,-0.271290,0
0.076750,0.998737,-1.711719,0.248741,-0.276190,0
0.076800,0.998740,-1.703066,0.302385,-0.280797,0
0.076850,0.998743,-1.692733,0.355732,-0.285106,0
0.076900,0.998746,-1.680730,0.408727,-0.289113,0
0.076950,0.998749,-1.667067,0.461320,-0.292815,0
0.077000,0.998752,-1.651760,0.513457,-0.296207,0
0.077050,0.998755,-1.634822,0.565089,-0.299286,0
0.077100,0.998758,-1.616271,0.616163,-0.302049,0
0.077150,0.998761,-1.596124,0.666629,-0.304493,0
0.077200,0.998764,-1.574402,0.716437,-0.306617,0
0.077250,0.998767,-1.551127,0.765539,-0.308417,0
0.077300,0.998770,-1.526320,0.813886,-0.309892,0
0.077350,0.998772,-1.500007,0.861429,-0.311041,0
0.077400,0.998775,-1.472213,0.908123,-0.311863,0
0.077450,0.998778,-1.442967,0.953921,-0.312356,0
0.077500,0.998781,-1.412296,0.998778,-0.312521,0
0.077550,0.998784,-1.380231,1.042650,-0.312356,0
0.077600,0.998787,-1.346804,1.085493,-0.311863,0
0.077650,0.998790,-1.312048,1.127264,-0.311041,0
0.077700,0.998793,-1.275996,1.167924,-0.309892,0
0.077750,0.998796,-1.238685,1.207431,-0.308416,0
0.077800,0.998798,-1.200151,1.245747,-0.306616,0
0.077850,0.998801,-1.160433,1.282834,-0.304493,0
0.077900,0.998804,-1.119569,1.318655,-0.302048,0
0.077950,0.998807,-1.077600,1.353175,-0.299285,0
0.078000,0.998810,-1.034568,1.386359,-0.296206,0
0.078050,0.998813,-0.990514,1.418176,-0.292814,0
0.078100,0.998815,-0.945482,1.448593,-0.289112,0
0.078150,0.998818,-0.899517,1.477581,-0.285105,0
0.078200,0.998821,-0.852664,1.505111,-0.280796,0
0.078250,0.998824,-0.804969,1.531156,-0.276189,0
0.078300,0.998827,-0.756480,1.555689,-0.271289,0
0.078350,0.998829,-0.707244,1.578688,-0.266100,0
0.078400,0.998832,-0.657309,1.600129,-0.260629,0
0.078450,0.998835,-0.606726,1.619990,-0.254880,0
0.078500,0.998838,-0.555543,1.638254,-0.248859,0
0.078550,0.998841,-0.503812,1.654900,-0.242571,0
0.078600,0.998843,-0.451583,1.669913,-0.236024,0
0.078650,0.998846,-0.398908,1.683279,-0.229223,0
0.078700,0.998849,-0.345840,1.694983,-0.222176,0
0.078750,0.998852,-0.292430,1.705015,-0.214888,0
0.078800,0.998854,-0.238730,1.713364,-0.207368,0
0.078850,0.998857,-0.184795,1.720022,-0.199623,0
0.078900,0.998860,-0.130678,1.724983,-0.191661,0
0.078950,0.998862,-0.076430,1.728242,-0.183488,0
0.079000,0.998865,-0.022108,1.729795,-0.175114,0
0.079050,0.998868,0.032237,1.729641,-0.166547,0
0.079100,0.998870,0.086551,1.727780,-0.157795,0
0.079150,0.998873,0.140779,1.724213,-0.148866,0
0.079200,0.998876,0.194869,1.718946,-0.139770,0
0.079250,0.998878,0.248766,1.711981,-0.130516,0
0.079300,0.998881,0.302419,1.703328,-0.121112,0
0.079350,0.998884,0.355773,1.692993,-0.111568,0
0.079400,0.998886,0.408777,1.680987,-0.101894,0
0.079450,0.998889,0.461377,1.667323,-0.092098,0
0.079500,0.998892,0.513523,1.652012,-0.082191,0
0.079550,0.998894,0.565162,1.635072,-0.072182,0
0.079600,0.998897,0.616243,1.616517,-0.062082,0
0.079650,0.998900,0.666717,1.596368,-0.051900,0
0.079700,0.998902,0.716533,1.574642,-0.041646,0
0.079750,0.998905,0.765642,1.551363,-0.031330,0
0.079800,0.998907,0.813996,1.526553,-0.020963,0
0.079850,0.998910,0.861546,1.500235,-0.010555,0
0.079900,0.998913,0.908247,1.472438,-0.000115,0
0.079950,0.998915,0.954052,1.443186,0.010345,0
0.080000,0.998918,0.998915,1.412511,0.020815,0
0.080050,0.998920,1.042793,1.380441,0.031285,0
0.080100,0.998923,1.085642,1.347009,0.041745,0
0.080150,0.998925,1.127420,1.312247,0.052185,0
0.080200,0.998928,1.168085,1.276190,0.062593,0
0.080250,0.998931,1.207598,1.238874,0.072960,0
0.080300,0.998933,1.245919,1.200334,0.083276,0
0.080350,0.998936,1.283011,1.160610,0.093530,0
0.080400,0.998938,1.318837,1.119740,0.103712,0
0.080450,0.998941,1.353362,1.077765,0.113812,0
0.080500,0.998943,1.386551,1.034726,0.123821,0
0.080550,0.998946,1.418372,0.990666,0.133728,0
0.080600,0.998948,1.448794,0.945627,0.143524,0
0.080650,0.998951,1.477786,0.899656,0.153198,0
0.080700,0.998953,1.505319,0.852796,0.162742,0
0.080750,0.998956,1.531367,0.805094,0.172146,0
0.080800,0.998958,1.555904,0.756598,0.181400,0
0.080850,0.998961,1.578906,0.707354,0.190496,0
0.080900,0.998963,1.600350,0.657413,0.199425,0
0.080950,0.998966,1.620214,0.606822,0.208177,0
0.081000,0.998968,1.638480,0.555632,0.216744,0
0.081050,0.998970,1.655128,0.503893,0.225118,0
0.081100,0.998973,1.670144,0.451657,0.233291,0
0.081150,0.998975,1.683511,0.398975,0.241253,0
0.081200,0.998978,1.695216,0.345899,0.248998,0
0.081250,0.998980,1.705249,0.292481,0.256518,0
0.081300,0.998983,1.713599,0.238775,0.263806,0
0.081350,0.998985,1.720258,0.184832,0.270853,0
0.081400,0.998987,1.725220,0.130707,0.277654,0
0.081450,0.998990,1.728479,0.076452,0.284201,0
0.081500,0.998992,1.730032,0.022122,0.290489,0
0.081550,0.998995,1.729877,-0.032230,0.296510,0
0.081600,0.998997,1.728016,-0.086551,0.302259,0
0.081650,0.998999,1.724449,-0.140787,0.307730,0
0.081700,0.999002,1.719180,-0.194884,0.312919,0
0.081750,0.999004,1.712215,-0.248789,0.317819,0
0.081800,0.999007,1.703560,-0.302449,0.322426,0
0.081850,0.999009,1.693223,-0.355810,0.326735,0
0.081900,0.999011,1.681216,-0.408821,0.330742,0
0.081950,0.999014,1.667549,-0.461428,0.334444,0
0.082000,0.999016,1.652237,-0.513581,0.337836,0
0.082050,0.999018,1.635294,-0.565227,0.340915,0
0.082100,0.999021,1.616737,-0.616315,0.343678,0
0.082150,0.999023,1.596584,-0.666795,0.346122,0
0.082200,0.999025,1.574856,-0.716618,0.348246,0
0.082250,0.999028,1.551573,-0.765733,0.350046,0
0.082300,0.999030,1.526759,-0.814093,0.351522,0
0.082350,0.999032,1.500438,-0.861650,0.352671,0
0.082400,0.999034,1.472637,-0.908357,0.353493,0
0.082450,0.999037,1.443381,-0.954168,0.353986,0
0.082500,0.999039,1.412702,-0.999037,0.354150,0
0.082550,0.999041,1.380628,-1.042920,0.353986,0
0.082600,0.999044,1.347191,-1.085775,0.353493,0
0.082650,0.999046,1.312424,-1.127558,0.352671,0
0.082700,0.999048,1.276363,-1.168228,0.351522,0
0.082750,0.999050,1.239041,-1.207746,0.350047,0
0.082800,0.999053,1.200496,-1.246072,0.348246,0
0.082850,0.999055,1.160767,-1.283169,0.346123,0
0.082900,0.999057,1.119892,-1.318999,0.343678,0
0.082950,0.999059,1.077911,-1.353528,0.340915,0
0.083000,0.999062,1.034867,-1.386722,0.337836,0
0.083050,0.999064,0.990800,-1.418547,0.334444,0
0.083100,0.999066,0.945756,-1.448972,0.330743,0
0.083150,0.999068,0.899779,-1.477967,0.326736,0
0.083200,0.999070,0.852913,-1.505504,0.322427,0
0.083250,0.999073,0.805205,-1.531555,0.317820,0
0.083300,0.999075,0.756702,-1.556095,0.312920,0
0.083350,0.999077,0.707453,-1.579100,0.307732,0
0.083400,0.999079,0.657505,-1.600546,0.302260,0
0.083450,0.999081,0.606907,-1.620413,0.296511,0
0.083500,0.999084,0.555711,-1.638680,0.290490,0
0.083550,0.999086,0.503966,-1.655331,0.284203,0
0.083600,0.999088,0.451723,-1.670348,0.277656,0
0.083650,0.999090,0.399035,-1.683716,0.270855,0
0.083700,0.999092,0.345952,-1.695424,0.263808,0
0.083750,0.999094,0.292528,-1.705457,0.256520,0
0.083800,0.999097,0.238814,-1.713808,0.249000,0
0.083850,0.999099,0.184865,-1.720468,0.241255,0
0.083900,0.999101,0.130733,-1.725430,0.233293,0
0.083950,0.999103,0.076472,-1.728689,0.225121,0
0.084000,0.999105,0.022135,-1.730242,0.216747,0
0.084050,0.999107,-0.032224,-1.730087,0.208179,0
0.084100,0.999109,-0.086551,-1.728225,0.199427,0
0.084150,0.999112,-0.140794,-1.724658,0.190499,0
0.084200,0.999114,-0.194897,-1.719388,0.181403,0
0.084250,0.999116,-0.248809,-1.712422,0.172149,0
0.084300,0.999118,-0.302475,-1.703766,0.162745,0
0.084350,0.999120,-0.355843,-1.693428,0.153201,0
0.084400,0.999122,-0.408860,-1.681419,0.143527,0
0.084450,0.999124,-0.461474,-1.667750,0.133731,0
0.084500,0.999126,-0.513632,-1.652436,0.123824,0
0.084550,0.999128,-0.565284,-1.635491,0.113816,0
0.084600,0.999130,-0.616378,-1.616931,0.103715,0
0.084650,0.999132,-0.666865,-1.596776,0.093533,0
0.084700,0.999134,-0.716693,-1.575045,0.083279,0
0.084750,0.999136,-0.765814,-1.551759,0.072964,0
0.084800,0.999139,-0.814180,-1.526942,0.062597,0
0.084850,0.999141,-0.861742,-1.500618,0.052188,0
0.084900,0.999143,-0.908455,-1.472813,0.041749,0
0.084950,0.999145,-0.954270,-1.443554,0.031289,0
0.085000,0.999147,-0.999145,-1.412871,0.020819,0
0.085050,0.999149,-1.043033,-1.380793,0.010349,0
0.085100,0.999151,-1.085892,-1.347352,-0.000111,0
0.085150,0.999153,-1.127680,-1.312582,-0.010550,0
0.085200,0.999155,-1.168355,-1.276516,-0.020959,0
0.085250,0.999157,-1.207878,-1.239190,-0.031326,0
0.085300,0.999159,-1.246208,-1.200641,-0.041641,0
0.085350,0.999161,-1.283309,-1.160906,-0.051895,0
0.085400,0.999163,-1.319143,-1.120026,-0.062077,0
0.085450,0.999165,-1.353676,-1.078041,-0.072178,0
0.085500,0.999167,-1.386873,-1.034991,-0.082186,0
0.085550,0.999169,-1.418701,-0.990920,-0.092093,0
0.085600,0.999171,-1.449130,-0.945871,-0.101889,0
0.085650,0.999173,-1.478128,-0.899888,-0.111563,0
0.085700,0.999175,-1.505668,-0.853017,-0.121107,0
0.085750,0.999177,-1.531722,-0.805303,-0.130511,0
0.085800,0.999179,-1.556265,-0.756795,-0.139765,0
0.085850,0.999180,-1.579272,-0.707540,-0.148861,0
0.085900,0.999182,-1.600720,-0.657586,-0.157789,0
0.085950,0.999184,-1.620589,-0.606983,-0.166542,0
0.086000,0.999186,-1.638859,-0.555781,-0.175109,0
0.086050,0.999188,-1.655511,-0.504030,-0.183483,0
0.086100,0.999190,-1.670529,-0.451782,-0.191655,0
0.086150,0.999192,-1.683899,-0.399087,-0.199618,0
0.086200,0.999194,-1.695607,-0.345999,-0.207363,0
0.086250,0.999196,-1.705642,-0.292569,-0.214883,0
0.086300,0.999198,-1.713994,-0.238849,-0.222170,0
0.086350,0.999200,-1.720654,-0.184894,-0.229217,0
0.086400,0.999202,-1.725616,-0.130756,-0.236018,0
0.086450,0.999204,-1.728875,-0.076489,-0.242565,0
0.086500,0.999205,-1.730428,-0.022146,-0.248852,0
0.086550,0.999207,-1.730274,0.032218,-0.254874,0
0.086600,0.999209,-1.728412,0.086552,-0.260623,0
0.086650,0.999211,-1.724843,0.140800,-0.266094,0
0.086700,0.999213,-1.719573,0.194909,-0.271282,0
0.086750,0.999215,-1.712606,0.248827,-0.276182,0
0.086800,0.999217,-1.703948,0.302498,-0.280789,0
0.086850,0.999219,-1.693609,0.355872,-0.285098,0
0.086900,0.999220,-1.681599,0.408895,-0.289105,0
0.086950,0.999222,-1.667929,0.461514,-0.292807,0
0.087000,0.999224,-1.652613,0.513678,-0.296199,0
0.087050,0.999226,-1.635665,0.565335,-0.299278,0
0.087100,0.999228,-1.617104,0.616435,-0.302041,0
0.087150,0.999230,-1.596947,0.666926,-0.304485,0
0.087200,0.999231,-1.575213,0.716760,-0.306609,0
0.087250,0.999233,-1.551925,0.765886,-0.308409,0
0.087300,0.999235,-1.527105,0.814257,-0.309885,0
0.087350,0.999237,-1.500778,0.861824,-0.311034,0
0.087400,0.999239,-1.472970,0.908541,-0.311855,0
0.087450,0.999241,-1.443708,0.954362,-0.312348,0
0.087500,0.999242,-1.413021,0.999241,-0.312513,0
0.087550,0.999244,-1.380940,1.043133,-0.312348,0
0.087600,0.999246,-1.347496,1.085997,-0.311855,0
0.087650,0.999248,-1.312721,1.127789,-0.311033,0
0.087700,0.999249,-1.276652,1.168468,-0.309884,0
0.087750,0.999251,-1.239322,1.207995,-0.308409,0
0.087800,0.999253,-1.200769,1.246329,-0.306608,0
0.087850,0.999255,-1.161030,1.283433,-0.304485,0
0.087900,0.999257,-1.120146,1.319271,-0.302040,0
0.087950,0.999258,-1.078156,1.353807,-0.299277,0
0.088000,0.999260,-1.035102,1.387007,-0.296198,0
0.088050,0.999262,-0.991026,1.418839,-0.292806,0
0.088100,0.999264,-0.945972,1.449270,-0.289105,0
0.088150,0.999265,-0.899985,1.478272,-0.285097,0
0.088200,0.999267,-0.853109,1.505814,-0.280788,0
0.088250,0.999269,-0.805391,1.531871,-0.276181,0
0.088300,0.999271,-0.756878,1.556416,-0.271281,0
0.088350,0.999272,-0.707617,1.579425,-0.266093,0
0.088400,0.999274,-0.657659,1.600875,-0.260622,0
0.088450,0.999276,-0.607051,1.620746,-0.254872,0
0.088500,0.999277,-0.555844,1.639017,-0.248851,0
0.088550,0.999279,-0.504088,1.655670,-0.242564,0
0.088600,0.999281,-0.451834,1.670690,-0.236017,0
0.088650,0.999283,-0.399134,1.684061,-0.229216,0
0.088700,0.999284,-0.346040,1.695771,-0.222168,0
0.088750,0.999286,-0.292605,1.705806,-0.214881,0
0.088800,0.999288,-0.238880,1.714159,-0.207361,0
0.088850,0.999289,-0.184920,1.720819,-0.199616,0
0.088900,0.999291,-0.130777,1.725782,-0.191653,0
0.088950,0.999293,-0.076505,1.729041,-0.183481,0
0.089000,0.999294,-0.022157,1.730594,-0.175107,0
0.089050,0.999296,0.032214,1.730439,-0.166540,0
0.089100,0.999298,0.086552,1.728577,-0.157787,0
0.089150,0.999299,0.140805,1.725008,-0.148859,0
0.089200,0.999301,0.194920,1.719737,-0.139763,0
0.089250,0.999303,0.248842,1.712769,-0.130509,0
0.089300,0.999304,0.302519,1.704111,-0.121105,0
0.089350,0.999306,0.355898,1.693771,-0.111561,0
0.089400,0.999308,0.408926,1.681759,-0.101887,0
0.089450,0.999309,0.461550,1.668087,-0.092091,0
0.089500,0.999311,0.513719,1.652770,-0.082184,0
0.089550,0.999313,0.565381,1.635821,-0.072175,0
0.089600,0.999314,0.616485,1.617257,-0.062075,0
0.089650,0.999316,0.666981,1.597098,-0.051893,0
0.089700,0.999318,0.716819,1.575362,-0.041639,0
0.089750,0.999319,0.765950,1.552072,-0.031323,0
0.089800,0.999321,0.814325,1.527250,-0.020956,0
0.089850,0.999322,0.861897,1.500920,-0.010548,0
0.089900,0.999324,0.908618,1.473109,-0.000108,0
0.089950,0.999326,0.954443,1.443845,0.010352,0
0.090000,0.999327,0.999326,1.413155,0.020822,0
0.090050,0.999329,1.043222,1.381071,0.031292,0
0.090100,0.999330,1.086090,1.347623,0.041752,0
0.090150,0.999332,1.127886,1.312846,0.052191,0
0.090200,0.999334,1.168568,1.276772,0.062600,0
0.090250,0.999335,1.208098,1.239439,0.072967,0
0.090300,0.999337,1.246436,1.200882,0.083283,0
0.090350,0.999338,1.283543,1.161140,0.093537,0
0.090400,0.999340,1.319385,1.120252,0.103719,0
0.090450,0.999341,1.353924,1.078258,0.113819,0
0.090500,0.999343,1.387127,1.035200,0.123828,0
0.090550,0.999345,1.418961,0.991121,0.133735,0
0.090600,0.999346,1.449395,0.946063,0.143530,0
0.090650,0.999348,1.478399,0.900071,0.153205,0
0.090700,0.999349,1.505944,0.853191,0.162749,0
0.090750,0.999351,1.532002,0.805468,0.172153,0
0.090800,0.999352,1.556549,0.756951,0.181407,0
0.090850,0.999354,1.579560,0.707686,0.190503,0
0.090900,0.999355,1.601012,0.657723,0.199431,0
0.090950,0.999357,1.620885,0.607111,0.208184,0
0.091000,0.999358,1.639157,0.555899,0.216751,0
0.091050,0.999360,1.655812,0.504138,0.225125,0
0.091100,0.999361,1.670833,0.451880,0.233297,0
0.091150,0.999363,1.684206,0.399176,0.241260,0
0.091200,0.999365,1.695916,0.346077,0.249005,0
0.091250,0.999366,1.705952,0.292637,0.256525,0
0.091300,0.999368,1.714305,0.238908,0.263812,0
0.091350,0.999369,1.720966,0.184943,0.270860,0
0.091400,0.999371,1.725929,0.130795,0.277660,0
0.091450,0.999372,1.729188,0.076518,0.284208,0
0.091500,0.999374,1.730741,0.022166,0.290495,0
0.091550,0.999375,1.730586,-0.032209,0.296516,0
0.091600,0.999376,1.728724,-0.086552,0.302265,0
0.091650,0.999378,1.725155,-0.140810,0.307737,0
0.091700,0.999379,1.719883,-0.194929,0.312925,0
0.091750,0.999381,1.712914,-0.248856,0.317825,0
0.091800,0.999382,1.704255,-0.302538,0.322432,0
0.091850,0.999384,1.693914,-0.355921,0.326741,0
0.091900,0.999385,1.681901,-0.408953,0.330748,0
0.091950,0.999387,1.668228,-0.461581,0.334450,0
0.092000,0.999388,1.652909,-0.513755,0.337842,0
0.092050,0.999390,1.635959,-0.565421,0.340921,0
0.092100,0.999391,1.617394,-0.616530,0.343684,0
0.092150,0.999393,1.597232,-0.667030,0.346129,0
0.092200,0.999394,1.575495,-0.716872,0.348252,0
0.092250,0.999395,1.552202,-0.766007,0.350053,0
0.092300,0.999397,1.527378,-0.814386,0.351528,0
0.092350,0.999398,1.501046,-0.861961,0.352677,0
0.092400,0.999400,1.473233,-0.908686,0.353499,0
0.092450,0.999401,1.443966,-0.954515,0.353992,0
0.092500,0.999403,1.413274,-0.999401,0.354157,0
0.092550,0.999404,1.381186,-1.043302,0.353992,0
0.092600,0.999405,1.347736,-1.086172,0.353499,0
0.092650,0.999407,1.312956,-1.127971,0.352677,0
0.092700,0.999408,1.276879,-1.168657,0.351528,0
0.092750,0.999410,1.239543,-1.208190,0.350053,0
0.092800,0.999411,1.200983,-1.246531,0.348252,0
0.092850,0.999412,1.161238,-1.283641,0.346129,0
0.092900,0.999414,1.120346,-1.319485,0.343684,0
0.092950,0.999415,1.078349,-1.354027,0.340921,0
0.093000,0.999417,1.035288,-1.387233,0.337842,0
0.093050,0.999418,0.991204,-1.419069,0.334450,0
0.093100,0.999419,0.946143,-1.449506,0.330749,0
0.093150,0.999421,0.900147,-1.478512,0.326742,0
0.093200,0.999422,0.853263,-1.506059,0.322433,0
0.093250,0.999424,0.805537,-1.532119,0.317826,0
0.093300,0.999425,0.757016,-1.556668,0.312926,0
0.093350,0.999426,0.707747,-1.579681,0.307738,0
0.093400,0.999428,0.657780,-1.601134,0.302266,0
0.093450,0.999429,0.607164,-1.621008,0.296517,0
0.093500,0.999430,0.555948,-1.639282,0.290496,0
0.093550,0.999432,0.504183,-1.655938,0.284209,0
0.093600,0.999433,0.451921,-1.670960,0.277661,0
0.093650,0.999434,0.399213,-1.684333,0.270861,0
0.093700,0.999436,0.346110,-1.696044,0.263813,0
0.093750,0.999437,0.292666,-1.706081,0.256526,0
0.093800,0.999438,0.238933,-1.714435,0.249006,0
0.093850,0.999440,0.184963,-1.721096,0.241261,0
0.093900,0.999441,0.130812,-1.726060,0.233299,0
0.093950,0.999442,0.076530,-1.729319,0.225126,0
0.094000,0.999444,0.022174,-1.730872,0.216752,0
0.094050,0.999445,-0.032205,-1.730717,0.208185,0
0.094100,0.999446,-0.086553,-1.728854,0.199433,0
0.094150,0.999448,-0.140815,-1.725285,0.190504,0
0.094200,0.999449,-0.194938,-1.720013,0.181409,0
0.094250,0.999450,-0.248869,-1.713043,0.172154,0
0.094300,0.999452,-0.302554,-1.704383,0.162750,0
0.094350,0.999453,-0.355941,-1.694041,0.153207,0
0.094400,0.999454,-0.408977,-1.682027,0.143532,0
0.094450,0.999455,-0.461610,-1.668353,0.133737,0
0.094500,0.999457,-0.513787,-1.653033,0.123830,0
0.094550,0.999458,-0.565457,-1.636081,0.113821,0
0.094600,0.999459,-0.616569,-1.617515,0.103721,0
0.094650,0.999461,-0.667073,-1.597352,0.093539,0
0.094700,0.999462,-0.716919,-1.575613,0.083285,0
0.094750,0.999463,-0.766057,-1.552318,0.072969,0
0.094800,0.999464,-0.814440,-1.527492,0.062602,0
0.094850,0.999466,-0.862019,-1.501158,0.052194,0
0.094900,0.999467,-0.908747,-1.473343,0.041754,0
0.094950,0.999468,-0.954579,-1.444074,0.031295,0
0.095000,0.999470,-0.999468,-1.413379,0.020824,0
0.095050,0.999471,-1.043372,-1.381289,0.010354,0
0.095100,0.999472,-1.086246,-1.347837,-0.000106,0
0.095150,0.999473,-1.128048,-1.313054,-0.010545,0
0.095200,0.999475,-1.168736,-1.276975,-0.020953,0
0.095250,0.999476,-1.208272,-1.239635,-0.031320,0
0.095300,0.999477,-1.246615,-1.201073,-0.041636,0
0.095350,0.999478,-1.283728,-1.161324,-0.051890,0
0.095400,0.999480,-1.319575,-1.120430,-0.062072,0
0.095450,0.999481,-1.354119,-1.078430,-0.072172,0
0.095500,0.999482,-1.387327,-1.035365,-0.082181,0
0.095550,0.999483,-1.419166,-0.991279,-0.092088,0
0.095600,0.999484,-1.449604,-0.946214,-0.101884,0
0.095650,0.999486,-1.478612,-0.900215,-0.111558,0
0.095700,0.999487,-1.506161,-0.853328,-0.121102,0
0.095750,0.999488,-1.532223,-0.805598,-0.130505,0
0.095800,0.999489,-1.556774,-0.757074,-0.139760,0
0.095850,0.999491,-1.579788,-0.707802,-0.148856,0
0.095900,0.999492,-1.601243,-0.657831,-0.157784,0
0.095950,0.999493,-1.621118,-0.607211,-0.166536,0
0.096000,0.999494,-1.639393,-0.555992,-0.175104,0
0.096050,0.999495,-1.656050,-0.504224,-0.183478,0
0.096100,0.999497,-1.671073,-0.451958,-0.191650,0
0.096150,0.999498,-1.684447,-0.399246,-0.199612,0
0.096200,0.999499,-1.696159,-0.346139,-0.207358,0
0.096250,0.999500,-1.706196,-0.292691,-0.214877,0
0.096300,0.999501,-1.714550,-0.238954,-0.222165,0
0.096350,0.999502,-1.721212,-0.184982,-0.229212,0
0.096400,0.999504,-1.726175,-0.130826,-0.236013,0
0.096450,0.999505,-1.729435,-0.076541,-0.242560,0
0.096500,0.999506,-1.730988,-0.022181,-0.248847,0
0.096550,0.999507,-1.730833,0.032202,-0.254869,0
0.096600,0.999508,-1.728970,0.086553,-0.260618,0
0.096650,0.999510,-1.725400,0.140818,-0.266089,0
0.096700,0.999511,-1.720128,0.194945,-0.271277,0
0.096750,0.999512,-1.713158,0.248880,-0.276177,0
0.096800,0.999513,-1.704497,0.302569,-0.280784,0
0.096850,0.999514,-1.694154,0.355959,-0.285093,0
0.096900,0.999515,-1.682139,0.408999,-0.289100,0
0.096950,0.999516,-1.668464,0.461635,-0.292802,0
0.097000,0.999518,-1.653143,0.513815,-0.296194,0
0.097050,0.999519,-1.636190,0.565489,-0.299273,0
0.097100,0.999520,-1.617622,0.616604,-0.302036,0
0.097150,0.999521,-1.597458,0.667111,-0.304480,0
0.097200,0.999522,-1.575717,0.716960,-0.306604,0
0.097250,0.999523,-1.552421,0.766102,-0.308404,0
0.097300,0.999524,-1.527593,0.814488,-0.309880,0
0.097350,0.999526,-1.501258,0.862070,-0.311029,0
0.097400,0.999527,-1.473440,0.908801,-0.311850,0
0.097450,0.999528,-1.444169,0.954635,-0.312344,0
0.097500,0.999529,-1.413472,0.999528,-0.312508,0
0.097550,0.999530,-1.381381,1.043434,-0.312343,0
0.097600,0.999531,-1.347926,1.086311,-0.311850,0
0.097650,0.999532,-1.313140,1.128115,-0.311029,0
0.097700,0.999533,-1.277059,1.168807,-0.309879,0
0.097750,0.999535,-1.239717,1.208345,-0.308404,0
0.097800,0.999536,-1.201152,1.246690,-0.306604,0
0.097850,0.999537,-1.161401,1.283806,-0.304480,0
0.097900,0.999538,-1.120504,1.319654,-0.302036,0
0.097950,0.999539,-1.078502,1.354200,-0.299272,0
0.098000,0.999540,-1.035434,1.387410,-0.296193,0
0.098050,0.999541,-0.991345,1.419251,-0.292801,0
0.098100,0.999542,-0.946277,1.449691,-0.289100,0
0.098150,0.999543,-0.900275,1.478701,-0.285093,0
0.098200,0.999544,-0.853385,1.506251,-0.280783,0
0.098250,0.999545,-0.805653,1.532315,-0.276177,0
0.098300,0.999547,-0.757125,1.556867,-0.271277,0
0.098350,0.999548,-0.707850,1.579883,-0.266088,0
0.098400,0.999549,-0.657876,1.601339,-0.260617,0
0.098450,0.999550,-0.607253,1.621215,-0.254868,0
0.098500,0.999551,-0.556030,1.639491,-0.248847,0
0.098550,0.999552,-0.504259,1.656149,-0.242559,0
0.098600,0.999553,-0.451990,1.671173,-0.236012,0
0.098650,0.999554,-0.399275,1.684548,-0.229211,0
0.098700,0.999555,-0.346165,1.696260,-0.222164,0
0.098750,0.999556,-0.292714,1.706298,-0.214876,0
0.098800,0.999557,-0.238974,1.714653,-0.207357,0
0.098850,0.999558,-0.184998,1.721315,-0.199611,0
0.098900,0.999559,-0.130839,1.726278,-0.191649,0
0.098950,0.999560,-0.076551,1.729538,-0.183476,0
0.099000,0.999561,-0.022187,1.731091,-0.175103,0
0.099050,0.999562,0.032199,1.730936,-0.166535,0
0.099100,0.999563,0.086553,1.729072,-0.157783,0
0.099150,0.999564,0.140822,1.725502,-0.148855,0
0.099200,0.999566,0.194952,1.720230,-0.139759,0
0.099250,0.999567,0.248889,1.713259,-0.130504,0
0.099300,0.999568,0.302582,1.704598,-0.121100,0
0.099350,0.999569,0.355975,1.694254,-0.111557,0
0.099400,0.999570,0.409018,1.682239,-0.101882,0
0.099450,0.999571,0.461657,1.668563,-0.092087,0
0.099500,0.999572,0.513840,1.653240,-0.082180,0
0.099550,0.999573,0.565517,1.636286,-0.072171,0
0.099600,0.999574,0.616635,1.617717,-0.062071,0
0.099650,0.999575,0.667146,1.597552,-0.051888,0
0.099700,0.999576,0.716997,1.575810,-0.041634,0
0.099750,0.999577,0.766142,1.552513,-0.031319,0
0.099800,0.999578,0.814530,1.527683,-0.020952,0
0.099850,0.999579,0.862115,1.501346,-0.010543,0
0.099900,0.999580,0.908849,1.473527,-0.000104,0
0.099950,0.999581,0.954686,1.444254,0.010356,0
0.100000,0.999582,0.999581,1.413555,0.020826,0
0.100050,0.999583,1.043489,1.381462,0.031297,0
0.100100,0.999584,1.086368,1.348005,0.041756,0
0.100150,0.999585,1.128175,1.313218,0.052196,0
0.100200,0.999586,1.168869,1.277134,0.062604,0
0.100250,0.999587,1.208409,1.239790,0.072971,0
0.100300,0.999588,1.246757,1.201223,0.083287,0
0.100350,0.999589,1.283874,1.161470,0.093541,0
0.100400,0.999590,1.319725,1.120570,0.103723,0
0.100450,0.999591,1.354273,1.078565,0.113823,0
0.100500,0.999592,1.387485,1.035495,0.123832,0
0.100550,0.999593,1.419327,0.991404,0.133739,0
0.100600,0.999593,1.449769,0.946333,0.143535,0
0.100650,0.999594,1.478780,0.900329,0.153209,0
0.100700,0.999595,1.506332,0.853436,0.162753,0
0.100750,0.999596,1.532397,0.805701,0.172157,0
0.100800,0.999597,1.556950,0.757170,0.181411,0
0.100850,0.999598,1.579967,0.707893,0.190507,0
0.100900,0.999599,1.601424,0.657916,0.199435,0
0.100950,0.999600,1.621301,0.607290,0.208188,0
0.101000,0.999601,1.639579,0.556065,0.216755,0
0.101050,0.999602,1.656238,0.504291,0.225129,0
0.101100,0.999603,1.671262,0.452019,0.233301,0
0.101150,0.999604,1.684637,0.399301,0.241264,0
0.101200,0.999605,1.696350,0.346188,0.249009,0
0.101250,0.999606,1.706389,0.292734,0.256529,0
0.101300,0.999607,1.714744,0.238991,0.263816,0
0.101350,0.999608,1.721406,0.185012,0.270864,0
0.101400,0.999609,1.726370,0.130850,0.277664,0
0.101450,0.999610,1.729630,0.076559,0.284212,0
0.101500,0.999611,1.731183,0.022193,0.290499,0
0.101550,0.999611,1.731027,-0.032196,0.296520,0
0.101600,0.999612,1.729164,-0.086553,0.302269,0
0.101650,0.999613,1.725593,-0.140825,0.307741,0
0.101700,0.999614,1.720320,-0.194958,0.312929,0
0.101750,0.999615,1.713349,-0.248898,0.317829,0
0.101800,0.999616,1.704687,-0.302593,0.322436,0
0.101850,0.999617,1.694343,-0.355990,0.326745,0
0.101900,0.999618,1.682327,-0.409035,0.330752,0
0.101950,0.999619,1.668650,-0.461677,0.334454,0
0.102000,0.999620,1.653327,-0.513863,0.337846,0
0.102050,0.999621,1.636372,-0.565542,0.340925,0
0.102100,0.999621,1.617802,-0.616663,0.343688,0
0.102150,0.999622,1.597636,-0.667176,0.346133,0
0.102200,0.999623,1.575892,-0.717030,0.348256,0
0.102250,0.999624,1.552594,-0.766177,0.350056,0
0.102300,0.999625,1.527763,-0.814568,0.351532,0
0.102350,0.999626,1.501424,-0.862155,0.352681,0
0.102400,0.999627,1.473604,-0.908891,0.353503,0
0.102450,0.999628,1.444329,-0.954730,0.353996,0
0.102500,0.999629,1.413629,-0.999628,0.354160,0
0.102550,0.999629,1.381534,-1.043539,0.353996,0
0.102600,0.999630,1.348075,-1.086420,0.353503,0
0.102650,0.999631,1.313286,-1.128229,0.352681,0
0.102700,0.999632,1.277201,-1.168924,0.351532,0
0.102750,0.999633,1.239855,-1.208466,0.350057,0
0.102800,0.999634,1.201286,-1.246816,0.348256,0
0.102850,0.999635,1.161530,-1.283935,0.346133,0
0.102900,0.999636,1.120629,-1.319787,0.343688,0
0.102950,0.999636,1.078622,-1.354337,0.340925,0
0.103000,0.999637,1.035550,-1.387550,0.337846,0
0.103050,0.999638,0.991456,-1.419394,0.334454,0
0.103100,0.999639,0.946383,-1.449838,0.330753,0
0.103150,0.999640,0.900377,-1.478850,0.326745,0
0.103200,0.999641,0.853481,-1.506403,0.322436,0
0.103250,0.999642,0.805744,-1.532470,0.317829,0
0.103300,0.999642,0.757211,-1.557024,0.312930,0
0.103350,0.999643,0.707931,-1.580042,0.307741,0
0.103400,0.999644,0.657952,-1.601500,0.302270,0
0.103450,0.999645,0.607323,-1.621378,0.296521,0
0.103500,0.999646,0.556095,-1.639656,0.290500,0
0.103550,0.999647,0.504319,-1.656316,0.284212,0
0.103600,0.999648,0.452044,-1.671341,0.277665,0
0.103650,0.999648,0.399323,-1.684717,0.270864,0
0.103700,0.999649,0.346209,-1.696430,0.263817,0
0.103750,0.999650,0.292752,-1.706469,0.256530,0
0.103800,0.999651,0.239006,-1.714824,0.249010,0
0.103850,0.999652,0.185025,-1.721487,0.241265,0
0.103900,0.999653,0.130860,-1.726451,0.233302,0
0.103950,0.999653,0.076567,-1.729711,0.225130,0
0.104000,0.999654,0.022198,-1.731264,0.216756,0
0.104050,0.999655,-0.032194,-1.731109,0.208189,0
0.104100,0.999656,-0.086553,-1.729245,0.199436,0
0.104150,0.999657,-0.140828,-1.725674,0.190508,0
0.104200,0.999657,-0.194963,-1.720401,0.181412,0
0.104250,0.999658,-0.248906,-1.713429,0.172158,0
0.104300,0.999659,-0.302603,-1.704767,0.162754,0
0.104350,0.999660,-0.356002,-1.694422,0.153210,0
0.104400,0.999661,-0.409050,-1.682405,0.143536,0
0.104450,0.999661,-0.461694,-1.668728,0.133740,0
0.104500,0.999662,-0.513883,-1.653404,0.123833,0
0.104550,0.999663,-0.565564,-1.636448,0.113825,0
0.104600,0.999664,-0.616688,-1.617877,0.103724,0
0.104650,0.999665,-0.667203,-1.597710,0.093542,0
0.104700,0.999665,-0.717059,-1.575965,0.083288,0
0.104750,0.999666,-0.766208,-1.552666,0.072973,0
0.104800,0.999667,-0.814601,-1.527834,0.062605,0
0.104850,0.999668,-0.862190,-1.501494,0.052197,0
0.104900,0.999669,-0.908929,-1.473672,0.041758,0
0.104950,0.999669,-0.954770,-1.444396,0.031298,0
0.105000,0.999670,-0.999669,-1.413695,0.020828,0
0.105050,0.999671,-1.043582,-1.381598,0.010358,0
0.105100,0.999672,-1.086465,-1.348138,-0.000102,0
0.105150,0.999673,-1.128276,-1.313347,-0.010542,0
0.105200,0.999673,-1.168973,-1.277260,-0.020950,0
0.105250,0.999674,-1.208517,-1.239912,-0.031317,0
0.105300,0.999675,-1.246868,-1.201341,-0.041633,0
0.105350,0.999676,-1.283989,-1.161584,-0.051887,0
0.105400,0.999676,-1.319843,-1.120681,-0.062069,0
0.105450,0.999677,-1.354394,-1.078672,-0.072169,0
0.105500,0.999678,-1.387609,-1.035598,-0.082178,0
0.105550,0.999679,-1.419454,-0.991502,-0.092085,0
0.105600,0.999679,-1.449899,-0.946427,-0.101880,0
0.105650,0.999680,-1.478913,-0.900419,-0.111555,0
0.105700,0.999681,-1.506467,-0.853521,-0.121098,0
0.105750,0.999682,-1.532535,-0.805782,-0.130502,0
0.105800,0.999683,-1.557090,-0.757247,-0.139757,0
0.105850,0.999683,-1.580108,-0.707964,-0.148852,0
0.105900,0.999684,-1.601568,-0.657983,-0.157781,0
0.105950,0.999685,-1.621446,-0.607353,-0.166533,0
0.106000,0.999686,-1.639725,-0.556123,-0.175100,0
0.106050,0.999686,-1.656385,-0.504344,-0.183474,0
0.106100,0.999687,-1.671411,-0.452067,-0.191647,0
0.106150,0.999688,-1.684788,-0.399344,-0.199609,0
0.106200,0.999689,-1.696501,-0.346227,-0.207354,0
0.106250,0.999689,-1.706541,-0.292768,-0.214874,0
0.106300,0.999690,-1.714896,-0.239020,-0.222161,0
0.106350,0.999691,-1.721559,-0.185036,-0.229209,0
0.106400,0.999691,-1.726523,-0.130869,-0.236010,0
0.106450,0.999692,-1.729783,-0.076573,-0.242557,0
0.106500,0.999693,-1.731336,-0.022202,-0.248844,0
0.106550,0.999694,-1.731181,0.032192,-0.254865,0
0.106600,0.999694,-1.729317,0.086553,-0.260614,0
0.106650,0.999695,-1.725746,0.140830,-0.266086,0
0.106700,0.999696,-1.720472,0.194967,-0.271274,0
0.106750,0.999697,-1.713500,0.248913,-0.276174,0
0.106800,0.999697,-1.704838,0.302612,-0.280781,0
0.106850,0.999698,-1.694493,0.356014,-0.285090,0
0.106900,0.999699,-1.682475,0.409063,-0.289097,0
0.106950,0.999699,-1.668797,0.461710,-0.292799,0
0.107000,0.999700,-1.653472,0.513900,-0.296191,0
0.107050,0.999701,-1.636516,0.565584,-0.299270,0
0.107100,0.999702,-1.617944,0.616710,-0.302033,0
0.107150,0.999702,-1.597776,0.667227,-0.304477,0
0.107200,0.999703,-1.576030,0.717085,-0.306601,0
0.107250,0.999704,-1.552730,0.766236,-0.308401,0
0.107300,0.999704,-1.527897,0.814631,-0.309877,0
0.107350,0.999705,-1.501556,0.862222,-0.311026,0
0.107400,0.999706,-1.473733,0.908962,-0.311847,0
0.107450,0.999706,-1.444456,0.954805,-0.312340,0
0.107500,0.999707,-1.413753,0.999706,-0.312505,0
0.107550,0.999708,-1.381655,1.043621,-0.312340,0
0.107600,0.999709,-1.348193,1.086506,-0.311847,0
0.107650,0.999709,-1.313401,1.128318,-0.311026,0
0.107700,0.999710,-1.277312,1.169017,-0.309876,0
0.107750,0.999711,-1.239963,1.208562,-0.308401,0
0.107800,0.999711,-1.201391,1.246915,-0.306601,0
0.107850,0.999712,-1.161632,1.284037,-0.304477,0
0.107900,0.999713,-1.120727,1.319892,-0.302033,0
0.107950,0.999713,-1.078716,1.354445,-0.299269,0
0.108000,0.999714,-1.035641,1.387661,-0.296190,0
0.108050,0.999715,-0.991543,1.419507,-0.292798,0
0.108100,0.999715,-0.946467,1.449953,-0.289097,0
0.108150,0.999716,-0.900456,1.478968,-0.285090,0
0.108200,0.999717,-0.853557,1.506523,-0.280780,0
0.108250,0.999717,-0.805815,1.532592,-0.276174,0
0.108300,0.999718,-0.757279,1.557148,-0.271274,0
0.108350,0.999719,-0.707994,1.580167,-0.266085,0
0.108400,0.999719,-0.658011,1.601627,-0.260614,0
0.108450,0.999720,-0.607379,1.621507,-0.254865,0
0.108500,0.999721,-0.556147,1.639786,-0.248844,0
0.108550,0.999721,-0.504366,1.656447,-0.242556,0
0.108600,0.999722,-0.452087,1.671474,-0.236009,0
0.108650,0.999723,-0.399362,1.684850,-0.229208,0
0.108700,0.999723,-0.346243,1.696564,-0.222161,0
0.108750,0.999724,-0.292782,1.706604,-0.214874,0
0.108800,0.999725,-0.239032,1.714960,-0.207354,0
0.108850,0.999725,-0.185046,1.721623,-0.199609,0
0.108900,0.999726,-0.130877,1.726587,-0.191646,0
0.108950,0.999727,-0.076579,1.729847,-0.183474,0
0.109000,0.999727,-0.022206,1.731400,-0.175100,0
0.109050,0.999728,0.032190,1.731245,-0.166532,0
0.109100,0.999729,0.086554,1.729381,-0.157780,0
0.109150,0.999729,0.140832,1.725810,-0.148852,0
0.109200,0.999730,0.194972,1.720536,-0.139756,0
0.109250,0.999731,0.248919,1.713564,-0.130501,0
0.109300,0.999731,0.302620,1.704901,-0.121098,0
0.109350,0.999732,0.356024,1.694555,-0.111554,0
0.109400,0.999732,0.409075,1.682537,-0.101879,0
0.109450,0.999733,0.461724,1.668859,-0.092084,0
0.109500,0.999734,0.513916,1.653533,-0.082177,0
0.109550,0.999734,0.565602,1.636576,-0.072168,0
0.109600,0.999735,0.616729,1.618003,-0.062068,0
0.109650,0.999736,0.667248,1.597834,-0.051886,0
0.109700,0.999736,0.717108,1.576088,-0.041632,0
0.109750,0.999737,0.766261,1.552787,-0.031316,0
0.109800,0.999737,0.814657,1.527953,-0.020949,0
0.109850,0.999738,0.862250,1.501611,-0.010541,0
0.109900,0.999739,0.908992,1.473787,-0.000101,0
0.109950,0.999739,0.954837,1.444508,0.010359,0
0.110000,0.999740,0.999739,1.413804,0.020829,0
0.110050,0.999741,1.043655,1.381705,0.031299,0
0.110100,0.999741,1.086541,1.348242,0.041759,0
0.110150,0.999742,1.128355,1.313449,0.052198,0
0.110200,0.999742,1.169056,1.277359,0.062607,0
0.110250,0.999743,1.208602,1.240009,0.072974,0
0.110300,0.999744,1.246956,1.201435,0.083289,0
0.110350,0.999744,1.284080,1.161675,0.093543,0
0.110400,0.999745,1.319936,1.120768,0.103726,0
0.110450,0.999745,1.354490,1.078756,0.113826,0
0.110500,0.999746,1.387707,1.035679,0.123835,0
0.110550,0.999747,1.419555,0.991579,0.133742,0
0.110600,0.999747,1.450001,0.946502,0.143537,0
0.110650,0.999748,1.479017,0.900489,0.153212,0
0.110700,0.999748,1.506573,0.853589,0.162756,0
0.110750,0.999749,1.532643,0.805845,0.172159,0
0.110800,0.999750,1.557200,0.757307,0.181414,0
0.110850,0.999750,1.580220,0.708021,0.190510,0
0.110900,0.999751,1.601681,0.658036,0.199438,0
0.110950,0.999751,1.621561,0.607402,0.208190,0
0.111000,0.999752,1.639840,0.556168,0.216758,0
0.111050,0.999753,1.656502,0.504385,0.225131,0
0.111100,0.999753,1.671529,0.452105,0.233304,0
0.111150,0.999754,1.684906,0.399378,0.241266,0
0.111200,0.999754,1.696620,0.346257,0.249012,0
0.111250,0.999755,1.706661,0.292794,0.256531,0
0.111300,0.999756,1.715016,0.239043,0.263819,0
0.111350,0.999756,1.721680,0.185055,0.270866,0
0.111400,0.999757,1.726644,0.130884,0.277667,0
0.111450,0.999757,1.729904,0.076585,0.284214,0
0.111500,0.999758,1.731457,0.022209,0.290502,0
0.111550,0.999758,1.731302,-0.032188,0.296523,0
0.111600,0.999759,1.729437,-0.086554,0.302272,0
0.111650,0.999760,1.725866,-0.140834,0.307743,0
0.111700,0.999760,1.720592,-0.194975,0.312932,0
0.111750,0.999761,1.713620,-0.248924,0.317831,0
0.111800,0.999761,1.704956,-0.302628,0.322438,0
0.111850,0.999762,1.694610,-0.356032,0.326748,0
0.111900,0.999762,1.682592,-0.409086,0.330755,0
0.111950,0.999763,1.668913,-0.461736,0.334456,0
0.112000,0.999764,1.653587,-0.513930,0.337848,0
0.112050,0.999764,1.636629,-0.565617,0.340927,0
0.112100,0.999765,1.618056,-0.616746,0.343690,0
0.112150,0.999765,1.597886,-0.667267,0.346135,0
0.112200,0.999766,1.576139,-0.717128,0.348258,0
0.112250,0.999766,1.552837,-0.766283,0.350059,0
0.112300,0.999767,1.528002,-0.814681,0.351534,0
0.112350,0.999767,1.501659,-0.862275,0.352683,0
0.112400,0.999768,1.473835,-0.909018,0.353505,0
0.112450,0.999769,1.444555,-0.954865,0.353998,0
0.112500,0.999769,1.413850,-0.999769,0.354163,0
0.112550,0.999770,1.381750,-1.043686,0.353998,0
0.112600,0.999770,1.348286,-1.086573,0.353505,0
0.112650,0.999771,1.313491,-1.128388,0.352683,0
0.112700,0.999771,1.277401,-1.169090,0.351534,0
0.112750,0.999772,1.240049,-1.208638,0.350059,0
0.112800,0.999772,1.201474,-1.246993,0.348259,0
0.112850,0.999773,1.161712,-1.284118,0.346135,0
0.112900,0.999773,1.120805,-1.319975,0.343691,0
0.112950,0.999774,1.078791,-1.354530,0.340927,0
0.113000,0.999775,1.035712,-1.387748,0.337848,0
0.113050,0.999775,0.991612,-1.419597,0.334456,0
0.113100,0.999776,0.946532,-1.450044,0.330755,0
0.113150,0.999776,0.900519,-1.479061,0.326748,0
0.113200,0.999777,0.853617,-1.506618,0.322439,0
0.113250,0.999777,0.805872,-1.532688,0.317832,0
0.113300,0.999778,0.757332,-1.557246,0.312932,0
0.113350,0.999778,0.708044,-1.580266,0.307744,0
0.113400,0.999779,0.658058,-1.601728,0.302272,0
0.113450,0.999779,0.607422,-1.621608,0.296523,0
0.113500,0.999780,0.556187,-1.639889,0.290502,0
0.113550,0.999780,0.504403,-1.656551,0.284215,0
0.113600,0.999781,0.452121,-1.671578,0.277667,0
0.113650,0.999781,0.399392,-1.684955,0.270867,0
0.113700,0.999782,0.346270,-1.696670,0.263819,0
0.113750,0.999782,0.292805,-1.706711,0.256532,0
0.113800,0.999783,0.239052,-1.715067,0.249012,0
0.113850,0.999783,0.185063,-1.721730,0.241267,0
0.113900,0.999784,0.130891,-1.726694,0.233304,0
0.113950,0.999784,0.076589,-1.729955,0.225132,0
0.114000,0.999785,0.022212,-1.731508,0.216758,0
0.114050,0.999786,-0.032187,-1.731352,0.208191,0
0.114100,0.999786,-0.086554,-1.729488,0.199439,0
0.114150,0.999787,-0.140836,-1.725916,0.190510,0
0.114200,0.999787,-0.194978,-1.720642,0.181414,0
0.114250,0.999788,-0.248929,-1.713669,0.172160,0
0.114300,0.999788,-0.302634,-1.705006,0.162756,0
0.114350,0.999789,-0.356040,-1.694659,0.153212,0
0.114400,0.999789,-0.409095,-1.682641,0.143538,0
0.114450,0.999790,-0.461747,-1.668961,0.133742,0
0.114500,0.999790,-0.513942,-1.653635,0.123835,0
0.114550,0.999791,-0.565631,-1.636676,0.113827,0
0.114600,0.999791,-0.616761,-1.618103,0.103726,0
0.114650,0.999792,-0.667283,-1.597932,0.093544,0
0.114700,0.999792,-0.717147,-1.576185,0.083290,0
0.114750,0.999793,-0.766302,-1.552882,0.072975,0
0.114800,0.999793,-0.814702,-1.528046,0.062608,0
0.114850,0.999794,-0.862297,-1.501703,0.052199,0
0.114900,0.999794,-0.909042,-1.473877,0.041760,0
0.114950,0.999794,-0.954889,-1.444597,0.031300,0
0.115000,0.999795,-0.999794,-1.413891,0.020830,0
0.115050,0.999795,-1.043713,-1.381790,0.010360,0
0.115100,0.999796,-1.086602,-1.348325,-0.000100,0
0.115150,0.999796,-1.128418,-1.313529,-0.010540,0
0.115200,0.999797,-1.169121,-1.277437,-0.020948,0
0.115250,0.999797,-1.208670,-1.240085,-0.031315,0
0.115300,0.999798,-1.247026,-1.201508,-0.041631,0
0.115350,0.999798,-1.284151,-1.161746,-0.051884,0
0.115400,0.999799,-1.320010,-1.120837,-0.062067,0
0.115450,0.999799,-1.354565,-1.078822,-0.072167,0
0.115500,0.999800,-1.387784,-1.035742,-0.082176,0
0.115550,0.999800,-1.419634,-0.991641,-0.092083,0
0.115600,0.999801,-1.450082,-0.946560,-0.101878,0
0.115650,0.999801,-1.479099,-0.900545,-0.111553,0
0.115700,0.999802,-1.506657,-0.853642,-0.121096,0
0.115750,0.999802,-1.532728,-0.805896,-0.130500,0
0.115800,0.999803,-1.557286,-0.757354,-0.139755,0
0.115850,0.999803,-1.580308,-0.708065,-0.148850,0
0.115900,0.999804,-1.601770,-0.658078,-0.157779,0
0.115950,0.999804,-1.621651,-0.607441,-0.166531,0
0.116000,0.999804,-1.639932,-0.556204,-0.175098,0
0.116050,0.999805,-1.656594,-0.504418,-0.183472,0
0.116100,0.999805,-1.671621,-0.452135,-0.191645,0
0.116150,0.999806,-1.684999,-0.399405,-0.199607,0
0.116200,0.999806,-1.696714,-0.346281,-0.207352,0
0.116250,0.999807,-1.706755,-0.292815,-0.214872,0
0.116300,0.999807,-1.715111,-0.239060,-0.222159,0
0.116350,0.999808,-1.721775,-0.185070,-0.229207,0
0.116400,0.999808,-1.726739,-0.130896,-0.236008,0
0.116450,0.999809,-1.730000,-0.076593,-0.242555,0
0.116500,0.999809,-1.731553,-0.022215,-0.248842,0
0.116550,0.999810,-1.731397,0.032185,-0.254863,0
0.116600,0.999810,-1.729532,0.086554,-0.260613,0
0.116650,0.999810,-1.725961,0.140837,-0.266084,0
0.116700,0.999811,-1.720686,0.194981,-0.271272,0
0.116750,0.999811,-1.713714,0.248933,-0.276172,0
0.116800,0.999812,-1.705050,0.302640,-0.280779,0
0.116850,0.999812,-1.694703,0.356047,-0.285088,0
0.116900,0.999813,-1.682684,0.409104,-0.289095,0
0.116950,0.999813,-1.669004,0.461756,-0.292797,0
0.117000,0.999814,-1.653677,0.513953,-0.296189,0
0.117050,0.999814,-1.636718,0.565643,-0.299268,0
0.117100,0.999814,-1.618144,0.616775,-0.302031,0
0.117150,0.999815,-1.597973,0.667298,-0.304475,0
0.117200,0.999815,-1.576225,0.717163,-0.306599,0
0.117250,0.999816,-1.552922,0.766320,-0.308399,0
0.117300,0.999816,-1.528085,0.814720,-0.309875,0
0.117350,0.999817,-1.501741,0.862317,-0.311024,0
0.117400,0.999817,-1.473915,0.909063,-0.311845,0
0.117450,0.999818,-1.444634,0.954911,-0.312339,0
0.117500,0.999818,-1.413927,0.999818,-0.312503,0
0.117550,0.999818,-1.381825,1.043737,-0.312339,0
0.117600,0.999819,-1.348359,1.086627,-0.311845,0
0.117650,0.999819,-1.313563,1.128444,-0.311024,0
0.117700,0.999820,-1.277470,1.169148,-0.309875,0
0.117750,0.999820,-1.240116,1.208698,-0.308399,0
0.117800,0.999821,-1.201539,1.247055,-0.306599,0
0.117850,0.999821,-1.161776,1.284181,-0.304475,0
0.117900,0.999821,-1.120866,1.320040,-0.302031,0
0.117950,0.999822,-1.078850,1.354597,-0.299268,0
0.118000,0.999822,-1.035769,1.387817,-0.296189,0
0.118050,0.999823,-0.991666,1.419667,-0.292797,0
0.118100,0.999823,-0.946584,1.450116,-0.289095,0
0.118150,0.999823,-0.900569,1.479134,-0.285088,0
0.118200,0.999824,-0.853664,1.506692,-0.280779,0
0.118250,0.999824,-0.805917,1.532764,-0.276172,0
0.118300,0.999825,-0.757374,1.557322,-0.271272,0
0.118350,0.999825,-0.708084,1.580344,-0.266084,0
0.118400,0.999826,-0.658095,1.601807,-0.260612,0
0.118450,0.999826,-0.607457,1.621688,-0.254863,0
0.118500,0.999826,-0.556219,1.639970,-0.248842,0
0.118550,0.999827,-0.504432,1.656632,-0.242555,0
0.118600,0.999827,-0.452147,1.671660,-0.236007,0
0.118650,0.999828,-0.399416,1.685038,-0.229207,0
0.118700,0.999828,-0.346291,1.696754,-0.222159,0
0.118750,0.999828,-0.292824,1.706794,-0.214872,0
0.118800,0.999829,-0.239068,1.715151,-0.207352,0
0.118850,0.999829,-0.185076,1.721814,-0.199607,0
0.118900,0.999830,-0.130901,1.726779,-0.191644,0
0.118950,0.999830,-0.076597,1.730039,-0.183472,0
0.119000,0.999830,-0.022218,1.731592,-0.175098,0
0.119050,0.999831,0.032184,1.731437,-0.166531,0
0.119100,0.999831,0.086554,1.729572,-0.157778,0
0.119150,0.999832,0.140838,1.726001,-0.148850,0
0.119200,0.999832,0.194984,1.720726,-0.139754,0
0.119250,0.999832,0.248937,1.713753,-0.130500,0
0.119300,0.999833,0.302645,1.705089,-0.121096,0
0.119350,0.999833,0.356053,1.694742,-0.111552,0
0.119400,0.999834,0.409111,1.682722,-0.101878,0
0.119450,0.999834,0.461765,1.669042,-0.092082,0
0.119500,0.999834,0.513963,1.653715,-0.082175,0
0.119550,0.999835,0.565654,1.636756,-0.072166,0
0.119600,0.999835,0.616787,1.618181,-0.062066,0
0.119650,0.999836,0.667311,1.598010,-0.051884,0
0.119700,0.999836,0.717177,1.576261,-0.041630,0
0.119750,0.999836,0.766335,1.552957,-0.031314,0
0.119800,0.999837,0.814737,1.528120,-0.020947,0
0.119850,0.999837,0.862334,1.501775,-0.010539,0
0.119900,0.999838,0.909081,1.473948,-0.000100,0
0.119950,0.999838,0.954931,1.444667,0.010360,0
0.120000,0.999838,0.999838,1.413959,0.020831,0
0.120050,0.999839,1.043759,1.381856,0.031301,0
0.120100,0.999839,1.086649,1.348390,0.041761,0
0.120150,0.999839,1.128467,1.313593,0.052200,0
0.120200,0.999840,1.169172,1.277499,0.062608,0
0.120250,0.999840,1.208723,1.240145,0.072975,0
0.120300,0.999841,1.247081,1.201566,0.083291,0
0.120350,0.999841,1.284208,1.161802,0.093545,0
0.120400,0.999841,1.320068,1.120891,0.103727,0
0.120450,0.999842,1.354625,1.078874,0.113828,0
0.120500,0.999842,1.387845,1.035793,0.123836,0
0.120550,0.999843,1.419696,0.991689,0.133743,0
0.120600,0.999843,1.450146,0.946606,0.143539,0
0.120650,0.999843,1.479164,0.900589,0.153213,0
0.120700,0.999844,1.506723,0.853684,0.162757,0
0.120750,0.999844,1.532795,0.805935,0.172161,0
0.120800,0.999844,1.557355,0.757392,0.181415,0
0.120850,0.999845,1.580377,0.708101,0.190511,0
0.120900,0.999845,1.601840,0.658111,0.199440,0
0.120950,0.999845,1.621722,0.607471,0.208192,0
0.121000,0.999846,1.640003,0.556232,0.216759,0
0.121050,0.999846,1.656666,0.504444,0.225133,0
0.121100,0.999847,1.671695,0.452158,0.233305,0
0.121150,0.999847,1.685073,0.399426,0.241268,0
0.121200,0.999847,1.696788,0.346300,0.249013,0
0.121250,0.999848,1.706829,0.292832,0.256533,0
0.121300,0.999848,1.715186,0.239075,0.263820,0
0.121350,0.999848,1.721850,0.185081,0.270868,0
0.121400,0.999849,1.726814,0.130906,0.277669,0
0.121450,0.999849,1.730075,0.076600,0.284216,0
0.121500,0.999849,1.731628,0.022220,0.290503,0
0.121550,0.999850,1.731472,-0.032183,0.296524,0
0.121600,0.999850,1.729607,-0.086554,0.302273,0
0.121650,0.999851,1.726036,-0.140840,0.307745,0
0.121700,0.999851,1.720761,-0.194986,0.312933,0
0.121750,0.999851,1.713788,-0.248940,0.317833,0
0.121800,0.999852,1.705123,-0.302649,0.322440,0
0.121850,0.999852,1.694776,-0.356059,0.326749,0
0.121900,0.999852,1.682757,-0.409118,0.330756,0
0.121950,0.999853,1.669076,-0.461773,0.334458,0
0.122000,0.999853,1.653749,-0.513972,0.337850,0
0.122050,0.999853,1.636789,-0.565664,0.340929,0
0.122100,0.999854,1.618214,-0.616798,0.343692,0
0.122150,0.999854,1.598042,-0.667323,0.346136,0
0.122200,0.999854,1.576293,-0.717190,0.348260,0
0.122250,0.999855,1.552988,-0.766349,0.350060,0
0.122300,0.999855,1.528151,-0.814751,0.351536,0
0.122350,0.999855,1.501805,-0.862350,0.352685,0
0.122400,0.999856,1.473978,-0.909097,0.353506,0
0.122450,0.999856,1.444696,-0.954948,0.354000,0
0.122500,0.999856,1.413988,-0.999856,0.354164,0
0.122550,0.999857,1.381884,-1.043778,0.354000,0
0.122600,0.999857,1.348417,-1.086669,0.353506,0
0.122650,0.999857,1.313619,-1.128488,0.352685,0
0.122700,0.999858,1.277525,-1.169193,0.351536,0
0.122750,0.999858,1.240170,-1.208745,0.350060,0
0.122800,0.999858,1.201591,-1.247103,0.348260,0
0.122850,0.999859,1.161826,-1.284231,0.346137,0
0.122900,0.999859,1.120914,-1.320092,0.343692,0
0.122950,0.999860,1.078896,-1.354650,0.340929,0
0.123000,0.999860,1.035814,-1.387871,0.337850,0
0.123050,0.999860,0.991709,-1.419722,0.334458,0
0.123100,0.999860,0.946625,-1.450172,0.330756,0
0.123150,0.999861,0.900608,-1.479192,0.326749,0
0.123200,0.999861,0.853701,-1.506751,0.322440,0
0.123250,0.999861,0.805952,-1.532823,0.317833,0
0.123300,0.999862,0.757407,-1.557383,0.312933,0
0.123350,0.999862,0.708115,-1.580406,0.307745,0
0.123400,0.999862,0.658124,-1.601869,0.302274,0
0.123450,0.999863,0.607484,-1.621751,0.296525,0
0.123500,0.999863,0.556244,-1.640033,0.290503,0
0.123550,0.999863,0.504455,-1.656697,0.284216,0
0.123600,0.999864,0.452168,-1.671725,0.277669,0
0.123650,0.999864,0.399435,-1.685104,0.270868,0
0.123700,0.999864,0.346308,-1.696819,0.263821,0
0.123750,0.999865,0.292839,-1.706860,0.256533,0
0.123800,0.999865,0.239080,-1.715217,0.249013,0
0.123850,0.999865,0.185086,-1.721881,0.241268,0
0.123900,0.999866,0.130909,-1.726846,0.233306,0
0.123950,0.999866,0.076603,-1.730106,0.225133,0
0.124000,0.999866,0.022222,-1.731659,0.216759,0
0.124050,0.999867,-0.032182,-1.731503,0.208192,0
0.124100,0.999867,-0.086554,-1.729639,0.199440,0
0.124150,0.999867,-0.140841,-1.726067,0.190512,0
0.124200,0.999868,-0.194988,-1.720792,0.181416,0
0.124250,0.999868,-0.248943,-1.713819,0.172161,0
0.124300,0.999868,-0.302653,-1.705154,0.162758,0
0.124350,0.999869,-0.356064,-1.694807,0.153214,0
0.124400,0.999869,-0.409123,-1.682787,0.143539,0
0.124450,0.999869,-0.461779,-1.669106,0.133744,0
0.124500,0.999869,-0.513980,-1.653778,0.123837,0
0.124550,0.999870,-0.565672,-1.636818,0.113828,0
0.124600,0.999870,-0.616807,-1.618243,0.103728,0
0.124650,0.999870,-0.667333,-1.598071,0.093546,0
0.124700,0.999871,-0.717201,-1.576321,0.083292,0
0.124750,0.999871,-0.766361,-1.553016,0.072976,0
0.124800,0.999871,-0.814764,-1.528178,0.062609,0
0.124850,0.999872,-0.862364,-1.501832,0.052201,0
0.124900,0.999872,-0.909112,-1.474004,0.041761,0
0.124950,0.999872,-0.954963,-1.444722,0.031301,0
0.125000,0.999873,-0.999872,-1.414013,0.020831,0
0.125050,0.999873,-1.043794,-1.381909,0.010361,0
0.125100,0.999873,-1.086686,-1.348441,-0.000099,0
0.125150,0.999873,-1.128506,-1.313643,-0.010538,0
0.125200,0.999874,-1.169212,-1.277548,-0.020947,0
0.125250,0.999874,-1.208764,-1.240192,-0.031314,0
0.125300,0.999874,-1.247124,-1.201612,-0.041629,0
0.125350,0.999875,-1.284252,-1.161846,-0.051883,0
0.125400,0.999875,-1.320113,-1.120934,-0.062065,0
0.125450,0.999875,-1.354672,-1.078916,-0.072166,0
0.125500,0.999876,-1.387893,-1.035832,-0.082174,0
0.125550,0.999876,-1.419745,-0.991727,-0.092081,0
0.125600,0.999876,-1.450196,-0.946642,-0.101877,0
0.125650,0.999876,-1.479216,-0.900624,-0.111551,0
0.125700,0.999877,-1.506775,-0.853717,-0.121095,0
0.125750,0.999877,-1.532848,-0.805967,-0.130499,0
0.125800,0.999877,-1.557408,-0.757421,-0.139753,0
0.125850,0.999878,-1.580432,-0.708128,-0.148849,0
0.125900,0.999878,-1.601895,-0.658137,-0.157778,0
0.125950,0.999878,-1.621778,-0.607495,-0.166530,0
0.126000,0.999878,-1.640060,-0.556254,-0.175097,0
0.126050,0.999879,-1.656724,-0.504465,-0.183471,0
0.126100,0.999879,-1.671752,-0.452177,-0.191643,0
0.126150,0.999879,-1.685131,-0.399443,-0.199606,0
0.126200,0.999880,-1.696847,-0.346315,-0.207351,0
0.126250,0.999880,-1.706888,-0.292845,-0.214871,0
0.126300,0.999880,-1.715245,-0.239086,-0.222158,0
0.126350,0.999880,-1.721909,-0.185091,-0.229206,0
0.126400,0.999881,-1.726874,-0.130913,-0.236006,0
0.126450,0.999881,-1.730134,-0.076606,-0.242554,0
0.126500,0.999881,-1.731687,-0.022223,-0.248841,0
0.126550,0.999882,-1.731531,0.032181,-0.254862,0
0.126600,0.999882,-1.729666,0.086554,-0.260611,0
0.126650,0.999882,-1.726095,0.140841,-0.266083,0
0.126700,0.999882,-1.720820,0.194990,-0.271271,0
0.126750,0.999883,-1.713846,0.248946,-0.276171,0
0.126800,0.999883,-1.705181,0.302656,-0.280778,0
0.126850,0.999883,-1.694834,0.356068,-0.285087,0
0.126900,0.999884,-1.682814,0.409129,-0.289094,0
0.126950,0.999884,-1.669133,0.461785,-0.292796,0
0.127000,0.999884,-1.653805,0.513986,-0.296187,0
0.127050,0.999884,-1.636844,0.565680,-0.299267,0
0.127100,0.999885,-1.618269,0.616816,-0.302030,0
0.127150,0.999885,-1.598096,0.667343,-0.304474,0
0.127200,0.999885,-1.576346,0.717211,-0.306598,0
0.127250,0.999885,-1.553041,0.766371,-0.308398,0
0.127300,0.999886,-1.528203,0.814776,-0.309873,0
0.127350,0.999886,-1.501856,0.862376,-0.311023,0
0.127400,0.999886,-1.474028,0.909125,-0.311844,0
0.127450,0.999887,-1.444745,0.954977,-0.312337,0
0.127500,0.999887,-1.414035,0.999887,-0.312502,0
0.127550,0.999887,-1.381931,1.043809,-0.312337,0
0.127600,0.999887,-1.348463,1.086702,-0.311844,0
0.127650,0.999888,-1.313664,1.128522,-0.311023,0
0.127700,0.999888,-1.277568,1.169229,-0.309873,0
0.127750,0.999888,-1.240212,1.208782,-0.308398,0
0.127800,0.999888,-1.201631,1.247142,-0.306598,0
0.127850,0.999889,-1.161865,1.284271,-0.304474,0
0.127900,0.999889,-1.120952,1.320133,-0.302030,0
0.127950,0.999889,-1.078933,1.354691,-0.299266,0
0.128000,0.999889,-1.035849,1.387913,-0.296187,0
0.128050,0.999890,-0.991743,1.419766,-0.292795,0
0.128100,0.999890,-0.946658,1.450217,-0.289094,0
0.128150,0.999890,-0.900638,1.479237,-0.285087,0
0.128200,0.999891,-0.853730,1.506797,-0.280778,0
0.128250,0.999891,-0.805980,1.532870,-0.276171,0
0.128300,0.999891,-0.757434,1.557431,-0.271271,0
0.128350,0.999891,-0.708140,1.580454,-0.266083,0
0.128400,0.999892,-0.658147,1.601918,-0.260611,0
0.128450,0.999892,-0.607505,1.621801,-0.254862,0
0.128500,0.999892,-0.556264,1.640084,-0.248841,0
0.128550,0.999892,-0.504473,1.656747,-0.242553,0
0.128600,0.999893,-0.452185,1.671776,-0.236006,0
0.128650,0.999893,-0.399450,1.685155,-0.229206,0
0.128700,0.999893,-0.346321,1.696871,-0.222158,0
0.128750,0.999893,-0.292850,1.706913,-0.214871,0
0.128800,0.999894,-0.239090,1.715269,-0.207351,0
0.128850,0.999894,-0.185095,1.721933,-0.199606,0
0.128900,0.999894,-0.130916,1.726898,-0.191643,0
0.128950,0.999894,-0.076608,1.730159,-0.183471,0
0.129000,0.999895,-0.022225,1.731712,-0.175097,0
0.129050,0.999895,0.032180,1.731556,-0.166530,0
0.129100,0.999895,0.086554,1.729691,-0.157777,0
0.129150,0.999895,0.140842,1.726119,-0.148849,0
0.129200,0.999896,0.194992,1.720844,-0.139753,0
0.129250,0.999896,0.248948,1.713871,-0.130499,0
0.129300,0.999896,0.302660,1.705206,-0.121095,0
0.129350,0.999896,0.356072,1.694858,-0.111551,0
0.129400,0.999897,0.409133,1.682838,-0.101877,0
0.129450,0.999897,0.461791,1.669157,-0.092081,0
0.129500,0.999897,0.513992,1.653828,-0.082174,0
0.129550,0.999897,0.565687,1.636868,-0.072165,0
0.129600,0.999898,0.616823,1.618292,-0.062065,0
0.129650,0.999898,0.667351,1.598119,-0.051883,0
0.129700,0.999898,0.717220,1.576369,-0.041629,0
0.129750,0.999898,0.766381,1.553063,-0.031313,0
0.129800,0.999899,0.814786,1.528224,-0.020946,0
0.129850,0.999899,0.862387,1.501877,-0.010538,0
0.129900,0.999899,0.909136,1.474049,-0.000099,0
0.129950,0.999899,0.954989,1.444765,0.010361,0
0.130000,0.999900,0.999899,1.414055,0.020832,0
0.130050,0.999900,1.043823,1.381950,0.031302,0
0.130100,0.999900,1.086716,1.348482,0.041762,0
0.130150,0.999900,1.128537,1.313682,0.052201,0
0.130200,0.999900,1.169244,1.277586,0.062609,0
0.130250,0.999901,1.208797,1.240229,0.072976,0
0.130300,0.999901,1.247158,1.201648,0.083292,0
0.130350,0.999901,1.284287,1.161881,0.093546,0
0.130400,0.999901,1.320149,1.120968,0.103728,0
0.130450,0.999902,1.354709,1.078948,0.113829,0
0.130500,0.999902,1.387931,1.035864,0.123837,0
0.130550,0.999902,1.419784,0.991757,0.133744,0
0.130600,0.999902,1.450236,0.946671,0.143540,0
0.130650,0.999903,1.479256,0.900651,0.153214,0
0.130700,0.999903,1.506817,0.853742,0.162758,0
0.130750,0.999903,1.532890,0.805991,0.172162,0
0.130800,0.999903,1.557451,0.757444,0.181416,0
0.130850,0.999903,1.580475,0.708150,0.190512,0
0.130900,0.999904,1.601939,0.658157,0.199441,0
0.130950,0.999904,1.621822,0.607514,0.208193,0
0.131000,0.999904,1.640105,0.556272,0.216760,0
0.131050,0.999904,1.656769,0.504481,0.225134,0
0.131100,0.999905,1.671798,0.452192,0.233306,0
0.131150,0.999905,1.685177,0.399456,0.241269,0
0.131200,0.999905,1.696893,0.346326,0.249014,0
0.131250,0.999905,1.706934,0.292855,0.256534,0
0.131300,0.999906,1.715291,0.239094,0.263821,0
0.131350,0.999906,1.721955,0.185098,0.270869,0
0.131400,0.999906,1.726920,0.130919,0.277669,0
0.131450,0.999906,1.730181,0.076610,0.284217,0
0.131500,0.999906,1.731734,0.022226,0.290504,0
0.131550,0.999907,1.731578,-0.032180,0.296525,0
0.131600,0.999907,1.729713,-0.086554,0.302274,0
0.131650,0.999907,1.726141,-0.140843,0.307746,0
0.131700,0.999907,1.720866,-0.194993,0.312934,0
0.131750,0.999908,1.713892,-0.248950,0.317834,0
0.131800,0.999908,1.705227,-0.302662,0.322441,0
0.131850,0.999908,1.694879,-0.356076,0.326750,0
0.131900,0.999908,1.682859,-0.409137,0.330757,0
0.131950,0.999908,1.669178,-0.461795,0.334459,0
0.132000,0.999909,1.653849,-0.513998,0.337851,0
0.132050,0.999909,1.636888,-0.565693,0.340930,0
0.132100,0.999909,1.618312,-0.616830,0.343693,0
0.132150,0.999909,1.598139,-0.667358,0.346137,0
0.132200,0.999909,1.576388,-0.717228,0.348261,0
0.132250,0.999910,1.553082,-0.766389,0.350061,0
0.132300,0.999910,1.528243,-0.814795,0.351537,0
0.132350,0.999910,1.501896,-0.862396,0.352686,0
0.132400,0.999910,1.474067,-0.909147,0.353507,0
0.132450,0.999911,1.444783,-0.955000,0.354001,0
0.132500,0.999911,1.414073,-0.999911,0.354165,0
0.132550,0.999911,1.381968,-1.043834,0.354001,0
0.132600,0.999911,1.348499,-1.086728,0.353507,0
0.132650,0.999911,1.313698,-1.128550,0.352686,0
0.132700,0.999912,1.277602,-1.169257,0.351537,0
0.132750,0.999912,1.240245,-1.208811,0.350061,0
0.132800,0.999912,1.201663,-1.247172,0.348261,0
0.132850,0.999912,1.161896,-1.284302,0.346137,0
0.132900,0.999912,1.120982,-1.320165,0.343693,0
0.132950,0.999913,1.078962,-1.354724,0.340930,0
0.133000,0.999913,1.035877,-1.387947,0.337851,0
0.133050,0.999913,0.991769,-1.419800,0.334459,0
0.133100,0.999913,0.946683,-1.450252,0.330757,0
0.133150,0.999913,0.900663,-1.479273,0.326750,0
0.133200,0.999914,0.853753,-1.506834,0.322441,0
0.133250,0.999914,0.806001,-1.532908,0.317834,0
0.133300,0.999914,0.757454,-1.557469,0.312934,0
0.133350,0.999914,0.708159,-1.580493,0.307746,0
0.133400,0.999915,0.658166,-1.601957,0.302275,0
0.133450,0.999915,0.607522,-1.621840,0.296525,0
0.133500,0.999915,0.556279,-1.640123,0.290504,0
0.133550,0.999915,0.504487,-1.656787,0.284217,0
0.133600,0.999915,0.452198,-1.671817,0.277670,0
0.133650,0.999916,0.399462,-1.685196,0.270869,0
0.133700,0.999916,0.346331,-1.696912,0.263821,0
0.133750,0.999916,0.292859,-1.706954,0.256534,0
0.133800,0.999916,0.239098,-1.715311,0.249014,0
0.133850,0.999916,0.185101,-1.721975,0.241269,0
0.133900,0.999917,0.130921,-1.726940,0.233307,0
0.133950,0.999917,0.076612,-1.730200,0.225134,0
0.134000,0.999917,0.022227,-1.731753,0.216760,0
0.134050,0.999917,-0.032179,-1.731597,0.208193,0
0.134100,0.999917,-0.086554,-1.729733,0.199441,0
0.134150,0.999917,-0.140844,-1.726161,0.190512,0
0.134200,0.999918,-0.194994,-1.720885,0.181416,0
0.134250,0.999918,-0.248952,-1.713912,0.172162,0
0.134300,0.999918,-0.302665,-1.705246,0.162758,0
0.134350,0.999918,-0.356079,-1.694898,0.153215,0
0.134400,0.999918,-0.409141,-1.682878,0.143540,0
0.134450,0.999919,-0.461800,-1.669196,0.133745,0
0.134500,0.999919,-0.514003,-1.653867,0.123838,0
0.134550,0.999919,-0.565698,-1.636907,0.113829,0
0.134600,0.999919,-0.616836,-1.618330,0.103729,0
0.134650,0.999919,-0.667364,-1.598157,0.093546,0
0.134700,0.999920,-0.717235,-1.576406,0.083292,0
0.134750,0.999920,-0.766397,-1.553100,0.072977,0
0.134800,0.999920,-0.814803,-1.528260,0.062610,0
0.134850,0.999920,-0.862405,-1.501913,0.052201,0
0.134900,0.999920,-0.909156,-1.474083,0.041762,0
0.134950,0.999921,-0.955009,-1.444799,0.031302,0
0.135000,0.999921,-0.999921,-1.414089,0.020832,0
0.135050,0.999921,-1.043845,-1.381983,0.010362,0
0.135100,0.999921,-1.086739,-1.348514,-0.000098,0
0.135150,0.999921,-1.128561,-1.313713,-0.010537,0
0.135200,0.999922,-1.169269,-1.277616,-0.020946,0
0.135250,0.999922,-1.208823,-1.240258,-0.031313,0
0.135300,0.999922,-1.247185,-1.201677,-0.041628,0
0.135350,0.999922,-1.284315,-1.161909,-0.051882,0
0.135400,0.999922,-1.320178,-1.120994,-0.062065,0
0.135450,0.999922,-1.354738,-1.078974,-0.072165,0
0.135500,0.999923,-1.387961,-1.035888,-0.082174,0
0.135550,0.999923,-1.419815,-0.991780,-0.092081,0
0.135600,0.999923,-1.450267,-0.946694,-0.101876,0
0.135650,0.999923,-1.479288,-0.900673,-0.111551,0
0.135700,0.999923,-1.506849,-0.853763,-0.121094,0
0.135750,0.999924,-1.532923,-0.806011,-0.130498,0
0.135800,0.999924,-1.557484,-0.757463,-0.139753,0
0.135850,0.999924,-1.580509,-0.708167,-0.148848,0
0.135900,0.999924,-1.601973,-0.658173,-0.157777,0
0.135950,0.999924,-1.621857,-0.607529,-0.166529,0
0.136000,0.999924,-1.640140,-0.556286,-0.175096,0
0.136050,0.999925,-1.656804,-0.504493,-0.183470,0
0.136100,0.999925,-1.671833,-0.452203,-0.191643,0
0.136150,0.999925,-1.685213,-0.399467,-0.199605,0
0.136200,0.999925,-1.696929,-0.346336,-0.207350,0
0.136250,0.999925,-1.706971,-0.292863,-0.214870,0
0.136300,0.999926,-1.715328,-0.239101,-0.222157,0
0.136350,0.999926,-1.721992,-0.185104,-0.229205,0
0.136400,0.999926,-1.726957,-0.130923,-0.236006,0
0.136450,0.999926,-1.730218,-0.076614,-0.242553,0
0.136500,0.999926,-1.731771,-0.022228,-0.248840,0
0.136550,0.999926,-1.731615,0.032179,-0.254861,0
0.136600,0.999927,-1.729750,0.086554,-0.260611,0
0.136650,0.999927,-1.726178,0.140844,-0.266082,0
0.136700,0.999927,-1.720902,0.194995,-0.271270,0
0.136750,0.999927,-1.713929,0.248954,-0.276170,0
0.136800,0.999927,-1.705263,0.302667,-0.280777,0
0.136850,0.999927,-1.694915,0.356081,-0.285086,0
0.136900,0.999928,-1.682894,0.409144,-0.289093,0
0.136950,0.999928,-1.669213,0.461803,-0.292795,0
0.137000,0.999928,-1.653884,0.514007,-0.296187,0
0.137050,0.999928,-1.636923,0.565703,-0.299266,0
0.137100,0.999928,-1.618346,0.616841,-0.302029,0
0.137150,0.999928,-1.598172,0.667370,-0.304473,0
0.137200,0.999929,-1.576422,0.717241,-0.306597,0
0.137250,0.999929,-1.553115,0.766404,-0.308397,0
0.137300,0.999929,-1.528275,0.814810,-0.309873,0
0.137350,0.999929,-1.501928,0.862412,-0.311022,0
0.137400,0.999929,-1.474098,0.909164,-0.311843,0
0.137450,0.999929,-1.444813,0.955018,-0.312337,0
0.137500,0.999930,-1.414103,0.999929,-0.312501,0
0.137550,0.999930,-1.381997,1.043854,-0.312337,0
0.137600,0.999930,-1.348527,1.086749,-0.311843,0
0.137650,0.999930,-1.313726,1.128571,-0.311022,0
0.137700,0.999930,-1.277629,1.169280,-0.309873,0
0.137750,0.999930,-1.240271,1.208834,-0.308397,0
0.137800,0.999931,-1.201688,1.247196,-0.306597,0
0.137850,0.999931,-1.161920,1.284326,-0.304473,0
0.137900,0.999931,-1.121006,1.320190,-0.302029,0
0.137950,0.999931,-1.078984,1.354750,-0.299266,0
0.138000,0.999931,-1.035899,1.387974,-0.296187,0
0.138050,0.999931,-0.991790,1.419827,-0.292795,0
0.138100,0.999932,-0.946703,1.450280,-0.289093,0
0.138150,0.999932,-0.900682,1.479301,-0.285086,0
0.138200,0.999932,-0.853772,1.506863,-0.280777,0
0.138250,0.999932,-0.806019,1.532937,-0.276170,0
0.138300,0.999932,-0.757470,1.557498,-0.271270,0
0.138350,0.999932,-0.708175,1.580523,-0.266082,0
0.138400,0.999933,-0.658180,1.601988,-0.260610,0
0.138450,0.999933,-0.607536,1.621871,-0.254861,0
0.138500,0.999933,-0.556292,1.640154,-0.248840,0
0.138550,0.999933,-0.504499,1.656819,-0.242553,0
0.138600,0.999933,-0.452208,1.671848,-0.236006,0
0.138650,0.999933,-0.399471,1.685228,-0.229205,0
0.138700,0.999934,-0.346340,1.696944,-0.222157,0
0.138750,0.999934,-0.292866,1.706986,-0.214870,0
0.138800,0.999934,-0.239104,1.715343,-0.207350,0
0.138850,0.999934,-0.185106,1.722007,-0.199605,0
0.138900,0.999934,-0.130925,1.726972,-0.191642,0
0.138950,0.999934,-0.076615,1.730233,-0.183470,0
0.139000,0.999934,-0.022229,1.731786,-0.175096,0
0.139050,0.999935,0.032178,1.731630,-0.166529,0
0.139100,0.999935,0.086554,1.729765,-0.157777,0
0.139150,0.999935,0.140845,1.726193,-0.148848,0
0.139200,0.999935,0.194996,1.720918,-0.139752,0
0.139250,0.999935,0.248955,1.713944,-0.130498,0
0.139300,0.999935,0.302669,1.705278,-0.121094,0
0.139350,0.999936,0.356084,1.694930,-0.111550,0
0.139400,0.999936,0.409147,1.682909,-0.101876,0
0.139450,0.999936,0.461807,1.669228,-0.092080,0
0.139500,0.999936,0.514011,1.653898,-0.082173,0
0.139550,0.999936,0.565707,1.636937,-0.072165,0
0.139600,0.999936,0.616846,1.618360,-0.062064,0
0.139650,0.999936,0.667375,1.598187,-0.051882,0
0.139700,0.999937,0.717246,1.576435,-0.041628,0
0.139750,0.999937,0.766410,1.553129,-0.031313,0
0.139800,0.999937,0.814816,1.528289,-0.020945,0
0.139850,0.999937,0.862419,1.501941,-0.010537,0
0.139900,0.999937,0.909171,1.474111,-0.000098,0
0.139950,0.999937,0.955025,1.444826,0.010362,0
0.140000,0.999938,0.999937,1.414115,0.020832,0
0.140050,0.999938,1.043863,1.382009,0.031303,0
0.140100,0.999938,1.086758,1.348539,0.041762,0
0.140150,0.999938,1.128580,1.313738,0.052202,0
0.140200,0.999938,1.169289,1.277640,0.062610,0
0.140250,0.999938,1.208844,1.240282,0.072977,0
0.140300,0.999938,1.247206,1.201699,0.083293,0
0.140350,0.999939,1.284337,1.161931,0.093547,0
0.140400,0.999939,1.320200,1.121015,0.103729,0
0.140450,0.999939,1.354761,1.078994,0.113829,0
0.140500,0.999939,1.387985,1.035908,0.123838,0
0.140550,0.999939,1.419839,0.991799,0.133745,0
0.140600,0.999939,1.450291,0.946712,0.143540,0
0.140650,0.999939,1.479313,0.900690,0.153215,0
0.140700,0.999940,1.506875,0.853779,0.162759,0
0.140750,0.999940,1.532949,0.806026,0.172162,0
0.140800,0.999940,1.557511,0.757477,0.181417,0
0.140850,0.999940,1.580535,0.708181,0.190513,0
0.140900,0.999940,1.602000,0.658186,0.199441,0
0.140950,0.999940,1.621884,0.607541,0.208193,0
0.141000,0.999940,1.640167,0.556297,0.216761,0
0.141050,0.999941,1.656832,0.504504,0.225135,0
0.141100,0.999941,1.671862,0.452212,0.233307,0
0.141150,0.999941,1.685241,0.399475,0.241270,0
0.141200,0.999941,1.696958,0.346343,0.249015,0
0.141250,0.999941,1.707000,0.292869,0.256535,0
0.141300,0.999941,1.715357,0.239107,0.263822,0
0.141350,0.999941,1.722021,0.185108,0.270869,0
0.141400,0.999942,1.726986,0.130927,0.277670,0
0.141450,0.999942,1.730247,0.076616,0.284217,0
0.141500,0.999942,1.731800,0.022230,0.290505,0
0.141550,0.999942,1.731644,-0.032178,0.296526,0
0.141600,0.999942,1.729779,-0.086554,0.302275,0
0.141650,0.999942,1.726207,-0.140845,0.307746,0
0.141700,0.999942,1.720931,-0.194997,0.312935,0
0.141750,0.999943,1.713957,-0.248957,0.317835,0
0.141800,0.999943,1.705292,-0.302671,0.322441,0
0.141850,0.999943,1.694944,-0.356086,0.326751,0
0.141900,0.999943,1.682923,-0.409150,0.330758,0
0.141950,0.999943,1.669241,-0.461810,0.334459,0
0.142000,0.999943,1.653911,-0.514014,0.337851,0
0.142050,0.999943,1.636950,-0.565711,0.340930,0
0.142100,0.999943,1.618373,-0.616850,0.343693,0
0.142150,0.999944,1.598199,-0.667380,0.346138,0
0.142200,0.999944,1.576448,-0.717251,0.348261,0
0.142250,0.999944,1.553141,-0.766415,0.350062,0
0.142300,0.999944,1.528301,-0.814822,0.351537,0
0.142350,0.999944,1.501953,-0.862425,0.352686,0
0.142400,0.999944,1.474122,-0.909177,0.353508,0
0.142450,0.999944,1.444837,-0.955032,0.354001,0
0.142500,0.999945,1.414126,-0.999944,0.354166,0
0.142550,0.999945,1.382020,-1.043870,0.354001,0
0.142600,0.999945,1.348549,-1.086765,0.353508,0
0.142650,0.999945,1.313748,-1.128588,0.352686,0
0.142700,0.999945,1.277650,-1.169297,0.351537,0
0.142750,0.999945,1.240291,-1.208852,0.350062,0
0.142800,0.999945,1.201708,-1.247214,0.348261,0
0.142850,0.999945,1.161940,-1.284346,0.346138,0
0.142900,0.999946,1.121024,-1.320210,0.343693,0
0.142950,0.999946,1.079002,-1.354771,0.340930,0
0.143000,0.999946,1.035916,-1.387995,0.337851,0
0.143050,0.999946,0.991807,-1.419849,0.334459,0
0.143100,0.999946,0.946719,-1.450302,0.330758,0
0.143150,0.999946,0.900697,-1.479323,0.326751,0
0.143200,0.999946,0.853786,-1.506885,0.322441,0
0.143250,0.999946,0.806032,-1.532960,0.317835,0
0.143300,0.999947,0.757483,-1.557522,0.312935,0
0.143350,0.999947,0.708187,-1.580547,0.307746,0
0.143400,0.999947,0.658191,-1.602012,0.302275,0
0.143450,0.999947,0.607546,-1.621896,0.296526,0
0.143500,0.999947,0.556301,-1.640179,0.290505,0
0.143550,0.999947,0.504508,-1.656844,0.284217,0
0.143600,0.999947,0.452216,-1.671873,0.277670,0
0.143650,0.999947,0.399478,-1.685253,0.270869,0
0.143700,0.999948,0.346346,-1.696970,0.263822,0
0.143750,0.999948,0.292872,-1.707012,0.256535,0
0.143800,0.999948,0.239109,-1.715369,0.249015,0
0.143850,0.999948,0.185110,-1.722033,0.241270,0
0.143900,0.999948,0.130928,-1.726998,0.233307,0
0.143950,0.999948,0.076618,-1.730259,0.225135,0
0.144000,0.999948,0.022231,-1.731812,0.216761,0
0.144050,0.999948,-0.032177,-1.731656,0.208194,0
0.144100,0.999949,-0.086554,-1.729791,0.199441,0
0.144150,0.999949,-0.140846,-1.726219,0.190513,0
0.144200,0.999949,-0.194998,-1.720943,0.181417,0
0.144250,0.999949,-0.248958,-1.713969,0.172163,0
0.144300,0.999949,-0.302672,-1.705304,0.162759,0
0.144350,0.999949,-0.356088,-1.694955,0.153215,0
0.144400,0.999949,-0.409152,-1.682934,0.143541,0
0.144450,0.999949,-0.461812,-1.669252,0.133745,0
0.144500,0.999950,-0.514017,-1.653923,0.123838,0
0.144550,0.999950,-0.565714,-1.636961,0.113830,0
0.144600,0.999950,-0.616853,-1.618384,0.103729,0
0.144650,0.999950,-0.667384,-1.598210,0.093547,0
0.144700,0.999950,-0.717256,-1.576459,0.083293,0
0.144750,0.999950,-0.766420,-1.553151,0.072977,0
0.144800,0.999950,-0.814827,-1.528311,0.062610,0
0.144850,0.999950,-0.862431,-1.501963,0.052202,0
0.144900,0.999951,-0.909183,-1.474133,0.041763,0
0.144950,0.999951,-0.955038,-1.444847,0.031303,0
0.145000,0.999951,-0.999951,-1.414136,0.020833,0
0.145050,0.999951,-1.043876,-1.382029,0.010362,0
0.145100,0.999951,-1.086772,-1.348559,-0.000098,0
0.145150,0.999951,-1.128595,-1.313757,-0.010537,0
0.145200,0.999951,-1.169305,-1.277659,-0.020945,0
0.145250,0.999951,-1.208860,-1.240300,-0.031312,0
0.145300,0.999951,-1.247222,-1.201717,-0.041628,0
0.145350,0.999952,-1.284354,-1.161948,-0.051882,0
0.145400,0.999952,-1.320218,-1.121032,-0.062064,0
0.145450,0.999952,-1.354779,-1.079010,-0.072165,0
0.145500,0.999952,-1.388003,-1.035923,-0.082173,0
0.145550,0.999952,-1.419858,-0.991814,-0.092080,0
0.145600,0.999952,-1.450311,-0.946726,-0.101876,0
0.145650,0.999952,-1.479333,-0.900703,-0.111550,0
0.145700,0.999952,-1.506895,-0.853792,-0.121094,0
0.145750,0.999952,-1.532970,-0.806038,-0.130498,0
0.145800,0.999953,-1.557532,-0.757489,-0.139752,0
0.145850,0.999953,-1.580557,-0.708192,-0.148848,0
0.145900,0.999953,-1.602022,-0.658196,-0.157776,0
0.145950,0.999953,-1.621906,-0.607550,-0.166529,0
0.146000,0.999953,-1.640189,-0.556305,-0.175096,0
0.146050,0.999953,-1.656854,-0.504511,-0.183470,0
0.146100,0.999953,-1.671884,-0.452219,-0.191642,0
0.146150,0.999953,-1.685264,-0.399481,-0.199605,0
0.146200,0.999953,-1.696980,-0.346349,-0.207350,0
0.146250,0.999954,-1.707022,-0.292874,-0.214870,0
0.146300,0.999954,-1.715380,-0.239111,-0.222157,0
0.146350,0.999954,-1.722044,-0.185112,-0.229204,0
0.146400,0.999954,-1.727009,-0.130930,-0.236005,0
0.146450,0.999954,-1.730270,-0.076619,-0.242552,0
0.146500,0.999954,-1.731823,-0.022232,-0.248840,0
0.146550,0.999954,-1.731667,0.032177,-0.254861,0
0.146600,0.999954,-1.729802,0.086554,-0.260610,0
0.146650,0.999954,-1.726230,0.140846,-0.266081,0
0.146700,0.999955,-1.720954,0.194999,-0.271270,0
0.146750,0.999955,-1.713980,0.248959,-0.276170,0
0.146800,0.999955,-1.705314,0.302673,-0.280776,0
0.146850,0.999955,-1.694966,0.356089,-0.285086,0
0.146900,0.999955,-1.682945,0.409154,-0.289093,0
0.146950,0.999955,-1.669263,0.461815,-0.292794,0
0.147000,0.999955,-1.653933,0.514020,-0.296186,0
0.147050,0.999955,-1.636971,0.565717,-0.299265,0
0.147100,0.999955,-1.618394,0.616857,-0.302028,0
0.147150,0.999956,-1.598220,0.667387,-0.304473,0
0.147200,0.999956,-1.576468,0.717259,-0.306597,0
0.147250,0.999956,-1.553161,0.766424,-0.308397,0
0.147300,0.999956,-1.528321,0.814832,-0.309872,0
0.147350,0.999956,-1.501972,0.862435,-0.311021,0
0.147400,0.999956,-1.474142,0.909188,-0.311843,0
0.147450,0.999956,-1.444856,0.955043,-0.312336,0
0.147500,0.999956,-1.414145,0.999956,-0.312501,0
0.147550,0.999956,-1.382038,1.043882,-0.312336,0
0.147600,0.999956,-1.348567,1.086778,-0.311843,0
0.147650,0.999957,-1.313765,1.128601,-0.311021,0
0.147700,0.999957,-1.277667,1.169311,-0.309872,0
0.147750,0.999957,-1.240307,1.208867,-0.308397,0
0.147800,0.999957,-1.201724,1.247229,-0.306596,0
0.147850,0.999957,-1.161955,1.284361,-0.304473,0
0.147900,0.999957,-1.121039,1.320225,-0.302028,0
0.147950,0.999957,-1.079017,1.354787,-0.299265,0
0.148000,0.999957,-1.035929,1.388011,-0.296186,0
0.148050,0.999957,-0.991820,1.419866,-0.292794,0
0.148100,0.999957,-0.946731,1.450319,-0.289093,0
0.148150,0.999958,-0.900709,1.479341,-0.285086,0
0.148200,0.999958,-0.853797,1.506903,-0.280776,0
0.148250,0.999958,-0.806043,1.532978,-0.276170,0
0.148300,0.999958,-0.757493,1.557540,-0.271270,0
0.148350,0.999958,-0.708196,1.580565,-0.266081,0
0.148400,0.999958,-0.658200,1.602031,-0.260610,0
0.148450,0.999958,-0.607554,1.621915,-0.254861,0
0.148500,0.999958,-0.556309,1.640198,-0.248840,0
0.148550,0.999958,-0.504515,1.656863,-0.242552,0
0.148600,0.999958,-0.452222,1.671893,-0.236005,0
0.148650,0.999959,-0.399484,1.685273,-0.229204,0
0.148700,0.999959,-0.346351,1.696990,-0.222157,0
0.148750,0.999959,-0.292877,1.707032,-0.214870,0
0.148800,0.999959,-0.239113,1.715389,-0.207350,0
0.148850,0.999959,-0.185113,1.722054,-0.199605,0
0.148900,0.999959,-0.130931,1.727019,-0.191642,0
0.148950,0.999959,-0.076619,1.730279,-0.183470,0
0.149000,0.999959,-0.022232,1.731832,-0.175096,0
0.149050,0.999959,0.032177,1.731676,-0.166528,0
0.149100,0.999959,0.086554,1.729811,-0.157776,0
0.149150,0.999960,0.140846,1.726239,-0.148848,0
0.149200,0.999960,0.194999,1.720963,-0.139752,0
0.149250,0.999960,0.248960,1.713989,-0.130498,0
0.149300,0.999960,0.302675,1.705324,-0.121094,0
0.149350,0.999960,0.356091,1.694975,-0.111550,0
0.149400,0.999960,0.409156,1.682954,-0.101876,0
0.149450,0.999960,0.461817,1.669272,-0.092080,0
0.149500,0.999960,0.514022,1.653942,-0.082173,0
0.149550,0.999960,0.565720,1.636980,-0.072164,0
0.149600,0.999960,0.616860,1.618403,-0.062064,0
0.149650,0.999961,0.667391,1.598229,-0.051882,0
0.149700,0.999961,0.717263,1.576477,-0.041628,0
0.149750,0.999961,0.766427,1.553169,-0.031312,0
0.149800,0.999961,0.814835,1.528329,-0.020945,0
0.149850,0.999961,0.862439,1.501981,-0.010537,0
0.149900,0.999961,0.909192,1.474150,-0.000098,0
0.149950,0.999961,0.955048,1.444864,0.010362,0
0.150000,0.999961,0.999961,1.414152,0.020833,0
0.150050,0.999961,1.043887,1.382045,0.031303,0
0.150100,0.999961,1.086783,1.348574,0.041763,0
0.150150,0.999961,1.128607,1.313772,0.052202,0
0.150200,0.999962,1.169317,1.277674,0.062610,0
0.150250,0.999962,1.208873,1.240314,0.072978,0
0.150300,0.999962,1.247235,1.201731,0.083293,0
0.150350,0.999962,1.284367,1.161961,0.093547,0
0.150400,0.999962,1.320232,1.121045,0.103729,0
0.150450,0.999962,1.354793,1.079022,0.113830,0
0.150500,0.999962,1.388018,1.035935,0.123838,0
0.150550,0.999962,1.419873,0.991825,0.133745,0
0.150600,0.999962,1.450326,0.946737,0.143541,0
0.150650,0.999962,1.479348,0.900714,0.153215,0
0.150700,0.999962,1.506911,0.853802,0.162759,0
0.150750,0.999963,1.532986,0.806048,0.172163,0
0.150800,0.999963,1.557548,0.757498,0.181417,0
0.150850,0.999963,1.580573,0.708200,0.190513,0
0.150900,0.999963,1.602039,0.658204,0.199442,0
0.150950,0.999963,1.621923,0.607558,0.208194,0
0.151000,0.999963,1.640207,0.556312,0.216761,0
0.151050,0.999963,1.656872,0.504518,0.225135,0
0.151100,0.999963,1.671901,0.452225,0.233307,0
0.151150,0.999963,1.685281,0.399486,0.241270,0
0.151200,0.999963,1.696998,0.346353,0.249015,0
0.151250,0.999963,1.707040,0.292878,0.256535,0
0.151300,0.999963,1.715397,0.239115,0.263822,0
0.151350,0.999964,1.722062,0.185115,0.270870,0
0.151400,0.999964,1.727027,0.130932,0.277670,0
0.151450,0.999964,1.730288,0.076620,0.284218,0
0.151500,0.999964,1.731841,0.022233,0.290505,0
0.151550,0.999964,1.731685,-0.032177,0.296526,0
0.151600,0.999964,1.729820,-0.086554,0.302275,0
0.151650,0.999964,1.726248,-0.140847,0.307747,0
0.151700,0.999964,1.720972,-0.195000,0.312935,0
0.151750,0.999964,1.713998,-0.248961,0.317835,0
0.151800,0.999964,1.705332,-0.302676,0.322442,0
0.151850,0.999964,1.694983,-0.356092,0.326751,0
0.151900,0.999965,1.682962,-0.409157,0.330758,0
0.151950,0.999965,1.669280,-0.461818,0.334460,0
0.152000,0.999965,1.653950,-0.514024,0.337852,0
0.152050,0.999965,1.636988,-0.565722,0.340931,0
0.152100,0.999965,1.618411,-0.616862,0.343694,0
0.152150,0.999965,1.598236,-0.667393,0.346138,0
0.152200,0.999965,1.576485,-0.717266,0.348262,0
0.152250,0.999965,1.553177,-0.766431,0.350062,0
0.152300,0.999965,1.528337,-0.814839,0.351538,0
0.152350,0.999965,1.501988,-0.862443,0.352687,0
0.152400,0.999965,1.474157,-0.909196,0.353508,0
0.152450,0.999965,1.444871,-0.955052,0.354002,0
0.152500,0.999966,1.414159,-0.999965,0.354166,0
0.152550,0.999966,1.382052,-1.043892,0.354002,0
0.152600,0.999966,1.348581,-1.086788,0.353508,0
0.152650,0.999966,1.313779,-1.128612,0.352687,0
0.152700,0.999966,1.277680,-1.169322,0.351538,0
0.152750,0.999966,1.240320,-1.208878,0.350062,0
0.152800,0.999966,1.201736,-1.247241,0.348262,0
0.152850,0.999966,1.161967,-1.284373,0.346138,0
0.152900,0.999966,1.121050,-1.320238,0.343694,0
0.152950,0.999966,1.079028,-1.354799,0.340931,0
0.153000,0.999966,1.035940,-1.388024,0.337852,0
0.153050,0.999966,0.991830,-1.419879,0.334460,0
0.153100,0.999966,0.946741,-1.450333,0.330758,0
0.153150,0.999967,0.900718,-1.479355,0.326751,0
0.153200,0.999967,0.853806,-1.506917,0.322442,0
0.153250,0.999967,0.806052,-1.532993,0.317835,0
0.153300,0.999967,0.757501,-1.557555,0.312935,0
0.153350,0.999967,0.708204,-1.580580,0.307747,0
0.153400,0.999967,0.658207,-1.602046,0.302275,0
0.153450,0.999967,0.607561,-1.621930,0.296526,0
0.153500,0.999967,0.556315,-1.640214,0.290505,0
0.153550,0.999967,0.504520,-1.656879,0.284218,0
0.153600,0.999967,0.452228,-1.671909,0.277671,0
0.153650,0.999967,0.399488,-1.685289,0.270870,0
0.153700,0.999967,0.346355,-1.697006,0.263822,0
0.153750,0.999968,0.292880,-1.707048,0.256535,0
0.153800,0.999968,0.239116,-1.715405,0.249015,0
0.153850,0.999968,0.185116,-1.722070,0.241270,0
0.153900,0.999968,0.130933,-1.727035,0.233307,0
0.153950,0.999968,0.076621,-1.730295,0.225135,0
0.154000,0.999968,0.022233,-1.731848,0.216761,0
0.154050,0.999968,-0.032176,-1.731692,0.208194,0
0.154100,0.999968,-0.086554,-1.729827,0.199442,0
0.154150,0.999968,-0.140847,-1.726255,0.190513,0
0.154200,0.999968,-0.195000,-1.720979,0.181417,0
0.154250,0.999968,-0.248961,-1.714005,0.172163,0
0.154300,0.999968,-0.302677,-1.705339,0.162759,0
0.154350,0.999968,-0.356093,-1.694991,0.153215,0
0.154400,0.999968,-0.409159,-1.682969,0.143541,0
0.154450,0.999969,-0.461820,-1.669287,0.133745,0
0.154500,0.999969,-0.514026,-1.653957,0.123838,0
0.154550,0.999969,-0.565724,-1.636995,0.113830,0
0.154600,0.999969,-0.616864,-1.618418,0.103729,0
0.154650,0.999969,-0.667396,-1.598243,0.093547,0
0.154700,0.999969,-0.717269,-1.576491,0.083293,0
0.154750,0.999969,-0.766434,-1.553184,0.072978,0
0.154800,0.999969,-0.814842,-1.528343,0.062611,0
0.154850,0.999969,-0.862447,-1.501994,0.052202,0
0.154900,0.999969,-0.909200,-1.474163,0.041763,0
0.154950,0.999969,-0.955056,-1.444877,0.031303,0
0.155000,0.999969,-0.999969,-1.414165,0.020833,0
0.155050,0.999969,-1.043896,-1.382058,0.010363,0
0.155100,0.999970,-1.086792,-1.348586,-0.000097,0
0.155150,0.999970,-1.128616,-1.313784,-0.010537,0
0.155200,0.999970,-1.169327,-1.277685,-0.020945,0
0.155250,0.999970,-1.208883,-1.240325,-0.031312,0
0.155300,0.999970,-1.247246,-1.201742,-0.041628,0
0.155350,0.999970,-1.284378,-1.161972,-0.051882,0
0.155400,0.999970,-1.320243,-1.121055,-0.062064,0
0.155450,0.999970,-1.354805,-1.079032,-0.072164,0
0.155500,0.999970,-1.388029,-1.035945,-0.082173,0
0.155550,0.999970,-1.419884,-0.991834,-0.092080,0
0.155600,0.999970,-1.450338,-0.946745,-0.101875,0
0.155650,0.999970,-1.479361,-0.900722,-0.111550,0
0.155700,0.999970,-1.506923,-0.853810,-0.121094,0
0.155750,0.999970,-1.532999,-0.806055,-0.130497,0
0.155800,0.999971,-1.557561,-0.757505,-0.139752,0
0.155850,0.999971,-1.580586,-0.708207,-0.148848,0
0.155900,0.999971,-1.602052,-0.658210,-0.157776,0
0.155950,0.999971,-1.621936,-0.607564,-0.166528,0
0.156000,0.999971,-1.640220,-0.556318,-0.175096,0
0.156050,0.999971,-1.656885,-0.504523,-0.183470,0
0.156100,0.999971,-1.671915,-0.452230,-0.191642,0
0.156150,0.999971,-1.685295,-0.399490,-0.199604,0
0.156200,0.999971,-1.697012,-0.346357,-0.207350,0
0.156250,0.999971,-1.707054,-0.292882,-0.214869,0
0.156300,0.999971,-1.715412,-0.239117,-0.222157,0
0.156350,0.999971,-1.722076,-0.185117,-0.229204,0
0.156400,0.999971,-1.727041,-0.130934,-0.236005,0
0.156450,0.999971,-1.730302,-0.076622,-0.242552,0
0.156500,0.999971,-1.731855,-0.022234,-0.248839,0
0.156550,0.999972,-1.731699,0.032176,-0.254861,0
0.156600,0.999972,-1.729834,0.086554,-0.260610,0
0.156650,0.999972,-1.726262,0.140847,-0.266081,0
0.156700,0.999972,-1.720986,0.195001,-0.271269,0
0.156750,0.999972,-1.714012,0.248962,-0.276169,0
0.156800,0.999972,-1.705346,0.302678,-0.280776,0
0.156850,0.999972,-1.694997,0.356094,-0.285085,0
0.156900,0.999972,-1.682976,0.409160,-0.289093,0
0.156950,0.999972,-1.669293,0.461822,-0.292794,0
0.157000,0.999972,-1.653964,0.514027,-0.296186,0
0.157050,0.999972,-1.637002,0.565726,-0.299265,0
0.157100,0.999972,-1.618424,0.616866,-0.302028,0
0.157150,0.999972,-1.598249,0.667398,-0.304473,0
0.157200,0.999972,-1.576497,0.717271,-0.306596,0
0.157250,0.999972,-1.553190,0.766436,-0.308397,0
0.157300,0.999973,-1.528349,0.814845,-0.309872,0
0.157350,0.999973,-1.502000,0.862449,-0.311021,0
0.157400,0.999973,-1.474169,0.909203,-0.311843,0
0.157450,0.999973,-1.444883,0.955059,-0.312336,0
0.157500,0.999973,-1.414171,0.999973,-0.312500,0
0.157550,0.999973,-1.382063,1.043900,-0.312336,0
0.157600,0.999973,-1.348592,1.086796,-0.311843,0
0.157650,0.999973,-1.313789,1.128620,-0.311021,0
0.157700,0.999973,-1.277690,1.169331,-0.309872,0
0.157750,0.999973,-1.240330,1.208887,-0.308397,0
0.157800,0.999973,-1.201746,1.247250,-0.306596,0
0.157850,0.999973,-1.161976,1.284383,-0.304473,0
0.157900,0.999973,-1.121060,1.320247,-0.302028,0
0.157950,0.999973,-1.079036,1.354809,-0.299265,0
0.158000,0.999973,-1.035949,1.388034,-0.296186,0
0.158050,0.999974,-0.991838,1.419889,-0.292794,0
0.158100,0.999974,-0.946749,1.450343,-0.289093,0
0.158150,0.999974,-0.900726,1.479366,-0.285085,0
0.158200,0.999974,-0.853813,1.506928,-0.280776,0
0.158250,0.999974,-0.806058,1.533004,-0.276169,0
0.158300,0.999974,-0.757508,1.557566,-0.271269,0
0.158350,0.999974,-0.708210,1.580592,-0.266081,0
0.158400,0.999974,-0.658213,1.602057,-0.260610,0
0.158450,0.999974,-0.607566,1.621942,-0.254861,0
0.158500,0.999974,-0.556320,1.640226,-0.248839,0
0.158550,0.999974,-0.504525,1.656891,-0.242552,0
0.158600,0.999974,-0.452231,1.671921,-0.236005,0
0.158650,0.999974,-0.399492,1.685301,-0.229204,0
0.158700,0.999974,-0.346358,1.697018,-0.222157,0
0.158750,0.999974,-0.292883,1.707060,-0.214869,0
0.158800,0.999974,-0.239118,1.715418,-0.207349,0
0.158850,0.999974,-0.185118,1.722082,-0.199604,0
0.158900,0.999975,-0.130935,1.727047,-0.191642,0
0.158950,0.999975,-0.076622,1.730308,-0.183469,0
0.159000,0.999975,-0.022234,1.731861,-0.175096,0
0.159050,0.999975,0.032176,1.731705,-0.166528,0
0.159100,0.999975,0.086554,1.729840,-0.157776,0
0.159150,0.999975,0.140847,1.726268,-0.148848,0
0.159200,0.999975,0.195001,1.720992,-0.139752,0
0.159250,0.999975,0.248963,1.714018,-0.130497,0
0.159300,0.999975,0.302678,1.705352,-0.121094,0
0.159350,0.999975,0.356095,1.695003,-0.111550,0
0.159400,0.999975,0.409161,1.682982,-0.101875,0
0.159450,0.999975,0.461823,1.669299,-0.092080,0
0.159500,0.999975,0.514029,1.653969,-0.082173,0
0.159550,0.999975,0.565728,1.637007,-0.072164,0
0.159600,0.999975,0.616868,1.618430,-0.062064,0
0.159650,0.999975,0.667400,1.598255,-0.051881,0
0.159700,0.999976,0.717273,1.576503,-0.041628,0
0.159750,0.999976,0.766438,1.553195,-0.031312,0
0.159800,0.999976,0.814847,1.528354,-0.020945,0
0.159850,0.999976,0.862452,1.502005,-0.010537,0
0.159900,0.999976,0.909206,1.474174,-0.000097,0
0.159950,0.999976,0.955062,1.444888,0.010363,0
0.160000,0.999976,0.999976,1.414176,0.020833,0
0.160050,0.999976,1.043903,1.382068,0.031303,0
0.160100,0.999976,1.086800,1.348596,0.041763,0
0.160150,0.999976,1.128624,1.313794,0.052202,0
0.160200,0.999976,1.169334,1.277695,0.062611,0
0.160250,0.999976,1.208891,1.240334,0.072978,0
0.160300,0.999976,1.247254,1.201750,0.083293,0
0.160350,0.999976,1.284387,1.161980,0.093547,0
0.160400,0.999976,1.320252,1.121063,0.103730,0
0.160450,0.999976,1.354814,1.079040,0.113830,0
0.160500,0.999976,1.388039,1.035952,0.123839,0
0.160550,0.999976,1.419894,0.991842,0.133746,0
0.160600,0.999977,1.450348,0.946752,0.143541,0
0.160650,0.999977,1.479370,0.900729,0.153216,0
0.160700,0.999977,1.506933,0.853816,0.162759,0
0.160750,0.999977,1.533009,0.806061,0.172163,0
0.160800,0.999977,1.557571,0.757510,0.181417,0
0.160850,0.999977,1.580597,0.708212,0.190513,0
0.160900,0.999977,1.602062,0.658215,0.199442,0
0.160950,0.999977,1.621947,0.607568,0.208194,0
0.161000,0.999977,1.640231,0.556322,0.216761,0
0.161050,0.999977,1.656896,0.504526,0.225135,0
0.161100,0.999977,1.671926,0.452233,0.233308,0
0.161150,0.999977,1.685306,0.399494,0.241270,0
0.161200,0.999977,1.697023,0.346360,0.249015,0
0.161250,0.999977,1.707065,0.292884,0.256535,0
0.161300,0.999977,1.715423,0.239119,0.263822,0
0.161350,0.999977,1.722087,0.185119,0.270870,0
0.161400,0.999977,1.727052,0.130935,0.277671,0
0.161450,0.999977,1.730313,0.076623,0.284218,0
0.161500,0.999978,1.731866,0.022234,0.290505,0
0.161550,0.999978,1.731710,-0.032176,0.296526,0
0.161600,0.999978,1.729845,-0.086554,0.302276,0
0.161650,0.999978,1.726273,-0.140847,0.307747,0
0.161700,0.999978,1.720997,-0.195001,0.312935,0
0.161750,0.999978,1.714023,-0.248963,0.317835,0
0.161800,0.999978,1.705357,-0.302679,0.322442,0
0.161850,0.999978,1.695008,-0.356096,0.326751,0
0.161900,0.999978,1.682987,-0.409162,0.330758,0
0.161950,0.999978,1.669304,-0.461824,0.334460,0
0.162000,0.999978,1.653974,-0.514030,0.337852,0
0.162050,0.999978,1.637012,-0.565729,0.340931,0
0.162100,0.999978,1.618435,-0.616870,0.343694,0
0.162150,0.999978,1.598260,-0.667402,0.346139,0
0.162200,0.999978,1.576508,-0.717275,0.348262,0
0.162250,0.999978,1.553200,-0.766440,0.350062,0
0.162300,0.999978,1.528359,-0.814849,0.351538,0
0.162350,0.999978,1.502010,-0.862454,0.352687,0
0.162400,0.999978,1.474178,-0.909208,0.353509,0
0.162450,0.999979,1.444892,-0.955065,0.354002,0
0.162500,0.999979,1.414180,-0.999979,0.354166,0
0.162550,0.999979,1.382072,-1.043906,0.354002,0
0.162600,0.999979,1.348600,-1.086802,0.353509,0
0.162650,0.999979,1.313798,-1.128627,0.352687,0
0.162700,0.999979,1.277698,-1.169337,0.351538,0
0.162750,0.999979,1.240338,-1.208894,0.350062,0
0.162800,0.999979,1.201754,-1.247257,0.348262,0
0.162850,0.999979,1.161984,-1.284390,0.346139,0
0.162900,0.999979,1.121067,-1.320255,0.343694,0
0.162950,0.999979,1.079043,-1.354817,0.340931,0
0.163000,0.999979,1.035955,-1.388042,0.337852,0
0.163050,0.999979,0.991845,-1.419898,0.334460,0
0.163100,0.999979,0.946755,-1.450352,0.330758,0
0.163150,0.999979,0.900731,-1.479374,0.326751,0
0.163200,0.999979,0.853819,-1.506937,0.322442,0
0.163250,0.999979,0.806063,-1.533013,0.317835,0
0.163300,0.999979,0.757513,-1.557575,0.312935,0
0.163350,0.999979,0.708214,-1.580601,0.307747,0
0.163400,0.999979,0.658217,-1.602067,0.302276,0
0.163450,0.999980,0.607570,-1.621951,0.296527,0
0.163500,0.999980,0.556324,-1.640235,0.290505,0
0.163550,0.999980,0.504528,-1.656901,0.284218,0
0.163600,0.999980,0.452235,-1.671931,0.277671,0
0.163650,0.999980,0.399495,-1.685311,0.270870,0
0.163700,0.999980,0.346361,-1.697028,0.263823,0
0.163750,0.999980,0.292885,-1.707070,0.256535,0
0.163800,0.999980,0.239120,-1.715427,0.249015,0
0.163850,0.999980,0.185119,-1.722092,0.241270,0
0.163900,0.999980,0.130936,-1.727057,0.233308,0
0.163950,0.999980,0.076623,-1.730318,0.225135,0
0.164000,0.999980,0.022235,-1.731871,0.216761,0
0.164050,0.999980,-0.032176,-1.731715,0.208194,0
0.164100,0.999980,-0.086554,-1.729850,0.199442,0
0.164150,0.999980,-0.140848,-1.726278,0.190513,0
0.164200,0.999980,-0.195002,-1.721002,0.181418,0
0.164250,0.999980,-0.248963,-1.714027,0.172163,0
0.164300,0.999980,-0.302680,-1.705362,0.162759,0
0.164350,0.999980,-0.356097,-1.695013,0.153216,0
0.164400,0.999980,-0.409163,-1.682991,0.143541,0
0.164450,0.999980,-0.461825,-1.669309,0.133746,0
0.164500,0.999981,-0.514031,-1.653979,0.123839,0
0.164550,0.999981,-0.565730,-1.637017,0.113830,0
0.164600,0.999981,-0.616871,-1.618439,0.103730,0
0.164650,0.999981,-0.667403,-1.598264,0.093547,0
0.164700,0.999981,-0.717277,-1.576512,0.083293,0
0.164750,0.999981,-0.766442,-1.553204,0.072978,0
0.164800,0.999981,-0.814851,-1.528363,0.062611,0
0.164850,0.999981,-0.862456,-1.502014,0.052202,0
0.164900,0.999981,-0.909210,-1.474182,0.041763,0
0.164950,0.999981,-0.955067,-1.444896,0.031303,0
0.165000,0.999981,-0.999981,-1.414184,0.020833,0
0.165050,0.999981,-1.043908,-1.382076,0.010363,0
0.165100,0.999981,-1.086805,-1.348604,-0.000097,0
0.165150,0.999981,-1.128630,-1.313801,-0.010536,0
0.165200,0.999981,-1.169340,-1.277702,-0.020945,0
0.165250,0.999981,-1.208897,-1.240341,-0.031312,0
0.165300,0.999981,-1.247260,-1.201757,-0.041627,0
0.165350,0.999981,-1.284393,-1.161987,-0.051881,0
0.165400,0.999981,-1.320258,-1.121070,-0.062064,0
0.165450,0.999981,-1.354821,-1.079046,-0.072164,0
0.165500,0.999981,-1.388046,-1.035958,-0.082173,0
0.165550,0.999981,-1.419901,-0.991847,-0.092080,0
0.165600,0.999981,-1.450355,-0.946758,-0.101875,0
0.165650,0.999982,-1.479378,-0.900734,-0.111550,0
0.165700,0.999982,-1.506941,-0.853821,-0.121093,0
0.165750,0.999982,-1.533017,-0.806066,-0.130497,0
0.165800,0.999982,-1.557579,-0.757515,-0.139752,0
0.165850,0.999982,-1.580605,-0.708216,-0.148847,0
0.165900,0.999982,-1.602071,-0.658219,-0.157776,0
0.165950,0.999982,-1.621955,-0.607572,-0.166528,0
0.166000,0.999982,-1.640239,-0.556325,-0.175095,0
0.166050,0.999982,-1.656905,-0.504529,-0.183469,0
0.166100,0.999982,-1.671935,-0.452236,-0.191642,0
0.166150,0.999982,-1.685315,-0.399496,-0.199604,0
0.166200,0.999982,-1.697032,-0.346362,-0.207349,0
0.166250,0.999982,-1.707074,-0.292886,-0.214869,0
0.166300,0.999982,-1.715432,-0.239121,-0.222157,0
0.166350,0.999982,-1.722096,-0.185120,-0.229204,0
0.166400,0.999982,-1.727061,-0.130936,-0.236005,0
0.166450,0.999982,-1.730322,-0.076623,-0.242552,0
0.166500,0.999982,-1.731875,-0.022235,-0.248839,0
0.166550,0.999982,-1.731719,0.032176,-0.254860,0
0.166600,0.999982,-1.729854,0.086554,-0.260610,0
0.166650,0.999982,-1.726282,0.140848,-0.266081,0
0.166700,0.999982,-1.721006,0.195002,-0.271269,0
0.166750,0.999982,-1.714031,0.248964,-0.276169,0
0.166800,0.999983,-1.705366,0.302680,-0.280776,0
0.166850,0.999983,-1.695017,0.356098,-0.285085,0
0.166900,0.999983,-1.682995,0.409164,-0.289092,0
0.166950,0.999983,-1.669313,0.461826,-0.292794,0
0.167000,0.999983,-1.653983,0.514032,-0.296186,0
0.167050,0.999983,-1.637021,0.565732,-0.299265,0
0.167100,0.999983,-1.618443,0.616873,-0.302028,0
0.167150,0.999983,-1.598268,0.667405,-0.304473,0
0.167200,0.999983,-1.576516,0.717278,-0.306596,0
0.167250,0.999983,-1.553207,0.766444,-0.308396,0
0.167300,0.999983,-1.528367,0.814853,-0.309872,0
0.167350,0.999983,-1.502017,0.862458,-0.311021,0
0.167400,0.999983,-1.474186,0.909212,-0.311843,0
0.167450,0.999983,-1.444899,0.955069,-0.312336,0
0.167500,0.999983,-1.414187,0.999983,-0.312500,0
0.167550,0.999983,-1.382079,1.043910,-0.312336,0
0.167600,0.999983,-1.348607,1.086807,-0.311843,0
0.167650,0.999983,-1.313804,1.128632,-0.311021,0
0.167700,0.999983,-1.277705,1.169343,-0.309872,0
0.167750,0.999983,-1.240344,1.208899,-0.308396,0
0.167800,0.999983,-1.201760,1.247263,-0.306596,0
0.167850,0.999983,-1.161990,1.284396,-0.304473,0
0.167900,0.999983,-1.121072,1.320261,-0.302028,0
0.167950,0.999983,-1.079049,1.354824,-0.299265,0
0.168000,0.999983,-1.035960,1.388049,-0.296186,0
0.168050,0.999984,-0.991850,1.419904,-0.292794,0
0.168100,0.999984,-0.946760,1.450358,-0.289092,0
0.168150,0.999984,-0.900736,1.479381,-0.285085,0
0.168200,0.999984,-0.853823,1.506944,-0.280776,0
0.168250,0.999984,-0.806068,1.533020,-0.276169,0
0.168300,0.999984,-0.757517,1.557583,-0.271269,0
0.168350,0.999984,-0.708218,1.580608,-0.266081,0
0.168400,0.999984,-0.658220,1.602074,-0.260610,0
0.168450,0.999984,-0.607573,1.621959,-0.254860,0
0.168500,0.999984,-0.556327,1.640243,-0.248839,0
0.168550,0.999984,-0.504531,1.656908,-0.242552,0
0.168600,0.999984,-0.452237,1.671938,-0.236005,0
0.168650,0.999984,-0.399497,1.685319,-0.229204,0
0.168700,0.999984,-0.346363,1.697036,-0.222156,0
0.168750,0.999984,-0.292887,1.707078,-0.214869,0
0.168800,0.999984,-0.239122,1.715435,-0.207349,0
0.168850,0.999984,-0.185121,1.722100,-0.199604,0
0.168900,0.999984,-0.130937,1.727065,-0.191642,0
0.168950,0.999984,-0.076624,1.730326,-0.183469,0
0.169000,0.999984,-0.022235,1.731879,-0.175095,0
0.169050,0.999984,0.032176,1.731723,-0.166528,0
0.169100,0.999984,0.086554,1.729858,-0.157776,0
0.169150,0.999984,0.140848,1.726285,-0.148847,0
0.169200,0.999984,0.195002,1.721009,-0.139751,0
0.169250,0.999984,0.248964,1.714035,-0.130497,0
0.169300,0.999984,0.302681,1.705369,-0.121093,0
0.169350,0.999985,0.356098,1.695020,-0.111550,0
0.169400,0.999985,0.409164,1.682999,-0.101875,0
0.169450,0.999985,0.461827,1.669316,-0.092080,0
0.169500,0.999985,0.514033,1.653986,-0.082173,0
0.169550,0.999985,0.565733,1.637024,-0.072164,0
0.169600,0.999985,0.616874,1.618446,-0.062064,0
0.169650,0.999985,0.667406,1.598271,-0.051881,0
0.169700,0.999985,0.717280,1.576519,-0.041627,0
0.169750,0.999985,0.766445,1.553211,-0.031312,0
0.169800,0.999985,0.814855,1.528370,-0.020945,0
0.169850,0.999985,0.862460,1.502020,-0.010536,0
0.169900,0.999985,0.909214,1.474189,-0.000097,0
0.169950,0.999985,0.955071,1.444902,0.010363,0
0.170000,0.999985,0.999985,1.414190,0.020833,0
0.170050,0.999985,1.043912,1.382082,0.031303,0
0.170100,0.999985,1.086810,1.348610,0.041763,0
0.170150,0.999985,1.128634,1.313807,0.052203,0
0.170200,0.999985,1.169345,1.277707,0.062611,0
0.170250,0.999985,1.208902,1.240347,0.072978,0
0.170300,0.999985,1.247266,1.201763,0.083294,0
0.170350,0.999985,1.284398,1.161992,0.093547,0
0.170400,0.999985,1.320264,1.121075,0.103730,0
0.170450,0.999985,1.354826,1.079051,0.113830,0
0.170500,0.999985,1.388051,1.035963,0.123839,0
0.170550,0.999985,1.419907,0.991852,0.133746,0
0.170600,0.999985,1.450361,0.946762,0.143541,0
0.170650,0.999985,1.479384,0.900738,0.153216,0
0.170700,0.999985,1.506947,0.853825,0.162760,0
0.170750,0.999986,1.533023,0.806069,0.172163,0
0.170800,0.999986,1.557586,0.757518,0.181418,0
0.170850,0.999986,1.580611,0.708219,0.190514,0
0.170900,0.999986,1.602077,0.658222,0.199442,0
0.170950,0.999986,1.621962,0.607575,0.208194,0
0.171000,0.999986,1.640246,0.556328,0.216762,0
0.171050,0.999986,1.656911,0.504532,0.225135,0
0.171100,0.999986,1.671942,0.452238,0.233308,0
0.171150,0.999986,1.685322,0.399498,0.241270,0
0.171200,0.999986,1.697039,0.346364,0.249015,0
0.171250,0.999986,1.707081,0.292888,0.256535,0
0.171300,0.999986,1.715439,0.239122,0.263823,0
0.171350,0.999986,1.722103,0.185121,0.270870,0
0.171400,0.999986,1.727068,0.130937,0.277671,0
0.171450,0.999986,1.730329,0.076624,0.284218,0
0.171500,0.999986,1.731882,0.022235,0.290505,0
0.171550,0.999986,1.731726,-0.032175,0.296527,0
0.171600,0.999986,1.729861,-0.086554,0.302276,0
0.171650,0.999986,1.726289,-0.140848,0.307747,0
0.171700,0.999986,1.721013,-0.195002,0.312935,0
0.171750,0.999986,1.714038,-0.248965,0.317835,0
0.171800,0.999986,1.705372,-0.302681,0.322442,0
0.171850,0.999986,1.695024,-0.356099,0.326751,0
0.171900,0.999986,1.683002,-0.409165,0.330759,0
0.171950,0.999986,1.669319,-0.461827,0.334460,0
0.172000,0.999986,1.653989,-0.514034,0.337852,0
0.172050,0.999986,1.637027,-0.565734,0.340931,0
0.172100,0.999986,1.618449,-0.616875,0.343694,0
0.172150,0.999986,1.598274,-0.667407,0.346139,0
0.172200,0.999986,1.576522,-0.717281,0.348262,0
0.172250,0.999987,1.553214,-0.766447,0.350063,0
0.172300,0.999987,1.528373,-0.814856,0.351538,0
0.172350,0.999987,1.502023,-0.862461,0.352687,0
0.172400,0.999987,1.474192,-0.909215,0.353509,0
0.172450,0.999987,1.444905,-0.955072,0.354002,0
0.172500,0.999987,1.414193,-0.999987,0.354166,0
0.172550,0.999987,1.382084,-1.043914,0.354002,0
0.172600,0.999987,1.348612,-1.086811,0.353509,0
0.172650,0.999987,1.313809,-1.128636,0.352687,0
0.172700,0.999987,1.277710,-1.169347,0.351538,0
0.172750,0.999987,1.240349,-1.208904,0.350063,0
0.172800,0.999987,1.201765,-1.247268,0.348262,0
0.172850,0.999987,1.161994,-1.284401,0.346139,0
0.172900,0.999987,1.121077,-1.320266,0.343694,0
0.172950,0.999987,1.079053,-1.354828,0.340931,0
0.173000,0.999987,1.035965,-1.388054,0.337852,0
0.173050,0.999987,0.991854,-1.419909,0.334460,0
0.173100,0.999987,0.946764,-1.450364,0.330759,0
0.173150,0.999987,0.900740,-1.479387,0.326751,0
0.173200,0.999987,0.853827,-1.506950,0.322442,0
0.173250,0.999987,0.806071,-1.533025,0.317835,0
0.173300,0.999987,0.757520,-1.557588,0.312935,0
0.173350,0.999987,0.708221,-1.580614,0.307747,0
0.173400,0.999987,0.658223,-1.602080,0.302276,0
0.173450,0.999987,0.607576,-1.621965,0.296527,0
0.173500,0.999987,0.556329,-1.640249,0.290505,0
0.173550,0.999987,0.504533,-1.656914,0.284218,0
0.173600,0.999987,0.452239,-1.671944,0.277671,0
0.173650,0.999987,0.399499,-1.685325,0.270870,0
0.173700,0.999987,0.346364,-1.697042,0.263823,0
0.173750,0.999987,0.292888,-1.707084,0.256535,0
0.173800,0.999987,0.239123,-1.715441,0.249015,0
0.173850,0.999988,0.185122,-1.722106,0.241270,0
0.173900,0.999988,0.130938,-1.727071,0.233308,0
0.173950,0.999988,0.076624,-1.730332,0.225135,0
0.174000,0.999988,0.022235,-1.731885,0.216762,0
0.174050,0.999988,-0.032175,-1.731729,0.208194,0
0.174100,0.999988,-0.086554,-1.729864,0.199442,0
0.174150,0.999988,-0.140848,-1.726291,0.190514,0
0.174200,0.999988,-0.195003,-1.721016,0.181418,0
0.174250,0.999988,-0.248965,-1.714041,0.172163,0
0.174300,0.999988,-0.302681,-1.705375,0.162760,0
0.174350,0.999988,-0.356099,-1.695026,0.153216,0
0.174400,0.999988,-0.409165,-1.683005,0.143541,0
0.174450,0.999988,-0.461828,-1.669322,0.133746,0
0.174500,0.999988,-0.514035,-1.653992,0.123839,0
0.174550,0.999988,-0.565734,-1.637030,0.113830,0
0.174600,0.999988,-0.616876,-1.618452,0.103730,0
0.174650,0.999988,-0.667408,-1.598277,0.093548,0
0.174700,0.999988,-0.717282,-1.576524,0.083294,0
0.174750,0.999988,-0.766448,-1.553216,0.072978,0
0.174800,0.999988,-0.814857,-1.528375,0.062611,0
0.174850,0.999988,-0.862463,-1.502026,0.052203,0
0.174900,0.999988,-0.909217,-1.474194,0.041763,0
0.174950,0.999988,-0.955074,-1.444907,0.031303,0
0.175000,0.999988,-0.999988,-1.414195,0.020833,0
0.175050,0.999988,-1.043916,-1.382087,0.010363,0
0.175100,0.999988,-1.086813,-1.348615,-0.000097,0
0.175150,0.999988,-1.128638,-1.313812,-0.010536,0
0.175200,0.999988,-1.169349,-1.277712,-0.020945,0
0.175250,0.999988,-1.208906,-1.240351,-0.031312,0
0.175300,0.999988,-1.247270,-1.201767,-0.041627,0
0.175350,0.999988,-1.284403,-1.161996,-0.051881,0
0.175400,0.999988,-1.320268,-1.121079,-0.062063,0
0.175450,0.999988,-1.354830,-1.079055,-0.072164,0
0.175500,0.999988,-1.388056,-1.035966,-0.082173,0
0.175550,0.999988,-1.419912,-0.991855,-0.092080,0
0.175600,0.999988,-1.450366,-0.946765,-0.101875,0
0.175650,0.999989,-1.479389,-0.900741,-0.111549,0
0.175700,0.999989,-1.506952,-0.853828,-0.121093,0
0.175750,0.999989,-1.533028,-0.806072,-0.130497,0
0.175800,0.999989,-1.557591,-0.757521,-0.139751,0
0.175850,0.999989,-1.580616,-0.708222,-0.148847,0
0.175900,0.999989,-1.602082,-0.658224,-0.157776,0
0.175950,0.999989,-1.621967,-0.607577,-0.166528,0
0.176000,0.999989,-1.640251,-0.556330,-0.175095,0
0.176050,0.999989,-1.656917,-0.504534,-0.183469,0
0.176100,0.999989,-1.671947,-0.452240,-0.191642,0
0.176150,0.999989,-1.685327,-0.399500,-0.199604,0
0.176200,0.999989,-1.697044,-0.346365,-0.207349,0
0.176250,0.999989,-1.707086,-0.292889,-0.214869,0
0.176300,0.999989,-1.715444,-0.239123,-0.222156,0
0.176350,0.999989,-1.722109,-0.185122,-0.229204,0
0.176400,0.999989,-1.727074,-0.130938,-0.236005,0
0.176450,0.999989,-1.730334,-0.076625,-0.242552,0
0.176500,0.999989,-1.731888,-0.022236,-0.248839,0
0.176550,0.999989,-1.731731,0.032175,-0.254860,0
0.176600,0.999989,-1.729866,0.086554,-0.260609,0
0.176650,0.999989,-1.726294,0.140848,-0.266081,0
0.176700,0.999989,-1.721018,0.195003,-0.271269,0
0.176750,0.999989,-1.714044,0.248965,-0.276169,0
0.176800,0.999989,-1.705378,0.302682,-0.280776,0
0.176850,0.999989,-1.695029,0.356099,-0.285085,0
0.176900,0.999989,-1.683007,0.409166,-0.289092,0
0.176950,0.999989,-1.669325,0.461829,-0.292794,0
0.177000,0.999989,-1.653995,0.514035,-0.296186,0
0.177050,0.999989,-1.637032,0.565735,-0.299265,0
0.177100,0.999989,-1.618454,0.616876,-0.302028,0
0.177150,0.999989,-1.598279,0.667409,-0.304472,0
0.177200,0.999989,-1.576527,0.717283,-0.306596,0
0.177250,0.999989,-1.553219,0.766449,-0.308396,0
0.177300,0.999989,-1.528377,0.814858,-0.309872,0
0.177350,0.999989,-1.502028,0.862464,-0.311021,0
0.177400,0.999989,-1.474196,0.909218,-0.311842,0
0.177450,0.999989,-1.444910,0.955075,-0.312336,0
0.177500,0.999989,-1.414197,0.999989,-0.312500,0
0.177550,0.999990,-1.382089,1.043917,-0.312336,0
0.177600,0.999990,-1.348617,1.086814,-0.311842,0
0.177650,0.999990,-1.313814,1.128639,-0.311021,0
0.177700,0.999990,-1.277714,1.169350,-0.309872,0
0.177750,0.999990,-1.240353,1.208907,-0.308396,0
0.177800,0.999990,-1.201769,1.247271,-0.306596,0
0.177850,0.999990,-1.161998,1.284404,-0.304472,0
0.177900,0.999990,-1.121080,1.320270,-0.302028,0
0.177950,0.999990,-1.079057,1.354832,-0.299265,0
0.178000,0.999990,-1.035968,1.388058,-0.296186,0
0.178050,0.999990,-0.991857,1.419913,-0.292794,0
0.178100,0.999990,-0.946767,1.450368,-0.289092,0
0.178150,0.999990,-0.900742,1.479391,-0.285085,0
0.178200,0.999990,-0.853829,1.506954,-0.280776,0
0.178250,0.999990,-0.806073,1.533030,-0.276169,0
0.178300,0.999990,-0.757522,1.557593,-0.271269,0
0.178350,0.999990,-0.708223,1.580619,-0.266081,0
0.178400,0.999990,-0.658225,1.602084,-0.260609,0
0.178450,0.999990,-0.607578,1.621969,-0.254860,0
0.178500,0.999990,-0.556331,1.640253,-0.248839,0
0.178550,0.999990,-0.504535,1.656919,-0.242552,0
0.178600,0.999990,-0.452241,1.671949,-0.236005,0
0.178650,0.999990,-0.399500,1.685329,-0.229204,0
0.178700,0.999990,-0.346366,1.697046,-0.222156,0
0.178750,0.999990,-0.292889,1.707089,-0.214869,0
0.178800,0.999990,-0.239124,1.715446,-0.207349,0
0.178850,0.999990,-0.185122,1.722111,-0.199604,0
0.178900,0.999990,-0.130938,1.727076,-0.191641,0
0.178950,0.999990,-0.076625,1.730337,-0.183469,0
0.179000,0.999990,-0.022236,1.731890,-0.175095,0
0.179050,0.999990,0.032175,1.731734,-0.166528,0
0.179100,0.999990,0.086554,1.729869,-0.157776,0
0.179150,0.999990,0.140848,1.726296,-0.148847,0
0.179200,0.999990,0.195003,1.721020,-0.139751,0
0.179250,0.999990,0.248965,1.714046,-0.130497,0
0.179300,0.999990,0.302682,1.705380,-0.121093,0
0.179350,0.999990,0.356100,1.695031,-0.111549,0
0.179400,0.999990,0.409166,1.683009,-0.101875,0
0.179450,0.999990,0.461829,1.669327,-0.092079,0
0.179500,0.999990,0.514036,1.653997,-0.082172,0
0.179550,0.999990,0.565736,1.637034,-0.072164,0
0.179600,0.999990,0.616877,1.618456,-0.062063,0
0.179650,0.999991,0.667410,1.598281,-0.051881,0
0.179700,0.999991,0.717284,1.576529,-0.041627,0
0.179750,0.999991,0.766450,1.553221,-0.031312,0
0.179800,0.999991,0.814859,1.528379,-0.020945,0
0.179850,0.999991,0.862465,1.502030,-0.010536,0
0.179900,0.999991,0.909219,1.474198,-0.000097,0
0.179950,0.999991,0.955076,1.444911,0.010363,0
0.180000,0.999991,0.999991,1.414199,0.020833,0
0.180050,0.999991,1.043918,1.382091,0.031303,0
0.180100,0.999991,1.086816,1.348618,0.041763,0
0.180150,0.999991,1.128641,1.313815,0.052203,0
0.180200,0.999991,1.169352,1.277716,0.062611,0
0.180250,0.999991,1.208909,1.240355,0.072978,0
0.180300,0.999991,1.247273,1.201770,0.083294,0
0.180350,0.999991,1.284406,1.161999,0.093548,0
0.180400,0.999991,1.320271,1.121082,0.103730,0
0.180450,0.999991,1.354834,1.079058,0.113830,0
0.180500,0.999991,1.388059,1.035969,0.123839,0
0.180550,0.999991,1.419915,0.991858,0.133746,0
0.180600,0.999991,1.450370,0.946768,0.143541,0
0.180650,0.999991,1.479393,0.900744,0.153216,0
0.180700,0.999991,1.506956,0.853830,0.162760,0
0.180750,0.999991,1.533032,0.806074,0.172163,0
0.180800,0.999991,1.557595,0.757523,0.181418,0
0.180850,0.999991,1.580620,0.708224,0.190514,0
0.180900,0.999991,1.602086,0.658226,0.199442,0
0.180950,0.999991,1.621971,0.607579,0.208194,0
0.181000,0.999991,1.640255,0.556331,0.216762,0
0.181050,0.999991,1.656921,0.504535,0.225136,0
0.181100,0.999991,1.671951,0.452241,0.233308,0
0.181150,0.999991,1.685331,0.399501,0.241270,0
0.181200,0.999991,1.697048,0.346366,0.249016,0
0.181250,0.999991,1.707091,0.292890,0.256535,0
0.181300,0.999991,1.715448,0.239124,0.263823,0
0.181350,0.999991,1.722113,0.185123,0.270870,0
0.181400,0.999991,1.727078,0.130938,0.277671,0
0.181450,0.999991,1.730339,0.076625,0.284218,0
0.181500,0.999991,1.731892,0.022236,0.290506,0
0.181550,0.999991,1.731736,-0.032175,0.296527,0
0.181600,0.999991,1.729871,-0.086554,0.302276,0
0.181650,0.999991,1.726298,-0.140848,0.307747,0
0.181700,0.999991,1.721022,-0.195003,0.312935,0
0.181750,0.999991,1.714048,-0.248965,0.317835,0
0.181800,0.999991,1.705382,-0.302682,0.322442,0
0.181850,0.999991,1.695033,-0.356100,0.326751,0
0.181900,0.999991,1.683011,-0.409167,0.330759,0
0.181950,0.999991,1.669329,-0.461830,0.334460,0
0.182000,0.999992,1.653999,-0.514037,0.337852,0
0.182050,0.999992,1.637036,-0.565736,0.340931,0
0.182100,0.999992,1.618458,-0.616878,0.343694,0
0.182150,0.999992,1.598283,-0.667410,0.346139,0
0.182200,0.999992,1.576531,-0.717284,0.348262,0
0.182250,0.999992,1.553222,-0.766450,0.350063,0
0.182300,0.999992,1.528381,-0.814860,0.351538,0
0.182350,0.999992,1.502032,-0.862466,0.352687,0
0.182400,0.999992,1.474200,-0.909220,0.353509,0
0.182450,0.999992,1.444913,-0.955077,0.354002,0
0.182500,0.999992,1.414201,-0.999992,0.354167,0
0.182550,0.999992,1.382092,-1.043919,0.354002,0
0.182600,0.999992,1.348620,-1.086817,0.353509,0
0.182650,0.999992,1.313817,-1.128642,0.352687,0
0.182700,0.999992,1.277717,-1.169353,0.351538,0
0.182750,0.999992,1.240356,-1.208910,0.350063,0
0.182800,0.999992,1.201772,-1.247274,0.348262,0
0.182850,0.999992,1.162001,-1.284407,0.346139,0
0.182900,0.999992,1.121083,-1.320273,0.343694,0
0.182950,0.999992,1.079059,-1.354835,0.340931,0
0.183000,0.999992,1.035970,-1.388061,0.337852,0
0.183050,0.999992,0.991859,-1.419917,0.334460,0
0.183100,0.999992,0.946769,-1.450371,0.330759,0
0.183150,0.999992,0.900745,-1.479394,0.326751,0
0.183200,0.999992,0.853831,-1.506957,0.322442,0
0.183250,0.999992,0.806075,-1.533033,0.317835,0
0.183300,0.999992,0.757524,-1.557596,0.312935,0
0.183350,0.999992,0.708225,-1.580622,0.307747,0
0.183400,0.999992,0.658227,-1.602088,0.302276,0
0.183450,0.999992,0.607579,-1.621973,0.296527,0
0.183500,0.999992,0.556332,-1.640257,0.290506,0
0.183550,0.999992,0.504536,-1.656923,0.284218,0
0.183600,0.999992,0.452242,-1.671953,0.277671,0
0.183650,0.999992,0.399501,-1.685333,0.270870,0
0.183700,0.999992,0.346367,-1.697050,0.263823,0
0.183750,0.999992,0.292890,-1.707093,0.256535,0
0.183800,0.999992,0.239124,-1.715450,0.249016,0
0.183850,0.999992,0.185123,-1.722115,0.241270,0
0.183900,0.999992,0.130939,-1.727080,0.233308,0
0.183950,0.999992,0.076625,-1.730341,0.225136,0
0.184000,0.999992,0.022236,-1.731894,0.216762,0
0.184050,0.999992,-0.032175,-1.731738,0.208194,0
0.184100,0.999992,-0.086554,-1.729872,0.199442,0
0.184150,0.999992,-0.140848,-1.726300,0.190514,0
0.184200,0.999992,-0.195003,-1.721024,0.181418,0
0.184250,0.999992,-0.248966,-1.714050,0.172163,0
0.184300,0.999992,-0.302682,-1.705384,0.162760,0
0.184350,0.999992,-0.356100,-1.695035,0.153216,0
0.184400,0.999992,-0.409167,-1.683013,0.143541,0
0.184450,0.999992,-0.461830,-1.669331,0.133746,0
0.184500,0.999992,-0.514037,-1.654000,0.123839,0
0.184550,0.999992,-0.565737,-1.637038,0.113830,0
0.184600,0.999993,-0.616878,-1.618460,0.103730,0
0.184650,0.999993,-0.667411,-1.598285,0.093548,0
0.184700,0.999993,-0.717285,-1.576532,0.083294,0
0.184750,0.999993,-0.766451,-1.553224,0.072978,0
0.184800,0.999993,-0.814861,-1.528383,0.062611,0
0.184850,0.999993,-0.862466,-1.502033,0.052203,0
0.184900,0.999993,-0.909221,-1.474201,0.041763,0
0.184950,0.999993,-0.955078,-1.444915,0.031303,0
0.185000,0.999993,-0.999993,-1.414202,0.020833,0
0.185050,0.999993,-1.043920,-1.382094,0.010363,0
0.185100,0.999993,-1.086818,-1.348621,-0.000097,0
0.185150,0.999993,-1.128643,-1.313818,-0.010536,0
0.185200,0.999993,-1.169354,-1.277718,-0.020945,0
0.185250,0.999993,-1.208911,-1.240358,-0.031312,0
0.185300,0.999993,-1.247275,-1.201773,-0.041627,0
0.185350,0.999993,-1.284408,-1.162002,-0.051881,0
0.185400,0.999993,-1.320274,-1.121084,-0.062063,0
0.185450,0.999993,-1.354837,-1.079060,-0.072164,0
0.185500,0.999993,-1.388062,-1.035972,-0.082172,0
0.185550,0.999993,-1.419918,-0.991860,-0.092079,0
0.185600,0.999993,-1.450372,-0.946770,-0.101875,0
0.185650,0.999993,-1.479396,-0.900746,-0.111549,0
0.185700,0.999993,-1.506959,-0.853832,-0.121093,0
0.185750,0.999993,-1.533035,-0.806076,-0.130497,0
0.185800,0.999993,-1.557598,-0.757525,-0.139751,0
0.185850,0.999993,-1.580624,-0.708226,-0.148847,0
0.185900,0.999993,-1.602090,-0.658228,-0.157776,0
0.185950,0.999993,-1.621974,-0.607580,-0.166528,0
0.186000,0.999993,-1.640259,-0.556333,-0.175095,0
0.186050,0.999993,-1.656924,-0.504536,-0.183469,0
0.186100,0.999993,-1.671954,-0.452242,-0.191641,0
0.186150,0.999993,-1.685335,-0.399502,-0.199604,0
0.186200,0.999993,-1.697052,-0.346367,-0.207349,0
0.186250,0.999993,-1.707094,-0.292890,-0.214869,0
0.186300,0.999993,-1.715452,-0.239125,-0.222156,0
0.186350,0.999993,-1.722116,-0.185123,-0.229204,0
0.186400,0.999993,-1.727082,-0.130939,-0.236005,0
0.186450,0.999993,-1.730342,-0.076625,-0.242552,0
0.186500,0.999993,-1.731895,-0.022236,-0.248839,0
0.186550,0.999993,-1.731739,0.032175,-0.254860,0
0.186600,0.999993,-1.729874,0.086554,-0.260609,0
0.186650,0.999993,-1.726302,0.140848,-0.266081,0
0.186700,0.999993,-1.721026,0.195003,-0.271269,0
0.186750,0.999993,-1.714051,0.248966,-0.276169,0
0.186800,0.999993,-1.705385,0.302683,-0.280776,0
0.186850,0.999993,-1.695037,0.356101,-0.285085,0
0.186900,0.999993,-1.683015,0.409167,-0.289092,0
0.186950,0.999993,-1.669332,0.461830,-0.292794,0
0.187000,0.999993,-1.654002,0.514037,-0.296186,0
0.187050,0.999993,-1.637040,0.565737,-0.299265,0
0.187100,0.999993,-1.618462,0.616879,-0.302028,0
0.187150,0.999993,-1.598286,0.667411,-0.304472,0
0.187200,0.999993,-1.576534,0.717285,-0.306596,0
0.187250,0.999993,-1.553225,0.766452,-0.308396,0
0.187300,0.999993,-1.528384,0.814861,-0.309872,0
0.187350,0.999993,-1.502035,0.862467,-0.311021,0
0.187400,0.999993,-1.474203,0.909222,-0.311842,0
0.187450,0.999993,-1.444916,0.955079,-0.312336,0
0.187500,0.999993,-1.414203,0.999993,-0.312500,0
0.187550,0.999993,-1.382095,1.043921,-0.312336,0
0.187600,0.999993,-1.348623,1.086819,-0.311842,0
0.187650,0.999994,-1.313819,1.128644,-0.311021,0
0.187700,0.999994,-1.277720,1.169355,-0.309872,0
0.187750,0.999994,-1.240359,1.208912,-0.308396,0
0.187800,0.999994,-1.201774,1.247276,-0.306596,0
0.187850,0.999994,-1.162003,1.284409,-0.304472,0
0.187900,0.999994,-1.121085,1.320275,-0.302028,0
0.187950,0.999994,-1.079061,1.354838,-0.299265,0
0.188000,0.999994,-1.035972,1.388063,-0.296186,0
0.188050,0.999994,-0.991861,1.419919,-0.292794,0
0.188100,0.999994,-0.946771,1.450374,-0.289092,0
0.188150,0.999994,-0.900747,1.479397,-0.285085,0
0.188200,0.999994,-0.853833,1.506960,-0.280776,0
0.188250,0.999994,-0.806077,1.533036,-0.276169,0
0.188300,0.999994,-0.757525,1.557599,-0.271269,0
0.188350,0.999994,-0.708226,1.580625,-0.266081,0
0.188400,0.999994,-0.658228,1.602091,-0.260609,0
0.188450,0.999994,-0.607581,1.621976,-0.254860,0
0.188500,0.999994,-0.556333,1.640260,-0.248839,0
0.188550,0.999994,-0.504537,1.656926,-0.242552,0
0.188600,0.999994,-0.452243,1.671956,-0.236005,0
0.188650,0.999994,-0.399502,1.685336,-0.229204,0
0.188700,0.999994,-0.346367,1.697053,-0.222156,0
0.188750,0.999994,-0.292891,1.707096,-0.214869,0
0.188800,0.999994,-0.239125,1.715453,-0.207349,0
0.188850,0.999994,-0.185123,1.722118,-0.199604,0
0.188900,0.999994,-0.130939,1.727083,-0.191641,0
0.188950,0.999994,-0.076625,1.730344,-0.183469,0
0.189000,0.999994,-0.022236,1.731897,-0.175095,0
0.189050,0.999994,0.032175,1.731741,-0.166528,0
0.189100,0.999994,0.086554,1.729876,-0.157776,0
0.189150,0.999994,0.140848,1.726303,-0.148847,0
0.189200,0.999994,0.195003,1.721027,-0.139751,0
0.189250,0.999994,0.248966,1.714053,-0.130497,0
0.189300,0.999994,0.302683,1.705387,-0.121093,0
0.189350,0.999994,0.356101,1.695038,-0.111549,0
0.189400,0.999994,0.409168,1.683016,-0.101875,0
0.189450,0.999994,0.461831,1.669333,-0.092079,0
0.189500,0.999994,0.514038,1.654003,-0.082172,0
0.189550,0.999994,0.565738,1.637041,-0.072164,0
0.189600,0.999994,0.616879,1.618463,-0.062063,0
0.189650,0.999994,0.667412,1.598288,-0.051881,0
0.189700,0.999994,0.717286,1.576535,-0.041627,0
0.189750,0.999994,0.766452,1.553227,-0.031312,0
0.189800,0.999994,0.814862,1.528385,-0.020945,0
0.189850,0.999994,0.862468,1.502036,-0.010536,0
0.189900,0.999994,0.909222,1.474204,-0.000097,0
0.189950,0.999994,0.955080,1.444917,0.010363,0
0.190000,0.999994,0.999994,1.414204,0.020833,0
0.190050,0.999994,1.043922,1.382096,0.031303,0
0.190100,0.999994,1.086820,1.348624,0.041763,0
0.190150,0.999994,1.128645,1.313820,0.052203,0
0.190200,0.999994,1.169356,1.277721,0.062611,0
0.190250,0.999994,1.208913,1.240360,0.072978,0
0.190300,0.999994,1.247277,1.201775,0.083294,0
0.190350,0.999994,1.284410,1.162004,0.093548,0
0.190400,0.999994,1.320276,1.121086,0.103730,0
0.190450,0.999994,1.354839,1.079062,0.113830,0
0.190500,0.999994,1.388064,1.035973,0.123839,0
0.190550,0.999994,1.419920,0.991862,0.133746,0
0.190600,0.999994,1.450375,0.946772,0.143541,0
0.190650,0.999994,1.479398,0.900747,0.153216,0
0.190700,0.999994,1.506961,0.853834,0.162760,0
0.190750,0.999994,1.533037,0.806078,0.172163,0
0.190800,0.999994,1.557600,0.757526,0.181418,0
0.190850,0.999994,1.580626,0.708227,0.190514,0
0.190900,0.999994,1.602092,0.658229,0.199442,0
0.190950,0.999994,1.621977,0.607581,0.208194,0
0.191000,0.999994,1.640261,0.556334,0.216762,0
0.191050,0.999994,1.656927,0.504537,0.225136,0
0.191100,0.999994,1.671957,0.452243,0.233308,0
0.191150,0.999995,1.685337,0.399503,0.241271,0
0.191200,0.999995,1.697055,0.346368,0.249016,0
0.191250,0.999995,1.707097,0.292891,0.256536,0
0.191300,0.999995,1.715454,0.239125,0.263823,0
0.191350,0.999995,1.722119,0.185124,0.270870,0
0.191400,0.999995,1.727084,0.130939,0.277671,0
0.191450,0.999995,1.730345,0.076626,0.284218,0
0.191500,0.999995,1.731898,0.022236,0.290506,0
0.191550,0.999995,1.731742,-0.032175,0.296527,0
0.191600,0.999995,1.729877,-0.086554,0.302276,0
0.191650,0.999995,1.726304,-0.140848,0.307747,0
0.191700,0.999995,1.721029,-0.195003,0.312935,0
0.191750,0.999995,1.714054,-0.248966,0.317835,0
0.191800,0.999995,1.705388,-0.302683,0.322442,0
0.191850,0.999995,1.695039,-0.356101,0.326751,0
0.191900,0.999995,1.683017,-0.409168,0.330759,0
0.191950,0.999995,1.669335,-0.461831,0.334460,0
0.192000,0.999995,1.654004,-0.514038,0.337852,0
0.192050,0.999995,1.637042,-0.565738,0.340931,0
0.192100,0.999995,1.618464,-0.616880,0.343694,0
0.192150,0.999995,1.598289,-0.667412,0.346139,0
0.192200,0.999995,1.576536,-0.717286,0.348262,0
0.192250,0.999995,1.553228,-0.766453,0.350063,0
0.192300,0.999995,1.528387,-0.814863,0.351538,0
0.192350,0.999995,1.502037,-0.862468,0.352687,0
0.192400,0.999995,1.474205,-0.909223,0.353509,0
0.192450,0.999995,1.444918,-0.955080,0.354002,0
0.192500,0.999995,1.414205,-0.999995,0.354167,0
0.192550,0.999995,1.382097,-1.043923,0.354002,0
0.192600,0.999995,1.348625,-1.086820,0.353509,0
0.192650,0.999995,1.313821,-1.128645,0.352687,0
0.192700,0.999995,1.277722,-1.169357,0.351538,0
0.192750,0.999995,1.240361,-1.208914,0.350063,0
0.192800,0.999995,1.201776,-1.247278,0.348262,0
0.192850,0.999995,1.162005,-1.284411,0.346139,0
0.192900,0.999995,1.121087,-1.320277,0.343694,0
0.192950,0.999995,1.079063,-1.354840,0.340931,0
0.193000,0.999995,1.035974,-1.388065,0.337852,0
0.193050,0.999995,0.991863,-1.419921,0.334460,0
0.193100,0.999995,0.946772,-1.450376,0.330759,0
0.193150,0.999995,0.900748,-1.479399,0.326751,0
0.193200,0.999995,0.853834,-1.506962,0.322442,0
0.193250,0.999995,0.806078,-1.533038,0.317835,0
0.193300,0.999995,0.757527,-1.557601,0.312935,0
0.193350,0.999995,0.708227,-1.580627,0.307747,0
0.193400,0.999995,0.658229,-1.602093,0.302276,0
0.193450,0.999995,0.607582,-1.621978,0.296527,0
0.193500,0.999995,0.556334,-1.640262,0.290506,0
0.193550,0.999995,0.504538,-1.656928,0.284218,0
0.193600,0.999995,0.452243,-1.671958,0.277671,0
0.193650,0.999995,0.399503,-1.685339,0.270870,0
0.193700,0.999995,0.346368,-1.697056,0.263823,0
0.193750,0.999995,0.292891,-1.707098,0.256536,0
0.193800,0.999995,0.239125,-1.715456,0.249016,0
0.193850,0.999995,0.185124,-1.722120,0.241271,0
0.193900,0.999995,0.130939,-1.727085,0.233308,0
0.193950,0.999995,0.076626,-1.730346,0.225136,0
0.194000,0.999995,0.022236,-1.731899,0.216762,0
0.194050,0.999995,-0.032175,-1.731743,0.208194,0
0.194100,0.999995,-0.086554,-1.729878,0.199442,0
0.194150,0.999995,-0.140848,-1.726306,0.190514,0
0.194200,0.999995,-0.195004,-1.721030,0.181418,0
0.194250,0.999995,-0.248966,-1.714055,0.172163,0
0.194300,0.999995,-0.302683,-1.705389,0.162760,0
0.194350,0.999995,-0.356101,-1.695040,0.153216,0
0.194400,0.999995,-0.409168,-1.683018,0.143541,0
0.194450,0.999995,-0.461831,-1.669336,0.133746,0
0.194500,0.999995,-0.514038,-1.654006,0.123839,0
0.194550,0.999995,-0.565738,-1.637043,0.113830,0
0.194600,0.999995,-0.616880,-1.618465,0.103730,0
0.194650,0.999995,-0.667413,-1.598290,0.093548,0
0.194700,0.999995,-0.717287,-1.576537,0.083294,0
0.194750,0.999995,-0.766453,-1.553229,0.072978,0
0.194800,0.999995,-0.814863,-1.528388,0.062611,0
0.194850,0.999995,-0.862469,-1.502038,0.052203,0
0.194900,0.999995,-0.909223,-1.474206,0.041763,0
0.194950,0.999995,-0.955081,-1.444919,0.031304,0
0.195000,0.999995,-0.999995,-1.414206,0.020833,0
0.195050,0.999995,-1.043923,-1.382098,0.010363,0
0.195100,0.999995,-1.086821,-1.348626,-0.000097,0
0.195150,0.999995,-1.128646,-1.313822,-0.010536,0
0.195200,0.999995,-1.169357,-1.277722,-0.020944,0
0.195250,0.999995,-1.208914,-1.240361,-0.031312,0
0.195300,0.999995,-1.247279,-1.201777,-0.041627,0
0.195350,0.999996,-1.284412,-1.162006,-0.051881,0
0.195400,0.999996,-1.320278,-1.121088,-0.062063,0
0.195450,0.999996,-1.354840,-1.079064,-0.072164,0
0.195500,0.999996,-1.388066,-1.035975,-0.082172,0
0.195550,0.999996,-1.419922,-0.991863,-0.092079,0
0.195600,0.999996,-1.450377,-0.946773,-0.101875,0
0.195650,0.999996,-1.479400,-0.900749,-0.111549,0
0.195700,0.999996,-1.506963,-0.853835,-0.121093,0
0.195750,0.999996,-1.533039,-0.806079,-0.130497,0
0.195800,0.999996,-1.557602,-0.757527,-0.139751,0
0.195850,0.999996,-1.580628,-0.708228,-0.148847,0
0.195900,0.999996,-1.602094,-0.658230,-0.157776,0
0.195950,0.999996,-1.621979,-0.607582,-0.166528,0
0.196000,0.999996,-1.640263,-0.556335,-0.175095,0
0.196050,0.999996,-1.656929,-0.504538,-0.183469,0
0.196100,0.999996,-1.671959,-0.452244,-0.191641,0
0.196150,0.999996,-1.685340,-0.399503,-0.199604,0
0.196200,0.999996,-1.697057,-0.346368,-0.207349,0
0.196250,0.999996,-1.707099,-0.292891,-0.214869,0
0.196300,0.999996,-1.715457,-0.239126,-0.222156,0
0.196350,0.999996,-1.722121,-0.185124,-0.229204,0
0.196400,0.999996,-1.727086,-0.130939,-0.236004,0
0.196450,0.999996,-1.730347,-0.076626,-0.242552,0
0.196500,0.999996,-1.731900,-0.022236,-0.248839,0
0.196550,0.999996,-1.731744,0.032175,-0.254860,0
0.196600,0.999996,-1.729879,0.086554,-0.260609,0
0.196650,0.999996,-1.726307,0.140848,-0.266081,0
0.196700,0.999996,-1.721031,0.195004,-0.271269,0
0.196750,0.999996,-1.714056,0.248966,-0.276169,0
0.196800,0.999996,-1.705390,0.302683,-0.280776,0
0.196850,0.999996,-1.695041,0.356101,-0.285085,0
0.196900,0.999996,-1.683019,0.409168,-0.289092,0
0.196950,0.999996,-1.669337,0.461831,-0.292794,0
0.197000,0.999996,-1.654007,0.514039,-0.296186,0
0.197050,0.999996,-1.637044,0.565739,-0.299265,0
0.197100,0.999996,-1.618466,0.616880,-0.302028,0
0.197150,0.999996,-1.598291,0.667413,-0.304472,0
0.197200,0.999996,-1.576538,0.717287,-0.306596,0
0.197250,0.999996,-1.553230,0.766454,-0.308396,0
0.197300,0.999996,-1.528388,0.814863,-0.309872,0
0.197350,0.999996,-1.502039,0.862469,-0.311021,0
0.197400,0.999996,-1.474207,0.909224,-0.311842,0
0.197450,0.999996,-1.444920,0.955081,-0.312336,0
0.197500,0.999996,-1.414207,0.999996,-0.312500,0
0.197550,0.999996,-1.382099,1.043924,-0.312336,0
0.197600,0.999996,-1.348626,1.086821,-0.311842,0
0.197650,0.999996,-1.313823,1.128647,-0.311021,0
0.197700,0.999996,-1.277723,1.169358,-0.309872,0
0.197750,0.999996,-1.240362,1.208915,-0.308396,0
0.197800,0.999996,-1.201777,1.247279,-0.306596,0
0.197850,0.999996,-1.162006,1.284413,-0.304472,0
0.197900,0.999996,-1.121088,1.320278,-0.302028,0
0.197950,0.999996,-1.079064,1.354841,-0.299265,0
0.198000,0.999996,-1.035975,1.388067,-0.296186,0
0.198050,0.999996,-0.991864,1.419923,-0.292794,0
0.198100,0.999996,-0.946774,1.450377,-0.289092,0
0.198150,0.999996,-0.900749,1.479400,-0.285085,0
0.198200,0.999996,-0.853835,1.506964,-0.280776,0
0.198250,0.999996,-0.806079,1.533040,-0.276169,0
0.198300,0.999996,-0.757528,1.557603,-0.271269,0
0.198350,0.999996,-0.708228,1.580629,-0.266081,0
0.198400,0.999996,-0.658230,1.602095,-0.260609,0
0.198450,0.999996,-0.607582,1.621980,-0.254860,0
0.198500,0.999996,-0.556335,1.640264,-0.248839,0
0.198550,0.999996,-0.504538,1.656930,-0.242552,0
0.198600,0.999996,-0.452244,1.671960,-0.236004,0
0.198650,0.999996,-0.399503,1.685340,-0.229204,0
0.198700,0.999996,-0.346368,1.697057,-0.222156,0
0.198750,0.999996,-0.292892,1.707100,-0.214869,0
0.198800,0.999996,-0.239126,1.715457,-0.207349,0
0.198850,0.999996,-0.185124,1.722122,-0.199604,0
0.198900,0.999996,-0.130940,1.727087,-0.191641,0
0.198950,0.999996,-0.076626,1.730348,-0.183469,0
0.199000,0.999996,-0.022236,1.731901,-0.175095,0
0.199050,0.999996,0.032175,1.731745,-0.166528,0
0.199100,0.999996,0.086554,1.729880,-0.157776,0
0.199150,0.999996,0.140849,1.726307,-0.148847,0
0.199200,0.999996,0.195004,1.721031,-0.139751,0
0.199250,0.999996,0.248966,1.714057,-0.130497,0
0.199300,0.999996,0.302683,1.705391,-0.121093,0
0.199350,0.999996,0.356102,1.695042,-0.111549,0
0.199400,0.999996,0.409168,1.683020,-0.101875,0
0.199450,0.999996,0.461831,1.669338,-0.092079,0
0.199500,0.999996,0.514039,1.654007,-0.082172,0
0.199550,0.999996,0.565739,1.637045,-0.072164,0
0.199600,0.999996,0.616880,1.618467,-0.062063,0
0.199650,0.999996,0.667413,1.598292,-0.051881,0
0.199700,0.999996,0.717288,1.576539,-0.041627,0
0.199750,0.999996,0.766454,1.553230,-0.031312,0
0.199800,0.999996,0.814864,1.528389,-0.020944,0
0.199850,0.999996,0.862470,1.502040,-0.010536,0
0.199900,0.999996,0.909224,1.474208,-0.000097,0
0.199950,0.999996,0.955082,1.444921,0.010363,0
0.200000,0.999996,0.999996,1.414208,0.020833,0
0.200050,0.999996,1.043924,1.382099,0.031304,0
0.200100,0.999996,1.086822,1.348627,0.041763,0
0.200150,0.999996,1.128647,1.313824,0.052203,0
0.200200,0.999996,1.169358,1.277724,0.062611,0
0.200250,0.999996,1.208916,1.240363,0.072978,0
0.200300,0.999996,1.247280,1.201778,0.083294,0
0.200350,0.999996,1.284413,1.162007,0.093548,0
0.200400,0.999996,1.320279,1.121089,0.103730,0
0.200450,0.999996,1.354842,1.079065,0.113830,0
0.200500,0.999996,1.388067,1.035976,0.123839,0
0.200550,0.999996,1.419923,0.991864,0.133746,0
0.200600,0.999996,1.450378,0.946774,0.143541,0
0.200650,0.999997,1.479401,0.900749,0.153216,0
0.200700,0.999997,1.506964,0.853836,0.162760,0
0.200750,0.999997,1.533040,0.806080,0.172163,0
0.200800,0.999997,1.557604,0.757528,0.181418,0
0.200850,0.999997,1.580630,0.708229,0.190514,0
0.200900,0.999997,1.602096,0.658230,0.199442,0
0.200950,0.999997,1.621981,0.607583,0.208194,0
0.201000,0.999997,1.640265,0.556335,0.216762,0
0.201050,0.999997,1.656930,0.504539,0.225136,0
0.201100,0.999997,1.671961,0.452244,0.233308,0
0.201150,0.999997,1.685341,0.399504,0.241271,0
0.201200,0.999997,1.697058,0.346369,0.249016,0
0.201250,0.999997,1.707101,0.292892,0.256536,0
0.201300,0.999997,1.715458,0.239126,0.263823,0
0.201350,0.999997,1.722123,0.185124,0.270870,0
0.201400,0.999997,1.727088,0.130940,0.277671,0
0.201450,0.999997,1.730349,0.076626,0.284218,0
0.201500,0.999997,1.731902,0.022236,0.290506,0
0.201550,0.999997,1.731746,-0.032175,0.296527,0
0.201600,0.999997,1.729881,-0.086554,0.302276,0
0.201650,0.999997,1.726308,-0.140849,0.307747,0
0.201700,0.999997,1.721032,-0.195004,0.312936,0
0.201750,0.999997,1.714058,-0.248966,0.317835,0
0.201800,0.999997,1.705392,-0.302683,0.322442,0
0.201850,0.999997,1.695043,-0.356102,0.326751,0
0.201900,0.999997,1.683021,-0.409169,0.330759,0
0.201950,0.999997,1.669338,-0.461832,0.334460,0
0.202000,0.999997,1.654008,-0.514039,0.337852,0
0.202050,0.999997,1.637046,-0.565739,0.340931,0
0.202100,0.999997,1.618468,-0.616881,0.343694,0
0.202150,0.999997,1.598292,-0.667414,0.346139,0
0.202200,0.999997,1.576540,-0.717288,0.348262,0
0.202250,0.999997,1.553231,-0.766454,0.350063,0
0.202300,0.999997,1.528390,-0.814864,0.351538,0
0.202350,0.999997,1.502040,-0.862470,0.352687,0
0.202400,0.999997,1.474208,-0.909225,0.353509,0
0.202450,0.999997,1.444921,-0.955082,0.354002,0
0.202500,0.999997,1.414209,-0.999997,0.354167,0
0.202550,0.999997,1.382100,-1.043925,0.354002,0
0.202600,0.999997,1.348628,-1.086822,0.353509,0
0.202650,0.999997,1.313824,-1.128648,0.352687,0
0.202700,0.999997,1.277724,-1.169359,0.351538,0
0.202750,0.999997,1.240363,-1.208916,0.350063,0
0.202800,0.999997,1.201778,-1.247280,0.348262,0
0.202850,0.999997,1.162007,-1.284414,0.346139,0
0.202900,0.999997,1.121090,-1.320279,0.343694,0
0.202950,0.999997,1.079065,-1.354842,0.340931,0
0.203000,0.999997,1.035976,-1.388068,0.337852,0
0.203050,0.999997,0.991865,-1.419924,0.334460,0
0.203100,0.999997,0.946775,-1.450379,0.330759,0
0.203150,0.999997,0.900750,-1.479402,0.326751,0
0.203200,0.999997,0.853836,-1.506965,0.322442,0
0.203250,0.999997,0.806080,-1.533041,0.317835,0
0.203300,0.999997,0.757528,-1.557604,0.312936,0
0.203350,0.999997,0.708229,-1.580630,0.307747,0
0.203400,0.999997,0.658231,-1.602096,0.302276,0
0.203450,0.999997,0.607583,-1.621981,0.296527,0
0.203500,0.999997,0.556335,-1.640266,0.290506,0
0.203550,0.999997,0.504539,-1.656931,0.284218,0
0.203600,0.999997,0.452245,-1.671961,0.277671,0
0.203650,0.999997,0.399504,-1.685342,0.270870,0
0.203700,0.999997,0.346369,-1.697059,0.263823,0
0.203750,0.999997,0.292892,-1.707101,0.256536,0
0.203800,0.999997,0.239126,-1.715459,0.249016,0
0.203850,0.999997,0.185124,-1.722124,0.241271,0
0.203900,0.999997,0.130940,-1.727089,0.233308,0
0.203950,0.999997,0.076626,-1.730349,0.225136,0
0.204000,0.999997,0.022237,-1.731903,0.216762,0
0.204050,0.999997,-0.032175,-1.731746,0.208194,0
0.204100,0.999997,-0.086554,-1.729881,0.199442,0
0.204150,0.999997,-0.140849,-1.726309,0.190514,0
0.204200,0.999997,-0.195004,-1.721033,0.181418,0
0.204250,0.999997,-0.248966,-1.714059,0.172163,0
0.204300,0.999997,-0.302684,-1.705393,0.162760,0
0.204350,0.999997,-0.356102,-1.695044,0.153216,0
0.204400,0.999997,-0.409169,-1.683022,0.143541,0
0.204450,0.999997,-0.461832,-1.669339,0.133746,0
0.204500,0.999997,-0.514039,-1.654009,0.123839,0
0.204550,0.999997,-0.565739,-1.637046,0.113830,0
0.204600,0.999997,-0.616881,-1.618468,0.103730,0
0.204650,0.999997,-0.667414,-1.598293,0.093548,0
0.204700,0.999997,-0.717288,-1.576540,0.083294,0
0.204750,0.999997,-0.766454,-1.553232,0.072978,0
0.204800,0.999997,-0.814864,-1.528390,0.062611,0
0.204850,0.999997,-0.862470,-1.502041,0.052203,0
0.204900,0.999997,-0.909225,-1.474209,0.041763,0
0.204950,0.999997,-0.955082,-1.444922,0.031304,0
0.205000,0.999997,-0.999997,-1.414209,0.020833,0
0.205050,0.999997,-1.043925,-1.382101,0.010363,0
0.205100,0.999997,-1.086823,-1.348628,-0.000097,0
0.205150,0.999997,-1.128648,-1.313825,-0.010536,0
0.205200,0.999997,-1.169359,-1.277725,-0.020944,0
0.205250,0.999997,-1.208917,-1.240364,-0.031312,0
0.205300,0.999997,-1.247281,-1.201779,-0.041627,0
0.205350,0.999997,-1.284414,-1.162008,-0.051881,0
0.205400,0.999997,-1.320280,-1.121090,-0.062063,0
0.205450,0.999997,-1.354843,-1.079066,-0.072164,0
0.205500,0.999997,-1.388069,-1.035977,-0.082172,0
0.205550,0.999997,-1.419924,-0.991865,-0.092079,0
0.205600,0.999997,-1.450379,-0.946775,-0.101875,0
0.205650,0.999997,-1.479402,-0.900750,-0.111549,0
0.205700,0.999997,-1.506966,-0.853837,-0.121093,0
0.205750,0.999997,-1.533042,-0.806080,-0.130497,0
0.205800,0.999997,-1.557605,-0.757529,-0.139751,0
0.205850,0.999997,-1.580631,-0.708229,-0.148847,0
0.205900,0.999997,-1.602097,-0.658231,-0.157776,0
0.205950,0.999997,-1.621982,-0.607583,-0.166528,0
0.206000,0.999997,-1.640266,-0.556336,-0.175095,0
0.206050,0.999997,-1.656932,-0.504539,-0.183469,0
0.206100,0.999997,-1.671962,-0.452245,-0.191641,0
0.206150,0.999997,-1.685342,-0.399504,-0.199604,0
0.206200,0.999997,-1.697060,-0.346369,-0.207349,0
0.206250,0.999997,-1.707102,-0.292892,-0.214869,0
0.206300,0.999997,-1.715460,-0.239126,-0.222156,0
0.206350,0.999997,-1.722124,-0.185124,-0.229204,0
0.206400,0.999997,-1.727089,-0.130940,-0.236004,0
0.206450,0.999997,-1.730350,-0.076626,-0.242552,0
0.206500,0.999997,-1.731903,-0.022237,-0.248839,0
0.206550,0.999997,-1.731747,0.032175,-0.254860,0
0.206600,0.999997,-1.729882,0.086554,-0.260609,0
0.206650,0.999997,-1.726310,0.140849,-0.266081,0
0.206700,0.999997,-1.721034,0.195004,-0.271269,0
0.206750,0.999997,-1.714059,0.248967,-0.276169,0
0.206800,0.999997,-1.705393,0.302684,-0.280776,0
0.206850,0.999997,-1.695044,0.356102,-0.285085,0
0.206900,0.999997,-1.683022,0.409169,-0.289092,0
0.206950,0.999997,-1.669340,0.461832,-0.292794,0
0.207000,0.999997,-1.654009,0.514039,-0.296186,0
0.207050,0.999997,-1.637047,0.565739,-0.299265,0
0.207100,0.999997,-1.618469,0.616881,-0.302028,0
0.207150,0.999997,-1.598293,0.667414,-0.304472,0
0.207200,0.999997,-1.576541,0.717288,-0.306596,0
0.207250,0.999997,-1.553232,0.766455,-0.308396,0
0.207300,0.999997,-1.528391,0.814865,-0.309872,0
0.207350,0.999997,-1.502041,0.862471,-0.311021,0
0.207400,0.999997,-1.474209,0.909225,-0.311842,0
0.207450,0.999997,-1.444922,0.955083,-0.312336,0
0.207500,0.999997,-1.414210,0.999997,-0.312500,0
0.207550,0.999997,-1.382101,1.043925,-0.312336,0
0.207600,0.999997,-1.348629,1.086823,-0.311842,0
0.207650,0.999997,-1.313825,1.128648,-0.311021,0
0.207700,0.999997,-1.277725,1.169360,-0.309872,0
0.207750,0.999998,-1.240364,1.208917,-0.308396,0
0.207800,0.999998,-1.201779,1.247281,-0.306596,0
0.207850,0.999998,-1.162008,1.284415,-0.304472,0
0.207900,0.999998,-1.121090,1.320280,-0.302028,0
0.207950,0.999998,-1.079066,1.354843,-0.299265,0
0.208000,0.999998,-1.035977,1.388069,-0.296186,0
0.208050,0.999998,-0.991866,1.419925,-0.292794,0
0.208100,0.999998,-0.946775,1.450380,-0.289092,0
0.208150,0.999998,-0.900751,1.479403,-0.285085,0
0.208200,0.999998,-0.853837,1.506966,-0.280776,0
0.208250,0.999998,-0.806081,1.533042,-0.276169,0
0.208300,0.999998,-0.757529,1.557605,-0.271269,0
0.208350,0.999998,-0.708230,1.580631,-0.266081,0
0.208400,0.999998,-0.658231,1.602097,-0.260609,0
0.208450,0.999998,-0.607583,1.621982,-0.254860,0
0.208500,0.999998,-0.556336,1.640267,-0.248839,0
0.208550,0.999998,-0.504539,1.656932,-0.242552,0
0.208600,0.999998,-0.452245,1.671963,-0.236004,0
0.208650,0.999998,-0.399504,1.685343,-0.229204,0
0.208700,0.999998,-0.346369,1.697060,-0.222156,0
0.208750,0.999998,-0.292892,1.707102,-0.214869,0
0.208800,0.999998,-0.239126,1.715460,-0.207349,0
0.208850,0.999998,-0.185124,1.722125,-0.199604,0
0.208900,0.999998,-0.130940,1.727090,-0.191641,0
0.208950,0.999998,-0.076626,1.730351,-0.183469,0
0.209000,0.999998,-0.022237,1.731904,-0.175095,0
0.209050,0.999998,0.032175,1.731748,-0.166528,0
0.209100,0.999998,0.086554,1.729882,-0.157776,0
0.209150,0.999998,0.140849,1.726310,-0.148847,0
0.209200,0.999998,0.195004,1.721034,-0.139751,0
0.209250,0.999998,0.248967,1.714060,-0.130497,0
0.209300,0.999998,0.302684,1.705394,-0.121093,0
0.209350,0.999998,0.356102,1.695045,-0.111549,0
0.209400,0.999998,0.409169,1.683023,-0.101875,0
0.209450,0.999998,0.461832,1.669340,-0.092079,0
0.209500,0.999998,0.514039,1.654010,-0.082172,0
0.209550,0.999998,0.565739,1.637047,-0.072164,0
0.209600,0.999998,0.616881,1.618469,-0.062063,0
0.209650,0.999998,0.667414,1.598294,-0.051881,0
0.209700,0.999998,0.717288,1.576541,-0.041627,0
0.209750,0.999998,0.766455,1.553233,-0.031312,0
0.209800,0.999998,0.814865,1.528391,-0.020944,0
0.209850,0.999998,0.862471,1.502042,-0.010536,0
0.209900,0.999998,0.909225,1.474210,-0.000097,0
0.209950,0.999998,0.955083,1.444923,0.010363,0
0.210000,0.999998,0.999998,1.414210,0.020833,0
0.210050,0.999998,1.043926,1.382102,0.031304,0
0.210100,0.999998,1.086823,1.348629,0.041763,0
0.210150,0.999998,1.128649,1.313826,0.052203,0
0.210200,0.999998,1.169360,1.277726,0.062611,0
0.210250,0.999998,1.208917,1.240365,0.072978,0
0.210300,0.999998,1.247282,1.201780,0.083294,0
0.210350,0.999998,1.284415,1.162009,0.093548,0
0.210400,0.999998,1.320281,1.121091,0.103730,0
0.210450,0.999998,1.354844,1.079067,0.113830,0
0.210500,0.999998,1.388069,1.035977,0.123839,0
0.210550,0.999998,1.419925,0.991866,0.133746,0
0.210600,0.999998,1.450380,0.946776,0.143541,0
0.210650,0.999998,1.479403,0.900751,0.153216,0
0.210700,0.999998,1.506966,0.853837,0.162760,0
0.210750,0.999998,1.533043,0.806081,0.172163,0
0.210800,0.999998,1.557606,0.757529,0.181418,0
0.210850,0.999998,1.580632,0.708230,0.190514,0
0.210900,0.999998,1.602098,0.658232,0.199442,0
0.210950,0.999998,1.621983,0.607584,0.208194,0
0.211000,0.999998,1.640267,0.556336,0.216762,0
0.211050,0.999998,1.656933,0.504540,0.225136,0
0.211100,0.999998,1.671963,0.452245,0.233308,0
0.211150,0.999998,1.685343,0.399504,0.241271,0
0.211200,0.999998,1.697061,0.346369,0.249016,0
0.211250,0.999998,1.707103,0.292892,0.256536,0
0.211300,0.999998,1.715461,0.239126,0.263823,0
0.211350,0.999998,1.722125,0.185125,0.270870,0
0.211400,0.999998,1.727090,0.130940,0.277671,0
0.211450,0.999998,1.730351,0.076626,0.284218,0
0.211500,0.999998,1.731904,0.022237,0.290506,0
0.211550,0.999998,1.731748,-0.032175,0.296527,0
0.211600,0.999998,1.729883,-0.086554,0.302276,0
0.211650,0.999998,1.726311,-0.140849,0.307747,0
0.211700,0.999998,1.721035,-0.195004,0.312936,0
0.211750,0.999998,1.714060,-0.248967,0.317835,0
0.211800,0.999998,1.705394,-0.302684,0.322442,0
0.211850,0.999998,1.695045,-0.356102,0.326752,0
0.211900,0.999998,1.683023,-0.409169,0.330759,0
0.211950,0.999998,1.669341,-0.461832,0.334460,0
0.212000,0.999998,1.654010,-0.514040,0.337852,0
0.212050,0.999998,1.637048,-0.565740,0.340931,0
0.212100,0.999998,1.618470,-0.616881,0.343694,0
0.212150,0.999998,1.598294,-0.667414,0.346139,0
0.212200,0.999998,1.576542,-0.717289,0.348262,0
0.212250,0.999998,1.553233,-0.766455,0.350063,0
0.212300,0.999998,1.528392,-0.814865,0.351538,0
0.212350,0.999998,1.502042,-0.862471,0.352687,0
0.212400,0.999998,1.474210,-0.909226,0.353509,0
0.212450,0.999998,1.444923,-0.955083,0.354002,0
0.212500,0.999998,1.414210,-0.999998,0.354167,0
0.212550,0.999998,1.382102,-1.043926,0.354002,0
0.212600,0.999998,1.348629,-1.086824,0.353509,0
0.212650,0.999998,1.313826,-1.128649,0.352687,0
0.212700,0.999998,1.277726,-1.169360,0.351538,0
0.212750,0.999998,1.240365,-1.208918,0.350063,0
0.212800,0.999998,1.201780,-1.247282,0.348262,0
0.212850,0.999998,1.162009,-1.284415,0.346139,0
0.212900,0.999998,1.121091,-1.320281,0.343694,0
0.212950,0.999998,1.079067,-1.354844,0.340931,0
0.213000,0.999998,1.035978,-1.388070,0.337852,0
0.213050,0.999998,0.991866,-1.419926,0.334460,0
0.213100,0.999998,0.946776,-1.450380,0.330759,0
0.213150,0.999998,0.900751,-1.479404,0.326752,0
0.213200,0.999998,0.853837,-1.506967,0.322442,0
0.213250,0.999998,0.806081,-1.533043,0.317835,0
0.213300,0.999998,0.757529,-1.557606,0.312936,0
0.213350,0.999998,0.708230,-1.580632,0.307747,0
0.213400,0.999998,0.658232,-1.602098,0.302276,0
0.213450,0.999998,0.607584,-1.621983,0.296527,0
0.213500,0.999998,0.556336,-1.640268,0.290506,0
0.213550,0.999998,0.504540,-1.656933,0.284218,0
0.213600,0.999998,0.452245,-1.671964,0.277671,0
0.213650,0.999998,0.399504,-1.685344,0.270870,0
0.213700,0.999998,0.346369,-1.697061,0.263823,0
0.213750,0.999998,0.292892,-1.707103,0.256536,0
0.213800,0.999998,0.239127,-1.715461,0.249016,0
0.213850,0.999998,0.185125,-1.722126,0.241271,0
0.213900,0.999998,0.130940,-1.727091,0.233308,0
0.213950,0.999998,0.076626,-1.730352,0.225136,0
0.214000,0.999998,0.022237,-1.731905,0.216762,0
0.214050,0.999998,-0.032175,-1.731748,0.208194,0
0.214100,0.999998,-0.086554,-1.729883,0.199442,0
0.214150,0.999998,-0.140849,-1.726311,0.190514,0
0.214200,0.999998,-0.195004,-1.721035,0.181418,0
0.214250,0.999998,-0.248967,-1.714061,0.172163,0
0.214300,0.999998,-0.302684,-1.705395,0.162760,0
0.214350,0.999998,-0.356102,-1.695046,0.153216,0
0.214400,0.999998,-0.409169,-1.683024,0.143541,0
0.214450,0.999998,-0.461832,-1.669341,0.133746,0
0.214500,0.999998,-0.514040,-1.654011,0.123839,0
0.214550,0.999998,-0.565740,-1.637048,0.113830,0
0.214600,0.999998,-0.616882,-1.618470,0.103730,0
0.214650,0.999998,-0.667414,-1.598295,0.093548,0
0.214700,0.999998,-0.717289,-1.576542,0.083294,0
0.214750,0.999998,-0.766455,-1.553234,0.072978,0
0.214800,0.999998,-0.814865,-1.528392,0.062611,0
0.214850,0.999998,-0.862471,-1.502043,0.052203,0
0.214900,0.999998,-0.909226,-1.474211,0.041763,0
0.214950,0.999998,-0.955083,-1.444924,0.031304,0
0.215000,0.999998,-0.999998,-1.414211,0.020833,0
0.215050,0.999998,-1.043926,-1.382102,0.010363,0
0.215100,0.999998,-1.086824,-1.348630,-0.000097,0
0.215150,0.999998,-1.128649,-1.313826,-0.010536,0
0.215200,0.999998,-1.169361,-1.277726,-0.020944,0
0.215250,0.999998,-1.208918,-1.240365,-0.031312,0
0.215300,0.999998,-1.247282,-1.201780,-0.041627,0
0.215350,0.999998,-1.284416,-1.162009,-0.051881,0
0.215400,0.999998,-1.320281,-1.121091,-0.062063,0
0.215450,0.999998,-1.354844,-1.079067,-0.072164,0
0.215500,0.999998,-1.388070,-1.035978,-0.082172,0
0.215550,0.999998,-1.419926,-0.991866,-0.092079,0
0.215600,0.999998,-1.450381,-0.946776,-0.101875,0
0.215650,0.999998,-1.479404,-0.900751,-0.111549,0
0.215700,0.999998,-1.506967,-0.853838,-0.121093,0
0.215750,0.999998,-1.533043,-0.806081,-0.130497,0
0.215800,0.999998,-1.557606,-0.757530,-0.139751,0
0.215850,0.999998,-1.580632,-0.708230,-0.148847,0
0.215900,0.999998,-1.602099,-0.658232,-0.157776,0
0.215950,0.999998,-1.621984,-0.607584,-0.166528,0
0.216000,0.999998,-1.640268,-0.556336,-0.175095,0
0.216050,0.999998,-1.656934,-0.504540,-0.183469,0
0.216100,0.999998,-1.671964,-0.452245,-0.191641,0
0.216150,0.999998,-1.685344,-0.399505,-0.199604,0
0.216200,0.999998,-1.697061,-0.346369,-0.207349,0
0.216250,0.999998,-1.707104,-0.292893,-0.214869,0
0.216300,0.999998,-1.715461,-0.239127,-0.222156,0
0.216350,0.999998,-1.722126,-0.185125,-0.229204,0
0.216400,0.999998,-1.727091,-0.130940,-0.236004,0
0.216450,0.999998,-1.730352,-0.076626,-0.242552,0
0.216500,0.999998,-1.731905,-0.022237,-0.248839,0
0.216550,0.999998,-1.731749,0.032175,-0.254860,0
0.216600,0.999998,-1.729884,0.086554,-0.260609,0
0.216650,0.999998,-1.726311,0.140849,-0.266081,0
0.216700,0.999998,-1.721035,0.195004,-0.271269,0
0.216750,0.999998,-1.714061,0.248967,-0.276169,0
0.216800,0.999998,-1.705395,0.302684,-0.280776,0
0.216850,0.999998,-1.695046,0.356102,-0.285085,0
0.216900,0.999998,-1.683024,0.409169,-0.289092,0
0.216950,0.999998,-1.669341,0.461832,-0.292794,0
0.217000,0.999998,-1.654011,0.514040,-0.296186,0
0.217050,0.999998,-1.637049,0.565740,-0.299265,0
0.217100,0.999998,-1.618470,0.616882,-0.302028,0
0.217150,0.999998,-1.598295,0.667415,-0.304472,0
0.217200,0.999998,-1.576543,0.717289,-0.306596,0
0.217250,0.999998,-1.553234,0.766455,-0.308396,0
0.217300,0.999998,-1.528393,0.814865,-0.309872,0
0.217350,0.999998,-1.502043,0.862471,-0.311021,0
0.217400,0.999998,-1.474211,0.909226,-0.311842,0
0.217450,0.999998,-1.444924,0.955084,-0.312336,0
0.217500,0.999998,-1.414211,0.999998,-0.312500,0
0.217550,0.999998,-1.382103,1.043926,-0.312336,0
0.217600,0.999998,-1.348630,1.086824,-0.311842,0
0.217650,0.999998,-1.313827,1.128649,-0.311021,0
0.217700,0.999998,-1.277727,1.169361,-0.309872,0
0.217750,0.999998,-1.240366,1.208918,-0.308396,0
0.217800,0.999998,-1.201781,1.247282,-0.306596,0
0.217850,0.999998,-1.162009,1.284416,-0.304472,0
0.217900,0.999998,-1.121092,1.320282,-0.302028,0
0.217950,0.999998,-1.079067,1.354845,-0.299265,0
0.218000,0.999998,-1.035978,1.388070,-0.296186,0
0.218050,0.999998,-0.991867,1.419926,-0.292794,0
0.218100,0.999998,-0.946776,1.450381,-0.289092,0
0.218150,0.999998,-0.900752,1.479404,-0.285085,0
0.218200,0.999998,-0.853838,1.506968,-0.280776,0
0.218250,0.999998,-0.806082,1.533044,-0.276169,0
0.218300,0.999998,-0.757530,1.557607,-0.271269,0
0.218350,0.999998,-0.708230,1.580633,-0.266081,0
0.218400,0.999998,-0.658232,1.602099,-0.260609,0
0.218450,0.999998,-0.607584,1.621984,-0.254860,0
0.218500,0.999999,-0.556337,1.640268,-0.248839,0
0.218550,0.999999,-0.504540,1.656934,-0.242552,0
0.218600,0.999999,-0.452245,1.671964,-0.236004,0
0.218650,0.999999,-0.399505,1.685345,-0.229204,0
0.218700,0.999999,-0.346370,1.697062,-0.222156,0
0.218750,0.999999,-0.292893,1.707104,-0.214869,0
0.218800,0.999999,-0.239127,1.715462,-0.207349,0
0.218850,0.999999,-0.185125,1.722126,-0.199604,0
0.218900,0.999999,-0.130940,1.727092,-0.191641,0
0.218950,0.999999,-0.076626,1.730352,-0.183469,0
0.219000,0.999999,-0.022237,1.731905,-0.175095,0
0.219050,0.999999,0.032175,1.731749,-0.166528,0
0.219100,0.999999,0.086554,1.729884,-0.157776,0
0.219150,0.999999,0.140849,1.726312,-0.148847,0
0.219200,0.999999,0.195004,1.721036,-0.139751,0
0.219250,0.999999,0.248967,1.714061,-0.130497,0
0.219300,0.999999,0.302684,1.705395,-0.121093,0
0.219350,0.999999,0.356102,1.695046,-0.111549,0
0.219400,0.999999,0.409169,1.683024,-0.101875,0
0.219450,0.999999,0.461832,1.669342,-0.092079,0
0.219500,0.999999,0.514040,1.654011,-0.082172,0
0.219550,0.999999,0.565740,1.637049,-0.072164,0
0.219600,0.999999,0.616882,1.618471,-0.062063,0
0.219650,0.999999,0.667415,1.598295,-0.051881,0
0.219700,0.999999,0.717289,1.576543,-0.041627,0
0.219750,0.999999,0.766456,1.553234,-0.031312,0
0.219800,0.999999,0.814866,1.528393,-0.020944,0
0.219850,0.999999,0.862472,1.502043,-0.010536,0
0.219900,0.999999,0.909226,1.474211,-0.000097,0
0.219950,0.999999,0.955084,1.444924,0.010363,0
0.220000,0.999999,0.999999,1.414211,0.020833,0
0.220050,0.999999,1.043927,1.382103,0.031304,0
0.220100,0.999999,1.086824,1.348630,0.041763,0
0.220150,0.999999,1.128650,1.313827,0.052203,0
0.220200,0.999999,1.169361,1.277727,0.062611,0
0.220250,0.999999,1.208918,1.240366,0.072978,0
0.220300,0.999999,1.247283,1.201781,0.083294,0
0.220350,0.999999,1.284416,1.162010,0.093548,0
0.220400,0.999999,1.320282,1.121092,0.103730,0
0.220450,0.999999,1.354845,1.079068,0.113830,0
0.220500,0.999999,1.388071,1.035978,0.123839,0
0.220550,0.999999,1.419927,0.991867,0.133746,0
0.220600,0.999999,1.450381,0.946776,0.143541,0
0.220650,0.999999,1.479404,0.900752,0.153216,0
0.220700,0.999999,1.506968,0.853838,0.162760,0
0.220750,0.999999,1.533044,0.806082,0.172163,0
0.220800,0.999999,1.557607,0.757530,0.181418,0
0.220850,0.999999,1.580633,0.708231,0.190514,0
0.220900,0.999999,1.602099,0.658232,0.199442,0
0.220950,0.999999,1.621984,0.607584,0.208194,0
0.221000,0.999999,1.640269,0.556337,0.216762,0
0.221050,0.999999,1.656934,0.504540,0.225136,0
0.221100,0.999999,1.671965,0.452246,0.233308,0
0.221150,0.999999,1.685345,0.399505,0.241271,0
0.221200,0.999999,1.697062,0.346370,0.249016,0
0.221250,0.999999,1.707104,0.292893,0.256536,0
0.221300,0.999999,1.715462,0.239127,0.263823,0
0.221350,0.999999,1.722127,0.185125,0.270870,0
0.221400,0.999999,1.727092,0.130940,0.277671,0
0.221450,0.999999,1.730353,0.076626,0.284218,0
0.221500,0.999999,1.731906,0.022237,0.290506,0
0.221550,0.999999,1.731750,-0.032175,0.296527,0
0.221600,0.999999,1.729884,-0.086554,0.302276,0
0.221650,0.999999,1.726312,-0.140849,0.307747,0
0.221700,0.999999,1.721036,-0.195004,0.312936,0
0.221750,0.999999,1.714062,-0.248967,0.317835,0
0.221800,0.999999,1.705396,-0.302684,0.322442,0
0.221850,0.999999,1.695047,-0.356102,0.326752,0
0.221900,0.999999,1.683025,-0.409169,0.330759,0
0.221950,0.999999,1.669342,-0.461832,0.334460,0
0.222000,0.999999,1.654012,-0.514040,0.337852,0
0.222050,0.999999,1.637049,-0.565740,0.340931,0
0.222100,0.999999,1.618471,-0.616882,0.343694,0
0.222150,0.999999,1.598296,-0.667415,0.346139,0
0.222200,0.999999,1.576543,-0.717289,0.348262,0
0.222250,0.999999,1.553235,-0.766456,0.350063,0
0.222300,0.999999,1.528393,-0.814866,0.351538,0
0.222350,0.999999,1.502043,-0.862472,0.352687,0
0.222400,0.999999,1.474211,-0.909226,0.353509,0
0.222450,0.999999,1.444925,-0.955084,0.354002,0
0.222500,0.999999,1.414212,-0.999999,0.354167,0
0.222550,0.999999,1.382103,-1.043927,0.354002,0
0.222600,0.999999,1.348631,-1.086825,0.353509,0
0.222650,0.999999,1.313827,-1.128650,0.352687,0
0.222700,0.999999,1.277727,-1.169361,0.351538,0
0.222750,0.999999,1.240366,-1.208919,0.350063,0
0.222800,0.999999,1.201781,-1.247283,0.348262,0
0.222850,0.999999,1.162010,-1.284416,0.346139,0
0.222900,0.999999,1.121092,-1.320282,0.343694,0
0.222950,0.999999,1.079068,-1.354845,0.340931,0
0.223000,0.999999,1.035979,-1.388071,0.337852,0
0.223050,0.999999,0.991867,-1.419927,0.334460,0
0.223100,0.999999,0.946777,-1.450381,0.330759,0
0.223150,0.999999,0.900752,-1.479405,0.326752,0
0.223200,0.999999,0.853838,-1.506968,0.322442,0
0.223250,0.999999,0.806082,-1.533044,0.317835,0
0.223300,0.999999,0.757530,-1.557607,0.312936,0
0.223350,0.999999,0.708231,-1.580633,0.307747,0
0.223400,0.999999,0.658232,-1.602099,0.302276,0
0.223450,0.999999,0.607584,-1.621984,0.296527,0
0.223500,0.999999,0.556337,-1.640269,0.290506,0
0.223550,0.999999,0.504540,-1.656934,0.284218,0
0.223600,0.999999,0.452246,-1.671965,0.277671,0
0.223650,0.999999,0.399505,-1.685345,0.270870,0
0.223700,0.999999,0.346370,-1.697062,0.263823,0
0.223750,0.999999,0.292893,-1.707105,0.256536,0
0.223800,0.999999,0.239127,-1.715462,0.249016,0
0.223850,0.999999,0.185125,-1.722127,0.241271,0
0.223900,0.999999,0.130940,-1.727092,0.233308,0
0.223950,0.999999,0.076626,-1.730353,0.225136,0
0.224000,0.999999,0.022237,-1.731906,0.216762,0
0.224050,0.999999,-0.032175,-1.731750,0.208194,0
0.224100,0.999999,-0.086554,-1.729885,0.199442,0
0.224150,0.999999,-0.140849,-1.726312,0.190514,0
0.224200,0.999999,-0.195004,-1.721036,0.181418,0
0.224250,0.999999,-0.248967,-1.714062,0.172163,0
0.224300,0.999999,-0.302684,-1.705396,0.162760,0
0.224350,0.999999,-0.356102,-1.695047,0.153216,0
0.224400,0.999999,-0.409169,-1.683025,0.143541,0
0.224450,0.999999,-0.461833,-1.669342,0.133746,0
0.224500,0.999999,-0.514040,-1.654012,0.123839,0
0.224550,0.999999,-0.565740,-1.637049,0.113830,0
0.224600,0.999999,-0.616882,-1.618471,0.103730,0
0.224650,0.999999,-0.667415,-1.598296,0.093548,0
0.224700,0.999999,-0.717289,-1.576543,0.083294,0
0.224750,0.999999,-0.766456,-1.553235,0.072978,0
0.224800,0.999999,-0.814866,-1.528393,0.062611,0
0.224850,0.999999,-0.862472,-1.502044,0.052203,0
0.224900,0.999999,-0.909227,-1.474212,0.041763,0
0.224950,0.999999,-0.955084,-1.444925,0.031304,0
0.225000,0.999999,-0.999999,-1.414212,0.020833,0
0.225050,0.999999,-1.043927,-1.382103,0.010363,0
0.225100,0.999999,-1.086825,-1.348631,-0.000097,0
0.225150,0.999999,-1.128650,-1.313827,-0.010536,0
0.225200,0.999999,-1.169361,-1.277727,-0.020944,0
0.225250,0.999999,-1.208919,-1.240366,-0.031312,0
0.225300,0.999999,-1.247283,-1.201781,-0.041627,0
0.225350,0.999999,-1.284416,-1.162010,-0.051881,0
0.225400,0.999999,-1.320282,-1.121092,-0.062063,0
0.225450,0.999999,-1.354845,-1.079068,-0.072164,0
0.225500,0.999999,-1.388071,-1.035979,-0.082172,0
0.225550,0.999999,-1.419927,-0.991867,-0.092079,0
0.225600,0.999999,-1.450382,-0.946777,-0.101875,0
0.225650,0.999999,-1.479405,-0.900752,-0.111549,0
0.225700,0.999999,-1.506968,-0.853838,-0.121093,0
0.225750,0.999999,-1.533044,-0.806082,-0.130497,0
0.225800,0.999999,-1.557608,-0.757530,-0.139751,0
0.225850,0.999999,-1.580634,-0.708231,-0.148847,0
0.225900,0.999999,-1.602100,-0.658232,-0.157776,0
0.225950,0.999999,-1.621985,-0.607584,-0.166528,0
0.226000,0.999999,-1.640269,-0.556337,-0.175095,0
0.226050,0.999999,-1.656935,-0.504540,-0.183469,0
0.226100,0.999999,-1.671965,-0.452246,-0.191641,0
0.226150,0.999999,-1.685345,-0.399505,-0.199604,0
0.226200,0.999999,-1.697063,-0.346370,-0.207349,0
0.226250,0.999999,-1.707105,-0.292893,-0.214869,0
0.226300,0.999999,-1.715463,-0.239127,-0.222156,0
0.226350,0.999999,-1.722127,-0.185125,-0.229204,0
0.226400,0.999999,-1.727092,-0.130940,-0.236004,0
0.226450,0.999999,-1.730353,-0.076626,-0.242552,0
0.226500,0.999999,-1.731906,-0.022237,-0.248839,0
0.226550,0.999999,-1.731750,0.032175,-0.254860,0
0.226600,0.999999,-1.729885,0.086554,-0.260609,0
0.226650,0.999999,-1.726313,0.140849,-0.266081,0
0.226700,0.999999,-1.721037,0.195004,-0.271269,0
0.226750,0.999999,-1.714062,0.248967,-0.276169,0
0.226800,0.999999,-1.705396,0.302684,-0.280776,0
0.226850,0.999999,-1.695047,0.356102,-0.285085,0
0.226900,0.999999,-1.683025,0.409169,-0.289092,0
0.226950,0.999999,-1.669342,0.461833,-0.292794,0
0.227000,0.999999,-1.654012,0.514040,-0.296186,0
0.227050,0.999999,-1.637050,0.565740,-0.299265,0
0.227100,0.999999,-1.618472,0.616882,-0.302028,0
0.227150,0.999999,-1.598296,0.667415,-0.304472,0
0.227200,0.999999,-1.576544,0.717289,-0.306596,0
0.227250,0.999999,-1.553235,0.766456,-0.308396,0
0.227300,0.999999,-1.528394,0.814866,-0.309872,0
0.227350,0.999999,-1.502044,0.862472,-0.311021,0
0.227400,0.999999,-1.474212,0.909227,-0.311842,0
0.227450,0.999999,-1.444925,0.955084,-0.312336,0
0.227500,0.999999,-1.414212,0.999999,-0.312500,0
0.227550,0.999999,-1.382103,1.043927,-0.312336,0
0.227600,0.999999,-1.348631,1.086825,-0.311842,0
0.227650,0.999999,-1.313827,1.128650,-0.311021,0
0.227700,0.999999,-1.277727,1.169362,-0.309872,0
0.227750,0.999999,-1.240366,1.208919,-0.308396,0
0.227800,0.999999,-1.201781,1.247283,-0.306596,0
0.227850,0.999999,-1.162010,1.284417,-0.304472,0
0.227900,0.999999,-1.121092,1.320282,-0.302028,0
0.227950,0.999999,-1.079068,1.354845,-0.299265,0
0.228000,0.999999,-1.035979,1.388071,-0.296186,0
0.228050,0.999999,-0.991867,1.419927,-0.292794,0
0.228100,0.999999,-0.946777,1.450382,-0.289092,0
0.228150,0.999999,-0.900752,1.479405,-0.285085,0
0.228200,0.999999,-0.853838,1.506968,-0.280776,0
0.228250,0.999999,-0.806082,1.533045,-0.276169,0
0.228300,0.999999,-0.757530,1.557608,-0.271269,0
0.228350,0.999999,-0.708231,1.580634,-0.266081,0
0.228400,0.999999,-0.658232,1.602100,-0.260609,0
0.228450,0.999999,-0.607584,1.621985,-0.254860,0
0.228500,0.999999,-0.556337,1.640269,-0.248839,0
0.228550,0.999999,-0.504540,1.656935,-0.242552,0
0.228600,0.999999,-0.452246,1.671965,-0.236004,0
0.228650,0.999999,-0.399505,1.685346,-0.229204,0
0.228700,0.999999,-0.346370,1.697063,-0.222156,0
0.228750,0.999999,-0.292893,1.707105,-0.214869,0
0.228800,0.999999,-0.239127,1.715463,-0.207349,0
0.228850,0.999999,-0.185125,1.722127,-0.199604,0
0.228900,0.999999,-0.130940,1.727093,-0.191641,0
0.228950,0.999999,-0.076626,1.730353,-0.183469,0
0.229000,0.999999,-0.022237,1.731906,-0.175095,0
0.229050,0.999999,0.032175,1.731750,-0.166528,0
0.229100,0.999999,0.086554,1.729885,-0.157776,0
0.229150,0.999999,0.140849,1.726313,-0.148847,0
0.229200,0.999999,0.195004,1.721037,-0.139751,0
0.229250,0.999999,0.248967,1.714062,-0.130497,0
0.229300,0.999999,0.302684,1.705396,-0.121093,0
0.229350,0.999999,0.356102,1.695047,-0.111549,0
0.229400,0.999999,0.409169,1.683025,-0.101875,0
0.229450,0.999999,0.461833,1.669343,-0.092079,0
0.229500,0.999999,0.514040,1.654012,-0.082172,0
0.229550,0.999999,0.565740,1.637050,-0.072164,0
0.229600,0.999999,0.616882,1.618472,-0.062063,0
0.229650,0.999999,0.667415,1.598296,-0.051881,0
0.229700,0.999999,0.717289,1.576544,-0.041627,0
0.229750,0.999999,0.766456,1.553235,-0.031312,0
0.229800,0.999999,0.814866,1.528394,-0.020944,0
0.229850,0.999999,0.862472,1.502044,-0.010536,0
0.229900,0.999999,0.909227,1.474212,-0.000097,0
0.229950,0.999999,0.955084,1.444925,0.010363,0
0.230000,0.999999,0.999999,1.414212,0.020833,0
0.230050,0.999999,1.043927,1.382104,0.031304,0
0.230100,0.999999,1.086825,1.348631,0.041763,0
0.230150,0.999999,1.128650,1.313828,0.052203,0
0.230200,0.999999,1.169362,1.277728,0.062611,0
0.230250,0.999999,1.208919,1.240367,0.072978,0
0.230300,0.999999,1.247283,1.201781,0.083294,0
0.230350,0.999999,1.284417,1.162010,0.093548,0
0.230400,0.999999,1.320283,1.121092,0.103730,0
0.230450,0.999999,1.354846,1.079068,0.113830,0
0.230500,0.999999,1.388071,1.035979,0.123839,0
0.230550,0.999999,1.419927,0.991867,0.133746,0
0.230600,0.999999,1.450382,0.946777,0.143542,0
0.230650,0.999999,1.479405,0.900752,0.153216,0
0.230700,0.999999,1.506969,0.853839,0.162760,0
0.230750,0.999999,1.533045,0.806082,0.172163,0
0.230800,0.999999,1.557608,0.757530,0.181418,0
0.230850,0.999999,1.580634,0.708231,0.190514,0
0.230900,0.999999,1.602100,0.658233,0.199442,0
0.230950,0.999999,1.621985,0.607585,0.208194,0
0.231000,0.999999,1.640269,0.556337,0.216762,0
0.231050,0.999999,1.656935,0.504540,0.225136,0
0.231100,0.999999,1.671965,0.452246,0.233308,0
0.231150,0.999999,1.685346,0.399505,0.241271,0
0.231200,0.999999,1.697063,0.346370,0.249016,0
0.231250,0.999999,1.707105,0.292893,0.256536,0
0.231300,0.999999,1.715463,0.239127,0.263823,0
0.231350,0.999999,1.722128,0.185125,0.270870,0
0.231400,0.999999,1.727093,0.130940,0.277671,0
0.231450,0.999999,1.730353,0.076626,0.284218,0
0.231500,0.999999,1.731907,0.022237,0.290506,0
0.231550,0.999999,1.731750,-0.032175,0.296527,0
0.231600,0.999999,1.729885,-0.086554,0.302276,0
0.231650,0.999999,1.726313,-0.140849,0.307747,0
0.231700,0.999999,1.721037,-0.195004,0.312936,0
0.231750,0.999999,1.714063,-0.248967,0.317835,0
0.231800,0.999999,1.705397,-0.302684,0.322442,0
0.231850,0.999999,1.695047,-0.356102,0.326752,0
0.231900,0.999999,1.683026,-0.409169,0.330759,0
0.231950,0.999999,1.669343,-0.461833,0.334460,0
0.232000,0.999999,1.654013,-0.514040,0.337852,0
0.232050,0.999999,1.637050,-0.565740,0.340931,0
0.232100,0.999999,1.618472,-0.616882,0.343694,0
0.232150,0.999999,1.598297,-0.667415,0.346139,0
0.232200,0.999999,1.576544,-0.717290,0.348262,0
0.232250,0.999999,1.553235,-0.766456,0.350063,0
0.232300,0.999999,1.528394,-0.814866,0.351538,0
0.232350,0.999999,1.502044,-0.862472,0.352687,0
0.232400,0.999999,1.474212,-0.909227,0.353509,0
0.232450,0.999999,1.444925,-0.955084,0.354002,0
0.232500,0.999999,1.414212,-0.999999,0.354167,0
0.232550,0.999999,1.382104,-1.043927,0.354002,0
0.232600,0.999999,1.348631,-1.086825,0.353509,0
0.232650,0.999999,1.313828,-1.128650,0.352687,0
0.232700,0.999999,1.277728,-1.169362,0.351538,0
0.232750,0.999999,1.240367,-1.208919,0.350063,0
0.232800,0.999999,1.201782,-1.247283,0.348262,0
0.232850,0.999999,1.162010,-1.284417,0.346139,0
0.232900,0.999999,1.121093,-1.320283,0.343694,0
0.232950,0.999999,1.079068,-1.354846,0.340931,0
0.233000,0.999999,1.035979,-1.388071,0.337852,0
0.233050,0.999999,0.991868,-1.419927,0.334460,0
0.233100,0.999999,0.946777,-1.450382,0.330759,0
0.233150,0.999999,0.900752,-1.479405,0.326752,0
0.233200,0.999999,0.853839,-1.506969,0.322442,0
0.233250,0.999999,0.806082,-1.533045,0.317835,0
0.233300,0.999999,0.757530,-1.557608,0.312936,0
0.233350,0.999999,0.708231,-1.580634,0.307747,0
0.233400,0.999999,0.658233,-1.602100,0.302276,0
0.233450,0.999999,0.607585,-1.621985,0.296527,0
0.233500,0.999999,0.556337,-1.640270,0.290506,0
0.233550,0.999999,0.504540,-1.656935,0.284218,0
0.233600,0.999999,0.452246,-1.671966,0.277671,0
0.233650,0.999999,0.399505,-1.685346,0.270870,0
0.233700,0.999999,0.346370,-1.697063,0.263823,0
0.233750,0.999999,0.292893,-1.707105,0.256536,0
0.233800,0.999999,0.239127,-1.715463,0.249016,0
0.233850,0.999999,0.185125,-1.722128,0.241271,0
0.233900,0.999999,0.130940,-1.727093,0.233308,0
0.233950,0.999999,0.076626,-1.730354,0.225136,0
0.234000,0.999999,0.022237,-1.731907,0.216762,0
0.234050,0.999999,-0.032175,-1.731751,0.208194,0
0.234100,0.999999,-0.086554,-1.729885,0.199442,0
0.234150,0.999999,-0.140849,-1.726313,0.190514,0
0.234200,0.999999,-0.195004,-1.721037,0.181418,0
0.234250,0.999999,-0.248967,-1.714063,0.172163,0
0.234300,0.999999,-0.302684,-1.705397,0.162760,0
0.234350,0.999999,-0.356102,-1.695048,0.153216,0
0.234400,0.999999,-0.409170,-1.683026,0.143542,0
0.234450,0.999999,-0.461833,-1.669343,0.133746,0
0.234500,0.999999,-0.514040,-1.654013,0.123839,0
0.234550,0.999999,-0.565740,-1.637050,0.113830,0
0.234600,0.999999,-0.616882,-1.618472,0.103730,0
0.234650,0.999999,-0.667415,-1.598297,0.093548,0
0.234700,0.999999,-0.717290,-1.576544,0.083294,0
0.234750,0.999999,-0.766456,-1.553236,0.072978,0
0.234800,0.999999,-0.814866,-1.528394,0.062611,0
0.234850,0.999999,-0.862472,-1.502044,0.052203,0
0.234900,0.999999,-0.909227,-1.474212,0.041763,0
0.234950,0.999999,-0.955084,-1.444925,0.031304,0
0.235000,0.999999,-0.999999,-1.414212,0.020833,0
0.235050,0.999999,-1.043927,-1.382104,0.010363,0
0.235100,0.999999,-1.086825,-1.348631,-0.000097,0
0.235150,0.999999,-1.128650,-1.313828,-0.010536,0
0.235200,0.999999,-1.169362,-1.277728,-0.020944,0
0.235250,0.999999,-1.208919,-1.240367,-0.031311,0
0.235300,0.999999,-1.247284,-1.201782,-0.041627,0
0.235350,0.999999,-1.284417,-1.162011,-0.051881,0
0.235400,0.999999,-1.320283,-1.121093,-0.062063,0
0.235450,0.999999,-1.354846,-1.079068,-0.072164,0
0.235500,0.999999,-1.388072,-1.035979,-0.082172,0
0.235550,0.999999,-1.419928,-0.991868,-0.092079,0
0.235600,0.999999,-1.450382,-0.946777,-0.101875,0
0.235650,0.999999,-1.479406,-0.900752,-0.111549,0
0.235700,0.999999,-1.506969,-0.853839,-0.121093,0
0.235750,0.999999,-1.533045,-0.806082,-0.130497,0
0.235800,0.999999,-1.557608,-0.757531,-0.139751,0
0.235850,0.999999,-1.580634,-0.708231,-0.148847,0
0.235900,0.999999,-1.602100,-0.658233,-0.157776,0
0.235950,0.999999,-1.621985,-0.607585,-0.166528,0
0.236000,0.999999,-1.640270,-0.556337,-0.175095,0
0.236050,0.999999,-1.656935,-0.504540,-0.183469,0
0.236100,0.999999,-1.671966,-0.452246,-0.191641,0
0.236150,0.999999,-1.685346,-0.399505,-0.199604,0
0.236200,0.999999,-1.697063,-0.346370,-0.207349,0
0.236250,0.999999,-1.707106,-0.292893,-0.214869,0
0.236300,0.999999,-1.715463,-0.239127,-0.222156,0
0.236350,0.999999,-1.722128,-0.185125,-0.229204,0
0.236400,0.999999,-1.727093,-0.130940,-0.236004,0
0.236450,0.999999,-1.730354,-0.076626,-0.242552,0
0.236500,0.999999,-1.731907,-0.022237,-0.248839,0
0.236550,0.999999,-1.731751,0.032175,-0.254860,0
0.236600,0.999999,-1.729886,0.086554,-0.260609,0
0.236650,0.999999,-1.726313,0.140849,-0.266081,0
0.236700,0.999999,-1.721037,0.195004,-0.271269,0
0.236750,0.999999,-1.714063,0.248967,-0.276169,0
0.236800,0.999999,-1.705397,0.302684,-0.280776,0
0.236850,0.999999,-1.695048,0.356103,-0.285085,0
0.236900,0.999999,-1.683026,0.409170,-0.289092,0
0.236950,0.999999,-1.669343,0.461833,-0.292794,0
0.237000,0.999999,-1.654013,0.514040,-0.296186,0
0.237050,0.999999,-1.637050,0.565740,-0.299265,0
0.237100,0.999999,-1.618472,0.616882,-0.302028,0
0.237150,0.999999,-1.598297,0.667415,-0.304472,0
0.237200,0.999999,-1.576544,0.717290,-0.306596,0
0.237250,0.999999,-1.553236,0.766456,-0.308396,0
0.237300,0.999999,-1.528394,0.814866,-0.309872,0
0.237350,0.999999,-1.502045,0.862472,-0.311021,0
0.237400,0.999999,-1.474212,0.909227,-0.311842,0
0.237450,0.999999,-1.444926,0.955084,-0.312336,0
0.237500,0.999999,-1.414213,0.999999,-0.312500,0
0.237550,0.999999,-1.382104,1.043927,-0.312336,0
0.237600,0.999999,-1.348632,1.086825,-0.311842,0
0.237650,0.999999,-1.313828,1.128651,-0.311021,0
0.237700,0.999999,-1.277728,1.169362,-0.309872,0
0.237750,0.999999,-1.240367,1.208919,-0.308396,0
0.237800,0.999999,-1.201782,1.247284,-0.306596,0
0.237850,0.999999,-1.162011,1.284417,-0.304472,0
0.237900,0.999999,-1.121093,1.320283,-0.302028,0
0.237950,0.999999,-1.079069,1.354846,-0.299265,0
0.238000,0.999999,-1.035979,1.388072,-0.296186,0
0.238050,0.999999,-0.991868,1.419928,-0.292794,0
0.238100,0.999999,-0.946777,1.450382,-0.289092,0
0.238150,0.999999,-0.900753,1.479406,-0.285085,0
0.238200,0.999999,-0.853839,1.506969,-0.280776,0
0.238250,0.999999,-0.806082,1.533045,-0.276169,0
0.238300,0.999999,-0.757531,1.557608,-0.271269,0
0.238350,0.999999,-0.708231,1.580634,-0.266081,0
0.238400,0.999999,-0.658233,1.602100,-0.260609,0
0.238450,0.999999,-0.607585,1.621986,-0.254860,0
0.238500,0.999999,-0.556337,1.640270,-0.248839,0
0.238550,0.999999,-0.504541,1.656935,-0.242552,0
0.238600,0.999999,-0.452246,1.671966,-0.236004,0
0.238650,0.999999,-0.399505,1.685346,-0.229204,0
0.238700,0.999999,-0.346370,1.697063,-0.222156,0
0.238750,0.999999,-0.292893,1.707106,-0.214869,0
0.238800,0.999999,-0.239127,1.715463,-0.207349,0
0.238850,0.999999,-0.185125,1.722128,-0.199604,0
0.238900,0.999999,-0.130940,1.727093,-0.191641,0
0.238950,0.999999,-0.076626,1.730354,-0.183469,0
0.239000,0.999999,-0.022237,1.731907,-0.175095,0
0.239050,0.999999,0.032175,1.731751,-0.166528,0
0.239100,0.999999,0.086554,1.729886,-0.157776,0
0.239150,0.999999,0.140849,1.726313,-0.148847,0
0.239200,0.999999,0.195004,1.721037,-0.139751,0
0.239250,0.999999,0.248967,1.714063,-0.130497,0
0.239300,0.999999,0.302684,1.705397,-0.121093,0
0.239350,0.999999,0.356103,1.695048,-0.111549,0
0.239400,0.999999,0.409170,1.683026,-0.101875,0
0.239450,0.999999,0.461833,1.669343,-0.092079,0
0.239500,0.999999,0.514040,1.654013,-0.082172,0
0.239550,0.999999,0.565740,1.637050,-0.072164,0
0.239600,0.999999,0.616882,1.618472,-0.062063,0
0.239650,0.999999,0.667415,1.598297,-0.051881,0
0.239700,0.999999,0.717290,1.576544,-0.041627,0
0.239750,0.999999,0.766456,1.553236,-0.031311,0
0.239800,0.999999,0.814866,1.528394,-0.020944,0
0.239850,0.999999,0.862472,1.502045,-0.010536,0
0.239900,0.999999,0.909227,1.474213,-0.000097,0
0.239950,0.999999,0.955085,1.444926,0.010363,0
0.240000,0.999999,0.999999,1.414213,0.020833,0
0.240050,0.999999,1.043928,1.382104,0.031304,0
0.240100,0.999999,1.086825,1.348632,0.041763,0
0.240150,0.999999,1.128651,1.313828,0.052203,0
0.240200,0.999999,1.169362,1.277728,0.062611,0
0.240250,0.999999,1.208919,1.240367,0.072978,0
0.240300,0.999999,1.247284,1.201782,0.083294,0
0.240350,0.999999,1.284417,1.162011,0.093548,0
0.240400,0.999999,1.320283,1.121093,0.103730,0
0.240450,0.999999,1.354846,1.079069,0.113830,0
0.240500,0.999999,1.388072,1.035979,0.123839,0
0.240550,0.999999,1.419928,0.991868,0.133746,0
0.240600,0.999999,1.450382,0.946777,0.143542,0
0.240650,0.999999,1.479406,0.900753,0.153216,0
0.240700,0.999999,1.506969,0.853839,0.162760,0
0.240750,0.999999,1.533045,0.806083,0.172163,0
0.240800,0.999999,1.557608,0.757531,0.181418,0
0.240850,0.999999,1.580634,0.708231,0.190514,0
0.240900,0.999999,1.602101,0.658233,0.199442,0
0.240950,0.999999,1.621986,0.607585,0.208194,0
0.241000,0.999999,1.640270,0.556337,0.216762,0
0.241050,0.999999,1.656936,0.504541,0.225136,0
0.241100,0.999999,1.671966,0.452246,0.233308,0
0.241150,0.999999,1.685346,0.399505,0.241271,0
0.241200,0.999999,1.697064,0.346370,0.249016,0
0.241250,0.999999,1.707106,0.292893,0.256536,0
0.241300,0.999999,1.715463,0.239127,0.263823,0
0.241350,0.999999,1.722128,0.185125,0.270870,0
0.241400,0.999999,1.727093,0.130940,0.277671,0
0.241450,0.999999,1.730354,0.076626,0.284218,0
0.241500,0.999999,1.731907,0.022237,0.290506,0
0.241550,0.999999,1.731751,-0.032175,0.296527,0
0.241600,1.000000,1.729886,-0.086554,0.302276,0
0.241650,1.000000,1.726314,-0.140849,0.307747,0
0.241700,1.000000,1.721038,-0.195004,0.312936,0
0.241750,1.000000,1.714063,-0.248967,0.317835,0
0.241800,1.000000,1.705397,-0.302684,0.322442,0
0.241850,1.000000,1.695048,-0.356103,0.326752,0
0.241900,1.000000,1.683026,-0.409170,0.330759,0
0.241950,1.000000,1.669343,-0.461833,0.334460,0
0.242000,1.000000,1.654013,-0.514040,0.337852,0
0.242050,1.000000,1.637051,-0.565740,0.340931,0
0.242100,1.000000,1.618472,-0.616882,0.343694,0
0.242150,1.000000,1.598297,-0.667415,0.346139,0
0.242200,1.000000,1.576544,-0.717290,0.348262,0
0.242250,1.000000,1.553236,-0.766456,0.350063,0
0.242300,1.000000,1.528394,-0.814866,0.351538,0
0.242350,1.000000,1.502045,-0.862472,0.352687,0
0.242400,1.000000,1.474213,-0.909227,0.353509,0
0.242450,1.000000,1.444926,-0.955085,0.354002,0
0.242500,1.000000,1.414213,-1.000000,0.354167,0
0.242550,1.000000,1.382104,-1.043928,0.354002,0
0.242600,1.000000,1.348632,-1.086825,0.353509,0
0.242650,1.000000,1.313828,-1.128651,0.352687,0
0.242700,1.000000,1.277728,-1.169362,0.351538,0
0.242750,1.000000,1.240367,-1.208919,0.350063,0
0.242800,1.000000,1.201782,-1.247284,0.348262,0
0.242850,1.000000,1.162011,-1.284417,0.346139,0
0.242900,1.000000,1.121093,-1.320283,0.343694,0
0.242950,1.000000,1.079069,-1.354846,0.340931,0
0.243000,1.000000,1.035979,-1.388072,0.337852,0
0.243050,1.000000,0.991868,-1.419928,0.334460,0
0.243100,1.000000,0.946777,-1.450383,0.330759,0
0.243150,1.000000,0.900753,-1.479406,0.326752,0
0.243200,1.000000,0.853839,-1.506969,0.322442,0
0.243250,1.000000,0.806083,-1.533045,0.317836,0
0.243300,1.000000,0.757531,-1.557609,0.312936,0
0.243350,1.000000,0.708231,-1.580635,0.307747,0
0.243400,1.000000,0.658233,-1.602101,0.302276,0
0.243450,1.000000,0.607585,-1.621986,0.296527,0
0.243500,1.000000,0.556337,-1.640270,0.290506,0
0.243550,1.000000,0.504541,-1.656936,0.284218,0
0.243600,1.000000,0.452246,-1.671966,0.277671,0
0.243650,1.000000,0.399505,-1.685346,0.270870,0
0.243700,1.000000,0.346370,-1.697064,0.263823,0
0.243750,1.000000,0.292893,-1.707106,0.256536,0
0.243800,1.000000,0.239127,-1.715464,0.249016,0
0.243850,1.000000,0.185125,-1.722128,0.241271,0
0.243900,1.000000,0.130940,-1.727093,0.233308,0
0.243950,1.000000,0.076626,-1.730354,0.225136,0
0.244000,1.000000,0.022237,-1.731907,0.216762,0
0.244050,1.000000,-0.032175,-1.731751,0.208194,0
0.244100,1.000000,-0.086554,-1.729886,0.199442,0
0.244150,1.000000,-0.140849,-1.726314,0.190514,0
0.244200,1.000000,-0.195004,-1.721038,0.181418,0
0.244250,1.000000,-0.248967,-1.714063,0.172163,0
0.244300,1.000000,-0.302684,-1.705397,0.162760,0
0.244350,1.000000,-0.356103,-1.695048,0.153216,0
0.244400,1.000000,-0.409170,-1.683026,0.143542,0
0.244450,1.000000,-0.461833,-1.669343,0.133746,0
0.244500,1.000000,-0.514040,-1.654013,0.123839,0
0.244550,1.000000,-0.565740,-1.637051,0.113830,0
0.244600,1.000000,-0.616882,-1.618473,0.103730,0
0.244650,1.000000,-0.667415,-1.598297,0.093548,0
0.244700,1.000000,-0.717290,-1.576545,0.083294,0
0.244750,1.000000,-0.766456,-1.553236,0.072978,0
0.244800,1.000000,-0.814866,-1.528395,0.062611,0
0.244850,1.000000,-0.862472,-1.502045,0.052203,0
0.244900,1.000000,-0.909227,-1.474213,0.041763,0
0.244950,1.000000,-0.955085,-1.444926,0.031304,0
0.245000,1.000000,-1.000000,-1.414213,0.020833,0
0.245050,1.000000,-1.043928,-1.382104,0.010363,0
0.245100,1.000000,-1.086825,-1.348632,-0.000097,0
0.245150,1.000000,-1.128651,-1.313828,-0.010536,0
0.245200,1.000000,-1.169362,-1.277728,-0.020944,0
0.245250,1.000000,-1.208920,-1.240367,-0.031311,0
0.245300,1.000000,-1.247284,-1.201782,-0.041627,0
0.245350,1.000000,-1.284417,-1.162011,-0.051881,0
0.245400,1.000000,-1.320283,-1.121093,-0.062063,0
0.245450,1.000000,-1.354846,-1.079069,-0.072164,0
0.245500,1.000000,-1.388072,-1.035980,-0.082172,0
0.245550,1.000000,-1.419928,-0.991868,-0.092079,0
0.245600,1.000000,-1.450383,-0.946778,-0.101875,0
0.245650,1.000000,-1.479406,-0.900753,-0.111549,0
0.245700,1.000000,-1.506969,-0.853839,-0.121093,0
0.245750,1.000000,-1.533045,-0.806083,-0.130497,0
0.245800,1.000000,-1.557609,-0.757531,-0.139751,0
0.245850,1.000000,-1.580635,-0.708231,-0.148847,0
0.245900,1.000000,-1.602101,-0.658233,-0.157776,0
0.245950,1.000000,-1.621986,-0.607585,-0.166528,0
0.246000,1.000000,-1.640270,-0.556337,-0.175095,0
0.246050,1.000000,-1.656936,-0.504541,-0.183469,0
0.246100,1.000000,-1.671966,-0.452246,-0.191641,0
0.246150,1.000000,-1.685347,-0.399505,-0.199604,0
0.246200,1.000000,-1.697064,-0.346370,-0.207349,0
0.246250,1.000000,-1.707106,-0.292893,-0.214869,0
0.246300,1.000000,-1.715464,-0.239127,-0.222156,0
0.246350,1.000000,-1.722128,-0.185125,-0.229204,0
0.246400,1.000000,-1.727094,-0.130940,-0.236004,0
0.246450,1.000000,-1.730354,-0.076626,-0.242552,0
0.246500,1.000000,-1.731907,-0.022237,-0.248839,0
0.246550,1.000000,-1.731751,0.032175,-0.254860,0
0.246600,1.000000,-1.729886,0.086554,-0.260609,0
0.246650,1.000000,-1.726314,0.140849,-0.266081,0
0.246700,1.000000,-1.721038,0.195004,-0.271269,0
0.246750,1.000000,-1.714063,0.248967,-0.276169,0
0.246800,1.000000,-1.705397,0.302684,-0.280776,0
0.246850,1.000000,-1.695048,0.356103,-0.285085,0
0.246900,1.000000,-1.683026,0.409170,-0.289092,0
0.246950,1.000000,-1.669344,0.461833,-0.292794,0
0.247000,1.000000,-1.654013,0.514040,-0.296186,0
0.247050,1.000000,-1.637051,0.565740,-0.299265,0
0.247100,1.000000,-1.618473,0.616882,-0.302028,0
0.247150,1.000000,-1.598297,0.667415,-0.304472,0
0.247200,1.000000,-1.576545,0.717290,-0.306596,0
0.247250,1.000000,-1.553236,0.766456,-0.308396,0
0.247300,1.000000,-1.528395,0.814866,-0.309872,0
0.247350,1.000000,-1.502045,0.862472,-0.311021,0
0.247400,1.000000,-1.474213,0.909227,-0.311842,0
0.247450,1.000000,-1.444926,0.955085,-0.312336,0
0.247500,1.000000,-1.414213,1.000000,-0.312500,0
0.247550,1.000000,-1.382104,1.043928,-0.312336,0
0.247600,1.000000,-1.348632,1.086826,-0.311842,0
0.247650,1.000000,-1.313828,1.128651,-0.311021,0
0.247700,1.000000,-1.277728,1.169362,-0.309872,0
0.247750,1.000000,-1.240367,1.208920,-0.308396,0
0.247800,1.000000,-1.201782,1.247284,-0.306596,0
0.247850,1.000000,-1.162011,1.284417,-0.304472,0
0.247900,1.000000,-1.121093,1.320283,-0.302028,0
0.247950,1.000000,-1.079069,1.354846,-0.299265,0
0.248000,1.000000,-1.035980,1.388072,-0.296186,0
0.248050,1.000000,-0.991868,1.419928,-0.292794,0
0.248100,1.000000,-0.946778,1.450383,-0.289092,0
0.248150,1.000000,-0.900753,1.479406,-0.285085,0
0.248200,1.000000,-0.853839,1.506969,-0.280776,0
0.248250,1.000000,-0.806083,1.533045,-0.276169,0
0.248300,1.000000,-0.757531,1.557609,-0.271269,0
0.248350,1.000000,-0.708231,1.580635,-0.266081,0
0.248400,1.000000,-0.658233,1.602101,-0.260609,0
0.248450,1.000000,-0.607585,1.621986,-0.254860,0
0.248500,1.000000,-0.556337,1.640270,-0.248839,0
0.248550,1.000000,-0.504541,1.656936,-0.242552,0
0.248600,1.000000,-0.452246,1.671966,-0.236004,0
0.248650,1.000000,-0.399505,1.685347,-0.229204,0
0.248700,1.000000,-0.346370,1.697064,-0.222156,0
0.248750,1.000000,-0.292893,1.707106,-0.214869,0
0.248800,1.000000,-0.239127,1.715464,-0.207349,0
0.248850,1.000000,-0.185125,1.722128,-0.199604,0
0.248900,1.000000,-0.130940,1.727094,-0.191641,0
0.248950,1.000000,-0.076626,1.730354,-0.183469,0
0.249000,1.000000,-0.022237,1.731907,-0.175095,0
0.249050,1.000000,0.032175,1.731751,-0.166528,0
0.249100,1.000000,0.086554,1.729886,-0.157776,0
0.249150,1.000000,0.140849,1.726314,-0.148847,0
0.249200,1.000000,0.195004,1.721038,-0.139751,0
0.249250,1.000000,0.248967,1.714063,-0.130497,0
0.249300,1.000000,0.302684,1.705397,-0.121093,0
0.249350,1.000000,0.356103,1.695048,-0.111549,0
0.249400,1.000000,0.409170,1.683026,-0.101875,0
0.249450,1.000000,0.461833,1.669344,-0.092079,0
0.249500,1.000000,0.514040,1.654013,-0.082172,0
0.249550,1.000000,0.565741,1.637051,-0.072164,0
0.249600,1.000000,0.616882,1.618473,-0.062063,0
0.249650,1.000000,0.667415,1.598297,-0.051881,0
0.249700,1.000000,0.717290,1.576545,-0.041627,0
0.249750,1.000000,0.766456,1.553236,-0.031311,0
0.249800,1.000000,0.814866,1.528395,-0.020944,0
0.249850,1.000000,0.862472,1.502045,-0.010536,0
0.249900,1.000000,0.909227,1.474213,-0.000097,0
0.249950,1.000000,0.955085,1.444926,0.010363,0
0.250000,1.000000,1.000000,1.414213,0.020833,0
0.250050,1.000000,1.043928,1.382104,0.031304,0
0.250100,1.000000,1.086826,1.348632,0.041764,0
0.250150,1.000000,1.128651,1.313828,0.052203,0
0.250200,1.000000,1.169362,1.277728,0.062611,0
0.250250,1.000000,1.208920,1.240367,0.072978,0
0.250300,1.000000,1.247284,1.201782,0.083294,0
0.250350,1.000000,1.284417,1.162011,0.093548,0
0.250400,1.000000,1.320283,1.121093,0.103730,0
0.250450,1.000000,1.354846,1.079069,0.113830,0
0.250500,1.000000,1.388072,1.035980,0.123839,0
0.250550,1.000000,1.419928,0.991868,0.133746,0
0.250600,1.000000,1.450383,0.946778,0.143542,0
0.250650,1.000000,1.479406,0.900753,0.153216,0
0.250700,1.000000,1.506969,0.853839,0.162760,0
0.250750,1.000000,1.533046,0.806083,0.172163,0
0.250800,1.000000,1.557609,0.757531,0.181418,0
0.250850,1.000000,1.580635,0.708231,0.190514,0
0.250900,1.000000,1.602101,0.658233,0.199442,0
0.250950,1.000000,1.621986,0.607585,0.208194,0
0.251000,1.000000,1.640270,0.556337,0.216762,0
0.251050,1.000000,1.656936,0.504541,0.225136,0
0.251100,1.000000,1.671966,0.452246,0.233308,0
0.251150,1.000000,1.685347,0.399505,0.241271,0
0.251200,1.000000,1.697064,0.346370,0.249016,0
0.251250,1.000000,1.707106,0.292893,0.256536,0
0.251300,1.000000,1.715464,0.239127,0.263823,0
0.251350,1.000000,1.722129,0.185125,0.270870,0
0.251400,1.000000,1.727094,0.130940,0.277671,0
0.251450,1.000000,1.730354,0.076626,0.284218,0
0.251500,1.000000,1.731907,0.022237,0.290506,0
0.251550,1.000000,1.731751,-0.032175,0.296527,0
0.251600,1.000000,1.729886,-0.086554,0.302276,0
0.251650,1.000000,1.726314,-0.140849,0.307747,0
0.251700,1.000000,1.721038,-0.195004,0.312936,0
0.251750,1.000000,1.714063,-0.248967,0.317836,0
0.251800,1.000000,1.705397,-0.302684,0.322442,0
0.251850,1.000000,1.695048,-0.356103,0.326752,0
0.251900,1.000000,1.683027,-0.409170,0.330759,0
0.251950,1.000000,1.669344,-0.461833,0.334460,0
0.252000,1.000000,1.654013,-0.514040,0.337852,0
0.252050,1.000000,1.637051,-0.565741,0.340931,0
0.252100,1.000000,1.618473,-0.616882,0.343694,0
0.252150,1.000000,1.598297,-0.667415,0.346139,0
0.252200,1.000000,1.576545,-0.717290,0.348262,0
0.252250,1.000000,1.553236,-0.766456,0.350063,0
0.252300,1.000000,1.528395,-0.814867,0.351538,0
0.252350,1.000000,1.502045,-0.862472,0.352687,0
0.252400,1.000000,1.474213,-0.909227,0.353509,0
0.252450,1.000000,1.444926,-0.955085,0.354002,0
0.252500,1.000000,1.414213,-1.000000,0.354167,0
0.252550,1.000000,1.382105,-1.043928,0.354002,0
0.252600,1.000000,1.348632,-1.086826,0.353509,0
0.252650,1.000000,1.313828,-1.128651,0.352687,0
0.252700,1.000000,1.277728,-1.169362,0.351538,0
0.252750,1.000000,1.240367,-1.208920,0.350063,0
0.252800,1.000000,1.201782,-1.247284,0.348262,0
0.252850,1.000000,1.162011,-1.284418,0.346139,0
0.252900,1.000000,1.121093,-1.320283,0.343694,0
0.252950,1.000000,1.079069,-1.354846,0.340931,0
0.253000,1.000000,1.035980,-1.388072,0.337852,0
0.253050,1.000000,0.991868,-1.419928,0.334460,0
0.253100,1.000000,0.946778,-1.450383,0.330759,0
0.253150,1.000000,0.900753,-1.479406,0.326752,0
0.253200,1.000000,0.853839,-1.506969,0.322442,0
0.253250,1.000000,0.806083,-1.533046,0.317836,0
0.253300,1.000000,0.757531,-1.557609,0.312936,0
0.253350,1.000000,0.708231,-1.580635,0.307747,0
0.253400,1.000000,0.658233,-1.602101,0.302276,0
0.253450,1.000000,0.607585,-1.621986,0.296527,0
0.253500,1.000000,0.556337,-1.640270,0.290506,0
0.253550,1.000000,0.504541,-1.656936,0.284218,0
0.253600,1.000000,0.452246,-1.671966,0.277671,0
0.253650,1.000000,0.399505,-1.685347,0.270870,0
0.253700,1.000000,0.346370,-1.697064,0.263823,0
0.253750,1.000000,0.292893,-1.707106,0.256536,0
0.253800,1.000000,0.239127,-1.715464,0.249016,0
0.253850,1.000000,0.185125,-1.722129,0.241271,0
0.253900,1.000000,0.130940,-1.727094,0.233308,0
0.253950,1.000000,0.076626,-1.730354,0.225136,0
0.254000,1.000000,0.022237,-1.731908,0.216762,0
0.254050,1.000000,-0.032175,-1.731751,0.208194,0
0.254100,1.000000,-0.086554,-1.729886,0.199442,0
0.254150,1.000000,-0.140849,-1.726314,0.190514,0
0.254200,1.000000,-0.195004,-1.721038,0.181418,0
0.254250,1.000000,-0.248967,-1.714064,0.172163,0
0.254300,1.000000,-0.302684,-1.705397,0.162760,0
0.254350,1.000000,-0.356103,-1.695048,0.153216,0
0.254400,1.000000,-0.409170,-1.683027,0.143542,0
0.254450,1.000000,-0.461833,-1.669344,0.133746,0
0.254500,1.000000,-0.514040,-1.654014,0.123839,0
0.254550,1.000000,-0.565741,-1.637051,0.113830,0
0.254600,1.000000,-0.616882,-1.618473,0.103730,0
0.254650,1.000000,-0.667415,-1.598297,0.093548,0
0.254700,1.000000,-0.717290,-1.576545,0.083294,0
0.254750,1.000000,-0.766456,-1.553236,0.072978,0
0.254800,1.000000,-0.814867,-1.528395,0.062611,0
0.254850,1.000000,-0.862472,-1.502045,0.052203,0
0.254900,1.000000,-0.909227,-1.474213,0.041764,0
0.254950,1.000000,-0.955085,-1.444926,0.031304,0
0.255000,1.000000,-1.000000,-1.414213,0.020833,0
0.255050,1.000000,-1.043928,-1.382105,0.010363,0
0.255100,1.000000,-1.086826,-1.348632,-0.000097,0
0.255150,1.000000,-1.128651,-1.313829,-0.010536,0
0.255200,1.000000,-1.169362,-1.277728,-0.020944,0
0.255250,1.000000,-1.208920,-1.240367,-0.031311,0
0.255300,1.000000,-1.247284,-1.201782,-0.041627,0
0.255350,1.000000,-1.284418,-1.162011,-0.051881,0
0.255400,1.000000,-1.320283,-1.121093,-0.062063,0
0.255450,1.000000,-1.354846,-1.079069,-0.072164,0
0.255500,1.000000,-1.388072,-1.035980,-0.082172,0
0.255550,1.000000,-1.419928,-0.991868,-0.092079,0
0.255600,1.000000,-1.450383,-0.946778,-0.101875,0
0.255650,1.000000,-1.479406,-0.900753,-0.111549,0
0.255700,1.000000,-1.506969,-0.853839,-0.121093,0
0.255750,1.000000,-1.533046,-0.806083,-0.130497,0
0.255800,1.000000,-1.557609,-0.757531,-0.139751,0
0.255850,1.000000,-1.580635,-0.708231,-0.148847,0
0.255900,1.000000,-1.602101,-0.658233,-0.157776,0
0.255950,1.000000,-1.621986,-0.607585,-0.166528,0
0.256000,1.000000,-1.640270,-0.556337,-0.175095,0
0.256050,1.000000,-1.656936,-0.504541,-0.183469,0
0.256100,1.000000,-1.671966,-0.452246,-0.191641,0
0.256150,1.000000,-1.685347,-0.399505,-0.199604,0
0.256200,1.000000,-1.697064,-0.346370,-0.207349,0
0.256250,1.000000,-1.707106,-0.292893,-0.214869,0
0.256300,1.000000,-1.715464,-0.239127,-0.222156,0
0.256350,1.000000,-1.722129,-0.185125,-0.229204,0
0.256400,1.000000,-1.727094,-0.130940,-0.236004,0
0.256450,1.000000,-1.730355,-0.076626,-0.242552,0
0.256500,1.000000,-1.731908,-0.022237,-0.248839,0
0.256550,1.000000,-1.731751,0.032175,-0.254860,0
0.256600,1.000000,-1.729886,0.086554,-0.260609,0
0.256650,1.000000,-1.726314,0.140849,-0.266081,0
0.256700,1.000000,-1.721038,0.195004,-0.271269,0
0.256750,1.000000,-1.714064,0.248967,-0.276169,0
0.256800,1.000000,-1.705398,0.302684,-0.280776,0
0.256850,1.000000,-1.695048,0.356103,-0.285085,0
0.256900,1.000000,-1.683027,0.409170,-0.289092,0
0.256950,1.000000,-1.669344,0.461833,-0.292794,0
0.257000,1.000000,-1.654014,0.514040,-0.296186,0
0.257050,1.000000,-1.637051,0.565741,-0.299265,0
0.257100,1.000000,-1.618473,0.616882,-0.302028,0
0.257150,1.000000,-1.598298,0.667415,-0.304472,0
0.257200,1.000000,-1.576545,0.717290,-0.306596,0
0.257250,1.000000,-1.553236,0.766456,-0.308396,0
0.257300,1.000000,-1.528395,0.814867,-0.309872,0
0.257350,1.000000,-1.502045,0.862473,-0.311021,0
0.257400,1.000000,-1.474213,0.909227,-0.311842,0
0.257450,1.000000,-1.444926,0.955085,-0.312336,0
0.257500,1.000000,-1.414213,1.000000,-0.312500,0
0.257550,1.000000,-1.382105,1.043928,-0.312336,0
0.257600,1.000000,-1.348632,1.086826,-0.311842,0
0.257650,1.000000,-1.313829,1.128651,-0.311021,0
0.257700,1.000000,-1.277728,1.169362,-0.309872,0
0.257750,1.000000,-1.240367,1.208920,-0.308396,0
0.257800,1.000000,-1.201782,1.247284,-0.306596,0
0.257850,1.000000,-1.162011,1.284418,-0.304472,0
0.257900,1.000000,-1.121093,1.320283,-0.302028,0
0.257950,1.000000,-1.079069,1.354846,-0.299265,0
0.258000,1.000000,-1.035980,1.388072,-0.296186,0
0.258050,1.000000,-0.991868,1.419928,-0.292794,0
0.258100,1.000000,-0.946778,1.450383,-0.289092,0
0.258150,1.000000,-0.900753,1.479406,-0.285085,0
0.258200,1.000000,-0.853839,1.506970,-0.280776,0
0.258250,1.000000,-0.806083,1.533046,-0.276169,0
0.258300,1.000000,-0.757531,1.557609,-0.271269,0
0.258350,1.000000,-0.708231,1.580635,-0.266081,0
0.258400,1.000000,-0.658233,1.602101,-0.260609,0
0.258450,1.000000,-0.607585,1.621986,-0.254860,0
0.258500,1.000000,-0.556337,1.640270,-0.248839,0
0.258550,1.000000,-0.504541,1.656936,-0.242552,0
0.258600,1.000000,-0.452246,1.671966,-0.236004,0
0.258650,1.000000,-0.399505,1.685347,-0.229204,0
0.258700,1.000000,-0.346370,1.697064,-0.222156,0
0.258750,1.000000,-0.292893,1.707106,-0.214869,0
0.258800,1.000000,-0.239127,1.715464,-0.207349,0
0.258850,1.000000,-0.185125,1.722129,-0.199604,0
0.258900,1.000000,-0.130940,1.727094,-0.191641,0
0.258950,1.000000,-0.076626,1.730355,-0.183469,0
0.259000,1.000000,-0.022237,1.731908,-0.175095,0
0.259050,1.000000,0.032175,1.731752,-0.166528,0
0.259100,1.000000,0.086554,1.729886,-0.157776,0
0.259150,1.000000,0.140849,1.726314,-0.148847,0
0.259200,1.000000,0.195004,1.721038,-0.139751,0
0.259250,1.000000,0.248967,1.714064,-0.130497,0
0.259300,1.000000,0.302684,1.705398,-0.121093,0
0.259350,1.000000,0.356103,1.695049,-0.111549,0
0.259400,1.000000,0.409170,1.683027,-0.101875,0
0.259450,1.000000,0.461833,1.669344,-0.092079,0
0.259500,1.000000,0.514040,1.654014,-0.082172,0
0.259550,1.000000,0.565741,1.637051,-0.072164,0
0.259600,1.000000,0.616882,1.618473,-0.062063,0
0.259650,1.000000,0.667415,1.598298,-0.051881,0
0.259700,1.000000,0.717290,1.576545,-0.041627,0
0.259750,1.000000,0.766456,1.553236,-0.031311,0
0.259800,1.000000,0.814867,1.528395,-0.020944,0
0.259850,1.000000,0.862473,1.502045,-0.010536,0
0.259900,1.000000,0.909227,1.474213,-0.000097,0
0.259950,1.000000,0.955085,1.444926,0.010363,0
0.260000,1.000000,1.000000,1.414213,0.020833,0
0.260050,1.000000,1.043928,1.382105,0.031304,0
0.260100,1.000000,1.086826,1.348632,0.041764,0
0.260150,1.000000,1.128651,1.313829,0.052203,0
0.260200,1.000000,1.169362,1.277729,0.062611,0
0.260250,1.000000,1.208920,1.240367,0.072978,0
0.260300,1.000000,1.247284,1.201782,0.083294,0
0.260350,1.000000,1.284418,1.162011,0.093548,0
0.260400,1.000000,1.320283,1.121093,0.103730,0
0.260450,1.000000,1.354846,1.079069,0.113830,0
0.260500,1.000000,1.388072,1.035980,0.123839,0
0.260550,1.000000,1.419928,0.991868,0.133746,0
0.260600,1.000000,1.450383,0.946778,0.143542,0
0.260650,1.000000,1.479406,0.900753,0.153216,0
0.260700,1.000000,1.506970,0.853839,0.162760,0
0.260750,1.000000,1.533046,0.806083,0.172163,0
0.260800,1.000000,1.557609,0.757531,0.181418,0
0.260850,1.000000,1.580635,0.708231,0.190514,0
0.260900,1.000000,1.602101,0.658233,0.199442,0
0.260950,1.000000,1.621986,0.607585,0.208194,0
0.261000,1.000000,1.640271,0.556337,0.216762,0
0.261050,1.000000,1.656936,0.504541,0.225136,0
0.261100,1.000000,1.671967,0.452246,0.233308,0
0.261150,1.000000,1.685347,0.399505,0.241271,0
0.261200,1.000000,1.697064,0.346370,0.249016,0
0.261250,1.000000,1.707106,0.292893,0.256536,0
0.261300,1.000000,1.715464,0.239127,0.263823,0
0.261350,1.000000,1.722129,0.185125,0.270870,0
0.261400,1.000000,1.727094,0.130940,0.277671,0
0.261450,1.000000,1.730355,0.076626,0.284218,0
0.261500,1.000000,1.731908,0.022237,0.290506,0
0.261550,1.000000,1.731752,-0.032175,0.296527,0
0.261600,1.000000,1.729886,-0.086554,0.302276,0
0.261650,1.000000,1.726314,-0.140849,0.307747,0
0.261700,1.000000,1.721038,-0.195004,0.312936,0
0.261750,1.000000,1.714064,-0.248967,0.317836,0
0.261800,1.000000,1.705398,-0.302684,0.322442,0
0.261850,1.000000,1.695049,-0.356103,0.326752,0
0.261900,1.000000,1.683027,-0.409170,0.330759,0
0.261950,1.000000,1.669344,-0.461833,0.334460,0
0.262000,1.000000,1.654014,-0.514040,0.337852,0
0.262050,1.000000,1.637051,-0.565741,0.340931,0
0.262100,1.000000,1.618473,-0.616882,0.343694,0
0.262150,1.000000,1.598298,-0.667416,0.346139,0
0.262200,1.000000,1.576545,-0.717290,0.348262,0
0.262250,1.000000,1.553236,-0.766456,0.350063,0
0.262300,1.000000,1.528395,-0.814867,0.351538,0
0.262350,1.000000,1.502045,-0.862473,0.352687,0
0.262400,1.000000,1.474213,-0.909227,0.353509,0
0.262450,1.000000,1.444926,-0.955085,0.354002,0
0.262500,1.000000,1.414213,-1.000000,0.354167,0
0.262550,1.000000,1.382105,-1.043928,0.354002,0
0.262600,1.000000,1.348632,-1.086826,0.353509,0
0.262650,1.000000,1.313829,-1.128651,0.352687,0
0.262700,1.000000,1.277729,-1.169362,0.351538,0
0.262750,1.000000,1.240368,-1.208920,0.350063,0
0.262800,1.000000,1.201782,-1.247284,0.348262,0
0.262850,1.000000,1.162011,-1.284418,0.346139,0
0.262900,1.000000,1.121093,-1.320284,0.343694,0
0.262950,1.000000,1.079069,-1.354846,0.340931,0
0.263000,1.000000,1.035980,-1.388072,0.337852,0
0.263050,1.000000,0.991868,-1.419928,0.334460,0
0.263100,1.000000,0.946778,-1.450383,0.330759,0
0.263150,1.000000,0.900753,-1.479406,0.326752,0
0.263200,1.000000,0.853839,-1.506970,0.322442,0
0.263250,1.000000,0.806083,-1.533046,0.317836,0
0.263300,1.000000,0.757531,-1.557609,0.312936,0
0.263350,1.000000,0.708231,-1.580635,0.307747,0
0.263400,1.000000,0.658233,-1.602101,0.302276,0
0.263450,1.000000,0.607585,-1.621986,0.296527,0
0.263500,1.000000,0.556337,-1.640271,0.290506,0
0.263550,1.000000,0.504541,-1.656936,0.284218,0
0.263600,1.000000,0.452246,-1.671967,0.277671,0
0.263650,1.000000,0.399505,-1.685347,0.270870,0
0.263700,1.000000,0.346370,-1.697064,0.263823,0
0.263750,1.000000,0.292893,-1.707106,0.256536,0
0.263800,1.000000,0.239127,-1.715464,0.249016,0
0.263850,1.000000,0.185125,-1.722129,0.241271,0
0.263900,1.000000,0.130940,-1.727094,0.233308,0
0.263950,1.000000,0.076626,-1.730355,0.225136,0
0.264000,1.000000,0.022237,-1.731908,0.216762,0
0.264050,1.000000,-0.032175,-1.731752,0.208194,0
0.264100,1.000000,-0.086554,-1.729886,0.199442,0
0.264150,1.000000,-0.140849,-1.726314,0.190514,0
0.264200,1.000000,-0.195004,-1.721038,0.181418,0
0.264250,1.000000,-0.248967,-1.714064,0.172163,0
0.264300,1.000000,-0.302684,-1.705398,0.162760,0
0.264350,1.000000,-0.356103,-1.695049,0.153216,0
0.264400,1.000000,-0.409170,-1.683027,0.143542,0
0.264450,1.000000,-0.461833,-1.669344,0.133746,0
0.264500,1.000000,-0.514040,-1.654014,0.123839,0
0.264550,1.000000,-0.565741,-1.637051,0.113830,0
0.264600,1.000000,-0.616882,-1.618473,0.103730,0
0.264650,1.000000,-0.667416,-1.598298,0.093548,0
0.264700,1.000000,-0.717290,-1.576545,0.083294,0
0.264750,1.000000,-0.766456,-1.553236,0.072978,0
0.264800,1.000000,-0.814867,-1.528395,0.062611,0
0.264850,1.000000,-0.862473,-1.502045,0.052203,0
0.264900,1.000000,-0.909227,-1.474213,0.041764,0
0.264950,1.000000,-0.955085,-1.444926,0.031304,0
0.265000,1.000000,-1.000000,-1.414213,0.020833,0
0.265050,1.000000,-1.043928,-1.382105,0.010363,0
0.265100,1.000000,-1.086826,-1.348632,-0.000097,0
0.265150,1.000000,-1.128651,-1.313829,-0.010536,0
0.265200,1.000000,-1.169362,-1.277729,-0.020944,0
0.265250,1.000000,-1.208920,-1.240368,-0.031311,0
0.265300,1.000000,-1.247284,-1.201782,-0.041627,0
0.265350,1.000000,-1.284418,-1.162011,-0.051881,0
0.265400,1.000000,-1.320284,-1.121093,-0.062063,0
0.265450,1.000000,-1.354846,-1.079069,-0.072164,0
0.265500,1.000000,-1.388072,-1.035980,-0.082172,0
0.265550,1.000000,-1.419928,-0.991868,-0.092079,0
0.265600,1.000000,-1.450383,-0.946778,-0.101875,0
0.265650,1.000000,-1.479406,-0.900753,-0.111549,0
0.265700,1.000000,-1.506970,-0.853839,-0.121093,0
0.265750,1.000000,-1.533046,-0.806083,-0.130497,0
0.265800,1.000000,-1.557609,-0.757531,-0.139751,0
0.265850,1.000000,-1.580635,-0.708231,-0.148847,0
0.265900,1.000000,-1.602101,-0.658233,-0.157776,0
0.265950,1.000000,-1.621986,-0.607585,-0.166528,0
0.266000,1.000000,-1.640271,-0.556337,-0.175095,0
0.266050,1.000000,-1.656936,-0.504541,-0.183469,0
0.266100,1.000000,-1.671967,-0.452246,-0.191641,0
0.266150,1.000000,-1.685347,-0.399505,-0.199604,0
0.266200,1.000000,-1.697064,-0.346370,-0.207349,0
0.266250,1.000000,-1.707106,-0.292893,-0.214869,0
0.266300,1.000000,-1.715464,-0.239127,-0.222156,0
0.266350,1.000000,-1.722129,-0.185125,-0.229204,0
0.266400,1.000000,-1.727094,-0.130940,-0.236004,0
0.266450,1.000000,-1.730355,-0.076626,-0.242552,0
0.266500,1.000000,-1.731908,-0.022237,-0.248839,0
0.266550,1.000000,-1.731752,0.032175,-0.254860,0
0.266600,1.000000,-1.729887,0.086554,-0.260609,0
0.266650,1.000000,-1.726314,0.140849,-0.266081,0
0.266700,1.000000,-1.721038,0.195004,-0.271269,0
0.266750,1.000000,-1.714064,0.248967,-0.276169,0
0.266800,1.000000,-1.705398,0.302684,-0.280776,0
0.266850,1.000000,-1.695049,0.356103,-0.285085,0
0.266900,1.000000,-1.683027,0.409170,-0.289092,0
0.266950,1.000000,-1.669344,0.461833,-0.292794,0
0.267000,1.000000,-1.654014,0.514040,-0.296186,0
0.267050,1.000000,-1.637051,0.565741,-0.299265,0
0.267100,1.000000,-1.618473,0.616882,-0.302028,0
0.267150,1.000000,-1.598298,0.667416,-0.304472,0
0.267200,1.000000,-1.576545,0.717290,-0.306596,0
0.267250,1.000000,-1.553236,0.766456,-0.308396,0
0.267300,1.000000,-1.528395,0.814867,-0.309872,0
0.267350,1.000000,-1.502045,0.862473,-0.311021,0
0.267400,1.000000,-1.474213,0.909227,-0.311842,0
0.267450,1.000000,-1.444926,0.955085,-0.312336,0
0.267500,1.000000,-1.414213,1.000000,-0.312500,0
0.267550,1.000000,-1.382105,1.043928,-0.312336,0
0.267600,1.000000,-1.348632,1.086826,-0.311842,0
0.267650,1.000000,-1.313829,1.128651,-0.311021,0
0.267700,1.000000,-1.277729,1.169362,-0.309872,0
0.267750,1.000000,-1.240368,1.208920,-0.308396,0
0.267800,1.000000,-1.201782,1.247284,-0.306596,0
0.267850,1.000000,-1.162011,1.284418,-0.304472,0
0.267900,1.000000,-1.121093,1.320284,-0.302028,0
0.267950,1.000000,-1.079069,1.354846,-0.299265,0
0.268000,1.000000,-1.035980,1.388072,-0.296186,0
0.268050,1.000000,-0.991868,1.419928,-0.292794,0
0.268100,1.000000,-0.946778,1.450383,-0.289092,0
0.268150,1.000000,-0.900753,1.479406,-0.285085,0
0.268200,1.000000,-0.853839,1.506970,-0.280776,0
0.268250,1.000000,-0.806083,1.533046,-0.276169,0
0.268300,1.000000,-0.757531,1.557609,-0.271269,0
0.268350,1.000000,-0.708232,1.580635,-0.266081,0
0.268400,1.000000,-0.658233,1.602101,-0.260609,0
0.268450,1.000000,-0.607585,1.621986,-0.254860,0
0.268500,1.000000,-0.556337,1.640271,-0.248839,0
0.268550,1.000000,-0.504541,1.656936,-0.242552,0
0.268600,1.000000,-0.452246,1.671967,-0.236004,0
0.268650,1.000000,-0.399505,1.685347,-0.229204,0
0.268700,1.000000,-0.346370,1.697064,-0.222156,0
0.268750,1.000000,-0.292893,1.707107,-0.214869,0
0.268800,1.000000,-0.239127,1.715464,-0.207349,0
0.268850,1.000000,-0.185125,1.722129,-0.199604,0
0.268900,1.000000,-0.130940,1.727094,-0.191641,0
0.268950,1.000000,-0.076626,1.730355,-0.183469,0
0.269000,1.000000,-0.022237,1.731908,-0.175095,0
0.269050,1.000000,0.032175,1.731752,-0.166528,0
0.269100,1.000000,0.086554,1.729887,-0.157776,0
0.269150,1.000000,0.140849,1.726314,-0.148847,0
0.269200,1.000000,0.195004,1.721038,-0.139751,0
0.269250,1.000000,0.248967,1.714064,-0.130497,0
0.269300,1.000000,0.302684,1.705398,-0.121093,0
0.269350,1.000000,0.356103,1.695049,-0.111549,0
0.269400,1.000000,0.409170,1.683027,-0.101875,0
0.269450,1.000000,0.461833,1.669344,-0.092079,0
0.269500,1.000000,0.514040,1.654014,-0.082172,0
0.269550,1.000000,0.565741,1.637051,-0.072164,0
0.269600,1.000000,0.616882,1.618473,-0.062063,0
0.269650,1.000000,0.667416,1.598298,-0.051881,0
0.269700,1.000000,0.717290,1.576545,-0.041627,0
0.269750,1.000000,0.766457,1.553236,-0.031311,0
0.269800,1.000000,0.814867,1.528395,-0.020944,0
0.269850,1.000000,0.862473,1.502045,-0.010536,0
0.269900,1.000000,0.909227,1.474213,-0.000097,0
0.269950,1.000000,0.955085,1.444926,0.010363,0
0.270000,1.000000,1.000000,1.414213,0.020833,0
0.270050,1.000000,1.043928,1.382105,0.031304,0
0.270100,1.000000,1.086826,1.348632,0.041764,0
0.270150,1.000000,1.128651,1.313829,0.052203,0
0.270200,1.000000,1.169363,1.277729,0.062611,0
0.270250,1.000000,1.208920,1.240368,0.072978,0
0.270300,1.000000,1.247284,1.201782,0.083294,0
0.270350,1.000000,1.284418,1.162011,0.093548,0
0.270400,1.000000,1.320284,1.121093,0.103730,0
0.270450,1.000000,1.354847,1.079069,0.113830,0
0.270500,1.000000,1.388072,1.035980,0.123839,0
0.270550,1.000000,1.419928,0.991868,0.133746,0
0.270600,1.000000,1.450383,0.946778,0.143542,0
0.270650,1.000000,1.479406,0.900753,0.153216,0
0.270700,1.000000,1.506970,0.853839,0.162760,0
0.270750,1.000000,1.533046,0.806083,0.172163,0
0.270800,1.000000,1.557609,0.757531,0.181418,0
0.270850,1.000000,1.580635,0.708232,0.190514,0
0.270900,1.000000,1.602101,0.658233,0.199442,0
0.270950,1.000000,1.621986,0.607585,0.208194,0
0.271000,1.000000,1.640271,0.556337,0.216762,0
0.271050,1.000000,1.656936,0.504541,0.225136,0
0.271100,1.000000,1.671967,0.452246,0.233308,0
0.271150,1.000000,1.685347,0.399505,0.241271,0
0.271200,1.000000,1.697064,0.346370,0.249016,0
0.271250,1.000000,1.707107,0.292893,0.256536,0
0.271300,1.000000,1.715464,0.239127,0.263823,0
0.271350,1.000000,1.722129,0.185125,0.270870,0
0.271400,1.000000,1.727094,0.130940,0.277671,0
0.271450,1.000000,1.730355,0.076626,0.284218,0
0.271500,1.000000,1.731908,0.022237,0.290506,0
0.271550,1.000000,1.731752,-0.032175,0.296527,0
0.271600,1.000000,1.729887,-0.086554,0.302276,0
0.271650,1.000000,1.726314,-0.140849,0.307747,0
0.271700,1.000000,1.721038,-0.195004,0.312936,0
0.271750,1.000000,1.714064,-0.248967,0.317836,0
0.271800,1.000000,1.705398,-0.302684,0.322442,0
0.271850,1.000000,1.695049,-0.356103,0.326752,0
0.271900,1.000000,1.683027,-0.409170,0.330759,0
0.271950,1.000000,1.669344,-0.461833,0.334460,0
0.272000,1.000000,1.654014,-0.514040,0.337852,0
0.272050,1.000000,1.637051,-0.565741,0.340931,0
0.272100,1.000000,1.618473,-0.616882,0.343694,0
0.272150,1.000000,1.598298,-0.667416,0.346139,0
0.272200,1.000000,1.576545,-0.717290,0.348262,0
0.272250,1.000000,1.553237,-0.766457,0.350063,0
0.272300,1.000000,1.528395,-0.814867,0.351538,0
0.272350,1.000000,1.502045,-0.862473,0.352687,0
0.272400,1.000000,1.474213,-0.909227,0.353509,0
0.272450,1.000000,1.444926,-0.955085,0.354002,0
0.272500,1.000000,1.414213,-1.000000,0.354167,0
0.272550,1.000000,1.382105,-1.043928,0.354002,0
0.272600,1.000000,1.348632,-1.086826,0.353509,0
0.272650,1.000000,1.313829,-1.128651,0.352687,0
0.272700,1.000000,1.277729,-1.169363,0.351538,0
0.272750,1.000000,1.240368,-1.208920,0.350063,0
0.272800,1.000000,1.201782,-1.247284,0.348262,0
0.272850,1.000000,1.162011,-1.284418,0.346139,0
0.272900,1.000000,1.121093,-1.320284,0.343694,0
0.272950,1.000000,1.079069,-1.354847,0.340931,0
0.273000,1.000000,1.035980,-1.388072,0.337852,0
0.273050,1.000000,0.991868,-1.419928,0.334460,0
0.273100,1.000000,0.946778,-1.450383,0.330759,0
0.273150,1.000000,0.900753,-1.479406,0.326752,0
0.273200,1.000000,0.853839,-1.506970,0.322442,0
0.273250,1.000000,0.806083,-1.533046,0.317836,0
0.273300,1.000000,0.757531,-1.557609,0.312936,0
0.273350,1.000000,0.708232,-1.580635,0.307747,0
0.273400,1.000000,0.658233,-1.602101,0.302276,0
0.273450,1.000000,0.607585,-1.621986,0.296527,0
0.273500,1.000000,0.556337,-1.640271,0.290506,0
0.273550,1.000000,0.504541,-1.656936,0.284218,0
0.273600,1.000000,0.452246,-1.671967,0.277671,0
0.273650,1.000000,0.399505,-1.685347,0.270870,0
0.273700,1.000000,0.346370,-1.697064,0.263823,0
0.273750,1.000000,0.292893,-1.707107,0.256536,0
0.273800,1.000000,0.239127,-1.715464,0.249016,0
0.273850,1.000000,0.185125,-1.722129,0.241271,0
0.273900,1.000000,0.130940,-1.727094,0.233308,0
0.273950,1.000000,0.076626,-1.730355,0.225136,0
0.274000,1.000000,0.022237,-1.731908,0.216762,0
0.274050,1.000000,-0.032175,-1.731752,0.208194,0
0.274100,1.000000,-0.086554,-1.729887,0.199442,0
0.274150,1.000000,-0.140849,-1.726314,0.190514,0
0.274200,1.000000,-0.195004,-1.721038,0.181418,0
0.274250,1.000000,-0.248967,-1.714064,0.172163,0
0.274300,1.000000,-0.302684,-1.705398,0.162760,0
0.274350,1.000000,-0.356103,-1.695049,0.153216,0
0.274400,1.000000,-0.409170,-1.683027,0.143542,0
0.274450,1.000000,-0.461833,-1.669344,0.133746,0
0.274500,1.000000,-0.514040,-1.654014,0.123839,0
0.274550,1.000000,-0.565741,-1.637051,0.113830,0
0.274600,1.000000,-0.616882,-1.618473,0.103730,0
0.274650,1.000000,-0.667416,-1.598298,0.093548,0
0.274700,1.000000,-0.717290,-1.576545,0.083294,0
0.274750,1.000000,-0.766457,-1.553237,0.072978,0
0.274800,1.000000,-0.814867,-1.528395,0.062611,0
0.274850,1.000000,-0.862473,-1.502045,0.052203,0
0.274900,1.000000,-0.909227,-1.474213,0.041764,0
0.274950,1.000000,-0.955085,-1.444926,0.031304,0
0.275000,1.000000,-1.000000,-1.414213,0.020833,0
0.275050,1.000000,-1.043928,-1.382105,0.010363,0
0.275100,1.000000,-1.086826,-1.348632,-0.000097,0
0.275150,1.000000,-1.128651,-1.313829,-0.010536,0
0.275200,1.000000,-1.169363,-1.277729,-0.020944,0
0.275250,1.000000,-1.208920,-1.240368,-0.031311,0
0.275300,1.000000,-1.247284,-1.201782,-0.041627,0
0.275350,1.000000,-1.284418,-1.162011,-0.051881,0
0.275400,1.000000,-1.320284,-1.121093,-0.062063,0
0.275450,1.000000,-1.354847,-1.079069,-0.072164,0
0.275500,1.000000,-1.388072,-1.035980,-0.082172,0
0.275550,1.000000,-1.419928,-0.991868,-0.092079,0
0.275600,1.000000,-1.450383,-0.946778,-0.101875,0
0.275650,1.000000,-1.479406,-0.900753,-0.111549,0
0.275700,1.000000,-1.506970,-0.853839,-0.121093,0
0.275750,1.000000,-1.533046,-0.806083,-0.130497,0
0.275800,1.000000,-1.557609,-0.757531,-0.139751,0
0.275850,1.000000,-1.580635,-0.708232,-0.148847,0
0.275900,1.000000,-1.602101,-0.658233,-0.157776,0
0.275950,1.000000,-1.621986,-0.607585,-0.166528,0
0.276000,1.000000,-1.640271,-0.556337,-0.175095,0
0.276050,1.000000,-1.656936,-0.504541,-0.183469,0
0.276100,1.000000,-1.671967,-0.452246,-0.191641,0
0.276150,1.000000,-1.685347,-0.399505,-0.199604,0
0.276200,1.000000,-1.697064,-0.346370,-0.207349,0
0.276250,1.000000,-1.707107,-0.292893,-0.214869,0
0.276300,1.000000,-1.715464,-0.239127,-0.222156,0
0.276350,1.000000,-1.722129,-0.185125,-0.229204,0
0.276400,1.000000,-1.727094,-0.130940,-0.236004,0
0.276450,1.000000,-1.730355,-0.076626,-0.242552,0
0.276500,1.000000,-1.731908,-0.022237,-0.248839,0
0.276550,1.000000,-1.731752,0.032175,-0.254860,0
0.276600,1.000000,-1.729887,0.086554,-0.260609,0
0.276650,1.000000,-1.726314,0.140849,-0.266081,0
0.276700,1.000000,-1.721038,0.195004,-0.271269,0
0.276750,1.000000,-1.714064,0.248967,-0.276169,0
0.276800,1.000000,-1.705398,0.302684,-0.280776,0
0.276850,1.000000,-1.695049,0.356103,-0.285085,0
0.276900,1.000000,-1.683027,0.409170,-0.289092,0
0.276950,1.000000,-1.669344,0.461833,-0.292794,0
0.277000,1.000000,-1.654014,0.514040,-0.296186,0
0.277050,1.000000,-1.637051,0.565741,-0.299265,0
0.277100,1.000000,-1.618473,0.616882,-0.302028,0
0.277150,1.000000,-1.598298,0.667416,-0.304472,0
0.277200,1.000000,-1.576545,0.717290,-0.306596,0
0.277250,1.000000,-1.553237,0.766457,-0.308396,0
0.277300,1.000000,-1.528395,0.814867,-0.309872,0
0.277350,1.000000,-1.502045,0.862473,-0.311021,0
0.277400,1.000000,-1.474213,0.909227,-0.311842,0
0.277450,1.000000,-1.444926,0.955085,-0.312336,0
0.277500,1.000000,-1.414213,1.000000,-0.312500,0
0.277550,1.000000,-1.382105,1.043928,-0.312336,0
0.277600,1.000000,-1.348632,1.086826,-0.311842,0
0.277650,1.000000,-1.313829,1.128651,-0.311021,0
0.277700,1.000000,-1.277729,1.169363,-0.309872,0
0.277750,1.000000,-1.240368,1.208920,-0.308396,0
0.277800,1.000000,-1.201783,1.247284,-0.306596,0
0.277850,1.000000,-1.162011,1.284418,-0.304472,0
0.277900,1.000000,-1.121093,1.320284,-0.302028,0
0.277950,1.000000,-1.079069,1.354847,-0.299265,0
0.278000,1.000000,-1.035980,1.388072,-0.296186,0
0.278050,1.000000,-0.991868,1.419928,-0.292794,0
0.278100,1.000000,-0.946778,1.450383,-0.289092,0
0.278150,1.000000,-0.900753,1.479406,-0.285085,0
0.278200,1.000000,-0.853839,1.506970,-0.280776,0
0.278250,1.000000,-0.806083,1.533046,-0.276169,0
0.278300,1.000000,-0.757531,1.557609,-0.271269,0
0.278350,1.000000,-0.708232,1.580635,-0.266081,0
0.278400,1.000000,-0.658233,1.602101,-0.260609,0
0.278450,1.000000,-0.607585,1.621986,-0.254860,0
0.278500,1.000000,-0.556337,1.640271,-0.248839,0
0.278550,1.000000,-0.504541,1.656936,-0.242552,0
0.278600,1.000000,-0.452246,1.671967,-0.236004,0
0.278650,1.000000,-0.399505,1.685347,-0.229204,0
0.278700,1.000000,-0.346370,1.697064,-0.222156,0
0.278750,1.000000,-0.292893,1.707107,-0.214869,0
0.278800,1.000000,-0.239127,1.715464,-0.207349,0
0.278850,1.000000,-0.185125,1.722129,-0.199604,0
0.278900,1.000000,-0.130940,1.727094,-0.191641,0
0.278950,1.000000,-0.076626,1.730355,-0.183469,0
0.279000,1.000000,-0.022237,1.731908,-0.175095,0
0.279050,1.000000,0.032175,1.731752,-0.166528,0
0.279100,1.000000,0.086554,1.729887,-0.157776,0
0.279150,1.000000,0.140849,1.726314,-0.148847,0
0.279200,1.000000,0.195004,1.721038,-0.139751,0
0.279250,1.000000,0.248967,1.714064,-0.130497,0
0.279300,1.000000,0.302684,1.705398,-0.121093,0
0.279350,1.000000,0.356103,1.695049,-0.111549,0
0.279400,1.000000,0.409170,1.683027,-0.101875,0
0.279450,1.000000,0.461833,1.669344,-0.092079,0
0.279500,1.000000,0.514040,1.654014,-0.082172,0
0.279550,1.000000,0.565741,1.637051,-0.072164,0
0.279600,1.000000,0.616883,1.618473,-0.062063,0
0.279650,1.000000,0.667416,1.598298,-0.051881,0
0.279700,1.000000,0.717290,1.576545,-0.041627,0
0.279750,1.000000,0.766457,1.553237,-0.031311,0
0.279800,1.000000,0.814867,1.528395,-0.020944,0
0.279850,1.000000,0.862473,1.502045,-0.010536,0
0.279900,1.000000,0.909227,1.474213,-0.000097,0
0.279950,1.000000,0.955085,1.444926,0.010363,0
0.280000,1.000000,1.000000,1.414213,0.020833,0
0.280050,1.000000,1.043928,1.382105,0.031304,0
0.280100,1.000000,1.086826,1.348632,0.041764,0
0.280150,1.000000,1.128651,1.313829,0.052203,0
0.280200,1.000000,1.169363,1.277729,0.062611,0
0.280250,1.000000,1.208920,1.240368,0.072978,0
0.280300,1.000000,1.247284,1.201783,0.083294,0
0.280350,1.000000,1.284418,1.162011,0.093548,0
0.280400,1.000000,1.320284,1.121093,0.103730,0
0.280450,1.000000,1.354847,1.079069,0.113830,0
0.280500,1.000000,1.388072,1.035980,0.123839,0
0.280550,1.000000,1.419928,0.991868,0.133746,0
0.280600,1.000000,1.450383,0.946778,0.143542,0
0.280650,1.000000,1.479406,0.900753,0.153216,0
0.280700,1.000000,1.506970,0.853839,0.162760,0
0.280750,1.000000,1.533046,0.806083,0.172163,0
0.280800,1.000000,1.557609,0.757531,0.181418,0
0.280850,1.000000,1.580635,0.708232,0.190514,0
0.280900,1.000000,1.602101,0.658233,0.199442,0
0.280950,1.000000,1.621986,0.607585,0.208194,0
0.281000,1.000000,1.640271,0.556337,0.216762,0
0.281050,1.000000,1.656936,0.504541,0.225136,0
0.281100,1.000000,1.671967,0.452246,0.233308,0
0.281150,1.000000,1.685347,0.399505,0.241271,0
0.281200,1.000000,1.697064,0.346370,0.249016,0
0.281250,1.000000,1.707107,0.292893,0.256536,0
0.281300,1.000000,1.715464,0.239127,0.263823,0
0.281350,1.000000,1.722129,0.185125,0.270870,0
0.281400,1.000000,1.727094,0.130940,0.277671,0
0.281450,1.000000,1.730355,0.076626,0.284218,0
0.281500,1.000000,1.731908,0.022237,0.290506,0
0.281550,1.000000,1.731752,-0.032175,0.296527,0
0.281600,1.000000,1.729887,-0.086554,0.302276,0
0.281650,1.000000,1.726314,-0.140849,0.307747,0
0.281700,1.000000,1.721038,-0.195004,0.312936,0
0.281750,1.000000,1.714064,-0.248967,0.317836,0
0.281800,1.000000,1.705398,-0.302684,0.322442,0
0.281850,1.000000,1.695049,-0.356103,0.326752,0
0.281900,1.000000,1.683027,-0.409170,0.330759,0
0.281950,1.000000,1.669344,-0.461833,0.334460,0
0.282000,1.000000,1.654014,-0.514040,0.337852,0
0.282050,1.000000,1.637051,-0.565741,0.340931,0
0.282100,1.000000,1.618473,-0.616883,0.343694,0
0.282150,1.000000,1.598298,-0.667416,0.346139,0
0.282200,1.000000,1.576545,-0.717290,0.348262,0
0.282250,1.000000,1.553237,-0.766457,0.350063,0
0.282300,1.000000,1.528395,-0.814867,0.351538,0
0.282350,1.000000,1.502045,-0.862473,0.352687,0
0.282400,1.000000,1.474213,-0.909227,0.353509,0
0.282450,1.000000,1.444926,-0.955085,0.354002,0
0.282500,1.000000,1.414213,-1.000000,0.354167,0
0.282550,1.000000,1.382105,-1.043928,0.354002,0
0.282600,1.000000,1.348632,-1.086826,0.353509,0
0.282650,1.000000,1.313829,-1.128651,0.352687,0
0.282700,1.000000,1.277729,-1.169363,0.351538,0
0.282750,1.000000,1.240368,-1.208920,0.350063,0
0.282800,1.000000,1.201783,-1.247284,0.348262,0
0.282850,1.000000,1.162011,-1.284418,0.346139,0
0.282900,1.000000,1.121093,-1.320284,0.343694,0
0.282950,1.000000,1.079069,-1.354847,0.340931,0
0.283000,1.000000,1.035980,-1.388072,0.337852,0
0.283050,1.000000,0.991868,-1.419928,0.334460,0
0.283100,1.000000,0.946778,-1.450383,0.330759,0
0.283150,1.000000,0.900753,-1.479406,0.326752,0
0.283200,1.000000,0.853839,-1.506970,0.322442,0
0.283250,1.000000,0.806083,-1.533046,0.317836,0
0.283300,1.000000,0.757531,-1.557609,0.312936,0
0.283350,1.000000,0.708232,-1.580635,0.307747,0
0.283400,1.000000,0.658233,-1.602101,0.302276,0
0.283450,1.000000,0.607585,-1.621986,0.296527,0
0.283500,1.000000,0.556338,-1.640271,0.290506,0
0.283550,1.000000,0.504541,-1.656936,0.284218,0
0.283600,1.000000,0.452246,-1.671967,0.277671,0
0.283650,1.000000,0.399505,-1.685347,0.270870,0
0.283700,1.000000,0.346370,-1.697064,0.263823,0
0.283750,1.000000,0.292893,-1.707107,0.256536,0
0.283800,1.000000,0.239127,-1.715464,0.249016,0
0.283850,1.000000,0.185125,-1.722129,0.241271,0
0.283900,1.000000,0.130940,-1.727094,0.233308,0
0.283950,1.000000,0.076626,-1.730355,0.225136,0
0.284000,1.000000,0.022237,-1.731908,0.216762,0
0.284050,1.000000,-0.032175,-1.731752,0.208194,0
0.284100,1.000000,-0.086554,-1.729887,0.199442,0
0.284150,1.000000,-0.140849,-1.726314,0.190514,0
0.284200,1.000000,-0.195004,-1.721038,0.181418,0
0.284250,1.000000,-0.248967,-1.714064,0.172163,0
0.284300,1.000000,-0.302684,-1.705398,0.162760,0
0.284350,1.000000,-0.356103,-1.695049,0.153216,0
0.284400,1.000000,-0.409170,-1.683027,0.143542,0
0.284450,1.000000,-0.461833,-1.669344,0.133746,0
0.284500,1.000000,-0.514040,-1.654014,0.123839,0
0.284550,1.000000,-0.565741,-1.637051,0.113830,0
0.284600,1.000000,-0.616883,-1.618473,0.103730,0
0.284650,1.000000,-0.667416,-1.598298,0.093548,0
0.284700,1.000000,-0.717290,-1.576545,0.083294,0
0.284750,1.000000,-0.766457,-1.553237,0.072978,0
0.284800,1.000000,-0.814867,-1.528395,0.062611,0
0.284850,1.000000,-0.862473,-1.502045,0.052203,0
0.284900,1.000000,-0.909227,-1.474213,0.041764,0
0.284950,1.000000,-0.955085,-1.444926,0.031304,0
0.285000,1.000000,-1.000000,-1.414213,0.020833,0
0.285050,1.000000,-1.043928,-1.382105,0.010363,0
0.285100,1.000000,-1.086826,-1.348632,-0.000097,0
0.285150,1.000000,-1.128651,-1.313829,-0.010536,0
0.285200,1.000000,-1.169363,-1.277729,-0.020944,0
0.285250,1.000000,-1.208920,-1.240368,-0.031311,0
0.285300,1.000000,-1.247284,-1.201783,-0.041627,0
0.285350,1.000000,-1.284418,-1.162011,-0.051881,0
0.285400,1.000000,-1.320284,-1.121093,-0.062063,0
0.285450,1.000000,-1.354847,-1.079069,-0.072164,0
0.285500,1.000000,-1.388072,-1.035980,-0.082172,0
0.285550,1.000000,-1.419928,-0.991868,-0.092079,0
0.285600,1.000000,-1.450383,-0.946778,-0.101875,0
0.285650,1.000000,-1.479406,-0.900753,-0.111549,0
0.285700,1.000000,-1.506970,-0.853839,-0.121093,0
0.285750,1.000000,-1.533046,-0.806083,-0.130497,0
0.285800,1.000000,-1.557609,-0.757531,-0.139751,0
0.285850,1.000000,-1.580635,-0.708232,-0.148847,0
0.285900,1.000000,-1.602101,-0.658233,-0.157776,0
0.285950,1.000000,-1.621986,-0.607585,-0.166528,0
0.286000,1.000000,-1.640271,-0.556338,-0.175095,0
0.286050,1.000000,-1.656936,-0.504541,-0.183469,0
0.286100,1.000000,-1.671967,-0.452246,-0.191641,0
0.286150,1.000000,-1.685347,-0.399505,-0.199604,0
0.286200,1.000000,-1.697064,-0.346370,-0.207349,0
0.286250,1.000000,-1.707107,-0.292893,-0.214869,0
0.286300,1.000000,-1.715464,-0.239127,-0.222156,0
0.286350,1.000000,-1.722129,-0.185125,-0.229204,0
0.286400,1.000000,-1.727094,-0.130940,-0.236004,0
0.286450,1.000000,-1.730355,-0.076626,-0.242552,0
0.286500,1.000000,-1.731908,-0.022237,-0.248839,0
0.286550,1.000000,-1.731752,0.032175,-0.254860,0
0.286600,1.000000,-1.729887,0.086554,-0.260609,0
0.286650,1.000000,-1.726314,0.140849,-0.266081,0
0.286700,1.000000,-1.721038,0.195004,-0.271269,0
0.286750,1.000000,-1.714064,0.248967,-0.276169,0
0.286800,1.000000,-1.705398,0.302684,-0.280776,0
0.286850,1.000000,-1.695049,0.356103,-0.285085,0
0.286900,1.000000,-1.683027,0.409170,-0.289092,0
0.286950,1.000000,-1.669344,0.461833,-0.292794,0
0.287000,1.000000,-1.654014,0.514040,-0.296186,0
0.287050,1.000000,-1.637051,0.565741,-0.299265,0
0.287100,1.000000,-1.618473,0.616883,-0.302028,0
0.287150,1.000000,-1.598298,0.667416,-0.304472,0
0.287200,1.000000,-1.576545,0.717290,-0.306596,0
0.287250,1.000000,-1.553237,0.766457,-0.308396,0
0.287300,1.000000,-1.528395,0.814867,-0.309872,0
0.287350,1.000000,-1.502045,0.862473,-0.311021,0
0.287400,1.000000,-1.474213,0.909227,-0.311842,0
0.287450,1.000000,-1.444926,0.955085,-0.312336,0
0.287500,1.000000,-1.414213,1.000000,-0.312500,0
0.287550,1.000000,-1.382105,1.043928,-0.312336,0
0.287600,1.000000,-1.348632,1.086826,-0.311842,0
0.287650,1.000000,-1.313829,1.128651,-0.311021,0
0.287700,1.000000,-1.277729,1.169363,-0.309872,0
0.287750,1.000000,-1.240368,1.208920,-0.308396,0
0.287800,1.000000,-1.201783,1.247284,-0.306596,0
0.287850,1.000000,-1.162011,1.284418,-0.304472,0
0.287900,1.000000,-1.121093,1.320284,-0.302028,0
0.287950,1.000000,-1.079069,1.354847,-0.299265,0
0.288000,1.000000,-1.035980,1.388072,-0.296186,0
0.288050,1.000000,-0.991868,1.419928,-0.292794,0
0.288100,1.000000,-0.946778,1.450383,-0.289092,0
0.288150,1.000000,-0.900753,1.479406,-0.285085,0
0.288200,1.000000,-0.853839,1.506970,-0.280776,0
0.288250,1.000000,-0.806083,1.533046,-0.276169,0
0.288300,1.000000,-0.757531,1.557609,-0.271269,0
0.288350,1.000000,-0.708232,1.580635,-0.266081,0
0.288400,1.000000,-0.658233,1.602101,-0.260609,0
0.288450,1.000000,-0.607585,1.621986,-0.254860,0
0.288500,1.000000,-0.556338,1.640271,-0.248839,0
0.288550,1.000000,-0.504541,1.656936,-0.242552,0
0.288600,1.000000,-0.452246,1.671967,-0.236004,0
0.288650,1.000000,-0.399505,1.685347,-0.229204,0
0.288700,1.000000,-0.346370,1.697064,-0.222156,0
0.288750,1.000000,-0.292893,1.707107,-0.214869,0
0.288800,1.000000,-0.239127,1.715464,-0.207349,0
0.288850,1.000000,-0.185125,1.722129,-0.199604,0
0.288900,1.000000,-0.130940,1.727094,-0.191641,0
0.288950,1.000000,-0.076626,1.730355,-0.183469,0
0.289000,1.000000,-0.022237,1.731908,-0.175095,0
0.289050,1.000000,0.032175,1.731752,-0.166528,0
0.289100,1.000000,0.086554,1.729887,-0.157776,0
0.289150,1.000000,0.140849,1.726314,-0.148847,0
0.289200,1.000000,0.195004,1.721038,-0.139751,0
0.289250,1.000000,0.248967,1.714064,-0.130497,0
0.289300,1.000000,0.302684,1.705398,-0.121093,0
0.289350,1.000000,0.356103,1.695049,-0.111549,0
0.289400,1.000000,0.409170,1.683027,-0.101875,0
0.289450,1.000000,0.461833,1.669344,-0.092079,0
0.289500,1.000000,0.514040,1.654014,-0.082172,0
0.289550,1.000000,0.565741,1.637051,-0.072164,0
0.289600,1.000000,0.616883,1.618473,-0.062063,0
0.289650,1.000000,0.667416,1.598298,-0.051881,0
0.289700,1.000000,0.717290,1.576545,-0.041627,0
0.289750,1.000000,0.766457,1.553237,-0.031311,0
0.289800,1.000000,0.814867,1.528395,-0.020944,0
0.289850,1.000000,0.862473,1.502045,-0.010536,0
0.289900,1.000000,0.909227,1.474213,-0.000097,0
0.289950,1.000000,0.955085,1.444926,0.010363,0
0.290000,1.000000,1.000000,1.414213,0.020833,0
0.290050,1.000000,1.043928,1.382105,0.031304,0
0.290100,1.000000,1.086826,1.348632,0.041764,0
0.290150,1.000000,1.128651,1.313829,0.052203,0
0.290200,1.000000,1.169363,1.277729,0.062611,0
0.290250,1.000000,1.208920,1.240368,0.072978,0
0.290300,1.000000,1.247284,1.201783,0.083294,0
0.290350,1.000000,1.284418,1.162011,0.093548,0
0.290400,1.000000,1.320284,1.121093,0.103730,0
0.290450,1.000000,1.354847,1.079069,0.113830,0
0.290500,1.000000,1.388072,1.035980,0.123839,0
0.290550,1.000000,1.419928,0.991868,0.133746,0
0.290600,1.000000,1.450383,0.946778,0.143542,0
0.290650,1.000000,1.479406,0.900753,0.153216,0
0.290700,1.000000,1.506970,0.853839,0.162760,0
0.290750,1.000000,1.533046,0.806083,0.172163,0
0.290800,1.000000,1.557609,0.757531,0.181418,0
0.290850,1.000000,1.580635,0.708232,0.190514,0
0.290900,1.000000,1.602101,0.658233,0.199442,0
0.290950,1.000000,1.621986,0.607585,0.208194,0
0.291000,1.000000,1.640271,0.556338,0.216762,0
0.291050,1.000000,1.656936,0.504541,0.225136,0
0.291100,1.000000,1.671967,0.452246,0.233308,0
0.291150,1.000000,1.685347,0.399505,0.241271,0
0.291200,1.000000,1.697064,0.346370,0.249016,0
0.291250,1.000000,1.707107,0.292893,0.256536,0
0.291300,1.000000,1.715464,0.239127,0.263823,0
0.291350,1.000000,1.722129,0.185125,0.270870,0
0.291400,1.000000,1.727094,0.130940,0.277671,0
0.291450,1.000000,1.730355,0.076626,0.284218,0
0.291500,1.000000,1.731908,0.022237,0.290506,0
0.291550,1.000000,1.731752,-0.032175,0.296527,0
0.291600,1.000000,1.729887,-0.086554,0.302276,0
0.291650,1.000000,1.726314,-0.140849,0.307747,0
0.291700,1.000000,1.721038,-0.195004,0.312936,0
0.291750,1.000000,1.714064,-0.248967,0.317836,0
0.291800,1.000000,1.705398,-0.302684,0.322442,0
0.291850,1.000000,1.695049,-0.356103,0.326752,0
0.291900,1.000000,1.683027,-0.409170,0.330759,0
0.291950,1.000000,1.669344,-0.461833,0.334460,0
0.292000,1.000000,1.654014,-0.514040,0.337852,0
0.292050,1.000000,1.637051,-0.565741,0.340931,0
0.292100,1.000000,1.618473,-0.616883,0.343694,0
0.292150,1.000000,1.598298,-0.667416,0.346139,0
0.292200,1.000000,1.576545,-0.717290,0.348262,0
0.292250,1.000000,1.553237,-0.766457,0.350063,0
0.292300,1.000000,1.528395,-0.814867,0.351538,0
0.292350,1.000000,1.502045,-0.862473,0.352687,0
0.292400,1.000000,1.474213,-0.909227,0.353509,0
0.292450,1.000000,1.444926,-0.955085,0.354002,0
0.292500,1.000000,1.414213,-1.000000,0.354167,0
0.292550,1.000000,1.382105,-1.043928,0.354002,0
0.292600,1.000000,1.348632,-1.086826,0.353509,0
0.292650,1.000000,1.313829,-1.128651,0.352687,0
0.292700,1.000000,1.277729,-1.169363,0.351538,0
0.292750,1.000000,1.240368,-1.208920,0.350063,0
0.292800,1.000000,1.201783,-1.247284,0.348262,0
0.292850,1.000000,1.162011,-1.284418,0.346139,0
0.292900,1.000000,1.121093,-1.320284,0.343694,0
0.292950,1.000000,1.079069,-1.354847,0.340931,0
0.293000,1.000000,1.035980,-1.388072,0.337852,0
0.293050,1.000000,0.991868,-1.419928,0.334460,0
0.293100,1.000000,0.946778,-1.450383,0.330759,0
0.293150,1.000000,0.900753,-1.479406,0.326752,0
0.293200,1.000000,0.853839,-1.506970,0.322442,0
0.293250,1.000000,0.806083,-1.533046,0.317836,0
0.293300,1.000000,0.757531,-1.557609,0.312936,0
0.293350,1.000000,0.708232,-1.580635,0.307747,0
0.293400,1.000000,0.658233,-1.602101,0.302276,0
0.293450,1.000000,0.607585,-1.621986,0.296527,0
0.293500,1.000000,0.556338,-1.640271,0.290506,0
0.293550,1.000000,0.504541,-1.656936,0.284218,0
0.293600,1.000000,0.452246,-1.671967,0.277671,0
0.293650,1.000000,0.399505,-1.685347,0.270870,0
0.293700,1.000000,0.346370,-1.697064,0.263823,0
0.293750,1.000000,0.292893,-1.707107,0.256536,0
0.293800,1.000000,0.239127,-1.715464,0.249016,0
0.293850,1.000000,0.185125,-1.722129,0.241271,0
0.293900,1.000000,0.130940,-1.727094,0.233308,0
0.293950,1.000000,0.076626,-1.730355,0.225136,0
0.294000,1.000000,0.022237,-1.731908,0.216762,0
0.294050,1.000000,-0.032175,-1.731752,0.208194,0
0.294100,1.000000,-0.086554,-1.729887,0.199442,0
0.294150,1.000000,-0.140849,-1.726314,0.190514,0
0.294200,1.000000,-0.195004,-1.721038,0.181418,0
0.294250,1.000000,-0.248967,-1.714064,0.172163,0
0.294300,1.000000,-0.302684,-1.705398,0.162760,0
0.294350,1.000000,-0.356103,-1.695049,0.153216,0
0.294400,1.000000,-0.409170,-1.683027,0.143542,0
0.294450,1.000000,-0.461833,-1.669344,0.133746,0
0.294500,1.000000,-0.514040,-1.654014,0.123839,0
0.294550,1.000000,-0.565741,-1.637051,0.113830,0
0.294600,1.000000,-0.616883,-1.618473,0.103730,0
0.294650,1.000000,-0.667416,-1.598298,0.093548,0
0.294700,1.000000,-0.717290,-1.576545,0.083294,0
0.294750,1.000000,-0.766457,-1.553237,0.072978,0
0.294800,1.000000,-0.814867,-1.528395,0.062611,0
0.294850,1.000000,-0.862473,-1.502045,0.052203,0
0.294900,1.000000,-0.909227,-1.474213,0.041764,0
0.294950,1.000000,-0.955085,-1.444926,0.031304,0
0.295000,1.000000,-1.000000,-1.414213,0.020833,0
0.295050,1.000000,-1.043928,-1.382105,0.010363,0
0.295100,1.000000,-1.086826,-1.348632,-0.000097,0
0.295150,1.000000,-1.128651,-1.313829,-0.010536,0
0.295200,1.000000,-1.169363,-1.277729,-0.020944,0
0.295250,1.000000,-1.208920,-1.240368,-0.031311,0
0.295300,1.000000,-1.247284,-1.201783,-0.041627,0
0.295350,1.000000,-1.284418,-1.162011,-0.051881,0
0.295400,1.000000,-1.320284,-1.121094,-0.062063,0
0.295450,1.000000,-1.354847,-1.079069,-0.072164,0
0.295500,1.000000,-1.388072,-1.035980,-0.082172,0
0.295550,1.000000,-1.419928,-0.991868,-0.092079,0
0.295600,1.000000,-1.450383,-0.946778,-0.101875,0
0.295650,1.000000,-1.479406,-0.900753,-0.111549,0
0.295700,1.000000,-1.506970,-0.853839,-0.121093,0
0.295750,1.000000,-1.533046,-0.806083,-0.130497,0
0.295800,1.000000,-1.557609,-0.757531,-0.139751,0
0.295850,1.000000,-1.580635,-0.708232,-0.148847,0
0.295900,1.000000,-1.602101,-0.658233,-0.157776,0
0.295950,1.000000,-1.621986,-0.607585,-0.166528,0
0.296000,1.000000,-1.640271,-0.556338,-0.175095,0
0.296050,1.000000,-1.656936,-0.504541,-0.183469,0
0.296100,1.000000,-1.671967,-0.452246,-0.191641,0
0.296150,1.000000,-1.685347,-0.399505,-0.199604,0
0.296200,1.000000,-1.697064,-0.346370,-0.207349,0
0.296250,1.000000,-1.707107,-0.292893,-0.214869,0
0.296300,1.000000,-1.715464,-0.239127,-0.222156,0
0.296350,1.000000,-1.722129,-0.185125,-0.229204,0
0.296400,1.000000,-1.727094,-0.130940,-0.236004,0
0.296450,1.000000,-1.730355,-0.076626,-0.242552,0
0.296500,1.000000,-1.731908,-0.022237,-0.248839,0
0.296550,1.000000,-1.731752,0.032175,-0.254860,0
0.296600,1.000000,-1.729887,0.086554,-0.260609,0
0.296650,1.000000,-1.726314,0.140849,-0.266081,0
0.296700,1.000000,-1.721038,0.195004,-0.271269,0
0.296750,1.000000,-1.714064,0.248967,-0.276169,0
0.296800,1.000000,-1.705398,0.302684,-0.280776,0
0.296850,1.000000,-1.695049,0.356103,-0.285085,0
0.296900,1.000000,-1.683027,0.409170,-0.289092,0
0.296950,1.000000,-1.669344,0.461833,-0.292794,0
0.297000,1.000000,-1.654014,0.514040,-0.296186,0
0.297050,1.000000,-1.637051,0.565741,-0.299265,0
0.297100,1.000000,-1.618473,0.616883,-0.302028,0
0.297150,1.000000,-1.598298,0.667416,-0.304472,0
0.297200,1.000000,-1.576545,0.717290,-0.306596,0
0.297250,1.000000,-1.553237,0.766457,-0.308396,0
0.297300,1.000000,-1.528395,0.814867,-0.309872,0
0.297350,1.000000,-1.502045,0.862473,-0.311021,0
0.297400,1.000000,-1.474213,0.909227,-0.311842,0
0.297450,1.000000,-1.444926,0.955085,-0.312336,0
0.297500,1.000000,-1.414214,1.000000,-0.312500,0
0.297550,1.000000,-1.382105,1.043928,-0.312336,0
0.297600,1.000000,-1.348632,1.086826,-0.311842,0
0.297650,1.000000,-1.313829,1.128651,-0.311021,0
0.297700,1.000000,-1.277729,1.169363,-0.309872,0
0.297750,1.000000,-1.240368,1.208920,-0.308396,0
0.297800,1.000000,-1.201783,1.247284,-0.306596,0
0.297850,1.000000,-1.162011,1.284418,-0.304472,0
0.297900,1.000000,-1.121094,1.320284,-0.302028,0
0.297950,1.000000,-1.079069,1.354847,-0.299265,0
0.298000,1.000000,-1.035980,1.388072,-0.296186,0
0.298050,1.000000,-0.991868,1.419928,-0.292794,0
0.298100,1.000000,-0.946778,1.450383,-0.289092,0
0.298150,1.000000,-0.900753,1.479407,-0.285085,0
0.298200,1.000000,-0.853839,1.506970,-0.280776,0
0.298250,1.000000,-0.806083,1.533046,-0.276169,0
0.298300,1.000000,-0.757531,1.557609,-0.271269,0
0.298350,1.000000,-0.708232,1.580635,-0.266081,0
0.298400,1.000000,-0.658233,1.602101,-0.260609,0
0.298450,1.000000,-0.607585,1.621986,-0.254860,0
0.298500,1.000000,-0.556338,1.640271,-0.248839,0
0.298550,1.000000,-0.504541,1.656936,-0.242552,0
0.298600,1.000000,-0.452246,1.671967,-0.236004,0
0.298650,1.000000,-0.399505,1.685347,-0.229204,0
0.298700,1.000000,-0.346370,1.697064,-0.222156,0
0.298750,1.000000,-0.292893,1.707107,-0.214869,0
0.298800,1.000000,-0.239127,1.715464,-0.207349,0
0.298850,1.000000,-0.185125,1.722129,-0.199604,0
0.298900,1.000000,-0.130940,1.727094,-0.191641,0
0.298950,1.000000,-0.076626,1.730355,-0.183469,0
0.299000,1.000000,-0.022237,1.731908,-0.175095,0
0.299050,1.000000,0.032175,1.731752,-0.166528,0
0.299100,1.000000,0.086554,1.729887,-0.157776,0
0.299150,1.000000,0.140849,1.726314,-0.148847,0
0.299200,1.000000,0.195004,1.721038,-0.139751,0
0.299250,1.000000,0.248967,1.714064,-0.130497,0
0.299300,1.000000,0.302684,1.705398,-0.121093,0
0.299350,1.000000,0.356103,1.695049,-0.111549,0
0.299400,1.000000,0.409170,1.683027,-0.101875,0
0.299450,1.000000,0.461833,1.669344,-0.092079,0
0.299500,1.000000,0.514040,1.654014,-0.082172,0
0.299550,1.000000,0.565741,1.637051,-0.072164,0
0.299600,1.000000,0.616883,1.618473,-0.062063,0
0.299650,1.000000,0.667416,1.598298,-0.051881,0
0.299700,1.000000,0.717290,1.576545,-0.041627,0
0.299750,1.000000,0.766457,1.553237,-0.031311,0
0.299800,1.000000,0.814867,1.528395,-0.020944,0
0.299850,1.000000,0.862473,1.502045,-0.010536,0
0.299900,1.000000,0.909227,1.474213,-0.000097,0
0.299950,1.000000,0.955085,1.444926,0.010363,0
