time_s,u1,theta,locked,duty,current_a,gate
0.000000,0.000000,0.031416,0,0.083750,0.050250,0
0.000050,0.251286,0.062831,0,0.090428,0.097597,0
0.000100,0.502324,0.094244,0,0.097319,0.142210,0
0.000150,0.752867,0.125650,0,0.104398,0.184249,0
0.000200,1.002666,0.157046,0,0.111643,0.223865,0
0.000250,1.251476,0.188426,0,0.119032,0.261199,0
0.000300,1.499051,0.219784,0,0.126544,0.296384,0
0.000350,1.745146,0.251112,0,0.134159,0.329546,0
0.000400,1.989519,0.282402,0,0.141857,0.360803,0
0.000450,2.231929,0.313646,0,0.149619,0.390267,0
0.000500,2.472136,0.344834,0,0.157427,0.418041,0
0.000550,2.709903,0.375957,0,0.165262,0.444225,0
0.000600,2.944996,0.407004,0,0.173107,0.468911,0
0.000650,3.177183,0.437965,0,0.180945,0.492187,0
0.000700,3.406234,0.468830,0,0.188761,0.514136,0
0.000750,3.631924,0.499587,0,0.196538,0.534834,0
0.000800,3.854029,0.530227,0,0.204261,0.554354,0
0.000850,4.072331,0.560738,0,0.211916,0.572766,0
0.000900,4.286614,0.591110,0,0.219488,0.590135,0
0.000950,4.496667,0.621333,0,0.226964,0.606520,0
0.001000,4.702282,0.651396,0,0.234330,0.621979,0
0.001050,4.903256,0.681290,0,0.241573,0.636567,0
0.001100,5.099392,0.711005,0,0.248681,0.650334,0
0.001150,5.290495,0.740532,0,0.255642,0.663327,0
0.001200,5.476377,0.769863,0,0.262445,0.675593,0
0.001250,5.656854,0.798989,0,0.269078,0.687174,0
0.001300,5.831749,0.827904,0,0.275530,0.698108,0
0.001350,6.000889,0.856599,0,0.281792,0.708435,0
0.001400,6.164106,0.885069,0,0.287854,0.718190,0
0.001450,6.321240,0.913307,0,0.293706,0.727405,0
0.001500,6.472136,0.941308,0,0.299339,0.736112,0
0.001550,6.616645,0.969067,0,0.304744,0.744341,0
0.001600,6.754623,0.996580,0,0.309914,0.752120,0
0.001650,6.885936,1.023844,0,0.314841,0.759474,0
0.001700,7.010453,1.050855,0,0.319516,0.766429,0
0.001750,7.128052,1.077611,0,0.323934,0.773008,0
0.001800,7.238616,1.104110,0,0.328087,0.779232,0
0.001850,7.342037,1.130351,0,0.331970,0.785122,0
0.001900,7.438212,1.156332,0,0.335576,0.790698,0
0.001950,7.527046,1.182054,0,0.338899,0.795978,0
0.002000,7.608452,1.207517,0,0.341936,0.800979,0
0.002050,7.682349,1.232722,0,0.344682,0.805717,0
0.002100,7.748665,1.257854,0,0.347131,0.810208,0
0.002150,7.807334,1.282987,0,0.349280,0.814465,0
0.002200,7.858298,1.308120,0,0.351126,0.818502,0
0.002250,7.901507,1.333253,0,0.352666,0.822333,0
0.002300,7.936918,1.358385,0,0.353896,0.825969,0
0.002350,7.964496,1.383518,0,0.354815,0.829421,0
0.002400,7.984214,1.408651,0,0.355420,0.832699,0
0.002450,7.996052,1.433783,0,0.355710,0.835815,0
0.002500,8.000000,1.458916,0,0.355683,0.838777,0
0.002550,7.996052,1.484049,0,0.355339,0.841594,0
0.002600,7.984214,1.509182,0,0.354677,0.844275,0
0.002650,7.964496,1.534314,0,0.353697,0.846827,0
0.002700,7.936918,1.559447,0,0.352399,0.849258,0
0.002750,7.901507,1.584580,0,0.350783,0.851575,0
0.002800,7.858298,1.609713,0,0.348852,0.853784,0
0.002850,7.807334,1.634845,0,0.346605,0.855891,0
0.002900,7.748665,1.659978,0,0.344045,0.857903,0
0.002950,7.682349,1.685111,0,0.341173,0.859824,0
0.003000,7.608452,1.710244,0,0.337993,0.861661,0
0.003050,7.527046,1.735376,0,0.334505,0.863417,0
0.003100,7.438212,1.760509,0,0.330714,0.865098,0
0.003150,7.342037,1.785642,0,0.326623,0.866707,0
0.003200,7.238616,1.810775,0,0.322236,0.868249,0
0.003250,7.128052,1.835907,0,0.317555,0.869728,0
0.003300,7.010453,1.861040,0,0.312586,0.871147,0
0.003350,6.885936,1.886173,0,0.307333,0.872509,0
0.003400,6.754623,1.911306,0,0.301802,0.873818,0
0.003450,6.616645,1.936438,0,0.295996,0.875077,0
0.003500,6.472136,1.961571,0,0.289922,0.876288,0
0.003550,6.321240,1.986704,0,0.283585,0.877455,0
0.003600,6.164106,2.011837,0,0.276992,0.878579,0
0.003650,6.000889,2.036969,0,0.270148,0.879664,0
0.003700,5.831749,2.062102,0,0.263060,0.880710,0
0.003750,5.656854,2.087235,0,0.255736,0.881721,0
0.003800,5.476377,2.112368,0,0.248181,0.882699,0
0.003850,5.290495,2.137500,0,0.240403,0.883645,0
0.003900,5.099392,2.162633,0,0.232410,0.884560,0
0.003950,4.903256,2.187766,0,0.224210,0.885448,0
0.004000,4.702282,2.212898,0,0.215809,0.886308,0
0.004050,4.496667,2.238031,0,0.207218,0.887143,0
0.004100,4.286614,2.263164,0,0.198443,0.887954,0
0.004150,4.072331,2.288297,0,0.189494,0.888743,0
0.004200,3.854029,2.313429,0,0.180378,0.889510,0
0.004250,3.631924,2.338562,0,0.171106,0.890257,0
0.004300,3.406234,2.363695,0,0.161686,0.890984,0
0.004350,3.177183,2.388828,0,0.152127,0.891693,0
0.004400,2.944996,2.413960,0,0.142438,0.892385,0
0.004450,2.709903,2.439093,0,0.132630,0.893061,0
0.004500,2.472136,2.464226,0,0.122711,0.893721,0
0.004550,2.231929,2.489359,0,0.112692,0.894367,0
0.004600,1.989519,2.514491,0,0.102582,0.894998,0
0.004650,1.745146,2.539624,0,0.092391,0.895616,0
0.004700,1.499051,2.564757,0,0.082129,0.896222,0
0.004750,1.251476,2.589890,0,0.071806,0.896816,0
0.004800,1.002666,2.615022,0,0.061432,0.897399,0
0.004850,0.752867,2.640155,0,0.051018,0.897970,0
0.004900,0.502324,2.665288,0,0.040574,0.898532,0
0.004950,0.251286,2.690421,0,0.030109,0.899084,0
0.005000,0.000000,2.715553,0,0.019635,0.899626,0
0.005050,-0.251286,2.740686,0,0.009162,0.900160,0
0.005100,-0.502324,2.765819,0,-0.001301,0.900685,0
0.005150,-0.752867,2.790952,0,-0.011743,0.901203,0
0.005200,-1.002666,2.816084,0,-0.022153,0.901712,0
0.005250,-1.251476,2.841217,0,-0.032522,0.902215,0
0.005300,-1.499051,2.866350,0,-0.042839,0.902710,0
0.005350,-1.745146,2.891482,0,-0.053093,0.903199,0
0.005400,-1.989519,2.916615,0,-0.063276,0.903681,0
0.005450,-2.231929,2.941748,0,-0.073376,0.904158,0
0.005500,-2.472136,2.966881,0,-0.083385,0.904628,0
0.005550,-2.709903,2.992013,0,-0.093291,0.905093,0
0.005600,-2.944996,3.017146,0,-0.103086,0.905553,0
0.005650,-3.177183,3.042279,0,-0.112759,0.906008,0
0.005700,-3.406234,3.067412,0,-0.122302,0.906457,0
0.005750,-3.631924,3.092544,0,-0.131704,0.906902,0
0.005800,-3.854029,3.117677,0,-0.140957,0.907343,0
0.005850,-4.072331,3.142810,0,-0.150051,0.907779,0
0.005900,-4.286614,3.167943,0,-0.158977,0.908211,0
0.005950,-4.496667,3.193075,0,-0.167727,0.908638,0
0.006000,-4.702282,3.218208,0,-0.176292,0.909062,0
0.006050,-4.903256,3.243341,0,-0.184663,0.909482,0
0.006100,-5.099392,3.268474,0,-0.192833,0.909899,0
0.006150,-5.290495,3.293606,0,-0.200793,0.910312,0
0.006200,-5.476377,3.318739,0,-0.208535,0.910721,0
0.006250,-5.656854,3.343872,0,-0.216052,0.911128,0
0.006300,-5.831749,3.369005,0,-0.223336,0.911531,0
0.006350,-6.000889,3.394137,0,-0.230380,0.911931,0
0.006400,-6.164106,3.419270,0,-0.237177,0.912328,0
0.006450,-6.321240,3.444403,0,-0.243721,0.912722,0
0.006500,-6.472136,3.469536,0,-0.250005,0.913114,0
0.006550,-6.616645,3.494668,0,-0.256023,0.913502,0
0.006600,-6.754623,3.519801,0,-0.261768,0.913888,0
0.006650,-6.885936,3.544934,0,-0.267236,0.914272,0
0.006700,-7.010453,3.570066,0,-0.272420,0.914652,0
0.006750,-7.128052,3.595199,0,-0.277316,0.915031,0
0.006800,-7.238616,3.620332,0,-0.281919,0.915407,0
0.006850,-7.342037,3.645465,0,-0.286225,0.915780,0
0.006900,-7.438212,3.670597,0,-0.290228,0.916152,0
0.006950,-7.527046,3.695730,0,-0.293925,0.916521,0
0.007000,-7.608452,3.720863,0,-0.297313,0.916888,0
0.007050,-7.682349,3.745996,0,-0.300388,0.917252,0
0.007100,-7.748665,3.771128,0,-0.303147,0.917615,0
0.007150,-7.807334,3.796261,0,-0.305588,0.917976,0
0.007200,-7.858298,3.821394,0,-0.307707,0.918334,0
0.007250,-7.901507,3.846527,0,-0.309503,0.918691,0
0.007300,-7.936918,3.871659,0,-0.310975,0.919045,0
0.007350,-7.964496,3.896792,0,-0.312119,0.919398,0
0.007400,-7.984214,3.921925,0,-0.312937,0.919749,0
0.007450,-7.996052,3.947058,0,-0.313426,0.920098,0
0.007500,-8.000000,3.972190,0,-0.313586,0.920445,0
0.007550,-7.996052,3.997323,0,-0.313417,0.920790,0
0.007600,-7.984214,4.022456,0,-0.312920,0.921133,0
0.007650,-7.964496,4.047589,0,-0.312094,0.921475,0
0.007700,-7.936918,4.072721,0,-0.310941,0.921815,0
0.007750,-7.901507,4.097854,0,-0.309461,0.922153,0
0.007800,-7.858298,4.122987,0,-0.307657,0.922490,0
0.007850,-7.807334,4.148120,0,-0.305529,0.922825,0
0.007900,-7.748665,4.173252,0,-0.303080,0.923158,0
0.007950,-7.682349,4.198385,0,-0.300313,0.923490,0
0.008000,-7.608452,4.223518,0,-0.297229,0.923820,0
0.008050,-7.527046,4.248651,0,-0.293833,0.924149,0
0.008100,-7.438212,4.273783,0,-0.290127,0.924476,0
0.008150,-7.342037,4.298916,0,-0.286116,0.924801,0
0.008200,-7.238616,4.324049,0,-0.281803,0.925125,0
0.008250,-7.128052,4.349181,0,-0.277192,0.925447,0
0.008300,-7.010453,4.374314,0,-0.272287,0.925768,0
0.008350,-6.885936,4.399447,0,-0.267095,0.926087,0
0.008400,-6.754623,4.424580,0,-0.261619,0.926405,0
0.008450,-6.616645,4.449712,0,-0.255866,0.926722,0
0.008500,-6.472136,4.474845,0,-0.249841,0.927037,0
0.008550,-6.321240,4.499978,0,-0.243549,0.927350,0
0.008600,-6.164106,4.525111,0,-0.236998,0.927662,0
0.008650,-6.000889,4.550243,0,-0.230193,0.927973,0
0.008700,-5.831749,4.575376,0,-0.223141,0.928282,0
0.008750,-5.656854,4.600509,0,-0.215850,0.928590,0
0.008800,-5.476377,4.625642,0,-0.208326,0.928896,0
0.008850,-5.290495,4.650774,0,-0.200577,0.929201,0
0.008900,-5.099392,4.675907,0,-0.192610,0.929505,0
0.008950,-4.903256,4.701040,0,-0.184434,0.929807,0
0.009000,-4.702282,4.726173,0,-0.176056,0.930108,0
0.009050,-4.496667,4.751305,0,-0.167484,0.930408,0
0.009100,-4.286614,4.776438,0,-0.158728,0.930706,0
0.009150,-4.072331,4.801571,0,-0.149796,0.931003,0
0.009200,-3.854029,4.826704,0,-0.140696,0.931299,0
0.009250,-3.631924,4.851836,0,-0.131437,0.931593,0
0.009300,-3.406234,4.876969,0,-0.122030,0.931886,0
0.009350,-3.177183,4.902102,0,-0.112482,0.932178,0
0.009400,-2.944996,4.927235,0,-0.102804,0.932469,0
0.009450,-2.709903,4.952367,0,-0.093004,0.932758,0
0.009500,-2.472136,4.977500,0,-0.083093,0.933046,0
0.009550,-2.231929,5.002633,0,-0.073081,0.933333,0
0.009600,-1.989519,5.027765,0,-0.062976,0.933618,0
0.009650,-1.745146,5.052898,0,-0.052790,0.933902,0
0.009700,-1.499051,5.078031,0,-0.042533,0.934185,0
0.009750,-1.251476,5.103164,0,-0.032213,0.934467,0
0.009800,-1.002666,5.128296,0,-0.021842,0.934748,0
0.009850,-0.752867,5.153429,0,-0.011430,0.935027,0
0.009900,-0.502324,5.178562,0,-0.000987,0.935305,0
0.009950,-0.251286,5.203695,0,0.009477,0.935582,0
0.010000,-0.000000,5.228827,0,0.019951,0.935858,0
0.010050,0.251286,5.253960,0,0.030425,0.936132,0
0.010100,0.502324,5.279093,0,0.040888,0.936405,0
0.010150,0.752867,5.304226,0,0.051331,0.936677,0
0.010200,1.002666,5.329358,0,0.061743,0.936948,0
0.010250,1.251476,5.354491,0,0.072114,0.937218,0
0.010300,1.499051,5.379624,0,0.082433,0.937487,0
0.010350,1.745146,5.404757,0,0.092691,0.937754,0
0.010400,1.989519,5.429889,0,0.102877,0.938021,0
0.010450,2.231929,5.455022,0,0.112981,0.938286,0
0.010500,2.472136,5.480155,0,0.122993,0.938550,0
0.010550,2.709903,5.505288,0,0.132904,0.938813,0
0.010600,2.944996,5.530420,0,0.142703,0.939074,0
0.010650,3.177183,5.555553,0,0.152381,0.939335,0
0.010700,3.406234,5.580686,0,0.161928,0.939594,0
0.010750,3.631924,5.605819,0,0.171336,0.939853,0
0.010800,3.854029,5.630951,0,0.180594,0.940110,0
0.010850,4.072331,5.656084,0,0.189693,0.940366,0
0.010900,4.286614,5.681217,0,0.198625,0.940621,0
0.010950,4.496667,5.706350,0,0.207381,0.940875,0
0.011000,4.702282,5.731482,0,0.215951,0.941128,0
0.011050,4.903256,5.756615,0,0.224329,0.941380,0
0.011100,5.099392,5.781748,0,0.232505,0.941630,0
0.011150,5.290495,5.806880,0,0.240471,0.941880,0
0.011200,5.476377,5.832013,0,0.248219,0.942129,0
0.011250,5.656854,5.857146,0,0.255742,0.942376,0
0.011300,5.831749,5.882279,0,0.263033,0.942622,0
0.011350,6.000889,5.907411,0,0.270084,0.942868,0
0.011400,6.164106,5.932544,0,0.276888,0.943112,0
0.011450,6.321240,5.957677,0,0.283439,0.943355,0
0.011500,6.472136,5.982810,0,0.289729,0.943598,0
0.011550,6.616645,6.007942,0,0.295754,0.943839,0
0.011600,6.754623,6.033075,0,0.301506,0.944079,0
0.011650,6.885936,6.058208,0,0.306981,0.944318,0
0.011700,7.010453,6.083341,0,0.312172,0.944556,0
0.011750,7.128052,6.108473,0,0.317076,0.944793,0
0.011800,7.238616,6.133606,0,0.321686,0.945029,0
0.011850,7.342037,6.158739,0,0.325998,0.945264,0
0.011900,7.438212,6.183872,0,0.330009,0.945498,0
0.011950,7.527046,6.209004,0,0.333713,0.945731,0
0.012000,7.608452,6.234137,0,0.337108,0.945963,0
0.012050,7.682349,6.259270,0,0.340191,0.946195,0
0.012100,7.748665,0.001217,0,0.342957,0.946425,0
0.012150,7.807334,0.026350,0,0.345405,0.946654,0
0.012200,7.858298,0.051483,0,0.347531,0.946882,0
0.012250,7.901507,0.076615,0,0.349335,0.947109,0
0.012300,7.936918,0.101748,0,0.350813,0.947335,0
0.012350,7.964496,0.126881,0,0.351965,0.947560,0
0.012400,7.984214,0.152014,0,0.352790,0.947784,0
0.012450,7.996052,0.177146,0,0.353286,0.948008,0
0.012500,8.000000,0.202279,0,0.353454,0.948230,0
0.012550,7.996052,0.227412,0,0.353293,0.948451,0
0.012600,7.984214,0.252545,0,0.352802,0.948672,0
0.012650,7.964496,0.277677,0,0.351984,0.948891,0
0.012700,7.936918,0.302810,0,0.350838,0.949110,0
0.012750,7.901507,0.327943,0,0.349365,0.949327,0
0.012800,7.858298,0.353076,0,0.347568,0.949544,0
0.012850,7.807334,0.378208,0,0.345447,0.949760,0
0.012900,7.748665,0.403341,0,0.343006,0.949974,0
0.012950,7.682349,0.428474,0,0.340246,0.950188,0
0.013000,7.608452,0.453607,0,0.337169,0.950401,0
0.013050,7.527046,0.478739,0,0.333780,0.950613,0
0.013100,7.438212,0.503872,0,0.330082,0.950825,0
0.013150,7.342037,0.529005,0,0.326077,0.951035,0
0.013200,7.238616,0.554138,0,0.321771,0.951244,0
0.013250,7.128052,0.579270,0,0.317167,0.951453,0
0.013300,7.010453,0.604403,0,0.312270,0.951660,0
0.013350,6.885936,0.629536,0,0.307085,0.951867,0
0.013400,6.754623,0.654669,0,0.301616,0.952073,0
0.013450,6.616645,0.679801,0,0.295870,0.952278,0
0.013500,6.472136,0.704934,0,0.289852,0.952482,0
0.013550,6.321240,0.730067,0,0.283567,0.952685,0
0.013600,6.164106,0.755199,0,0.277023,0.952887,0
0.013650,6.000889,0.780332,0,0.270225,0.953088,0
0.013700,5.831749,0.805465,0,0.263180,0.953289,0
0.013750,5.656854,0.830598,0,0.255895,0.953489,0
0.013800,5.476377,0.855730,0,0.248378,0.953688,0
0.013850,5.290495,0.880863,0,0.240636,0.953886,0
0.013900,5.099392,0.905996,0,0.232676,0.954083,0
0.013950,4.903256,0.931129,0,0.224506,0.954279,0
0.014000,4.702282,0.956261,0,0.216135,0.954475,0
0.014050,4.496667,0.981394,0,0.207570,0.954669,0
0.014100,4.286614,1.006527,0,0.198821,0.954863,0
0.014150,4.072331,1.031660,0,0.189895,0.955056,0
0.014200,3.854029,1.056792,0,0.180802,0.955248,0
0.014250,3.631924,1.081925,0,0.171550,0.955439,0
0.014300,3.406234,1.107058,0,0.162149,0.955630,0
0.014350,3.177183,1.132191,0,0.152608,0.955820,0
0.014400,2.944996,1.157323,0,0.142936,0.956009,0
0.014450,2.709903,1.182456,0,0.133143,0.956197,0
0.014500,2.472136,1.207589,0,0.123239,0.956384,0
0.014550,2.231929,1.232722,0,0.113232,0.956570,0
0.014600,1.989519,1.257854,0,0.103135,0.956756,0
0.014650,1.745146,1.282987,0,0.092955,0.956941,0
0.014700,1.499051,1.308120,0,0.082704,0.957125,0
0.014750,1.251476,1.333253,0,0.072390,0.957308,0
0.014800,1.002666,1.358500,0,0.062026,0.957491,0
0.014850,0.752867,1.383911,0,0.051620,0.957673,0
0.014900,0.502324,1.409488,0,0.041183,0.957854,0
0.014950,0.251286,1.435236,0,0.030726,0.958034,0
0.015000,-0.000000,1.461157,0,0.020258,0.958213,0
0.015050,-0.251286,1.487255,0,0.009790,0.958392,0
0.015100,-0.502324,1.513531,0,-0.000667,0.958570,0
0.015150,-0.752867,1.539987,0,-0.011104,0.958747,0
0.015200,-1.002666,1.566626,0,-0.021510,0.958923,0
0.015250,-1.251476,1.593448,0,-0.031875,0.959099,0
0.015300,-1.499051,1.620454,0,-0.042188,0.959274,0
0.015350,-1.745146,1.647645,0,-0.052439,0.959448,0
0.015400,-1.989519,1.675021,0,-0.062619,0.959621,0
0.015450,-2.231929,1.702581,0,-0.072717,0.959794,0
0.015500,-2.472136,1.730324,0,-0.082723,0.959966,0
0.015550,-2.709903,1.758248,0,-0.092628,0.960137,0
0.015600,-2.944996,1.786353,0,-0.102421,0.960307,0
0.015650,-3.177183,1.814636,0,-0.112093,0.960477,0
0.015700,-3.406234,1.843094,0,-0.121635,0.960646,0
0.015750,-3.631924,1.871724,0,-0.131036,0.960814,0
0.015800,-3.854029,1.900522,0,-0.140288,0.960982,0
0.015850,-4.072331,1.929486,0,-0.149382,0.961149,0
0.015900,-4.286614,1.958610,0,-0.158308,0.961315,0
0.015950,-4.496667,1.987891,0,-0.167058,0.961480,0
0.016000,-4.702282,2.017323,0,-0.175623,0.961645,0
0.016050,-4.903256,2.046902,0,-0.183995,0.961809,0
0.016100,-5.099392,2.076622,0,-0.192165,0.961972,0
0.016150,-5.290495,2.106478,0,-0.200125,0.962135,0
0.016200,-5.476377,2.136464,0,-0.207868,0.962297,0
0.016250,-5.656854,2.166574,0,-0.215386,0.962458,0
0.016300,-5.831749,2.196803,0,-0.222671,0.962618,0
0.016350,-6.000889,2.227145,0,-0.229716,0.962778,0
0.016400,-6.164106,2.257593,0,-0.236515,0.962937,0
0.016450,-6.321240,2.288141,0,-0.243060,0.963096,0
0.016500,-6.472136,2.318784,0,-0.249345,0.963253,0
0.016550,-6.616645,2.349516,0,-0.255364,0.963411,0
0.016600,-6.754623,2.380330,0,-0.261111,0.963567,0
0.016650,-6.885936,2.411222,0,-0.266580,0.963723,0
0.016700,-7.010453,2.442185,0,-0.271766,0.963878,0
0.016750,-7.128052,2.473214,0,-0.276664,0.964032,0
0.016800,-7.238616,2.504303,0,-0.281269,0.964186,0
0.016850,-7.342037,2.535448,0,-0.285576,0.964339,0
0.016900,-7.438212,2.566644,0,-0.289581,0.964492,0
0.016950,-7.527046,2.597886,0,-0.293280,0.964643,0
0.017000,-7.608452,2.629169,0,-0.296670,0.964795,0
0.017050,-7.682349,2.660490,0,-0.299747,0.964945,0
0.017100,-7.748665,2.691844,0,-0.302508,0.965095,0
0.017150,-7.807334,2.723228,0,-0.304951,0.965244,0
0.017200,-7.858298,2.754638,0,-0.307072,0.965393,0
0.017250,-7.901507,2.786072,0,-0.308870,0.965541,0
0.017300,-7.936918,2.817526,0,-0.310344,0.965688,0
0.017350,-7.964496,2.848997,0,-0.311491,0.965835,0
0.017400,-7.984214,2.880484,0,-0.312311,0.965981,0
0.017450,-7.996052,2.911984,0,-0.312802,0.966126,0
0.017500,-8.000000,2.943495,0,-0.312964,0.966271,0
0.017550,-7.996052,2.975016,0,-0.312798,0.966415,0
0.017600,-7.984214,3.006545,0,-0.312303,0.966559,0
0.017650,-7.964496,3.038080,0,-0.311479,0.966702,0
0.017700,-7.936918,3.069622,0,-0.310328,0.966844,0
0.017750,-7.901507,3.101169,0,-0.308851,0.966986,0
0.017800,-7.858298,3.132720,0,-0.307048,0.967127,0
0.017850,-7.807334,3.164276,0,-0.304923,0.967268,0
0.017900,-7.748665,3.195835,0,-0.302476,0.967408,0
0.017950,-7.682349,3.227398,0,-0.299711,0.967547,0
0.018000,-7.608452,3.258965,0,-0.296630,0.967686,0
0.018050,-7.527046,3.290536,0,-0.293237,0.967824,0
0.018100,-7.438212,3.322111,0,-0.289533,0.967961,0
0.018150,-7.342037,3.353691,0,-0.285524,0.968098,0
0.018200,-7.238616,3.385276,0,-0.281213,0.968235,0
0.018250,-7.128052,3.416867,0,-0.276604,0.968371,0
0.018300,-7.010453,3.448465,0,-0.271702,0.968506,0
0.018350,-6.885936,3.480070,0,-0.266512,0.968640,0
0.018400,-6.754623,3.511684,0,-0.261039,0.968775,0
0.018450,-6.616645,3.543307,0,-0.255288,0.968908,0
0.018500,-6.472136,3.574939,0,-0.249265,0.969041,0
0.018550,-6.321240,3.606583,0,-0.242976,0.969173,0
0.018600,-6.164106,3.638239,0,-0.236427,0.969305,0
0.018650,-6.000889,3.669909,0,-0.229624,0.969436,0
0.018700,-5.831749,3.701592,0,-0.222575,0.969567,0
0.018750,-5.656854,3.733291,0,-0.215286,0.969697,0
0.018800,-5.476377,3.765006,0,-0.207764,0.969827,0
0.018850,-5.290495,3.796738,0,-0.200018,0.969956,0
0.018900,-5.099392,3.828489,0,-0.192053,0.970084,0
0.018950,-4.903256,3.860258,0,-0.183879,0.970212,0
0.019000,-4.702282,3.892048,0,-0.175503,0.970339,0
0.019050,-4.496667,3.923858,0,-0.166934,0.970466,0
0.019100,-4.286614,3.955690,0,-0.158180,0.970592,0
0.019150,-4.072331,3.987544,0,-0.149250,0.970718,0
0.019200,-3.854029,4.019422,0,-0.140153,0.970843,0
0.019250,-3.631924,4.051323,0,-0.130897,0.970968,0
0.019300,-3.406234,4.083248,0,-0.121491,0.971092,0
0.019350,-3.177183,4.115198,0,-0.111946,0.971216,0
0.019400,-2.944996,4.147173,0,-0.102269,0.971339,0
0.019450,-2.709903,4.179173,0,-0.092472,0.971461,0
0.019500,-2.472136,4.211199,0,-0.082564,0.971583,0
0.019550,-2.231929,4.243250,0,-0.072553,0.971705,0
0.019600,-1.989519,4.275327,0,-0.062451,0.971826,0
0.019650,-1.745146,4.307430,0,-0.052267,0.971946,0
0.019700,-1.499051,4.339558,0,-0.042012,0.972066,0
0.019750,-1.251476,4.371712,0,-0.031694,0.972186,0
0.019800,-1.002666,4.403891,0,-0.021326,0.972305,0
0.019850,-0.752867,4.436095,0,-0.010916,0.972423,0
0.019900,-0.502324,4.468322,0,-0.000475,0.972541,0
0.019950,-0.251286,4.500574,0,0.009987,0.972658,0
0.020000,-0.000000,4.532849,0,0.020459,0.972775,0
0.020050,0.251286,4.565147,0,0.030930,0.972892,0
0.020100,0.502324,4.597467,0,0.041392,0.973007,0
0.020150,0.752867,4.629808,0,0.051833,0.973123,0
0.020200,1.002666,4.662170,0,0.062243,0.973238,0
0.020250,1.251476,4.694551,0,0.072611,0.973352,0
0.020300,1.499051,4.726952,0,0.082928,0.973466,0
0.020350,1.745146,4.759371,0,0.093184,0.973580,0
0.020400,1.989519,4.791807,0,0.103368,0.973693,0
0.020450,2.231929,4.824259,0,0.113470,0.973805,0
0.020500,2.472136,4.856727,0,0.123480,0.973917,0
0.020550,2.709903,4.889210,0,0.133388,0.974029,0
0.020600,2.944996,4.921707,0,0.143186,0.974140,0
0.020650,3.177183,4.954216,0,0.152861,0.974250,0
0.020700,3.406234,4.986738,0,0.162407,0.974360,0
0.020750,3.631924,5.019271,0,0.171812,0.974470,0
0.020800,3.854029,5.051815,0,0.181068,0.974579,0
0.020850,4.072331,5.084369,0,0.190165,0.974688,0
0.020900,4.286614,5.116931,0,0.199095,0.974796,0
0.020950,4.496667,5.149502,0,0.207849,0.974904,0
0.021000,4.702282,5.182081,0,0.216418,0.975011,0
0.021050,4.903256,5.214667,0,0.224793,0.975118,0
0.021100,5.099392,5.247260,0,0.232967,0.975224,0
0.021150,5.290495,5.279858,0,0.240931,0.975330,0
0.021200,5.476377,5.312463,0,0.248678,0.975436,0
0.021250,5.656854,5.345073,0,0.256199,0.975541,0
0.021300,5.831749,5.377687,0,0.263488,0.975645,0
0.021350,6.000889,5.410307,0,0.270537,0.975749,0
0.021400,6.164106,5.442930,0,0.277339,0.975853,0
0.021450,6.321240,5.475558,0,0.283887,0.975956,0
0.021500,6.472136,5.508190,0,0.290176,0.976059,0
0.021550,6.616645,5.540826,0,0.296199,0.976161,0
0.021600,6.754623,5.573466,0,0.301949,0.976263,0
0.021650,6.885936,5.606109,0,0.307422,0.976365,0
0.021700,7.010453,5.638756,0,0.312612,0.976466,0
0.021750,7.128052,5.671408,0,0.317513,0.976566,0
0.021800,7.238616,5.704063,0,0.322121,0.976667,0
0.021850,7.342037,5.736722,0,0.326432,0.976766,0
0.021900,7.438212,5.769385,0,0.330440,0.976866,0
0.021950,7.527046,5.802052,0,0.334143,0.976965,0
0.022000,7.608452,5.834724,0,0.337536,0.977063,0
0.022050,7.682349,5.867401,0,0.340617,0.977161,0
0.022100,7.748665,5.900082,0,0.343381,0.977259,0
0.022150,7.807334,5.932768,0,0.345827,0.977356,0
0.022200,7.858298,5.965459,0,0.347952,0.977453,0
0.022250,7.901507,5.998155,0,0.349754,0.977549,0
0.022300,7.936918,6.030856,0,0.351230,0.977645,0
0.022350,7.964496,6.063563,0,0.352381,0.977741,0
0.022400,7.984214,6.096276,0,0.353204,0.977836,0
0.022450,7.996052,6.128994,0,0.353698,0.977931,0
0.022500,8.000000,6.161718,0,0.353864,0.978025,0
0.022550,7.996052,6.194447,0,0.353701,0.978119,0
0.022600,7.984214,6.227182,0,0.353209,0.978213,0
0.022650,7.964496,6.259923,0,0.352389,0.978306,0
0.022700,7.936918,0.009484,0,0.351241,0.978398,0
0.022750,7.901507,0.042236,0,0.349767,0.978491,0
0.022800,7.858298,0.074993,0,0.347968,0.978583,0
0.022850,7.807334,0.107755,0,0.345845,0.978674,0
0.022900,7.748665,0.140521,0,0.343402,0.978766,0
0.022950,7.682349,0.173292,0,0.340640,0.978856,0
0.023000,7.608452,0.206067,0,0.337562,0.978947,0
0.023050,7.527046,0.238845,0,0.334172,0.979037,0
0.023100,7.438212,0.271626,0,0.330471,0.979126,0
0.023150,7.342037,0.304409,0,0.326465,0.979216,0
0.023200,7.238616,0.337194,0,0.322157,0.979304,0
0.023250,7.128052,0.369979,0,0.317552,0.979393,0
0.023300,7.010453,0.402765,0,0.312653,0.979481,0
0.023350,6.885936,0.435551,0,0.307466,0.979569,0
0.023400,6.754623,0.468334,0,0.301996,0.979656,0
0.023450,6.616645,0.501116,0,0.296248,0.979743,0
0.023500,6.472136,0.533893,0,0.290228,0.979830,0
0.023550,6.321240,0.566667,0,0.283942,0.979916,0
0.023600,6.164106,0.599434,0,0.277396,0.980002,0
0.023650,6.000889,0.632195,0,0.270596,0.980087,0
0.023700,5.831749,0.664948,0,0.263550,0.980172,0
0.023750,5.656854,0.697692,0,0.256264,0.980257,0
0.023800,5.476377,0.730426,0,0.248745,0.980342,0
0.023850,5.290495,0.763148,0,0.241001,0.980426,0
0.023900,5.099392,0.795858,0,0.233040,0.980509,0
0.023950,4.903256,0.828553,0,0.224869,0.980593,0
0.024000,4.702282,0.861233,0,0.216496,0.980676,0
0.024050,4.496667,0.893896,0,0.207930,0.980758,0
0.024100,4.286614,0.926542,0,0.199179,0.980841,0
0.024150,4.072331,0.959168,0,0.190251,0.980922,0
0.024200,3.854029,0.991773,0,0.181156,0.981004,0
0.024250,3.631924,1.024357,0,0.171903,0.981085,0
0.024300,3.406234,1.056919,0,0.162500,0.981166,0
0.024350,3.177183,1.089456,0,0.152958,0.981247,0
0.024400,2.944996,1.121968,0,0.143284,0.981327,0
0.024450,2.709903,1.154454,0,0.133490,0.981407,0
0.024500,2.472136,1.186913,0,0.123584,0.981486,0
0.024550,2.231929,1.219343,0,0.113577,0.981565,0
0.024600,1.989519,1.251745,0,0.103477,0.981644,0
0.024650,1.745146,1.284117,0,0.093296,0.981723,0
0.024700,1.499051,1.316458,0,0.083043,0.981801,0
0.024750,1.251476,1.348768,0,0.072729,0.981879,0
0.024800,1.002666,1.381046,0,0.062363,0.981956,0
0.024850,0.752867,1.413292,0,0.051955,0.982033,0
0.024900,0.502324,1.445505,0,0.041517,0.982110,0
0.024950,0.251286,1.477685,0,0.031058,0.982186,0
0.025000,-0.000000,1.509831,0,0.020589,0.982263,0
0.025050,-0.251286,1.541944,0,0.010120,0.982338,0
0.025100,-0.502324,1.574023,0,-0.000339,0.982414,0
0.025150,-0.752867,1.606068,0,-0.010777,0.982489,0
0.025200,-1.002666,1.638080,0,-0.021184,0.982564,0
0.025250,-1.251476,1.670058,0,-0.031550,0.982639,0
0.025300,-1.499051,1.702003,0,-0.041865,0.982713,0
0.025350,-1.745146,1.733915,0,-0.052118,0.982787,0
0.025400,-1.989519,1.765794,0,-0.062299,0.982860,0
0.025450,-2.231929,1.797642,0,-0.072399,0.982934,0
0.025500,-2.472136,1.829457,0,-0.082406,0.983006,0
0.025550,-2.709903,1.861241,0,-0.092312,0.983079,0
0.025600,-2.944996,1.892995,0,-0.102107,0.983151,0
0.025650,-3.177183,1.924718,0,-0.111780,0.983224,0
0.025700,-3.406234,1.956413,0,-0.121323,0.983295,0
0.025750,-3.631924,1.988079,0,-0.130726,0.983367,0
0.025800,-3.854029,2.019717,0,-0.139979,0.983438,0
0.025850,-4.072331,2.051329,0,-0.149074,0.983509,0
0.025900,-4.286614,2.082914,0,-0.158002,0.983579,0
0.025950,-4.496667,2.114475,0,-0.166753,0.983649,0
0.026000,-4.702282,2.146011,0,-0.175319,0.983719,0
0.026050,-4.903256,2.177525,0,-0.183692,0.983789,0
0.026100,-5.099392,2.209016,0,-0.191864,0.983858,0
0.026150,-5.290495,2.240485,0,-0.199825,0.983927,0
0.026200,-5.476377,2.271935,0,-0.207569,0.983996,0
0.026250,-5.656854,2.303365,0,-0.215088,0.984064,0
0.026300,-5.831749,2.334776,0,-0.222375,0.984132,0
0.026350,-6.000889,2.366170,0,-0.229421,0.984200,0
0.026400,-6.164106,2.397548,0,-0.236221,0.984268,0
0.026450,-6.321240,2.428911,0,-0.242767,0.984335,0
0.026500,-6.472136,2.460258,0,-0.249054,0.984402,0
0.026550,-6.616645,2.491592,0,-0.255074,0.984469,0
0.026600,-6.754623,2.522914,0,-0.260822,0.984535,0
0.026650,-6.885936,2.554224,0,-0.266293,0.984601,0
0.026700,-7.010453,2.585523,0,-0.271480,0.984667,0
0.026750,-7.128052,2.616812,0,-0.276379,0.984733,0
0.026800,-7.238616,2.648092,0,-0.280985,0.984798,0
0.026850,-7.342037,2.679363,0,-0.285293,0.984863,0
0.026900,-7.438212,2.710628,0,-0.289300,0.984928,0
0.026950,-7.527046,2.741885,0,-0.293000,0.984992,0
0.027000,-7.608452,2.773137,0,-0.296391,0.985056,0
0.027050,-7.682349,2.804384,0,-0.299469,0.985120,0
0.027100,-7.748665,2.835627,0,-0.302232,0.985184,0
0.027150,-7.807334,2.866866,0,-0.304675,0.985247,0
0.027200,-7.858298,2.898102,0,-0.306798,0.985310,0
0.027250,-7.901507,2.929336,0,-0.308597,0.985373,0
0.027300,-7.936918,2.960569,0,-0.310072,0.985435,0
0.027350,-7.964496,2.991801,0,-0.311220,0.985498,0
0.027400,-7.984214,3.023033,0,-0.312041,0.985560,0
0.027450,-7.996052,3.054265,0,-0.312533,0.985621,0
0.027500,-8.000000,3.085498,0,-0.312697,0.985683,0
0.027550,-7.996052,3.116733,0,-0.312532,0.985744,0
0.027600,-7.984214,3.147971,0,-0.312038,0.985805,0
0.027650,-7.964496,3.179210,0,-0.311215,0.985866,0
0.027700,-7.936918,3.210454,0,-0.310065,0.985926,0
0.027750,-7.901507,3.241700,0,-0.308589,0.985986,0
0.027800,-7.858298,3.272951,0,-0.306788,0.986046,0
0.027850,-7.807334,3.304207,0,-0.304664,0.986106,0
0.027900,-7.748665,3.335468,0,-0.302218,0.986165,0
0.027950,-7.682349,3.366734,0,-0.299454,0.986225,0
0.028000,-7.608452,3.398007,0,-0.296374,0.986283,0
0.028050,-7.527046,3.429285,0,-0.292982,0.986342,0
0.028100,-7.438212,3.460570,0,-0.289279,0.986400,0
0.028150,-7.342037,3.491862,0,-0.285271,0.986459,0
0.028200,-7.238616,3.523162,0,-0.280961,0.986516,0
0.028250,-7.128052,3.554469,0,-0.276354,0.986574,0
0.028300,-7.010453,3.585783,0,-0.271453,0.986632,0
0.028350,-6.885936,3.617106,0,-0.266264,0.986689,0
0.028400,-6.754623,3.648437,0,-0.260792,0.986746,0
0.028450,-6.616645,3.679776,0,-0.255042,0.986802,0
0.028500,-6.472136,3.711123,0,-0.249020,0.986859,0
0.028550,-6.321240,3.742480,0,-0.242732,0.986915,0
0.028600,-6.164106,3.773844,0,-0.236184,0.986971,0
0.028650,-6.000889,3.805218,0,-0.229382,0.987027,0
0.028700,-5.831749,3.836600,0,-0.222334,0.987082,0
0.028750,-5.656854,3.867991,0,-0.215046,0.987137,0
0.028800,-5.476377,3.899391,0,-0.207525,0.987192,0
0.028850,-5.290495,3.930799,0,-0.199780,0.987247,0
0.028900,-5.099392,3.962216,0,-0.191816,0.987302,0
0.028950,-4.903256,3.993641,0,-0.183643,0.987356,0
0.029000,-4.702282,4.025074,0,-0.175268,0.987410,0
0.029050,-4.496667,4.056515,0,-0.166700,0.987464,0
0.029100,-4.286614,4.087963,0,-0.157947,0.987517,0
0.029150,-4.072331,4.119419,0,-0.149018,0.987571,0
0.029200,-3.854029,4.150882,0,-0.139922,0.987624,0
0.029250,-3.631924,4.182352,0,-0.130666,0.987677,0
0.029300,-3.406234,4.213828,0,-0.121262,0.987729,0
0.029350,-3.177183,4.245310,0,-0.111717,0.987782,0
0.029400,-2.944996,4.276798,0,-0.102042,0.987834,0
0.029450,-2.709903,4.308291,0,-0.092246,0.987886,0
0.029500,-2.472136,4.339788,0,-0.082338,0.987938,0
0.029550,-2.231929,4.371290,0,-0.072329,0.987989,0
0.029600,-1.989519,4.402796,0,-0.062228,0.988041,0
0.029650,-1.745146,4.434304,0,-0.052045,0.988092,0
0.029700,-1.499051,4.465815,0,-0.041790,0.988143,0
0.029750,-1.251476,4.497329,0,-0.031474,0.988194,0
0.029800,-1.002666,4.528844,0,-0.021106,0.988244,0
0.029850,-0.752867,4.560360,0,-0.010697,0.988294,0
0.029900,-0.502324,4.591876,0,-0.000257,0.988344,0
0.029950,-0.251286,4.623393,0,0.010203,0.988394,0
0.030000,0.000000,4.654908,0,0.020674,0.988444,0
0.030050,0.251286,4.686423,0,0.031145,0.988493,0
0.030100,0.502324,4.717936,0,0.041606,0.988542,0
0.030150,0.752867,4.749446,0,0.052046,0.988591,0
0.030200,1.002666,4.780954,0,0.062455,0.988640,0
0.030250,1.251476,4.812459,0,0.072822,0.988689,0
0.030300,1.499051,4.843959,0,0.083139,0.988737,0
0.030350,1.745146,4.875456,0,0.093393,0.988785,0
0.030400,1.989519,4.906948,0,0.103576,0.988833,0
0.030450,2.231929,4.938434,0,0.113677,0.988881,0
0.030500,2.472136,4.969916,0,0.123687,0.988928,0
0.030550,2.709903,5.001391,0,0.133594,0.988976,0
0.030600,2.944996,5.032860,0,0.143390,0.989023,0
0.030650,3.177183,5.064322,0,0.153065,0.989070,0
0.030700,3.406234,5.095778,0,0.162610,0.989117,0
0.030750,3.631924,5.127227,0,0.172014,0.989163,0
0.030800,3.854029,5.158668,0,0.181269,0.989209,0
0.030850,4.072331,5.190101,0,0.190366,0.989256,0
0.030900,4.286614,5.221527,0,0.199295,0.989302,0
0.030950,4.496667,5.252945,0,0.208048,0.989347,0
0.031000,4.702282,5.284355,0,0.216616,0.989393,0
0.031050,4.903256,5.315757,0,0.224990,0.989438,0
0.031100,5.099392,5.347152,0,0.233163,0.989483,0
0.031150,5.290495,5.378537,0,0.241126,0.989528,0
0.031200,5.476377,5.409915,0,0.248872,0.989573,0
0.031250,5.656854,5.441285,0,0.256393,0.989618,0
0.031300,5.831749,5.472647,0,0.263681,0.989662,0
0.031350,6.000889,5.504002,0,0.270729,0.989706,0
0.031400,6.164106,5.535348,0,0.277530,0.989750,0
0.031450,6.321240,5.566687,0,0.284078,0.989794,0
0.031500,6.472136,5.598019,0,0.290366,0.989838,0
0.031550,6.616645,5.629344,0,0.296388,0.989881,0
0.031600,6.754623,5.660662,0,0.302137,0.989924,0
0.031650,6.885936,5.691973,0,0.307609,0.989967,0
0.031700,7.010453,5.723279,0,0.312798,0.990010,0
0.031750,7.128052,5.754578,0,0.317699,0.990053,0
0.031800,7.238616,5.785872,0,0.322306,0.990096,0
0.031850,7.342037,5.817160,0,0.326616,0.990138,0
0.031900,7.438212,5.848444,0,0.330624,0.990180,0
0.031950,7.527046,5.879723,0,0.334326,0.990222,0
0.032000,7.608452,5.910999,0,0.337718,0.990264,0
0.032050,7.682349,5.942270,0,0.340798,0.990306,0
0.032100,7.748665,5.973539,0,0.343561,0.990347,0
0.032150,7.807334,6.004805,0,0.346007,0.990388,0
0.032200,7.858298,6.036069,0,0.348131,0.990429,0
0.032250,7.901507,6.067331,0,0.349932,0.990470,0
0.032300,7.936918,6.098592,0,0.351408,0.990511,0
0.032350,7.964496,6.129852,0,0.352557,0.990552,0
0.032400,7.984214,6.161112,0,0.353379,0.990592,0
0.032450,7.996052,6.192372,0,0.353873,0.990632,0
0.032500,8.000000,6.223633,0,0.354038,0.990672,0
0.032550,7.996052,6.254895,0,0.353874,0.990712,0
0.032600,7.984214,0.002974,0,0.353382,0.990752,0
0.032650,7.964496,0.034241,0,0.352561,0.990791,0
0.032700,7.936918,0.065511,0,0.351412,0.990831,0
0.032750,7.901507,0.096784,0,0.349937,0.990870,0
0.032800,7.858298,0.128061,0,0.348137,0.990909,0
0.032850,7.807334,0.159343,0,0.346014,0.990948,0
0.032900,7.748665,0.190630,0,0.343570,0.990987,0
0.032950,7.682349,0.221922,0,0.340808,0.991025,0
0.033000,7.608452,0.253220,0,0.337729,0.991063,0
0.033050,7.527046,0.284525,0,0.334338,0.991102,0
0.033100,7.438212,0.315837,0,0.330637,0.991140,0
0.033150,7.342037,0.347156,0,0.326630,0.991178,0
0.033200,7.238616,0.378483,0,0.322321,0.991215,0
0.033250,7.128052,0.409818,0,0.317715,0.991253,0
0.033300,7.010453,0.441162,0,0.312816,0.991290,0
0.033350,6.885936,0.472515,0,0.307628,0.991327,0
0.033400,6.754623,0.503877,0,0.302157,0.991365,0
0.033450,6.616645,0.535249,0,0.296408,0.991401,0
0.033500,6.472136,0.566631,0,0.290388,0.991438,0
0.033550,6.321240,0.598024,0,0.284101,0.991475,0
0.033600,6.164106,0.629426,0,0.277554,0.991511,0
0.033650,6.000889,0.660840,0,0.270754,0.991548,0
0.033700,5.831749,0.692264,0,0.263707,0.991584,0
0.033750,5.656854,0.723699,0,0.256420,0.991620,0
0.033800,5.476377,0.755145,0,0.248901,0.991656,0
0.033850,5.290495,0.786602,0,0.241156,0.991691,0
0.033900,5.099392,0.818070,0,0.233194,0.991727,0
0.033950,4.903256,0.849549,0,0.225022,0.991762,0
0.034000,4.702282,0.881039,0,0.216649,0.991797,0
0.034050,4.496667,0.912540,0,0.208082,0.991832,0
0.034100,4.286614,0.944051,0,0.199330,0.991867,0
0.034150,4.072331,0.975573,0,0.190402,0.991902,0
0.034200,3.854029,1.007105,0,0.181307,0.991937,0
0.034250,3.631924,1.038647,0,0.172053,0.991971,0
0.034300,3.406234,1.070199,0,0.162650,0.992005,0
0.034350,3.177183,1.101760,0,0.153106,0.992040,0
0.034400,2.944996,1.133330,0,0.143432,0.992074,0
0.034450,2.709903,1.164909,0,0.133637,0.992108,0
0.034500,2.472136,1.196495,0,0.123731,0.992141,0
0.034550,2.231929,1.228089,0,0.113723,0.992175,0
0.034600,1.989519,1.259690,0,0.103623,0.992208,0
0.034650,1.745146,1.291298,0,0.093441,0.992242,0
0.034700,1.499051,1.322912,0,0.083187,0.992275,0
0.034750,1.251476,1.354531,0,0.072872,0.992308,0
0.034800,1.002666,1.386155,0,0.062506,0.992341,0
0.034850,0.752867,1.417783,0,0.052098,0.992374,0
0.034900,0.502324,1.449415,0,0.041659,0.992406,0
0.034950,0.251286,1.481050,0,0.031199,0.992439,0
0.035000,-0.000000,1.512687,0,0.020730,0.992471,0
0.035050,-0.251286,1.544326,0,0.010260,0.992503,0
0.035100,-0.502324,1.575966,0,-0.000200,0.992535,0
0.035150,-0.752867,1.607606,0,-0.010638,0.992567,0
0.035200,-1.002666,1.639247,0,-0.021046,0.992599,0
0.035250,-1.251476,1.670886,0,-0.031413,0.992631,0
0.035300,-1.499051,1.702525,0,-0.041728,0.992662,0
0.035350,-1.745146,1.734161,0,-0.051982,0.992693,0
0.035400,-1.989519,1.765795,0,-0.062163,0.992725,0
0.035450,-2.231929,1.797426,0,-0.072263,0.992756,0
0.035500,-2.472136,1.829054,1,-0.082272,0.992787,0
0.035550,-2.709903,1.860678,1,-0.092178,0.992818,0
0.035600,-2.944996,1.892298,1,-0.101973,0.992848,0
0.035650,-3.177183,1.923913,1,-0.111647,0.992879,0
0.035700,-3.406234,1.955522,1,-0.121191,0.992909,0
0.035750,-3.631924,1.987126,1,-0.130594,0.992940,0
0.035800,-3.854029,2.018725,1,-0.139848,0.992970,0
0.035850,-4.072331,2.050317,1,-0.148944,0.993000,0
0.035900,-4.286614,2.081903,1,-0.157872,0.993030,0
0.035950,-4.496667,2.113482,1,-0.166623,0.993060,0
0.036000,-4.702282,2.145055,1,-0.175190,0.993089,0
0.036050,-4.903256,2.176621,1,-0.183564,0.993119,0
0.036100,-5.099392,2.208180,1,-0.191736,0.993148,0
0.036150,-5.290495,2.239732,1,-0.199698,0.993177,0
0.036200,-5.476377,2.271277,1,-0.207443,0.993207,0
0.036250,-5.656854,2.302815,1,-0.214962,0.993236,0
0.036300,-5.831749,2.334346,1,-0.222249,0.993265,0
0.036350,-6.000889,2.365870,1,-0.229296,0.993293,0
0.036400,-6.164106,2.397387,1,-0.236096,0.993322,0
0.036450,-6.321240,2.428898,1,-0.242643,0.993351,0
0.036500,-6.472136,2.460402,1,-0.248930,0.993379,0
0.036550,-6.616645,2.491900,1,-0.254951,0.993407,0
0.036600,-6.754623,2.523391,1,-0.260700,0.993436,0
0.036650,-6.885936,2.554877,1,-0.266171,0.993464,0
0.036700,-7.010453,2.586358,1,-0.271358,0.993492,0
0.036750,-7.128052,2.617833,1,-0.276258,0.993519,0
0.036800,-7.238616,2.649303,1,-0.280865,0.993547,0
0.036850,-7.342037,2.680769,1,-0.285173,0.993575,0
0.036900,-7.438212,2.712231,1,-0.289180,0.993602,0
0.036950,-7.527046,2.743689,1,-0.292881,0.993630,0
0.037000,-7.608452,2.775143,1,-0.296273,0.993657,0
0.037050,-7.682349,2.806595,1,-0.299352,0.993684,0
0.037100,-7.748665,2.838044,1,-0.302114,0.993711,0
0.037150,-7.807334,2.869490,1,-0.304558,0.993738,0
0.037200,-7.858298,2.900935,1,-0.306682,0.993765,0
0.037250,-7.901507,2.932379,1,-0.308482,0.993791,0
0.037300,-7.936918,2.963822,1,-0.309957,0.993818,0
0.037350,-7.964496,2.995265,1,-0.311105,0.993844,0
0.037400,-7.984214,3.026708,1,-0.311927,0.993870,0
0.037450,-7.996052,3.058152,1,-0.312420,0.993897,0
0.037500,-8.000000,3.089597,1,-0.312584,0.993923,0
0.037550,-7.996052,3.121043,1,-0.312419,0.993949,0
0.037600,-7.984214,3.152492,1,-0.311925,0.993975,0
0.037650,-7.964496,3.183943,1,-0.311103,0.994000,0
0.037700,-7.936918,3.215397,1,-0.309954,0.994026,0
0.037750,-7.901507,3.246854,1,-0.308478,0.994052,0
0.037800,-7.858298,3.278316,1,-0.306677,0.994077,0
0.037850,-7.807334,3.309781,1,-0.304553,0.994102,0
0.037900,-7.748665,3.341252,1,-0.302109,0.994128,0
0.037950,-7.682349,3.372727,1,-0.299345,0.994153,0
0.038000,-7.608452,3.404208,1,-0.296266,0.994178,0
0.038050,-7.527046,3.435695,1,-0.292873,0.994203,0
0.038100,-7.438212,3.467189,1,-0.289172,0.994227,0
0.038150,-7.342037,3.498688,1,-0.285164,0.994252,0
0.038200,-7.238616,3.530195,1,-0.280854,0.994277,0
0.038250,-7.128052,3.561709,1,-0.276247,0.994301,0
0.038300,-7.010453,3.593230,1,-0.271347,0.994325,0
0.038350,-6.885936,3.624758,1,-0.266158,0.994350,0
0.038400,-6.754623,3.656295,1,-0.260687,0.994374,0
0.038450,-6.616645,3.687839,1,-0.254937,0.994398,0
0.038500,-6.472136,3.719392,1,-0.248916,0.994422,0
0.038550,-6.321240,3.750952,1,-0.242628,0.994446,0
0.038600,-6.164106,3.782521,1,-0.236081,0.994469,0
0.038650,-6.000889,3.814098,1,-0.229280,0.994493,0
0.038700,-5.831749,3.845683,1,-0.222232,0.994517,0
0.038750,-5.656854,3.877277,1,-0.214944,0.994540,0
0.038800,-5.476377,3.908879,1,-0.207424,0.994563,0
0.038850,-5.290495,3.940488,1,-0.199678,0.994587,0
0.038900,-5.099392,3.972106,1,-0.191716,0.994610,0
0.038950,-4.903256,4.003731,1,-0.183543,0.994633,0
0.039000,-4.702282,4.035363,1,-0.175169,0.994656,0
0.039050,-4.496667,4.067003,1,-0.166601,0.994679,0
0.039100,-4.286614,4.098649,1,-0.157849,0.994701,0
0.039150,-4.072331,4.130302,1,-0.148920,0.994724,0
0.039200,-3.854029,4.161961,1,-0.139824,0.994747,0
0.039250,-3.631924,4.193626,1,-0.130569,0.994769,0
0.039300,-3.406234,4.225296,1,-0.121165,0.994791,0
0.039350,-3.177183,4.256971,1,-0.111621,0.994814,0
0.039400,-2.944996,4.288651,1,-0.101946,0.994836,0
0.039450,-2.709903,4.320334,1,-0.092150,0.994858,0
0.039500,-2.472136,4.352021,1,-0.082243,0.994880,0
0.039550,-2.231929,4.383710,1,-0.072234,0.994902,0
0.039600,-1.989519,4.415402,1,-0.062133,0.994924,0
0.039650,-1.745146,4.447095,1,-0.051951,0.994945,0
0.039700,-1.499051,4.478789,1,-0.041696,0.994967,0
0.039750,-1.251476,4.510484,1,-0.031380,0.994988,0
0.039800,-1.002666,4.542179,1,-0.021013,0.995010,0
0.039850,-0.752867,4.573873,1,-0.010605,0.995031,0
0.039900,-0.502324,4.605566,1,-0.000165,0.995052,0
0.039950,-0.251286,4.637257,1,0.010295,0.995074,0
0.040000,-0.000000,4.668946,1,0.020766,0.995095,0
0.040050,0.251286,4.700631,1,0.031236,0.995116,0
0.040100,0.502324,4.732313,1,0.041697,0.995137,0
0.040150,0.752867,4.763991,1,0.052136,0.995157,0
0.040200,1.002666,4.795664,1,0.062545,0.995178,0
0.040250,1.251476,4.827332,1,0.072912,0.995199,0
0.040300,1.499051,4.858994,1,0.083228,0.995219,0
0.040350,1.745146,4.890651,1,0.093482,0.995240,0
0.040400,1.989519,4.922300,1,0.103665,0.995260,0
0.040450,2.231929,4.953943,1,0.113765,0.995280,0
0.040500,2.472136,4.985579,1,0.123774,0.995300,0
0.040550,2.709903,5.017206,1,0.133682,0.995321,0
0.040600,2.944996,5.048826,1,0.143477,0.995341,0
0.040650,3.177183,5.080438,1,0.153152,0.995360,0
0.040700,3.406234,5.112041,1,0.162696,0.995380,0
0.040750,3.631924,5.143636,1,0.172100,0.995400,0
0.040800,3.854029,5.175221,1,0.181355,0.995420,0
0.040850,4.072331,5.206798,1,0.190451,0.995439,0
0.040900,4.286614,5.238366,1,0.199380,0.995459,0
0.040950,4.496667,5.269925,1,0.208132,0.995478,0
0.041000,4.702282,5.301474,1,0.216700,0.995498,0
0.041050,4.903256,5.333014,1,0.225074,0.995517,0
0.041100,5.099392,5.364545,1,0.233247,0.995536,0
0.041150,5.290495,5.396068,1,0.241209,0.995555,0
0.041200,5.476377,5.427581,1,0.248955,0.995574,0
0.041250,5.656854,5.459085,1,0.256475,0.995593,0
0.041300,5.831749,5.490581,1,0.263762,0.995612,0
0.041350,6.000889,5.522068,1,0.270810,0.995631,0
0.041400,6.164106,5.553548,1,0.277611,0.995649,0
0.041450,6.321240,5.585019,1,0.284159,0.995668,0
0.041500,6.472136,5.616482,1,0.290446,0.995686,0
0.041550,6.616645,5.647938,1,0.296468,0.995705,0
0.041600,6.754623,5.679387,1,0.302217,0.995723,0
0.041650,6.885936,5.710830,1,0.307689,0.995741,0
0.041700,7.010453,5.742266,1,0.312877,0.995760,0
0.041750,7.128052,5.773695,1,0.317777,0.995778,0
0.041800,7.238616,5.805120,1,0.322384,0.995796,0
0.041850,7.342037,5.836539,1,0.326694,0.995814,0
0.041900,7.438212,5.867953,1,0.330701,0.995832,0
0.041950,7.527046,5.899363,1,0.334403,0.995850,0
0.042000,7.608452,5.930769,1,0.337795,0.995867,0
0.042050,7.682349,5.962172,1,0.340875,0.995885,0
0.042100,7.748665,5.993572,1,0.343638,0.995903,0
0.042150,7.807334,6.024969,1,0.346083,0.995920,0
0.042200,7.858298,6.056364,1,0.348206,0.995937,0
0.042250,7.901507,6.087758,1,0.350007,0.995955,0
0.042300,7.936918,6.119151,1,0.351483,0.995972,0
0.042350,7.964496,6.150543,1,0.352632,0.995989,0
0.042400,7.984214,6.181935,1,0.353454,0.996007,0
0.042450,7.996052,6.213328,1,0.353947,0.996024,0
0.042500,8.000000,6.244722,1,0.354112,0.996041,0
0.042550,7.996052,6.276117,1,0.353948,0.996058,0
0.042600,7.984214,0.024328,1,0.353455,0.996074,0
0.042650,7.964496,0.055728,1,0.352634,0.996091,0
0.042700,7.936918,0.087130,1,0.351485,0.996108,0
0.042750,7.901507,0.118536,1,0.350009,0.996125,0
0.042800,7.858298,0.149945,1,0.348209,0.996141,0
0.042850,7.807334,0.181359,1,0.346086,0.996158,0
0.042900,7.748665,0.212777,1,0.343642,0.996174,0
0.042950,7.682349,0.244201,1,0.340879,0.996190,0
0.043000,7.608452,0.275630,1,0.337800,0.996207,0
0.043050,7.527046,0.307064,1,0.334408,0.996223,0
0.043100,7.438212,0.338505,1,0.330707,0.996239,0
0.043150,7.342037,0.369953,1,0.326700,0.996255,0
0.043200,7.238616,0.401407,1,0.322391,0.996271,0
0.043250,7.128052,0.432869,1,0.317784,0.996287,0
0.043300,7.010453,0.464337,1,0.312885,0.996303,0
0.043350,6.885936,0.495814,1,0.307697,0.996319,0
0.043400,6.754623,0.527298,1,0.302226,0.996334,0
0.043450,6.616645,0.558790,1,0.296477,0.996350,0
0.043500,6.472136,0.590291,1,0.290456,0.996366,0
0.043550,6.321240,0.621799,1,0.284169,0.996381,0
0.043600,6.164106,0.653316,1,0.277621,0.996397,0
0.043650,6.000889,0.684842,1,0.270821,0.996412,0
0.043700,5.831749,0.716375,1,0.263774,0.996428,0
0.043750,5.656854,0.747917,1,0.256487,0.996443,0
0.043800,5.476377,0.779468,1,0.248967,0.996458,0
0.043850,5.290495,0.811026,1,0.241222,0.996473,0
0.043900,5.099392,0.842593,1,0.233260,0.996488,0
0.043950,4.903256,0.874167,1,0.225088,0.996503,0
0.044000,4.702282,0.905750,1,0.216714,0.996518,0
0.044050,4.496667,0.937339,1,0.208147,0.996533,0
0.044100,4.286614,0.968936,1,0.199395,0.996548,0
0.044150,4.072331,1.000540,1,0.190466,0.996563,0
0.044200,3.854029,1.032150,1,0.181371,0.996577,0
0.044250,3.631924,1.063766,1,0.172117,0.996592,0
0.044300,3.406234,1.095388,1,0.162713,0.996607,0
0.044350,3.177183,1.127015,1,0.153169,0.996621,0
0.044400,2.944996,1.158647,1,0.143495,0.996635,0
0.044450,2.709903,1.190284,1,0.133700,0.996650,0
0.044500,2.472136,1.221924,1,0.123793,0.996664,0
0.044550,2.231929,1.253567,1,0.113785,0.996678,0
0.044600,1.989519,1.285214,1,0.103684,0.996693,0
0.044650,1.745146,1.316862,1,0.093502,0.996707,0
0.044700,1.499051,1.348513,1,0.083249,0.996721,0
0.044750,1.251476,1.380164,1,0.072933,0.996735,0
0.044800,1.002666,1.411816,1,0.062566,0.996749,0
0.044850,0.752867,1.443467,1,0.052158,0.996763,0
0.044900,0.502324,1.475118,1,0.041719,0.996777,0
0.044950,0.251286,1.506768,1,0.031259,0.996790,0
0.045000,-0.000000,1.538416,1,0.020789,0.996804,0
0.045050,-0.251286,1.570061,1,0.010319,0.996818,0
0.045100,-0.502324,1.601704,1,-0.000140,0.996831,0
0.045150,-0.752867,1.633343,1,-0.010580,0.996845,0
0.045200,-1.002666,1.664978,1,-0.020988,0.996858,0
0.045250,-1.251476,1.696608,1,-0.031355,0.996872,0
0.045300,-1.499051,1.728234,1,-0.041670,0.996885,0
0.045350,-1.745146,1.759853,1,-0.051924,0.996899,0
0.045400,-1.989519,1.791467,1,-0.062106,0.996912,0
0.045450,-2.231929,1.823075,1,-0.072206,0.996925,0
0.045500,-2.472136,1.854676,1,-0.082214,0.996938,0
0.045550,-2.709903,1.886269,1,-0.092121,0.996951,0
0.045600,-2.944996,1.917856,1,-0.101917,0.996964,0
0.045650,-3.177183,1.949434,1,-0.111591,0.996977,0
0.045700,-3.406234,1.981005,1,-0.121135,0.996990,0
0.045750,-3.631924,2.012567,1,-0.130538,0.997003,0
0.045800,-3.854029,2.044121,1,-0.139792,0.997016,0
0.045850,-4.072331,2.075667,1,-0.148888,0.997029,0
0.045900,-4.286614,2.107204,1,-0.157816,0.997041,0
0.045950,-4.496667,2.138732,1,-0.166568,0.997054,0
0.046000,-4.702282,2.170251,1,-0.175135,0.997067,0
0.046050,-4.903256,2.201761,1,-0.183509,0.997079,0
0.046100,-5.099392,2.233263,1,-0.191681,0.997092,0
0.046150,-5.290495,2.264756,1,-0.199644,0.997104,0
0.046200,-5.476377,2.296240,1,-0.207389,0.997116,0
0.046250,-5.656854,2.327716,1,-0.214908,0.997129,0
0.046300,-5.831749,2.359183,1,-0.222196,0.997141,0
0.046350,-6.000889,2.390642,1,-0.229243,0.997153,0
0.046400,-6.164106,2.422093,1,-0.236043,0.997165,0
0.046450,-6.321240,2.453536,1,-0.242591,0.997178,0
0.046500,-6.472136,2.484971,1,-0.248878,0.997190,0
0.046550,-6.616645,2.516399,1,-0.254899,0.997202,0
0.046600,-6.754623,2.547820,1,-0.260648,0.997214,0
0.046650,-6.885936,2.579234,1,-0.266119,0.997225,0
0.046700,-7.010453,2.610642,1,-0.271307,0.997237,0
0.046750,-7.128052,2.642044,1,-0.276207,0.997249,0
0.046800,-7.238616,2.673441,1,-0.280813,0.997261,0
0.046850,-7.342037,2.704832,1,-0.285122,0.997273,0
0.046900,-7.438212,2.736218,1,-0.289130,0.997284,0
0.046950,-7.527046,2.767600,1,-0.292831,0.997296,0
0.047000,-7.608452,2.798978,1,-0.296223,0.997307,0
0.047050,-7.682349,2.830352,1,-0.299301,0.997319,0
0.047100,-7.748665,2.861724,1,-0.302064,0.997330,0
0.047150,-7.807334,2.893093,1,-0.304509,0.997342,0
0.047200,-7.858298,2.924459,1,-0.306632,0.997353,0
0.047250,-7.901507,2.955824,1,-0.308432,0.997365,0
0.047300,-7.936918,2.987188,1,-0.309908,0.997376,0
0.047350,-7.964496,3.018551,1,-0.311057,0.997387,0
0.047400,-7.984214,3.049914,1,-0.311878,0.997398,0
0.047450,-7.996052,3.081278,1,-0.312371,0.997409,0
0.047500,-8.000000,3.112642,1,-0.312536,0.997420,0
0.047550,-7.996052,3.144008,1,-0.312371,0.997431,0
0.047600,-7.984214,3.175375,1,-0.311877,0.997442,0
0.047650,-7.964496,3.206745,1,-0.311056,0.997453,0
0.047700,-7.936918,3.238117,1,-0.309906,0.997464,0
0.047750,-7.901507,3.269493,1,-0.308431,0.997475,0
0.047800,-7.858298,3.300872,1,-0.306630,0.997486,0
0.047850,-7.807334,3.332256,1,-0.304507,0.997497,0
0.047900,-7.748665,3.363644,1,-0.302062,0.997507,0
0.047950,-7.682349,3.395037,1,-0.299299,0.997518,0
0.048000,-7.608452,3.426435,1,-0.296220,0.997529,0
0.048050,-7.527046,3.457840,1,-0.292827,0.997539,0
0.048100,-7.438212,3.489250,1,-0.289126,0.997550,0
0.048150,-7.342037,3.520668,1,-0.285118,0.997560,0
0.048200,-7.238616,3.552092,1,-0.280809,0.997571,0
0.048250,-7.128052,3.583523,1,-0.276202,0.997581,0
0.048300,-7.010453,3.614962,1,-0.271302,0.997591,0
0.048350,-6.885936,3.646408,1,-0.266114,0.997602,0
0.048400,-6.754623,3.677862,1,-0.260642,0.997612,0
0.048450,-6.616645,3.709325,1,-0.254893,0.997622,0
0.048500,-6.472136,3.740796,1,-0.248872,0.997632,0
0.048550,-6.321240,3.772275,1,-0.242584,0.997642,0
0.048600,-6.164106,3.803763,1,-0.236037,0.997652,0
0.048650,-6.000889,3.835260,1,-0.229236,0.997662,0
0.048700,-5.831749,3.866765,1,-0.222188,0.997672,0
0.048750,-5.656854,3.898279,1,-0.214901,0.997682,0
0.048800,-5.476377,3.929802,1,-0.207381,0.997692,0
0.048850,-5.290495,3.961333,1,-0.199636,0.997702,0
0.048900,-5.099392,3.992872,1,-0.191673,0.997712,0
0.048950,-4.903256,4.024420,1,-0.183500,0.997722,0
0.049000,-4.702282,4.055977,1,-0.175126,0.997732,0
0.049050,-4.496667,4.087541,1,-0.166559,0.997741,0
0.049100,-4.286614,4.119112,1,-0.157807,0.997751,0
0.049150,-4.072331,4.150692,1,-0.148878,0.997761,0
0.049200,-3.854029,4.182278,1,-0.139782,0.997770,0
0.049250,-3.631924,4.213871,1,-0.130527,0.997780,0
0.049300,-3.406234,4.245470,1,-0.121124,0.997789,0
0.049350,-3.177183,4.277075,1,-0.111580,0.997799,0
0.049400,-2.944996,4.308686,1,-0.101905,0.997808,0
0.049450,-2.709903,4.340301,1,-0.092109,0.997817,0
0.049500,-2.472136,4.371921,1,-0.082202,0.997827,0
0.049550,-2.231929,4.403545,1,-0.072193,0.997836,0
0.049600,-1.989519,4.435173,1,-0.062093,0.997845,0
0.049650,-1.745146,4.466804,1,-0.051911,0.997854,0
0.049700,-1.499051,4.498436,1,-0.041657,0.997864,0
0.049750,-1.251476,4.530071,1,-0.031341,0.997873,0
0.049800,-1.002666,4.561707,1,-0.020974,0.997882,0
0.049850,-0.752867,4.593343,1,-0.010565,0.997891,0
0.049900,-0.502324,4.624980,1,-0.000126,0.997900,0
0.049950,-0.251286,4.656616,1,0.010334,0.997909,0
0.050000,0.000000,4.688251,1,0.020805,0.997918,0
0.050050,0.251286,4.719884,1,0.031275,0.997927,0
0.050100,0.502324,4.751514,1,0.041735,0.997936,0
0.050150,0.752867,4.783142,1,0.052174,0.997944,0
0.050200,1.002666,4.814767,1,0.062583,0.997953,0
0.050250,1.251476,4.846388,1,0.072950,0.997962,0
0.050300,1.499051,4.878004,1,0.083266,0.997971,0
0.050350,1.745146,4.909615,1,0.093520,0.997979,0
0.050400,1.989519,4.941221,1,0.103702,0.997988,0
0.050450,2.231929,4.972822,1,0.113803,0.997997,0
0.050500,2.472136,5.004416,1,0.123812,0.998005,0
0.050550,2.709903,5.036003,1,0.133719,0.998014,0
0.050600,2.944996,5.067584,1,0.143514,0.998022,0
0.050650,3.177183,5.099157,1,0.153189,0.998031,0
0.050700,3.406234,5.130723,1,0.162733,0.998039,0
0.050750,3.631924,5.162282,1,0.172137,0.998047,0
0.050800,3.854029,5.193832,1,0.181391,0.998056,0
0.050850,4.072331,5.225374,1,0.190487,0.998064,0
0.050900,4.286614,5.256908,1,0.199416,0.998072,0
0.050950,4.496667,5.288434,1,0.208168,0.998081,0
0.051000,4.702282,5.319951,1,0.216735,0.998089,0
0.051050,4.903256,5.351459,1,0.225109,0.998097,0
0.051100,5.099392,5.382959,1,0.233282,0.998105,0
0.051150,5.290495,5.414451,1,0.241245,0.998113,0
0.051200,5.476377,5.445934,1,0.248990,0.998121,0
0.051250,5.656854,5.477409,1,0.256510,0.998129,0
0.051300,5.831749,5.508876,1,0.263797,0.998137,0
0.051350,6.000889,5.540334,1,0.270845,0.998145,0
0.051400,6.164106,5.571785,1,0.277646,0.998153,0
0.051450,6.321240,5.603228,1,0.284193,0.998161,0
0.051500,6.472136,5.634663,1,0.290480,0.998169,0
0.051550,6.616645,5.666092,1,0.296502,0.998177,0
0.051600,6.754623,5.697513,1,0.302251,0.998185,0
0.051650,6.885936,5.728928,1,0.307722,0.998192,0
0.051700,7.010453,5.760336,1,0.312911,0.998200,0
0.051750,7.128052,5.791739,1,0.317811,0.998208,0
0.051800,7.238616,5.823136,1,0.322418,0.998215,0
0.051850,7.342037,5.854528,1,0.326727,0.998223,0
0.051900,7.438212,5.885915,1,0.330734,0.998231,0
0.051950,7.527046,5.917297,1,0.334436,0.998238,0
0.052000,7.608452,5.948676,1,0.337828,0.998246,0
0.052050,7.682349,5.980051,1,0.340907,0.998253,0
0.052100,7.748665,6.011423,1,0.343670,0.998261,0
0.052150,7.807334,6.042792,1,0.346115,0.998268,0
0.052200,7.858298,6.074160,1,0.348239,0.998276,0
0.052250,7.901507,6.105525,1,0.350039,0.998283,0
0.052300,7.936918,6.136890,1,0.351515,0.998290,0
0.052350,7.964496,6.168253,1,0.352664,0.998298,0
0.052400,7.984214,6.199617,1,0.353486,0.998305,0
0.052450,7.996052,6.230980,1,0.353979,0.998312,0
0.052500,8.000000,6.262345,1,0.354144,0.998319,0
0.052550,7.996052,0.010525,1,0.353979,0.998327,0
0.052600,7.984214,0.041893,1,0.353486,0.998334,0
0.052650,7.964496,0.073262,1,0.352664,0.998341,0
0.052700,7.936918,0.104635,1,0.351515,0.998348,0
0.052750,7.901507,0.136010,1,0.350040,0.998355,0
0.052800,7.858298,0.167389,1,0.348240,0.998362,0
0.052850,7.807334,0.198773,1,0.346116,0.998369,0
0.052900,7.748665,0.230160,1,0.343672,0.998376,0
0.052950,7.682349,0.261553,1,0.340909,0.998383,0
0.053000,7.608452,0.292951,1,0.337830,0.998390,0
0.053050,7.527046,0.324355,1,0.334438,0.998397,0
0.053100,7.438212,0.355764,1,0.330737,0.998404,0
0.053150,7.342037,0.387181,1,0.326730,0.998410,0
0.053200,7.238616,0.418604,1,0.322421,0.998417,0
0.053250,7.128052,0.450034,1,0.317814,0.998424,0
0.053300,7.010453,0.481471,1,0.312914,0.998431,0
0.053350,6.885936,0.512916,1,0.307726,0.998437,0
0.053400,6.754623,0.544369,1,0.302255,0.998444,0
0.053450,6.616645,0.575830,1,0.296506,0.998451,0
0.053500,6.472136,0.607300,1,0.290484,0.998457,0
0.053550,6.321240,0.638777,1,0.284197,0.998464,0
0.053600,6.164106,0.670263,1,0.277650,0.998471,0
0.053650,6.000889,0.701758,1,0.270849,0.998477,0
0.053700,5.831749,0.733261,1,0.263802,0.998484,0
0.053750,5.656854,0.764773,1,0.256515,0.998490,0
0.053800,5.476377,0.796294,1,0.248995,0.998497,0
0.053850,5.290495,0.827822,1,0.241250,0.998503,0
0.053900,5.099392,0.859360,1,0.233287,0.998509,0
0.053950,4.903256,0.890905,1,0.225115,0.998516,0
0.054000,4.702282,0.922459,1,0.216741,0.998522,0
0.054050,4.496667,0.954020,1,0.208174,0.998528,0
0.054100,4.286614,0.985589,1,0.199422,0.998535,0
0.054150,4.072331,1.017165,1,0.190494,0.998541,0
0.054200,3.854029,1.048748,1,0.181398,0.998547,0
0.054250,3.631924,1.080338,1,0.172144,0.998553,0
0.054300,3.406234,1.111934,1,0.162740,0.998560,0
0.054350,3.177183,1.143536,1,0.153196,0.998566,0
0.054400,2.944996,1.175143,1,0.143522,0.998572,0
0.054450,2.709903,1.206755,1,0.133726,0.998578,0
0.054500,2.472136,1.238371,1,0.123820,0.998584,0
0.054550,2.231929,1.269992,1,0.113811,0.998590,0
0.054600,1.989519,1.301616,1,0.103711,0.998596,0
0.054650,1.745146,1.333242,1,0.093529,0.998602,0
0.054700,1.499051,1.364871,1,0.083275,0.998608,0
0.054750,1.251476,1.396502,1,0.072959,0.998614,0
0.054800,1.002666,1.428134,1,0.062592,0.998620,0
0.054850,0.752867,1.459766,1,0.052184,0.998626,0
0.054900,0.502324,1.491398,1,0.041745,0.998632,0
0.054950,0.251286,1.523030,1,0.031285,0.998638,0
0.055000,-0.000000,1.554660,1,0.020815,0.998643,0
0.055050,-0.251286,1.586289,1,0.010344,0.998649,0
0.055100,-0.502324,1.617915,1,-0.000115,0.998655,0
0.055150,-0.752867,1.649538,1,-0.010555,0.998661,0
0.055200,-1.002666,1.681158,1,-0.020963,0.998666,0
0.055250,-1.251476,1.712774,1,-0.031330,0.998672,0
0.055300,-1.499051,1.744386,1,-0.041645,0.998678,0
0.055350,-1.745146,1.775992,1,-0.051899,0.998684,0
0.055400,-1.989519,1.807593,1,-0.062081,0.998689,0
0.055450,-2.231929,1.839189,1,-0.072182,0.998695,0
0.055500,-2.472136,1.870778,1,-0.082190,0.998700,0
0.055550,-2.709903,1.902360,1,-0.092097,0.998706,0
0.055600,-2.944996,1.933936,1,-0.101893,0.998711,0
0.055650,-3.177183,1.965504,1,-0.111567,0.998717,0
0.055700,-3.406234,1.997065,1,-0.121111,0.998722,0
0.055750,-3.631924,2.028618,1,-0.130514,0.998728,0
0.055800,-3.854029,2.060163,1,-0.139769,0.998733,0
0.055850,-4.072331,2.091700,1,-0.148865,0.998739,0
0.055900,-4.286614,2.123229,1,-0.157793,0.998744,0
0.055950,-4.496667,2.154749,1,-0.166545,0.998749,0
0.056000,-4.702282,2.186261,1,-0.175112,0.998755,0
0.056050,-4.903256,2.217764,1,-0.183486,0.998760,0
0.056100,-5.099392,2.249259,1,-0.191658,0.998765,0
0.056150,-5.290495,2.280745,1,-0.199621,0.998771,0
0.056200,-5.476377,2.312222,1,-0.207366,0.998776,0
0.056250,-5.656854,2.343692,1,-0.214886,0.998781,0
0.056300,-5.831749,2.375153,1,-0.222173,0.998786,0
0.056350,-6.000889,2.406606,1,-0.229220,0.998792,0
0.056400,-6.164106,2.438051,1,-0.236021,0.998797,0
0.056450,-6.321240,2.469488,1,-0.242568,0.998802,0
0.056500,-6.472136,2.500918,1,-0.248855,0.998807,0
0.056550,-6.616645,2.532340,1,-0.254877,0.998812,0
0.056600,-6.754623,2.563756,1,-0.260626,0.998817,0
0.056650,-6.885936,2.595165,1,-0.266097,0.998822,0
0.056700,-7.010453,2.626567,1,-0.271285,0.998827,0
0.056750,-7.128052,2.657964,1,-0.276185,0.998832,0
0.056800,-7.238616,2.689355,1,-0.280792,0.998837,0
0.056850,-7.342037,2.720740,1,-0.285101,0.998842,0
0.056900,-7.438212,2.752121,1,-0.289108,0.998847,0
0.056950,-7.527046,2.783498,1,-0.292809,0.998852,0
0.057000,-7.608452,2.814870,1,-0.296201,0.998857,0
0.057050,-7.682349,2.846239,1,-0.299280,0.998862,0
0.057100,-7.748665,2.877604,1,-0.302043,0.998867,0
0.057150,-7.807334,2.908967,1,-0.304488,0.998872,0
0.057200,-7.858298,2.940328,1,-0.306611,0.998877,0
0.057250,-7.901507,2.971687,1,-0.308412,0.998881,0
0.057300,-7.936918,3.003045,1,-0.309887,0.998886,0
0.057350,-7.964496,3.034402,1,-0.311036,0.998891,0
0.057400,-7.984214,3.065758,1,-0.311857,0.998896,0
0.057450,-7.996052,3.097115,1,-0.312351,0.998900,0
0.057500,-8.000000,3.128473,1,-0.312515,0.998905,0
0.057550,-7.996052,3.159831,1,-0.312351,0.998910,0
0.057600,-7.984214,3.191192,1,-0.311857,0.998914,0
0.057650,-7.964496,3.222554,1,-0.311036,0.998919,0
0.057700,-7.936918,3.253919,1,-0.309886,0.998924,0
0.057750,-7.901507,3.285288,1,-0.308411,0.998928,0
0.057800,-7.858298,3.316659,1,-0.306610,0.998933,0
0.057850,-7.807334,3.348035,1,-0.304487,0.998937,0
0.057900,-7.748665,3.379415,1,-0.302042,0.998942,0
0.057950,-7.682349,3.410800,1,-0.299279,0.998946,0
0.058000,-7.608452,3.442190,1,-0.296200,0.998951,0
0.058050,-7.527046,3.473586,1,-0.292808,0.998955,0
0.058100,-7.438212,3.504988,1,-0.289106,0.998960,0
0.058150,-7.342037,3.536397,1,-0.285099,0.998964,0
0.058200,-7.238616,3.567812,1,-0.280790,0.998969,0
0.058250,-7.128052,3.599234,1,-0.276183,0.998973,0
0.058300,-7.010453,3.630663,1,-0.271283,0.998978,0
0.058350,-6.885936,3.662100,1,-0.266095,0.998982,0
0.058400,-6.754623,3.693545,1,-0.260623,0.998986,0
0.058450,-6.616645,3.724998,1,-0.254874,0.998991,0
0.058500,-6.472136,3.756459,1,-0.248853,0.998995,0
0.058550,-6.321240,3.787928,1,-0.242565,0.998999,0
0.058600,-6.164106,3.819405,1,-0.236018,0.999004,0
0.058650,-6.000889,3.850892,1,-0.229217,0.999008,0
0.058700,-5.831749,3.882386,1,-0.222170,0.999012,0
0.058750,-5.656854,3.913890,1,-0.214882,0.999016,0
0.058800,-5.476377,3.945401,1,-0.207363,0.999020,0
0.058850,-5.290495,3.976921,1,-0.199617,0.999025,0
0.058900,-5.099392,4.008450,1,-0.191655,0.999029,0
0.058950,-4.903256,4.039987,1,-0.183482,0.999033,0
0.059000,-4.702282,4.071531,1,-0.175108,0.999037,0
0.059050,-4.496667,4.103084,1,-0.166541,0.999041,0
0.059100,-4.286614,4.134644,1,-0.157789,0.999045,0
0.059150,-4.072331,4.166212,1,-0.148860,0.999049,0
0.059200,-3.854029,4.197786,1,-0.139764,0.999053,0
0.059250,-3.631924,4.229367,1,-0.130510,0.999058,0
0.059300,-3.406234,4.260954,1,-0.121106,0.999062,0
0.059350,-3.177183,4.292547,1,-0.111562,0.999066,0
0.059400,-2.944996,4.324146,1,-0.101888,0.999070,0
0.059450,-2.709903,4.355749,1,-0.092092,0.999074,0
0.059500,-2.472136,4.387357,1,-0.082185,0.999077,0
0.059550,-2.231929,4.418968,1,-0.072176,0.999081,0
0.059600,-1.989519,4.450583,1,-0.062076,0.999085,0
0.059650,-1.745146,4.482201,1,-0.051894,0.999089,0
0.059700,-1.499051,4.513822,1,-0.041640,0.999093,0
0.059750,-1.251476,4.545444,1,-0.031324,0.999097,0
0.059800,-1.002666,4.577067,1,-0.020957,0.999101,0
0.059850,-0.752867,4.608691,1,-0.010548,0.999105,0
0.059900,-0.502324,4.640314,1,-0.000109,0.999109,0
0.059950,-0.251286,4.671937,1,0.010351,0.999112,0
0.060000,0.000000,4.703559,1,0.020821,0.999116,0
0.060050,0.251286,4.735180,1,0.031291,0.999120,0
0.060100,0.502324,4.766798,1,0.041751,0.999124,0
0.060150,0.752867,4.798413,1,0.052191,0.999127,0
0.060200,1.002666,4.830024,1,0.062599,0.999131,0
0.060250,1.251476,4.861632,1,0.072966,0.999135,0
0.060300,1.499051,4.893236,1,0.083282,0.999139,0
0.060350,1.745146,4.924834,1,0.093536,0.999142,0
0.060400,1.989519,4.956427,1,0.103718,0.999146,0
0.060450,2.231929,4.988015,1,0.113819,0.999150,0
0.060500,2.472136,5.019596,1,0.123827,0.999153,0
0.060550,2.709903,5.051171,1,0.133734,0.999157,0
0.060600,2.944996,5.082739,1,0.143530,0.999160,0
0.060650,3.177183,5.114299,1,0.153204,0.999164,0
0.060700,3.406234,5.145852,1,0.162748,0.999168,0
0.060750,3.631924,5.177398,1,0.172152,0.999171,0
0.060800,3.854029,5.208935,1,0.181407,0.999175,0
0.060850,4.072331,5.240464,1,0.190502,0.999178,0
0.060900,4.286614,5.271985,1,0.199431,0.999182,0
0.060950,4.496667,5.303498,1,0.208183,0.999185,0
0.061000,4.702282,5.335002,1,0.216751,0.999189,0
0.061050,4.903256,5.366498,1,0.225125,0.999192,0
0.061100,5.099392,5.397985,1,0.233297,0.999196,0
0.061150,5.290495,5.429464,1,0.241260,0.999199,0
0.061200,5.476377,5.460934,1,0.249005,0.999203,0
0.061250,5.656854,5.492396,1,0.256525,0.999206,0
0.061300,5.831749,5.523849,1,0.263812,0.999209,0
0.061350,6.000889,5.555295,1,0.270860,0.999213,0
0.061400,6.164106,5.586732,1,0.277660,0.999216,0
0.061450,6.321240,5.618162,1,0.284208,0.999219,0
0.061500,6.472136,5.649585,1,0.290495,0.999223,0
0.061550,6.616645,5.681000,1,0.296516,0.999226,0
0.061600,6.754623,5.712408,1,0.302265,0.999229,0
0.061650,6.885936,5.743809,1,0.307737,0.999233,0
0.061700,7.010453,5.775204,1,0.312925,0.999236,0
0.061750,7.128052,5.806593,1,0.317825,0.999239,0
0.061800,7.238616,5.837976,1,0.322432,0.999243,0
0.061850,7.342037,5.869354,1,0.326741,0.999246,0
0.061900,7.438212,5.900727,1,0.330748,0.999249,0
0.061950,7.527046,5.932096,1,0.334450,0.999252,0
0.062000,7.608452,5.963460,1,0.337842,0.999255,0
0.062050,7.682349,5.994821,1,0.340921,0.999259,0
0.062100,7.748665,6.026179,1,0.343684,0.999262,0
0.062150,7.807334,6.057534,1,0.346129,0.999265,0
0.062200,7.858298,6.088886,1,0.348252,0.999268,0
0.062250,7.901507,6.120237,1,0.350053,0.999271,0
0.062300,7.936918,6.151586,1,0.351528,0.999274,0
0.062350,7.964496,6.182935,1,0.352677,0.999277,0
0.062400,7.984214,6.214283,1,0.353499,0.999280,0
0.062450,7.996052,6.245632,1,0.353992,0.999284,0
0.062500,8.000000,6.276981,1,0.354157,0.999287,0
0.062550,7.996052,0.025146,1,0.353992,0.999290,0
0.062600,7.984214,0.056497,1,0.353499,0.999293,0
0.062650,7.964496,0.087851,1,0.352678,0.999296,0
0.062700,7.936918,0.119207,1,0.351529,0.999299,0
0.062750,7.901507,0.150567,1,0.350053,0.999302,0
0.062800,7.858298,0.181930,1,0.348253,0.999305,0
0.062850,7.807334,0.213296,1,0.346129,0.999308,0
0.062900,7.748665,0.244667,1,0.343685,0.999311,0
0.062950,7.682349,0.276043,1,0.340922,0.999314,0
0.063000,7.608452,0.307424,1,0.337843,0.999317,0
0.063050,7.527046,0.338811,1,0.334451,0.999319,0
0.063100,7.438212,0.370204,1,0.330749,0.999322,0
0.063150,7.342037,0.401603,1,0.326742,0.999325,0
0.063200,7.238616,0.433008,1,0.322433,0.999328,0
0.063250,7.128052,0.464421,1,0.317826,0.999331,0
0.063300,7.010453,0.495841,1,0.312926,0.999334,0
0.063350,6.885936,0.527268,1,0.307738,0.999337,0
0.063400,6.754623,0.558704,1,0.302267,0.999340,0
0.063450,6.616645,0.590147,1,0.296518,0.999342,0
0.063500,6.472136,0.621598,1,0.290497,0.999345,0
0.063550,6.321240,0.653058,1,0.284209,0.999348,0
0.063600,6.164106,0.684526,1,0.277662,0.999351,0
0.063650,6.000889,0.716003,1,0.270861,0.999354,0
0.063700,5.831749,0.747488,1,0.263814,0.999356,0
0.063750,5.656854,0.778981,1,0.256527,0.999359,0
0.063800,5.476377,0.810484,1,0.249007,0.999362,0
0.063850,5.290495,0.841994,1,0.241262,0.999365,0
0.063900,5.099392,0.873513,1,0.233299,0.999367,0
0.063950,4.903256,0.905041,1,0.225127,0.999370,0
0.064000,4.702282,0.936576,1,0.216753,0.999373,0
0.064050,4.496667,0.968119,1,0.208186,0.999375,0
0.064100,4.286614,0.999670,1,0.199434,0.999378,0
0.064150,4.072331,1.031228,1,0.190505,0.999381,0
0.064200,3.854029,1.062793,1,0.181409,0.999383,0
0.064250,3.631924,1.094365,1,0.172155,0.999386,0
0.064300,3.406234,1.125943,1,0.162751,0.999389,0
0.064350,3.177183,1.157527,1,0.153208,0.999391,0
0.064400,2.944996,1.189117,1,0.143533,0.999394,0
0.064450,2.709903,1.220711,1,0.133738,0.999396,0
0.064500,2.472136,1.252310,1,0.123831,0.999399,0
0.064550,2.231929,1.283913,1,0.113822,0.999402,0
0.064600,1.989519,1.315520,1,0.103722,0.999404,0
0.064650,1.745146,1.347129,1,0.093540,0.999407,0
0.064700,1.499051,1.378741,1,0.083286,0.999409,0
0.064750,1.251476,1.410355,1,0.072970,0.999412,0
0.064800,1.002666,1.441970,1,0.062603,0.999414,0
0.064850,0.752867,1.473586,1,0.052195,0.999417,0
0.064900,0.502324,1.505202,1,0.041756,0.999419,0
0.064950,0.251286,1.536817,1,0.031296,0.999422,0
0.065000,-0.000000,1.568432,1,0.020825,0.999424,0
0.065050,-0.251286,1.600044,1,0.010355,0.999427,0
0.065100,-0.502324,1.631655,1,-0.000105,0.999429,0
0.065150,-0.752867,1.663263,1,-0.010544,0.999432,0
0.065200,-1.002666,1.694867,1,-0.020952,0.999434,0
0.065250,-1.251476,1.726468,1,-0.031319,0.999436,0
0.065300,-1.499051,1.758064,1,-0.041635,0.999439,0
0.065350,-1.745146,1.789656,1,-0.051889,0.999441,0
0.065400,-1.989519,1.821242,1,-0.062071,0.999444,0
0.065450,-2.231929,1.852823,1,-0.072171,0.999446,0
0.065500,-2.472136,1.884398,1,-0.082180,0.999448,0
0.065550,-2.709903,1.915966,1,-0.092087,0.999451,0
0.065600,-2.944996,1.947528,1,-0.101882,0.999453,0
0.065650,-3.177183,1.979082,1,-0.111557,0.999455,0
0.065700,-3.406234,2.010629,1,-0.121101,0.999458,0
0.065750,-3.631924,2.042168,1,-0.130504,0.999460,0
0.065800,-3.854029,2.073700,1,-0.139759,0.999462,0
0.065850,-4.072331,2.105223,1,-0.148855,0.999465,0
0.065900,-4.286614,2.136738,1,-0.157783,0.999467,0
0.065950,-4.496667,2.168245,1,-0.166535,0.999469,0
0.066000,-4.702282,2.199743,1,-0.175102,0.999471,0
0.066050,-4.903256,2.231233,1,-0.183476,0.999474,0
0.066100,-5.099392,2.262715,1,-0.191649,0.999476,0
0.066150,-5.290495,2.294188,1,-0.199611,0.999478,0
0.066200,-5.476377,2.325652,1,-0.207356,0.999480,0
0.066250,-5.656854,2.357109,1,-0.214876,0.999483,0
0.066300,-5.831749,2.388557,1,-0.222163,0.999485,0
0.066350,-6.000889,2.419997,1,-0.229211,0.999487,0
0.066400,-6.164106,2.451429,1,-0.236011,0.999489,0
0.066450,-6.321240,2.482853,1,-0.242559,0.999491,0
0.066500,-6.472136,2.514270,1,-0.248846,0.999494,0
0.066550,-6.616645,2.545679,1,-0.254867,0.999496,0
0.066600,-6.754623,2.577082,1,-0.260616,0.999498,0
0.066650,-6.885936,2.608478,1,-0.266088,0.999500,0
0.066700,-7.010453,2.639867,1,-0.271276,0.999502,0
0.066750,-7.128052,2.671250,1,-0.276176,0.999504,0
0.066800,-7.238616,2.702628,1,-0.280782,0.999506,0
0.066850,-7.342037,2.734000,1,-0.285092,0.999509,0
0.066900,-7.438212,2.765368,1,-0.289099,0.999511,0
0.066950,-7.527046,2.796731,1,-0.292800,0.999513,0
0.067000,-7.608452,2.828089,1,-0.296192,0.999515,0
0.067050,-7.682349,2.859444,1,-0.299271,0.999517,0
0.067100,-7.748665,2.890796,1,-0.302034,0.999519,0
0.067150,-7.807334,2.922145,1,-0.304479,0.999521,0
0.067200,-7.858298,2.953492,1,-0.306602,0.999523,0
0.067250,-7.901507,2.984837,1,-0.308403,0.999525,0
0.067300,-7.936918,3.016180,1,-0.309878,0.999527,0
0.067350,-7.964496,3.047523,1,-0.311027,0.999529,0
0.067400,-7.984214,3.078865,1,-0.311849,0.999531,0
0.067450,-7.996052,3.110207,1,-0.312342,0.999533,0
0.067500,-8.000000,3.141550,1,-0.312506,0.999535,0
0.067550,-7.996052,3.172894,1,-0.312342,0.999537,0
0.067600,-7.984214,3.204239,1,-0.311849,0.999539,0
0.067650,-7.964496,3.235586,1,-0.311027,0.999541,0
0.067700,-7.936918,3.266936,1,-0.309878,0.999543,0
0.067750,-7.901507,3.298289,1,-0.308402,0.999545,0
0.067800,-7.858298,3.329645,1,-0.306602,0.999547,0
0.067850,-7.807334,3.361005,1,-0.304478,0.999549,0
0.067900,-7.748665,3.392369,1,-0.302034,0.999551,0
0.067950,-7.682349,3.423738,1,-0.299271,0.999553,0
0.068000,-7.608452,3.455113,1,-0.296192,0.999555,0
0.068050,-7.527046,3.486492,1,-0.292800,0.999557,0
0.068100,-7.438212,3.517878,1,-0.289098,0.999559,0
0.068150,-7.342037,3.549270,1,-0.285091,0.999560,0
0.068200,-7.238616,3.580669,1,-0.280782,0.999562,0
0.068250,-7.128052,3.612074,1,-0.276175,0.999564,0
0.068300,-7.010453,3.643487,1,-0.271275,0.999566,0
0.068350,-6.885936,3.674907,1,-0.266087,0.999568,0
0.068400,-6.754623,3.706335,1,-0.260615,0.999570,0
0.068450,-6.616645,3.737771,1,-0.254866,0.999572,0
0.068500,-6.472136,3.769215,1,-0.248845,0.999573,0
0.068550,-6.321240,3.800667,1,-0.242558,0.999575,0
0.068600,-6.164106,3.832128,1,-0.236010,0.999577,0
0.068650,-6.000889,3.863598,1,-0.229209,0.999579,0
0.068700,-5.831749,3.895075,1,-0.222162,0.999581,0
0.068750,-5.656854,3.926562,1,-0.214875,0.999582,0
0.068800,-5.476377,3.958056,1,-0.207355,0.999584,0
0.068850,-5.290495,3.989560,1,-0.199610,0.999586,0
0.068900,-5.099392,4.021071,1,-0.191647,0.999588,0
0.068950,-4.903256,4.052591,1,-0.183475,0.999590,0
0.069000,-4.702282,4.084119,1,-0.175101,0.999591,0
0.069050,-4.496667,4.115655,1,-0.166533,0.999593,0
0.069100,-4.286614,4.147199,1,-0.157781,0.999595,0
0.069150,-4.072331,4.178750,1,-0.148853,0.999596,0
0.069200,-3.854029,4.210308,1,-0.139757,0.999598,0
0.069250,-3.631924,4.241872,1,-0.130502,0.999600,0
0.069300,-3.406234,4.273443,1,-0.121099,0.999602,0
0.069350,-3.177183,4.305020,1,-0.111555,0.999603,0
0.069400,-2.944996,4.336603,1,-0.101880,0.999605,0
0.069450,-2.709903,4.368190,1,-0.092085,0.999607,0
0.069500,-2.472136,4.399783,1,-0.082178,0.999608,0
0.069550,-2.231929,4.431379,1,-0.072169,0.999610,0
0.069600,-1.989519,4.462979,1,-0.062069,0.999612,0
0.069650,-1.745146,4.494581,1,-0.051886,0.999613,0
0.069700,-1.499051,4.526187,1,-0.041632,0.999615,0
0.069750,-1.251476,4.557794,1,-0.031317,0.999617,0
0.069800,-1.002666,4.589402,1,-0.020950,0.999618,0
0.069850,-0.752867,4.621012,1,-0.010541,0.999620,0
0.069900,-0.502324,4.652621,1,-0.000102,0.999622,0
0.069950,-0.251286,4.684230,1,0.010358,0.999623,0
0.070000,0.000000,4.715838,1,0.020828,0.999625,0
0.070050,0.251286,4.747445,1,0.031298,0.999626,0
0.070100,0.502324,4.779049,1,0.041758,0.999628,0
0.070150,0.752867,4.810651,1,0.052198,0.999630,0
0.070200,1.002666,4.842250,1,0.062606,0.999631,0
0.070250,1.251476,4.873844,1,0.072973,0.999633,0
0.070300,1.499051,4.905435,1,0.083289,0.999634,0
0.070350,1.745146,4.937021,1,0.093543,0.999636,0
0.070400,1.989519,4.968602,1,0.103725,0.999637,0
0.070450,2.231929,5.000177,1,0.113825,0.999639,0
0.070500,2.472136,5.031746,1,0.123834,0.999641,0
0.070550,2.709903,5.063309,1,0.133741,0.999642,0
0.070600,2.944996,5.094865,1,0.143537,0.999644,0
0.070650,3.177183,5.126414,1,0.153211,0.999645,0
0.070700,3.406234,5.157956,1,0.162755,0.999647,0
0.070750,3.631924,5.189490,1,0.172159,0.999648,0
0.070800,3.854029,5.221016,1,0.181413,0.999650,0
0.070850,4.072331,5.252534,1,0.190509,0.999651,0
0.070900,4.286614,5.284044,1,0.199437,0.999653,0
0.070950,4.496667,5.315546,1,0.208190,0.999654,0
0.071000,4.702282,5.347040,1,0.216757,0.999656,0
0.071050,4.903256,5.378525,1,0.225131,0.999657,0
0.071100,5.099392,5.410001,1,0.233303,0.999659,0
0.071150,5.290495,5.441469,1,0.241266,0.999660,0
0.071200,5.476377,5.472929,1,0.249011,0.999661,0
0.071250,5.656854,5.504380,1,0.256531,0.999663,0
0.071300,5.831749,5.535823,1,0.263818,0.999664,0
0.071350,6.000889,5.567259,1,0.270866,0.999666,0
0.071400,6.164106,5.598686,1,0.277667,0.999667,0
0.071450,6.321240,5.630105,1,0.284214,0.999669,0
0.071500,6.472136,5.661517,1,0.290501,0.999670,0
0.071550,6.616645,5.692922,1,0.296522,0.999671,0
0.071600,6.754623,5.724319,1,0.302271,0.999673,0
0.071650,6.885936,5.755710,1,0.307743,0.999674,0
0.071700,7.010453,5.787095,1,0.312931,0.999676,0
0.071750,7.128052,5.818473,1,0.317831,0.999677,0
0.071800,7.238616,5.849846,1,0.322438,0.999678,0
0.071850,7.342037,5.881213,1,0.326747,0.999680,0
0.071900,7.438212,5.912575,1,0.330754,0.999681,0
0.071950,7.527046,5.943933,1,0.334456,0.999683,0
0.072000,7.608452,5.975287,1,0.337848,0.999684,0
0.072050,7.682349,6.006637,1,0.340927,0.999685,0
0.072100,7.748665,6.037983,1,0.343690,0.999687,0
0.072150,7.807334,6.069327,1,0.346135,0.999688,0
0.072200,7.858298,6.100669,1,0.348258,0.999689,0
0.072250,7.901507,6.132008,1,0.350059,0.999691,0
0.072300,7.936918,6.163346,1,0.351534,0.999692,0
0.072350,7.964496,6.194683,1,0.352683,0.999693,0
0.072400,7.984214,6.226020,1,0.353505,0.999695,0
0.072450,7.996052,6.257356,1,0.353998,0.999696,0
0.072500,8.000000,0.005508,1,0.354162,0.999697,0
0.072550,7.996052,0.036846,1,0.353998,0.999698,0
0.072600,7.984214,0.068186,1,0.353505,0.999700,0
0.072650,7.964496,0.099527,1,0.352683,0.999701,0
0.072700,7.936918,0.130871,1,0.351534,0.999702,0
0.072750,7.901507,0.162218,1,0.350059,0.999704,0
0.072800,7.858298,0.193568,1,0.348258,0.999705,0
0.072850,7.807334,0.224922,1,0.346135,0.999706,0
0.072900,7.748665,0.256281,1,0.343690,0.999707,0
0.072950,7.682349,0.287644,1,0.340927,0.999709,0
0.073000,7.608452,0.319012,1,0.337848,0.999710,0
0.073050,7.527046,0.350385,1,0.334456,0.999711,0
0.073100,7.438212,0.381765,1,0.330755,0.999712,0
0.073150,7.342037,0.413150,1,0.326748,0.999714,0
0.073200,7.238616,0.444543,1,0.322438,0.999715,0
0.073250,7.128052,0.475942,1,0.317832,0.999716,0
0.073300,7.010453,0.507348,1,0.312932,0.999717,0
0.073350,6.885936,0.538762,1,0.307743,0.999718,0
0.073400,6.754623,0.570183,1,0.302272,0.999720,0
0.073450,6.616645,0.601613,1,0.296523,0.999721,0
0.073500,6.472136,0.633050,1,0.290502,0.999722,0
0.073550,6.321240,0.664496,1,0.284215,0.999723,0
0.073600,6.164106,0.695950,1,0.277667,0.999724,0
0.073650,6.000889,0.727413,1,0.270867,0.999726,0
0.073700,5.831749,0.758884,1,0.263819,0.999727,0
0.073750,5.656854,0.790364,1,0.256532,0.999728,0
0.073800,5.476377,0.821852,1,0.249012,0.999729,0
0.073850,5.290495,0.853349,1,0.241267,0.999730,0
0.073900,5.099392,0.884854,1,0.233304,0.999731,0
0.073950,4.903256,0.916367,1,0.225132,0.999733,0
0.074000,4.702282,0.947889,1,0.216758,0.999734,0
0.074050,4.496667,0.979418,1,0.208191,0.999735,0
0.074100,4.286614,1.010955,1,0.199439,0.999736,0
0.074150,4.072331,1.042500,1,0.190510,0.999737,0
0.074200,3.854029,1.074051,1,0.181414,0.999738,0
0.074250,3.631924,1.105609,1,0.172160,0.999739,0
0.074300,3.406234,1.137174,1,0.162756,0.999740,0
0.074350,3.177183,1.168744,1,0.153212,0.999742,0
0.074400,2.944996,1.200321,1,0.143538,0.999743,0
0.074450,2.709903,1.231902,1,0.133742,0.999744,0
0.074500,2.472136,1.263488,1,0.123835,0.999745,0
0.074550,2.231929,1.295078,1,0.113827,0.999746,0
0.074600,1.989519,1.326671,1,0.103726,0.999747,0
0.074650,1.745146,1.358268,1,0.093544,0.999748,0
0.074700,1.499051,1.389867,1,0.083290,0.999749,0
0.074750,1.251476,1.421468,1,0.072975,0.999750,0
0.074800,1.002666,1.453071,1,0.062608,0.999751,0
0.074850,0.752867,1.484674,1,0.052199,0.999752,0
0.074900,0.502324,1.516278,1,0.041760,0.999753,0
0.074950,0.251286,1.547881,1,0.031300,0.999755,0
0.075000,-0.000000,1.579484,1,0.020830,0.999756,0
0.075050,-0.251286,1.611085,1,0.010360,0.999757,0
0.075100,-0.502324,1.642684,1,-0.000100,0.999758,0
0.075150,-0.752867,1.674280,1,-0.010539,0.999759,0
0.075200,-1.002666,1.705873,1,-0.020948,0.999760,0
0.075250,-1.251476,1.737462,1,-0.031315,0.999761,0
0.075300,-1.499051,1.769048,1,-0.041630,0.999762,0
0.075350,-1.745146,1.800629,1,-0.051884,0.999763,0
0.075400,-1.989519,1.832204,1,-0.062067,0.999764,0
0.075450,-2.231929,1.863774,1,-0.072167,0.999765,0
0.075500,-2.472136,1.895338,1,-0.082176,0.999766,0
0.075550,-2.709903,1.926896,1,-0.092083,0.999767,0
0.075600,-2.944996,1.958447,1,-0.101878,0.999768,0
0.075650,-3.177183,1.989991,1,-0.111552,0.999769,0
0.075700,-3.406234,2.021528,1,-0.121096,0.999770,0
0.075750,-3.631924,2.053057,1,-0.130500,0.999771,0
0.075800,-3.854029,2.084579,1,-0.139754,0.999772,0
0.075850,-4.072331,2.116092,1,-0.148850,0.999773,0
0.075900,-4.286614,2.147598,1,-0.157779,0.999774,0
0.075950,-4.496667,2.179095,1,-0.166531,0.999775,0
0.076000,-4.702282,2.210583,1,-0.175098,0.999776,0
0.076050,-4.903256,2.242064,1,-0.183472,0.999777,0
0.076100,-5.099392,2.273536,1,-0.191644,0.999778,0
0.076150,-5.290495,2.304999,1,-0.199607,0.999779,0
0.076200,-5.476377,2.336454,1,-0.207352,0.999779,0
0.076250,-5.656854,2.367901,1,-0.214872,0.999780,0
0.076300,-5.831749,2.399340,1,-0.222159,0.999781,0
0.076350,-6.000889,2.430770,1,-0.229207,0.999782,0
0.076400,-6.164106,2.462193,1,-0.236007,0.999783,0
0.076450,-6.321240,2.493608,1,-0.242555,0.999784,0
0.076500,-6.472136,2.525015,1,-0.248842,0.999785,0
0.076550,-6.616645,2.556415,1,-0.254863,0.999786,0
0.076600,-6.754623,2.587808,1,-0.260612,0.999787,0
0.076650,-6.885936,2.619195,1,-0.266084,0.999788,0
0.076700,-7.010453,2.650574,1,-0.271272,0.999789,0
0.076750,-7.128052,2.681948,1,-0.276172,0.999790,0
0.076800,-7.238616,2.713316,1,-0.280779,0.999791,0
0.076850,-7.342037,2.744679,1,-0.285088,0.999791,0
0.076900,-7.438212,2.776036,1,-0.289095,0.999792,0
0.076950,-7.527046,2.807389,1,-0.292796,0.999793,0
0.077000,-7.608452,2.838738,1,-0.296188,0.999794,0
0.077050,-7.682349,2.870083,1,-0.299267,0.999795,0
0.077100,-7.748665,2.901425,1,-0.302031,0.999796,0
0.077150,-7.807334,2.932764,1,-0.304475,0.999797,0
0.077200,-7.858298,2.964100,1,-0.306599,0.999798,0
0.077250,-7.901507,2.995435,1,-0.308399,0.999798,0
0.077300,-7.936918,3.026768,1,-0.309874,0.999799,0
0.077350,-7.964496,3.058100,1,-0.311023,0.999800,0
0.077400,-7.984214,3.089431,1,-0.311845,0.999801,0
0.077450,-7.996052,3.120763,1,-0.312338,0.999802,0
0.077500,-8.000000,3.152095,1,-0.312503,0.999803,0
0.077550,-7.996052,3.183427,1,-0.312338,0.999804,0
0.077600,-7.984214,3.214762,1,-0.311845,0.999804,0
0.077650,-7.964496,3.246098,1,-0.311023,0.999805,0
0.077700,-7.936918,3.277436,1,-0.309874,0.999806,0
0.077750,-7.901507,3.308778,1,-0.308399,0.999807,0
0.077800,-7.858298,3.340122,1,-0.306598,0.999808,0
0.077850,-7.807334,3.371471,1,-0.304475,0.999809,0
0.077900,-7.748665,3.402823,1,-0.302030,0.999809,0
0.077950,-7.682349,3.434181,1,-0.299267,0.999810,0
0.078000,-7.608452,3.465543,1,-0.296188,0.999811,0
0.078050,-7.527046,3.496911,1,-0.292796,0.999812,0
0.078100,-7.438212,3.528284,1,-0.289095,0.999813,0
0.078150,-7.342037,3.559664,1,-0.285087,0.999813,0
0.078200,-7.238616,3.591050,1,-0.280778,0.999814,0
0.078250,-7.128052,3.622444,1,-0.276171,0.999815,0
0.078300,-7.010453,3.653844,1,-0.271271,0.999816,0
0.078350,-6.885936,3.685252,1,-0.266083,0.999817,0
0.078400,-6.754623,3.716667,1,-0.260612,0.999817,0
0.078450,-6.616645,3.748091,1,-0.254863,0.999818,0
0.078500,-6.472136,3.779522,1,-0.248841,0.999819,0
0.078550,-6.321240,3.810962,1,-0.242554,0.999820,0
0.078600,-6.164106,3.842410,1,-0.236007,0.999820,0
0.078650,-6.000889,3.873867,1,-0.229206,0.999821,0
0.078700,-5.831749,3.905332,1,-0.222159,0.999822,0
0.078750,-5.656854,3.936806,1,-0.214871,0.999823,0
0.078800,-5.476377,3.968288,1,-0.207351,0.999824,0
0.078850,-5.290495,3.999778,1,-0.199606,0.999824,0
0.078900,-5.099392,4.031277,1,-0.191644,0.999825,0
0.078950,-4.903256,4.062785,1,-0.183471,0.999826,0
0.079000,-4.702282,4.094300,1,-0.175097,0.999827,0
0.079050,-4.496667,4.125823,1,-0.166530,0.999827,0
0.079100,-4.286614,4.157354,1,-0.157778,0.999828,0
0.079150,-4.072331,4.188893,1,-0.148849,0.999829,0
0.079200,-3.854029,4.220438,1,-0.139754,0.999829,0
0.079250,-3.631924,4.251991,1,-0.130499,0.999830,0
0.079300,-3.406234,4.283549,1,-0.121095,0.999831,0
0.079350,-3.177183,4.315114,1,-0.111552,0.999832,0
0.079400,-2.944996,4.346684,1,-0.101877,0.999832,0
0.079450,-2.709903,4.378260,1,-0.092082,0.999833,0
0.079500,-2.472136,4.409840,1,-0.082175,0.999834,0
0.079550,-2.231929,4.441424,1,-0.072166,0.999834,0
0.079600,-1.989519,4.473012,1,-0.062066,0.999835,0
0.079650,-1.745146,4.504603,1,-0.051883,0.999836,0
0.079700,-1.499051,4.536197,1,-0.041629,0.999837,0
0.079750,-1.251476,4.567793,1,-0.031314,0.999837,0
0.079800,-1.002666,4.599390,1,-0.020947,0.999838,0
0.079850,-0.752867,4.630988,1,-0.010538,0.999839,0
0.079900,-0.502324,4.662586,1,-0.000099,0.999839,0
0.079950,-0.251286,4.694184,1,0.010361,0.999840,0
0.080000,-0.000000,4.725782,1,0.020831,0.999841,0
0.080050,0.251286,4.757378,1,0.031301,0.999841,0
0.080100,0.502324,4.788971,1,0.041761,0.999842,0
0.080150,0.752867,4.820563,1,0.052201,0.999843,0
0.080200,1.002666,4.852151,1,0.062609,0.999843,0
0.080250,1.251476,4.883736,1,0.072976,0.999844,0
0.080300,1.499051,4.915316,1,0.083292,0.999845,0
0.080350,1.745146,4.946892,1,0.093546,0.999845,0
0.080400,1.989519,4.978463,1,0.103728,0.999846,0
0.080450,2.231929,5.010028,1,0.113828,0.999847,0
0.080500,2.472136,5.041588,1,0.123837,0.999847,0
0.080550,2.709903,5.073141,1,0.133744,0.999848,0
0.080600,2.944996,5.104688,1,0.143539,0.999849,0
0.080650,3.177183,5.136227,1,0.153214,0.999849,0
0.080700,3.406234,5.167760,1,0.162758,0.999850,0
0.080750,3.631924,5.199285,1,0.172161,0.999851,0
0.080800,3.854029,5.230802,1,0.181416,0.999851,0
0.080850,4.072331,5.262311,1,0.190512,0.999852,0
0.080900,4.286614,5.293812,1,0.199440,0.999853,0
0.080950,4.496667,5.325305,1,0.208192,0.999853,0
0.081000,4.702282,5.356790,1,0.216760,0.999854,0
0.081050,4.903256,5.388266,1,0.225134,0.999854,0
0.081100,5.099392,5.419734,1,0.233306,0.999855,0
0.081150,5.290495,5.451193,1,0.241269,0.999856,0
0.081200,5.476377,5.482644,1,0.249014,0.999856,0
0.081250,5.656854,5.514087,1,0.256534,0.999857,0
0.081300,5.831749,5.545522,1,0.263821,0.999858,0
0.081350,6.000889,5.576948,1,0.270868,0.999858,0
0.081400,6.164106,5.608367,1,0.277669,0.999859,0
0.081450,6.321240,5.639777,1,0.284216,0.999859,0
0.081500,6.472136,5.671181,1,0.290504,0.999860,0
0.081550,6.616645,5.702577,1,0.296525,0.999861,0
0.081600,6.754623,5.733965,1,0.302274,0.999861,0
0.081650,6.885936,5.765348,1,0.307745,0.999862,0
0.081700,7.010453,5.796723,1,0.312934,0.999862,0
0.081750,7.128052,5.828093,1,0.317834,0.999863,0
0.081800,7.238616,5.859457,1,0.322440,0.999864,0
0.081850,7.342037,5.890815,1,0.326750,0.999864,0
0.081900,7.438212,5.922169,1,0.330757,0.999865,0
0.081950,7.527046,5.953518,1,0.334458,0.999865,0
0.082000,7.608452,5.984862,1,0.337850,0.999866,0
0.082050,7.682349,6.016203,1,0.340929,0.999866,0
0.082100,7.748665,6.047540,1,0.343693,0.999867,0
0.082150,7.807334,6.078875,1,0.346137,0.999868,0
0.082200,7.858298,6.110207,1,0.348261,0.999868,0
0.082250,7.901507,6.141537,1,0.350061,0.999869,0
0.082300,7.936918,6.172865,1,0.351536,0.999869,0
0.082350,7.964496,6.204193,1,0.352686,0.999870,0
0.082400,7.984214,6.235519,1,0.353507,0.999870,0
0.082450,7.996052,6.266846,1,0.354000,0.999871,0
0.082500,8.000000,0.014988,1,0.354165,0.999871,0
0.082550,7.996052,0.046316,1,0.354000,0.999872,0
0.082600,7.984214,0.077646,1,0.353507,0.999873,0
0.082650,7.964496,0.108977,1,0.352686,0.999873,0
0.082700,7.936918,0.140310,1,0.351536,0.999874,0
0.082750,7.901507,0.171647,1,0.350061,0.999874,0
0.082800,7.858298,0.202987,1,0.348261,0.999875,0
0.082850,7.807334,0.234330,1,0.346137,0.999875,0
0.082900,7.748665,0.265678,1,0.343693,0.999876,0
0.082950,7.682349,0.297030,1,0.340930,0.999876,0
0.083000,7.608452,0.328387,1,0.337850,0.999877,0
0.083050,7.527046,0.359750,1,0.334459,0.999877,0
0.083100,7.438212,0.391118,1,0.330757,0.999878,0
0.083150,7.342037,0.422493,1,0.326750,0.999878,0
0.083200,7.238616,0.453874,1,0.322441,0.999879,0
0.083250,7.128052,0.485262,1,0.317834,0.999879,0
0.083300,7.010453,0.516657,1,0.312934,0.999880,0
0.083350,6.885936,0.548059,1,0.307746,0.999880,0
0.083400,6.754623,0.579469,1,0.302274,0.999881,0
0.083450,6.616645,0.610887,1,0.296525,0.999882,0
0.083500,6.472136,0.642314,1,0.290504,0.999882,0
0.083550,6.321240,0.673748,1,0.284217,0.999883,0
0.083600,6.164106,0.705191,1,0.277669,0.999883,0
0.083650,6.000889,0.736642,1,0.270869,0.999884,0
0.083700,5.831749,0.768101,1,0.263821,0.999884,0
0.083750,5.656854,0.799570,1,0.256534,0.999885,0
0.083800,5.476377,0.831046,1,0.249014,0.999885,0
0.083850,5.290495,0.862532,1,0.241269,0.999886,0
0.083900,5.099392,0.894025,1,0.233306,0.999886,0
0.083950,4.903256,0.925527,1,0.225134,0.999886,0
0.084000,4.702282,0.957037,1,0.216760,0.999887,0
0.084050,4.496667,0.988555,1,0.208193,0.999887,0
0.084100,4.286614,1.020080,1,0.199441,0.999888,0
0.084150,4.072331,1.051614,1,0.190512,0.999888,0
0.084200,3.854029,1.083154,1,0.181416,0.999889,0
0.084250,3.631924,1.114701,1,0.172162,0.999889,0
0.084300,3.406234,1.146254,1,0.162758,0.999890,0
0.084350,3.177183,1.177814,1,0.153214,0.999890,0
0.084400,2.944996,1.209379,1,0.143540,0.999891,0
0.084450,2.709903,1.240949,1,0.133744,0.999891,0
0.084500,2.472136,1.272524,1,0.123838,0.999892,0
0.084550,2.231929,1.304103,1,0.113829,0.999892,0
0.084600,1.989519,1.335686,1,0.103728,0.999893,0
0.084650,1.745146,1.367272,1,0.093546,0.999893,0
0.084700,1.499051,1.398861,1,0.083292,0.999894,0
0.084750,1.251476,1.430452,1,0.072977,0.999894,0
0.084800,1.002666,1.462044,1,0.062610,0.999894,0
0.084850,0.752867,1.493638,1,0.052201,0.999895,0
0.084900,0.502324,1.525231,1,0.041762,0.999895,0
0.084950,0.251286,1.556825,1,0.031302,0.999896,0
0.085000,-0.000000,1.588417,1,0.020832,0.999896,0
0.085050,-0.251286,1.620009,1,0.010362,0.999897,0
0.085100,-0.502324,1.651598,1,-0.000098,0.999897,0
0.085150,-0.752867,1.683185,1,-0.010538,0.999898,0
0.085200,-1.002666,1.714769,1,-0.020946,0.999898,0
0.085250,-1.251476,1.746349,1,-0.031313,0.999898,0
0.085300,-1.499051,1.777925,1,-0.041628,0.999899,0
0.085350,-1.745146,1.809497,1,-0.051882,0.999899,0
0.085400,-1.989519,1.841064,1,-0.062065,0.999900,0
0.085450,-2.231929,1.872625,1,-0.072165,0.999900,0
0.085500,-2.472136,1.904180,1,-0.082174,0.999901,0
0.085550,-2.709903,1.935730,1,-0.092081,0.999901,0
0.085600,-2.944996,1.967272,1,-0.101876,0.999901,0
0.085650,-3.177183,1.998808,1,-0.111551,0.999902,0
0.085700,-3.406234,2.030337,1,-0.121094,0.999902,0
0.085750,-3.631924,2.061858,1,-0.130498,0.999903,0
0.085800,-3.854029,2.093371,1,-0.139753,0.999903,0
0.085850,-4.072331,2.124876,1,-0.148848,0.999904,0
0.085900,-4.286614,2.156374,1,-0.157777,0.999904,0
0.085950,-4.496667,2.187863,1,-0.166529,0.999904,0
0.086000,-4.702282,2.219344,1,-0.175096,0.999905,0
0.086050,-4.903256,2.250816,1,-0.183470,0.999905,0
0.086100,-5.099392,2.282280,1,-0.191643,0.999906,0
0.086150,-5.290495,2.313736,1,-0.199605,0.999906,0
0.086200,-5.476377,2.345183,1,-0.207350,0.999906,0
0.086250,-5.656854,2.376623,1,-0.214870,0.999907,0
0.086300,-5.831749,2.408053,1,-0.222157,0.999907,0
0.086350,-6.000889,2.439476,1,-0.229205,0.999908,0
0.086400,-6.164106,2.470891,1,-0.236006,0.999908,0
0.086450,-6.321240,2.502298,1,-0.242553,0.999908,0
0.086500,-6.472136,2.533698,1,-0.248840,0.999909,0
0.086550,-6.616645,2.565090,1,-0.254861,0.999909,0
0.086600,-6.754623,2.596476,1,-0.260611,0.999910,0
0.086650,-6.885936,2.627854,1,-0.266082,0.999910,0
0.086700,-7.010453,2.659226,1,-0.271270,0.999910,0
0.086750,-7.128052,2.690592,1,-0.276170,0.999911,0
0.086800,-7.238616,2.721952,1,-0.280777,0.999911,0
0.086850,-7.342037,2.753307,1,-0.285086,0.999911,0
0.086900,-7.438212,2.784656,1,-0.289093,0.999912,0
0.086950,-7.527046,2.816001,1,-0.292795,0.999912,0
0.087000,-7.608452,2.847342,1,-0.296187,0.999913,0
0.087050,-7.682349,2.878679,1,-0.299266,0.999913,0
0.087100,-7.748665,2.910012,1,-0.302029,0.999913,0
0.087150,-7.807334,2.941343,1,-0.304473,0.999914,0
0.087200,-7.858298,2.972671,1,-0.306597,0.999914,0
0.087250,-7.901507,3.003997,1,-0.308397,0.999914,0
0.087300,-7.936918,3.035321,1,-0.309873,0.999915,0
0.087350,-7.964496,3.066645,1,-0.311022,0.999915,0
0.087400,-7.984214,3.097967,1,-0.311843,0.999916,0
0.087450,-7.996052,3.129290,1,-0.312337,0.999916,0
0.087500,-8.000000,3.160613,1,-0.312501,0.999916,0
0.087550,-7.996052,3.191937,1,-0.312337,0.999917,0
0.087600,-7.984214,3.223262,1,-0.311843,0.999917,0
0.087650,-7.964496,3.254589,1,-0.311022,0.999917,0
0.087700,-7.936918,3.285918,1,-0.309873,0.999918,0
0.087750,-7.901507,3.317250,1,-0.308397,0.999918,0
0.087800,-7.858298,3.348586,1,-0.306597,0.999918,0
0.087850,-7.807334,3.379925,1,-0.304473,0.999919,0
0.087900,-7.748665,3.411268,1,-0.302029,0.999919,0
0.087950,-7.682349,3.442615,1,-0.299266,0.999919,0
0.088000,-7.608452,3.473968,1,-0.296187,0.999920,0
0.088050,-7.527046,3.505326,1,-0.292795,0.999920,0
0.088100,-7.438212,3.536690,1,-0.289093,0.999920,0
0.088150,-7.342037,3.568059,1,-0.285086,0.999921,0
0.088200,-7.238616,3.599436,1,-0.280777,0.999921,0
0.088250,-7.128052,3.630819,1,-0.276170,0.999921,0
0.088300,-7.010453,3.662209,1,-0.271270,0.999922,0
0.088350,-6.885936,3.693607,1,-0.266082,0.999922,0
0.088400,-6.754623,3.725012,1,-0.260610,0.999922,0
0.088450,-6.616645,3.756426,1,-0.254861,0.999923,0
0.088500,-6.472136,3.787847,1,-0.248840,0.999923,0
0.088550,-6.321240,3.819276,1,-0.242553,0.999923,0
0.088600,-6.164106,3.850714,1,-0.236005,0.999924,0
0.088650,-6.000889,3.882161,1,-0.229205,0.999924,0
0.088700,-5.831749,3.913615,1,-0.222157,0.999924,0
0.088750,-5.656854,3.945079,1,-0.214870,0.999925,0
0.088800,-5.476377,3.976550,1,-0.207350,0.999925,0
0.088850,-5.290495,4.008031,1,-0.199605,0.999925,0
0.088900,-5.099392,4.039520,1,-0.191642,0.999926,0
0.088950,-4.903256,4.071017,1,-0.183470,0.999926,0
0.089000,-4.702282,4.102522,1,-0.175096,0.999926,0
0.089050,-4.496667,4.134035,1,-0.166529,0.999927,0
0.089100,-4.286614,4.165556,1,-0.157777,0.999927,0
0.089150,-4.072331,4.197084,1,-0.148848,0.999927,0
0.089200,-3.854029,4.228619,1,-0.139752,0.999928,0
0.089250,-3.631924,4.260161,1,-0.130498,0.999928,0
0.089300,-3.406234,4.291710,1,-0.121094,0.999928,0
0.089350,-3.177183,4.323265,1,-0.111550,0.999929,0
0.089400,-2.944996,4.354825,1,-0.101876,0.999929,0
0.089450,-2.709903,4.386391,1,-0.092080,0.999929,0
0.089500,-2.472136,4.417962,1,-0.082173,0.999929,0
0.089550,-2.231929,4.449536,1,-0.072165,0.999930,0
0.089600,-1.989519,4.481115,1,-0.062064,0.999930,0
0.089650,-1.745146,4.512696,1,-0.051882,0.999930,0
0.089700,-1.499051,4.544281,1,-0.041628,0.999931,0
0.089750,-1.251476,4.575867,1,-0.031312,0.999931,0
0.089800,-1.002666,4.607455,1,-0.020945,0.999931,0
0.089850,-0.752867,4.639044,1,-0.010537,0.999932,0
0.089900,-0.502324,4.670634,1,-0.000098,0.999932,0
0.089950,-0.251286,4.702223,1,0.010362,0.999932,0
0.090000,0.000000,4.733812,1,0.020832,0.999932,0
0.090050,0.251286,4.765399,1,0.031303,0.999933,0
0.090100,0.502324,4.796984,1,0.041763,0.999933,0
0.090150,0.752867,4.828567,1,0.052202,0.999933,0
0.090200,1.002666,4.860147,1,0.062610,0.999934,0
0.090250,1.251476,4.891723,1,0.072977,0.999934,0
0.090300,1.499051,4.923296,1,0.083293,0.999934,0
0.090350,1.745146,4.954864,1,0.093547,0.999934,0
0.090400,1.989519,4.986427,1,0.103729,0.999935,0
0.090450,2.231929,5.017984,1,0.113829,0.999935,0
0.090500,2.472136,5.049536,1,0.123838,0.999935,0
0.090550,2.709903,5.081081,1,0.133745,0.999936,0
0.090600,2.944996,5.112621,1,0.143541,0.999936,0
0.090650,3.177183,5.144153,1,0.153215,0.999936,0
0.090700,3.406234,5.175678,1,0.162759,0.999936,0
0.090750,3.631924,5.207195,1,0.172163,0.999937,0
0.090800,3.854029,5.238705,1,0.181417,0.999937,0
0.090850,4.072331,5.270207,1,0.190513,0.999937,0
0.090900,4.286614,5.301701,1,0.199441,0.999937,0
0.090950,4.496667,5.333187,1,0.208194,0.999938,0
0.091000,4.702282,5.364664,1,0.216761,0.999938,0
0.091050,4.903256,5.396134,1,0.225135,0.999938,0
0.091100,5.099392,5.427594,1,0.233307,0.999938,0
0.091150,5.290495,5.459047,1,0.241270,0.999939,0
0.091200,5.476377,5.490491,1,0.249015,0.999939,0
0.091250,5.656854,5.521927,1,0.256535,0.999939,0
0.091300,5.831749,5.553354,1,0.263822,0.999940,0
0.091350,6.000889,5.584774,1,0.270870,0.999940,0
0.091400,6.164106,5.616185,1,0.277670,0.999940,0
0.091450,6.321240,5.647589,1,0.284218,0.999940,0
0.091500,6.472136,5.678986,1,0.290505,0.999941,0
0.091550,6.616645,5.710375,1,0.296526,0.999941,0
0.091600,6.754623,5.741757,1,0.302275,0.999941,0
0.091650,6.885936,5.773132,1,0.307747,0.999941,0
0.091700,7.010453,5.804501,1,0.312935,0.999942,0
0.091750,7.128052,5.835863,1,0.317835,0.999942,0
0.091800,7.238616,5.867220,1,0.322442,0.999942,0
0.091850,7.342037,5.898571,1,0.326751,0.999942,0
0.091900,7.438212,5.929917,1,0.330758,0.999943,0
0.091950,7.527046,5.961259,1,0.334459,0.999943,0
0.092000,7.608452,5.992596,1,0.337851,0.999943,0
0.092050,7.682349,6.023930,1,0.340930,0.999943,0
0.092100,7.748665,6.055260,1,0.343694,0.999944,0
0.092150,7.807334,6.086587,1,0.346138,0.999944,0
0.092200,7.858298,6.117911,1,0.348262,0.999944,0
0.092250,7.901507,6.149233,1,0.350062,0.999944,0
0.092300,7.936918,6.180554,1,0.351537,0.999944,0
0.092350,7.964496,6.211874,1,0.352687,0.999945,0
0.092400,7.984214,6.243193,1,0.353508,0.999945,0
0.092450,7.996052,6.274512,1,0.354001,0.999945,0
0.092500,8.000000,0.022646,1,0.354166,0.999945,0
0.092550,7.996052,0.053966,1,0.354001,0.999946,0
0.092600,7.984214,0.085287,1,0.353508,0.999946,0
0.092650,7.964496,0.116610,1,0.352687,0.999946,0
0.092700,7.936918,0.147935,1,0.351537,0.999946,0
0.092750,7.901507,0.179263,1,0.350062,0.999947,0
0.092800,7.858298,0.210594,1,0.348262,0.999947,0
0.092850,7.807334,0.241929,1,0.346138,0.999947,0
0.092900,7.748665,0.273268,1,0.343694,0.999947,0
0.092950,7.682349,0.304612,1,0.340931,0.999948,0
0.093000,7.608452,0.335960,1,0.337851,0.999948,0
0.093050,7.527046,0.367314,1,0.334460,0.999948,0
0.093100,7.438212,0.398674,1,0.330758,0.999948,0
0.093150,7.342037,0.430039,1,0.326751,0.999948,0
0.093200,7.238616,0.461412,1,0.322442,0.999949,0
0.093250,7.128052,0.492790,1,0.317835,0.999949,0
0.093300,7.010453,0.524177,1,0.312935,0.999949,0
0.093350,6.885936,0.555570,1,0.307747,0.999949,0
0.093400,6.754623,0.586971,1,0.302275,0.999949,0
0.093450,6.616645,0.618380,1,0.296526,0.999950,0
0.093500,6.472136,0.649797,1,0.290505,0.999950,0
0.093550,6.321240,0.681222,1,0.284218,0.999950,0
0.093600,6.164106,0.712655,1,0.277670,0.999950,0
0.093650,6.000889,0.744097,1,0.270870,0.999951,0
0.093700,5.831749,0.775548,1,0.263822,0.999951,0
0.093750,5.656854,0.807006,1,0.256535,0.999951,0
0.093800,5.476377,0.838474,1,0.249015,0.999951,0
0.093850,5.290495,0.869950,1,0.241270,0.999951,0
0.093900,5.099392,0.901434,1,0.233307,0.999952,0
0.093950,4.903256,0.932927,1,0.225135,0.999952,0
0.094000,4.702282,0.964428,1,0.216761,0.999952,0
0.094050,4.496667,0.995936,1,0.208194,0.999952,0
0.094100,4.286614,1.027453,1,0.199442,0.999952,0
0.094150,4.072331,1.058977,1,0.190513,0.999953,0
0.094200,3.854029,1.090508,1,0.181417,0.999953,0
0.094250,3.631924,1.122046,1,0.172163,0.999953,0
0.094300,3.406234,1.153590,1,0.162759,0.999953,0
0.094350,3.177183,1.185141,1,0.153215,0.999953,0
0.094400,2.944996,1.216697,1,0.143541,0.999954,0
0.094450,2.709903,1.248259,1,0.133745,0.999954,0
0.094500,2.472136,1.279825,1,0.123838,0.999954,0
0.094550,2.231929,1.311396,1,0.113830,0.999954,0
0.094600,1.989519,1.342970,1,0.103729,0.999954,0
0.094650,1.745146,1.374548,1,0.093547,0.999955,0
0.094700,1.499051,1.406128,1,0.083293,0.999955,0
0.094750,1.251476,1.437711,1,0.072978,0.999955,0
0.094800,1.002666,1.469295,1,0.062610,0.999955,0
0.094850,0.752867,1.500880,1,0.052202,0.999955,0
0.094900,0.502324,1.532466,1,0.041763,0.999956,0
0.094950,0.251286,1.564051,1,0.031303,0.999956,0
0.095000,-0.000000,1.595636,1,0.020833,0.999956,0
0.095050,-0.251286,1.627220,1,0.010362,0.999956,0
0.095100,-0.502324,1.658801,1,-0.000097,0.999956,0
0.095150,-0.752867,1.690381,1,-0.010537,0.999957,0
0.095200,-1.002666,1.721957,1,-0.020945,0.999957,0
0.095250,-1.251476,1.753530,1,-0.031312,0.999957,0
0.095300,-1.499051,1.785099,1,-0.041628,0.999957,0
0.095350,-1.745146,1.816663,1,-0.051882,0.999957,0
0.095400,-1.989519,1.848223,1,-0.062064,0.999957,0
0.095450,-2.231929,1.879777,1,-0.072164,0.999958,0
0.095500,-2.472136,1.911326,1,-0.082173,0.999958,0
0.095550,-2.709903,1.942868,1,-0.092080,0.999958,0
0.095600,-2.944996,1.974404,1,-0.101875,0.999958,0
0.095650,-3.177183,2.005933,1,-0.111550,0.999958,0
0.095700,-3.406234,2.037455,1,-0.121094,0.999959,0
0.095750,-3.631924,2.068969,1,-0.130497,0.999959,0
0.095800,-3.854029,2.100476,1,-0.139752,0.999959,0
0.095850,-4.072331,2.131975,1,-0.148848,0.999959,0
0.095900,-4.286614,2.163466,1,-0.157776,0.999959,0
0.095950,-4.496667,2.194948,1,-0.166528,0.999959,0
0.096000,-4.702282,2.226423,1,-0.175096,0.999960,0
0.096050,-4.903256,2.257889,1,-0.183470,0.999960,0
0.096100,-5.099392,2.289347,1,-0.191642,0.999960,0
0.096150,-5.290495,2.320796,1,-0.199605,0.999960,0
0.096200,-5.476377,2.352238,1,-0.207350,0.999960,0
0.096250,-5.656854,2.383670,1,-0.214869,0.999960,0
0.096300,-5.831749,2.415095,1,-0.222157,0.999961,0
0.096350,-6.000889,2.446512,1,-0.229204,0.999961,0
0.096400,-6.164106,2.477920,1,-0.236005,0.999961,0
0.096450,-6.321240,2.509321,1,-0.242552,0.999961,0
0.096500,-6.472136,2.540715,1,-0.248840,0.999961,0
0.096550,-6.616645,2.572101,1,-0.254861,0.999961,0
0.096600,-6.754623,2.603480,1,-0.260610,0.999962,0
0.096650,-6.885936,2.634852,1,-0.266081,0.999962,0
0.096700,-7.010453,2.666218,1,-0.271269,0.999962,0
0.096750,-7.128052,2.697577,1,-0.276169,0.999962,0
0.096800,-7.238616,2.728931,1,-0.280776,0.999962,0
0.096850,-7.342037,2.760279,1,-0.285085,0.999962,0
0.096900,-7.438212,2.791622,1,-0.289093,0.999963,0
0.096950,-7.527046,2.822961,1,-0.292794,0.999963,0
0.097000,-7.608452,2.854295,1,-0.296186,0.999963,0
0.097050,-7.682349,2.885625,1,-0.299265,0.999963,0
0.097100,-7.748665,2.916952,1,-0.302028,0.999963,0
0.097150,-7.807334,2.948276,1,-0.304473,0.999963,0
0.097200,-7.858298,2.979597,1,-0.306596,0.999964,0
0.097250,-7.901507,3.010916,1,-0.308397,0.999964,0
0.097300,-7.936918,3.042234,1,-0.309872,0.999964,0
0.097350,-7.964496,3.073550,1,-0.311021,0.999964,0
0.097400,-7.984214,3.104866,1,-0.311843,0.999964,0
0.097450,-7.996052,3.136181,1,-0.312336,0.999964,0
0.097500,-8.000000,3.167497,1,-0.312500,0.999964,0
0.097550,-7.996052,3.198813,1,-0.312336,0.999965,0
0.097600,-7.984214,3.230131,1,-0.311843,0.999965,0
0.097650,-7.964496,3.261451,1,-0.311021,0.999965,0
0.097700,-7.936918,3.292772,1,-0.309872,0.999965,0
0.097750,-7.901507,3.324097,1,-0.308397,0.999965,0
0.097800,-7.858298,3.355425,1,-0.306596,0.999965,0
0.097850,-7.807334,3.386756,1,-0.304473,0.999966,0
0.097900,-7.748665,3.418091,1,-0.302028,0.999966,0
0.097950,-7.682349,3.449431,1,-0.299265,0.999966,0
0.098000,-7.608452,3.480776,1,-0.296186,0.999966,0
0.098050,-7.527046,3.512126,1,-0.292794,0.999966,0
0.098100,-7.438212,3.543482,1,-0.289093,0.999966,0
0.098150,-7.342037,3.574843,1,-0.285085,0.999966,0
0.098200,-7.238616,3.606212,1,-0.280776,0.999967,0
0.098250,-7.128052,3.637587,1,-0.276169,0.999967,0
0.098300,-7.010453,3.668969,1,-0.271269,0.999967,0
0.098350,-6.885936,3.700359,1,-0.266081,0.999967,0
0.098400,-6.754623,3.731756,1,-0.260610,0.999967,0
0.098450,-6.616645,3.763161,1,-0.254861,0.999967,0
0.098500,-6.472136,3.794574,1,-0.248839,0.999967,0
0.098550,-6.321240,3.825995,1,-0.242552,0.999968,0
0.098600,-6.164106,3.857424,1,-0.236005,0.999968,0
0.098650,-6.000889,3.888862,1,-0.229204,0.999968,0
0.098700,-5.831749,3.920309,1,-0.222157,0.999968,0
0.098750,-5.656854,3.951764,1,-0.214869,0.999968,0
0.098800,-5.476377,3.983227,1,-0.207349,0.999968,0
0.098850,-5.290495,4.014699,1,-0.199604,0.999968,0
0.098900,-5.099392,4.046180,1,-0.191642,0.999968,0
0.098950,-4.903256,4.077668,1,-0.183469,0.999969,0
0.099000,-4.702282,4.109165,1,-0.175096,0.999969,0
0.099050,-4.496667,4.140670,1,-0.166528,0.999969,0
0.099100,-4.286614,4.172183,1,-0.157776,0.999969,0
0.099150,-4.072331,4.203703,1,-0.148848,0.999969,0
0.099200,-3.854029,4.235230,1,-0.139752,0.999969,0
0.099250,-3.631924,4.266764,1,-0.130497,0.999969,0
0.099300,-3.406234,4.298305,1,-0.121094,0.999970,0
0.099350,-3.177183,4.329852,1,-0.111550,0.999970,0
0.099400,-2.944996,4.361404,1,-0.101875,0.999970,0
0.099450,-2.709903,4.392962,1,-0.092080,0.999970,0
0.099500,-2.472136,4.424525,1,-0.082173,0.999970,0
0.099550,-2.231929,4.456092,1,-0.072164,0.999970,0
0.099600,-1.989519,4.487662,1,-0.062064,0.999970,0
0.099650,-1.745146,4.519236,1,-0.051881,0.999970,0
0.099700,-1.499051,4.550813,1,-0.041628,0.999971,0
0.099750,-1.251476,4.582392,1,-0.031312,0.999971,0
0.099800,-1.002666,4.613973,1,-0.020945,0.999971,0
0.099850,-0.752867,4.645555,1,-0.010537,0.999971,0
0.099900,-0.502324,4.677137,1,-0.000097,0.999971,0
0.099950,-0.251286,4.708719,1,0.010363,0.999971,0
0.100000,0.000000,4.740300,1,0.020833,0.999971,0
0.100050,0.251286,4.771881,1,0.031303,0.999971,0
0.100100,0.502324,4.803459,1,0.041763,0.999972,0
0.100150,0.752867,4.835035,1,0.052202,0.999972,0
0.100200,1.002666,4.866608,1,0.062611,0.999972,0
0.100250,1.251476,4.898178,1,0.072978,0.999972,0
0.100300,1.499051,4.929744,1,0.083293,0.999972,0
0.100350,1.745146,4.961305,1,0.093547,0.999972,0
0.100400,1.989519,4.992862,1,0.103730,0.999972,0
0.100450,2.231929,5.024413,1,0.113830,0.999972,0
0.100500,2.472136,5.055959,1,0.123839,0.999973,0
0.100550,2.709903,5.087498,1,0.133746,0.999973,0
0.100600,2.944996,5.119031,1,0.143541,0.999973,0
0.100650,3.177183,5.150557,1,0.153216,0.999973,0
0.100700,3.406234,5.182076,1,0.162759,0.999973,0
0.100750,3.631924,5.213588,1,0.172163,0.999973,0
0.100800,3.854029,5.245092,1,0.181418,0.999973,0
0.100850,4.072331,5.276588,1,0.190513,0.999973,0
0.100900,4.286614,5.308076,1,0.199442,0.999973,0
0.100950,4.496667,5.339556,1,0.208194,0.999974,0
0.101000,4.702282,5.371028,1,0.216761,0.999974,0
0.101050,4.903256,5.402492,1,0.225135,0.999974,0
0.101100,5.099392,5.433947,1,0.233308,0.999974,0
0.101150,5.290495,5.465394,1,0.241270,0.999974,0
0.101200,5.476377,5.496832,1,0.249015,0.999974,0
0.101250,5.656854,5.528262,1,0.256535,0.999974,0
0.101300,5.831749,5.559684,1,0.263823,0.999974,0
0.101350,6.000889,5.591098,1,0.270870,0.999974,0
0.101400,6.164106,5.622504,1,0.277671,0.999975,0
0.101450,6.321240,5.653902,1,0.284218,0.999975,0
0.101500,6.472136,5.685293,1,0.290505,0.999975,0
0.101550,6.616645,5.716677,1,0.296527,0.999975,0
0.101600,6.754623,5.748053,1,0.302276,0.999975,0
0.101650,6.885936,5.779423,1,0.307747,0.999975,0
0.101700,7.010453,5.810786,1,0.312935,0.999975,0
0.101750,7.128052,5.842142,1,0.317835,0.999975,0
0.101800,7.238616,5.873493,1,0.322442,0.999975,0
0.101850,7.342037,5.904839,1,0.326751,0.999976,0
0.101900,7.438212,5.936179,1,0.330758,0.999976,0
0.101950,7.527046,5.967515,1,0.334460,0.999976,0
0.102000,7.608452,5.998846,1,0.337852,0.999976,0
0.102050,7.682349,6.030174,1,0.340931,0.999976,0
0.102100,7.748665,6.061498,1,0.343694,0.999976,0
0.102150,7.807334,6.092818,1,0.346139,0.999976,0
0.102200,7.858298,6.124137,1,0.348262,0.999976,0
0.102250,7.901507,6.155453,1,0.350062,0.999976,0
0.102300,7.936918,6.186768,1,0.351538,0.999976,0
0.102350,7.964496,6.218081,1,0.352687,0.999977,0
0.102400,7.984214,6.249394,1,0.353509,0.999977,0
0.102450,7.996052,6.280706,1,0.354002,0.999977,0
0.102500,8.000000,0.028833,1,0.354166,0.999977,0
0.102550,7.996052,0.060147,1,0.354002,0.999977,0
0.102600,7.984214,0.091461,1,0.353509,0.999977,0
0.102650,7.964496,0.122778,1,0.352687,0.999977,0
0.102700,7.936918,0.154096,1,0.351538,0.999977,0
0.102750,7.901507,0.185418,1,0.350062,0.999977,0
0.102800,7.858298,0.216742,1,0.348262,0.999977,0
0.102850,7.807334,0.248070,1,0.346139,0.999978,0
0.102900,7.748665,0.279402,1,0.343694,0.999978,0
0.102950,7.682349,0.310739,1,0.340931,0.999978,0
0.103000,7.608452,0.342080,1,0.337852,0.999978,0
0.103050,7.527046,0.373427,1,0.334460,0.999978,0
0.103100,7.438212,0.404779,1,0.330759,0.999978,0
0.103150,7.342037,0.436138,1,0.326751,0.999978,0
0.103200,7.238616,0.467502,1,0.322442,0.999978,0
0.103250,7.128052,0.498874,1,0.317835,0.999978,0
0.103300,7.010453,0.530253,1,0.312935,0.999978,0
0.103350,6.885936,0.561639,1,0.307747,0.999978,0
0.103400,6.754623,0.593032,1,0.302276,0.999979,0
0.103450,6.616645,0.624434,1,0.296527,0.999979,0
0.103500,6.472136,0.655843,1,0.290505,0.999979,0
0.103550,6.321240,0.687261,1,0.284218,0.999979,0
0.103600,6.164106,0.718687,1,0.277671,0.999979,0
0.103650,6.000889,0.750121,1,0.270870,0.999979,0
0.103700,5.831749,0.781564,1,0.263823,0.999979,0
0.103750,5.656854,0.813016,1,0.256535,0.999979,0
0.103800,5.476377,0.844476,1,0.249015,0.999979,0
0.103850,5.290495,0.875944,1,0.241270,0.999979,0
0.103900,5.099392,0.907421,1,0.233308,0.999979,0
0.103950,4.903256,0.938906,1,0.225135,0.999980,0
0.104000,4.702282,0.970399,1,0.216761,0.999980,0
0.104050,4.496667,1.001901,1,0.208194,0.999980,0
0.104100,4.286614,1.033410,1,0.199442,0.999980,0
0.104150,4.072331,1.064926,1,0.190514,0.999980,0
0.104200,3.854029,1.096450,1,0.181418,0.999980,0
0.104250,3.631924,1.127981,1,0.172163,0.999980,0
0.104300,3.406234,1.159518,1,0.162759,0.999980,0
0.104350,3.177183,1.191062,1,0.153216,0.999980,0
0.104400,2.944996,1.222611,1,0.143541,0.999980,0
0.104450,2.709903,1.254165,1,0.133746,0.999980,0
0.104500,2.472136,1.285725,1,0.123839,0.999980,0
0.104550,2.231929,1.317288,1,0.113830,0.999981,0
0.104600,1.989519,1.348856,1,0.103730,0.999981,0
0.104650,1.745146,1.380427,1,0.093547,0.999981,0
0.104700,1.499051,1.412000,1,0.083294,0.999981,0
0.104750,1.251476,1.443576,1,0.072978,0.999981,0
0.104800,1.002666,1.475154,1,0.062611,0.999981,0
0.104850,0.752867,1.506732,1,0.052203,0.999981,0
0.104900,0.502324,1.538311,1,0.041763,0.999981,0
0.104950,0.251286,1.569891,1,0.031303,0.999981,0
0.105000,-0.000000,1.601469,1,0.020833,0.999981,0
0.105050,-0.251286,1.633046,1,0.010363,0.999981,0
0.105100,-0.502324,1.664622,1,-0.000097,0.999981,0
0.105150,-0.752867,1.696195,1,-0.010536,0.999982,0
0.105200,-1.002666,1.727765,1,-0.020945,0.999982,0
0.105250,-1.251476,1.759332,1,-0.031312,0.999982,0
0.105300,-1.499051,1.790895,1,-0.041627,0.999982,0
0.105350,-1.745146,1.822454,1,-0.051881,0.999982,0
0.105400,-1.989519,1.854008,1,-0.062064,0.999982,0
0.105450,-2.231929,1.885557,1,-0.072164,0.999982,0
0.105500,-2.472136,1.917099,1,-0.082173,0.999982,0
0.105550,-2.709903,1.948636,1,-0.092080,0.999982,0
0.105600,-2.944996,1.980167,1,-0.101875,0.999982,0
0.105650,-3.177183,2.011690,1,-0.111550,0.999982,0
0.105700,-3.406234,2.043207,1,-0.121093,0.999982,0
0.105750,-3.631924,2.074716,1,-0.130497,0.999982,0
0.105800,-3.854029,2.106217,1,-0.139751,0.999983,0
0.105850,-4.072331,2.137711,1,-0.148847,0.999983,0
0.105900,-4.286614,2.169197,1,-0.157776,0.999983,0
0.105950,-4.496667,2.200674,1,-0.166528,0.999983,0
0.106000,-4.702282,2.232144,1,-0.175095,0.999983,0
0.106050,-4.903256,2.263605,1,-0.183469,0.999983,0
0.106100,-5.099392,2.295057,1,-0.191642,0.999983,0
0.106150,-5.290495,2.326502,1,-0.199604,0.999983,0
0.106200,-5.476377,2.357938,1,-0.207349,0.999983,0
0.106250,-5.656854,2.389366,1,-0.214869,0.999983,0
0.106300,-5.831749,2.420785,1,-0.222156,0.999983,0
0.106350,-6.000889,2.452197,1,-0.229204,0.999983,0
0.106400,-6.164106,2.483601,1,-0.236005,0.999983,0
0.106450,-6.321240,2.514996,1,-0.242552,0.999983,0
0.106500,-6.472136,2.546385,1,-0.248839,0.999984,0
0.106550,-6.616645,2.577766,1,-0.254860,0.999984,0
0.106600,-6.754623,2.609140,1,-0.260610,0.999984,0
0.106650,-6.885936,2.640507,1,-0.266081,0.999984,0
0.106700,-7.010453,2.671867,1,-0.271269,0.999984,0
0.106750,-7.128052,2.703222,1,-0.276169,0.999984,0
0.106800,-7.238616,2.734570,1,-0.280776,0.999984,0
0.106850,-7.342037,2.765913,1,-0.285085,0.999984,0
0.106900,-7.438212,2.797251,1,-0.289092,0.999984,0
0.106950,-7.527046,2.828585,1,-0.292794,0.999984,0
0.107000,-7.608452,2.859913,1,-0.296186,0.999984,0
0.107050,-7.682349,2.891238,1,-0.299265,0.999984,0
0.107100,-7.748665,2.922560,1,-0.302028,0.999984,0
0.107150,-7.807334,2.953878,1,-0.304472,0.999984,0
0.107200,-7.858298,2.985194,1,-0.306596,0.999985,0
0.107250,-7.901507,3.016507,1,-0.308396,0.999985,0
0.107300,-7.936918,3.047819,1,-0.309872,0.999985,0
0.107350,-7.964496,3.079130,1,-0.311021,0.999985,0
0.107400,-7.984214,3.110440,1,-0.311842,0.999985,0
0.107450,-7.996052,3.141749,1,-0.312336,0.999985,0
0.107500,-8.000000,3.173059,1,-0.312500,0.999985,0
0.107550,-7.996052,3.204370,1,-0.312336,0.999985,0
0.107600,-7.984214,3.235682,1,-0.311842,0.999985,0
0.107650,-7.964496,3.266995,1,-0.311021,0.999985,0
0.107700,-7.936918,3.298311,1,-0.309872,0.999985,0
0.107750,-7.901507,3.329629,1,-0.308396,0.999985,0
0.107800,-7.858298,3.360951,1,-0.306596,0.999985,0
0.107850,-7.807334,3.392276,1,-0.304472,0.999985,0
0.107900,-7.748665,3.423605,1,-0.302028,0.999985,0
0.107950,-7.682349,3.454938,1,-0.299265,0.999985,0
0.108000,-7.608452,3.486277,1,-0.296186,0.999986,0
0.108050,-7.527046,3.517620,1,-0.292794,0.999986,0
0.108100,-7.438212,3.548970,1,-0.289092,0.999986,0
0.108150,-7.342037,3.580325,1,-0.285085,0.999986,0
0.108200,-7.238616,3.611687,1,-0.280776,0.999986,0
0.108250,-7.128052,3.643055,1,-0.276169,0.999986,0
0.108300,-7.010453,3.674431,1,-0.271269,0.999986,0
0.108350,-6.885936,3.705814,1,-0.266081,0.999986,0
0.108400,-6.754623,3.737204,1,-0.260610,0.999986,0
0.108450,-6.616645,3.768603,1,-0.254860,0.999986,0
0.108500,-6.472136,3.800009,1,-0.248839,0.999986,0
0.108550,-6.321240,3.831423,1,-0.242552,0.999986,0
0.108600,-6.164106,3.862846,1,-0.236005,0.999986,0
0.108650,-6.000889,3.894277,1,-0.229204,0.999986,0
0.108700,-5.831749,3.925717,1,-0.222156,0.999986,0
0.108750,-5.656854,3.957165,1,-0.214869,0.999986,0
0.108800,-5.476377,3.988622,1,-0.207349,0.999987,0
0.108850,-5.290495,4.020087,1,-0.199604,0.999987,0
0.108900,-5.099392,4.051561,1,-0.191642,0.999987,0
0.108950,-4.903256,4.083043,1,-0.183469,0.999987,0
0.109000,-4.702282,4.114533,1,-0.175095,0.999987,0
0.109050,-4.496667,4.146032,1,-0.166528,0.999987,0
0.109100,-4.286614,4.177537,1,-0.157776,0.999987,0
0.109150,-4.072331,4.209051,1,-0.148847,0.999987,0
0.109200,-3.854029,4.240572,1,-0.139751,0.999987,0
0.109250,-3.631924,4.272099,1,-0.130497,0.999987,0
0.109300,-3.406234,4.303633,1,-0.121093,0.999987,0
0.109350,-3.177183,4.335174,1,-0.111549,0.999987,0
0.109400,-2.944996,4.366720,1,-0.101875,0.999987,0
0.109450,-2.709903,4.398271,1,-0.092079,0.999987,0
0.109500,-2.472136,4.429828,1,-0.082173,0.999987,0
0.109550,-2.231929,4.461388,1,-0.072164,0.999987,0
0.109600,-1.989519,4.492953,1,-0.062063,0.999987,0
0.109650,-1.745146,4.524521,1,-0.051881,0.999987,0
0.109700,-1.499051,4.556092,1,-0.041627,0.999988,0
0.109750,-1.251476,4.587665,1,-0.031312,0.999988,0
0.109800,-1.002666,4.619240,1,-0.020945,0.999988,0
0.109850,-0.752867,4.650815,1,-0.010536,0.999988,0
0.109900,-0.502324,4.682392,1,-0.000097,0.999988,0
0.109950,-0.251286,4.713968,1,0.010363,0.999988,0
0.110000,0.000000,4.745544,1,0.020833,0.999988,0
0.110050,0.251286,4.777119,1,0.031303,0.999988,0
0.110100,0.502324,4.808691,1,0.041763,0.999988,0
0.110150,0.752867,4.840262,1,0.052203,0.999988,0
0.110200,1.002666,4.871830,1,0.062611,0.999988,0
0.110250,1.251476,4.903394,1,0.072978,0.999988,0
0.110300,1.499051,4.934955,1,0.083294,0.999988,0
0.110350,1.745146,4.966511,1,0.093548,0.999988,0
0.110400,1.989519,4.998063,1,0.103730,0.999988,0
0.110450,2.231929,5.029609,1,0.113830,0.999988,0
0.110500,2.472136,5.061149,1,0.123839,0.999988,0
0.110550,2.709903,5.092684,1,0.133746,0.999988,0
0.110600,2.944996,5.124212,1,0.143541,0.999988,0
0.110650,3.177183,5.155733,1,0.153216,0.999988,0
0.110700,3.406234,5.187247,1,0.162760,0.999989,0
0.110750,3.631924,5.218754,1,0.172163,0.999989,0
0.110800,3.854029,5.250253,1,0.181418,0.999989,0
0.110850,4.072331,5.281745,1,0.190514,0.999989,0
0.110900,4.286614,5.313228,1,0.199442,0.999989,0
0.110950,4.496667,5.344704,1,0.208194,0.999989,0
0.111000,4.702282,5.376171,1,0.216762,0.999989,0
0.111050,4.903256,5.407630,1,0.225136,0.999989,0
0.111100,5.099392,5.439080,1,0.233308,0.999989,0
0.111150,5.290495,5.470522,1,0.241270,0.999989,0
0.111200,5.476377,5.501956,1,0.249016,0.999989,0
0.111250,5.656854,5.533382,1,0.256535,0.999989,0
0.111300,5.831749,5.564800,1,0.263823,0.999989,0
0.111350,6.000889,5.596209,1,0.270870,0.999989,0
0.111400,6.164106,5.627610,1,0.277671,0.999989,0
0.111450,6.321240,5.659004,1,0.284218,0.999989,0
0.111500,6.472136,5.690390,1,0.290506,0.999989,0
0.111550,6.616645,5.721769,1,0.296527,0.999989,0
0.111600,6.754623,5.753141,1,0.302276,0.999989,0
0.111650,6.885936,5.784506,1,0.307747,0.999989,0
0.111700,7.010453,5.815864,1,0.312935,0.999989,0
0.111750,7.128052,5.847217,1,0.317835,0.999990,0
0.111800,7.238616,5.878563,1,0.322442,0.999990,0
0.111850,7.342037,5.909904,1,0.326751,0.999990,0
0.111900,7.438212,5.941240,1,0.330759,0.999990,0
0.111950,7.527046,5.972570,1,0.334460,0.999990,0
0.112000,7.608452,6.003897,1,0.337852,0.999990,0
0.112050,7.682349,6.035220,1,0.340931,0.999990,0
0.112100,7.748665,6.066539,1,0.343694,0.999990,0
0.112150,7.807334,6.097855,1,0.346139,0.999990,0
0.112200,7.858298,6.129168,1,0.348262,0.999990,0
0.112250,7.901507,6.160479,1,0.350063,0.999990,0
0.112300,7.936918,6.191789,1,0.351538,0.999990,0
0.112350,7.964496,6.223097,1,0.352687,0.999990,0
0.112400,7.984214,6.254404,1,0.353509,0.999990,0
0.112450,7.996052,0.002526,1,0.354002,0.999990,0
0.112500,8.000000,0.033834,1,0.354167,0.999990,0
0.112550,7.996052,0.065142,1,0.354002,0.999990,0
0.112600,7.984214,0.096451,1,0.353509,0.999990,0
0.112650,7.964496,0.127762,1,0.352687,0.999990,0
0.112700,7.936918,0.159075,1,0.351538,0.999990,0
0.112750,7.901507,0.190391,1,0.350063,0.999990,0
0.112800,7.858298,0.221710,1,0.348262,0.999990,0
0.112850,7.807334,0.253032,1,0.346139,0.999990,0
0.112900,7.748665,0.284359,1,0.343694,0.999991,0
0.112950,7.682349,0.315689,1,0.340931,0.999991,0
0.113000,7.608452,0.347025,1,0.337852,0.999991,0
0.113050,7.527046,0.378366,1,0.334460,0.999991,0
0.113100,7.438212,0.409713,1,0.330759,0.999991,0
0.113150,7.342037,0.441065,1,0.326751,0.999991,0
0.113200,7.238616,0.472424,1,0.322442,0.999991,0
0.113250,7.128052,0.503790,1,0.317835,0.999991,0
0.113300,7.010453,0.535163,1,0.312935,0.999991,0
0.113350,6.885936,0.566543,1,0.307747,0.999991,0
0.113400,6.754623,0.597930,1,0.302276,0.999991,0
0.113450,6.616645,0.629326,1,0.296527,0.999991,0
0.113500,6.472136,0.660729,1,0.290506,0.999991,0
0.113550,6.321240,0.692141,1,0.284218,0.999991,0
0.113600,6.164106,0.723561,1,0.277671,0.999991,0
0.113650,6.000889,0.754989,1,0.270870,0.999991,0
0.113700,5.831749,0.786426,1,0.263823,0.999991,0
0.113750,5.656854,0.817871,1,0.256535,0.999991,0
0.113800,5.476377,0.849325,1,0.249016,0.999991,0
0.113850,5.290495,0.880788,1,0.241271,0.999991,0
0.113900,5.099392,0.912259,1,0.233308,0.999991,0
0.113950,4.903256,0.943738,1,0.225136,0.999991,0
0.114000,4.702282,0.975225,1,0.216762,0.999991,0
0.114050,4.496667,1.006720,1,0.208194,0.999991,0
0.114100,4.286614,1.038224,1,0.199442,0.999991,0
0.114150,4.072331,1.069734,1,0.190514,0.999991,0
0.114200,3.854029,1.101252,1,0.181418,0.999992,0
0.114250,3.631924,1.132777,1,0.172163,0.999992,0
0.114300,3.406234,1.164308,1,0.162760,0.999992,0
0.114350,3.177183,1.195846,1,0.153216,0.999992,0
0.114400,2.944996,1.227389,1,0.143541,0.999992,0
0.114450,2.709903,1.258938,1,0.133746,0.999992,0
0.114500,2.472136,1.290492,1,0.123839,0.999992,0
0.114550,2.231929,1.322050,1,0.113830,0.999992,0
0.114600,1.989519,1.353612,1,0.103730,0.999992,0
0.114650,1.745146,1.385177,1,0.093548,0.999992,0
0.114700,1.499051,1.416745,1,0.083294,0.999992,0
0.114750,1.251476,1.448316,1,0.072978,0.999992,0
0.114800,1.002666,1.479888,1,0.062611,0.999992,0
0.114850,0.752867,1.511461,1,0.052203,0.999992,0
0.114900,0.502324,1.543035,1,0.041763,0.999992,0
0.114950,0.251286,1.574609,1,0.031303,0.999992,0
0.115000,-0.000000,1.606183,1,0.020833,0.999992,0
0.115050,-0.251286,1.637755,1,0.010363,0.999992,0
0.115100,-0.502324,1.669325,1,-0.000097,0.999992,0
0.115150,-0.752867,1.700894,1,-0.010536,0.999992,0
0.115200,-1.002666,1.732459,1,-0.020945,0.999992,0
0.115250,-1.251476,1.764021,1,-0.031312,0.999992,0
0.115300,-1.499051,1.795580,1,-0.041627,0.999992,0
0.115350,-1.745146,1.827134,1,-0.051881,0.999992,0
0.115400,-1.989519,1.858683,1,-0.062063,0.999992,0
0.115450,-2.231929,1.890227,1,-0.072164,0.999992,0
0.115500,-2.472136,1.921765,1,-0.082172,0.999992,0
0.115550,-2.709903,1.953298,1,-0.092079,0.999992,0
0.115600,-2.944996,1.984824,1,-0.101875,0.999992,0
0.115650,-3.177183,2.016343,1,-0.111549,0.999992,0
0.115700,-3.406234,2.047855,1,-0.121093,0.999993,0
0.115750,-3.631924,2.079360,1,-0.130497,0.999993,0
0.115800,-3.854029,2.110857,1,-0.139751,0.999993,0
0.115850,-4.072331,2.142346,1,-0.148847,0.999993,0
0.115900,-4.286614,2.173828,1,-0.157776,0.999993,0
0.115950,-4.496667,2.205301,1,-0.166528,0.999993,0
0.116000,-4.702282,2.236767,1,-0.175095,0.999993,0
0.116050,-4.903256,2.268224,1,-0.183469,0.999993,0
0.116100,-5.099392,2.299672,1,-0.191641,0.999993,0
0.116150,-5.290495,2.331112,1,-0.199604,0.999993,0
0.116200,-5.476377,2.362544,1,-0.207349,0.999993,0
0.116250,-5.656854,2.393968,1,-0.214869,0.999993,0
0.116300,-5.831749,2.425384,1,-0.222156,0.999993,0
0.116350,-6.000889,2.456791,1,-0.229204,0.999993,0
0.116400,-6.164106,2.488191,1,-0.236005,0.999993,0
0.116450,-6.321240,2.519583,1,-0.242552,0.999993,0
0.116500,-6.472136,2.550967,1,-0.248839,0.999993,0
0.116550,-6.616645,2.582344,1,-0.254860,0.999993,0
0.116600,-6.754623,2.613714,1,-0.260609,0.999993,0
0.116650,-6.885936,2.645077,1,-0.266081,0.999993,0
0.116700,-7.010453,2.676433,1,-0.271269,0.999993,0
0.116750,-7.128052,2.707783,1,-0.276169,0.999993,0
0.116800,-7.238616,2.739128,1,-0.280776,0.999993,0
0.116850,-7.342037,2.770467,1,-0.285085,0.999993,0
0.116900,-7.438212,2.801800,1,-0.289092,0.999993,0
0.116950,-7.527046,2.833129,1,-0.292794,0.999993,0
0.117000,-7.608452,2.864454,1,-0.296186,0.999993,0
0.117050,-7.682349,2.895774,1,-0.299265,0.999993,0
0.117100,-7.748665,2.927091,1,-0.302028,0.999993,0
0.117150,-7.807334,2.958405,1,-0.304472,0.999993,0
0.117200,-7.858298,2.989716,1,-0.306596,0.999993,0
0.117250,-7.901507,3.021025,1,-0.308396,0.999993,0
0.117300,-7.936918,3.052333,1,-0.309872,0.999993,0
0.117350,-7.964496,3.083639,1,-0.311021,0.999994,0
0.117400,-7.984214,3.114944,1,-0.311842,0.999994,0
0.117450,-7.996052,3.146249,1,-0.312336,0.999994,0
0.117500,-8.000000,3.177554,1,-0.312500,0.999994,0
0.117550,-7.996052,3.208860,1,-0.312336,0.999994,0
0.117600,-7.984214,3.240167,1,-0.311842,0.999994,0
0.117650,-7.964496,3.271476,1,-0.311021,0.999994,0
0.117700,-7.936918,3.302787,1,-0.309872,0.999994,0
0.117750,-7.901507,3.334100,1,-0.308396,0.999994,0
0.117800,-7.858298,3.365417,1,-0.306596,0.999994,0
0.117850,-7.807334,3.396737,1,-0.304472,0.999994,0
0.117900,-7.748665,3.428061,1,-0.302028,0.999994,0
0.117950,-7.682349,3.459389,1,-0.299265,0.999994,0
0.118000,-7.608452,3.490722,1,-0.296186,0.999994,0
0.118050,-7.527046,3.522061,1,-0.292794,0.999994,0
0.118100,-7.438212,3.553405,1,-0.289092,0.999994,0
0.118150,-7.342037,3.584755,1,-0.285085,0.999994,0
0.118200,-7.238616,3.616111,1,-0.280776,0.999994,0
0.118250,-7.128052,3.647475,1,-0.276169,0.999994,0
0.118300,-7.010453,3.678845,1,-0.271269,0.999994,0
0.118350,-6.885936,3.710222,1,-0.266081,0.999994,0
0.118400,-6.754623,3.741607,1,-0.260609,0.999994,0
0.118450,-6.616645,3.773000,1,-0.254860,0.999994,0
0.118500,-6.472136,3.804401,1,-0.248839,0.999994,0
0.118550,-6.321240,3.835810,1,-0.242552,0.999994,0
0.118600,-6.164106,3.867228,1,-0.236004,0.999994,0
0.118650,-6.000889,3.898653,1,-0.229204,0.999994,0
0.118700,-5.831749,3.930088,1,-0.222156,0.999994,0
0.118750,-5.656854,3.961530,1,-0.214869,0.999994,0
0.118800,-5.476377,3.992982,1,-0.207349,0.999994,0
0.118850,-5.290495,4.024442,1,-0.199604,0.999994,0
0.118900,-5.099392,4.055910,1,-0.191641,0.999994,0
0.118950,-4.903256,4.087387,1,-0.183469,0.999994,0
0.119000,-4.702282,4.118871,1,-0.175095,0.999994,0
0.119050,-4.496667,4.150364,1,-0.166528,0.999994,0
0.119100,-4.286614,4.181865,1,-0.157776,0.999994,0
0.119150,-4.072331,4.213373,1,-0.148847,0.999994,0
0.119200,-3.854029,4.244888,1,-0.139751,0.999994,0
0.119250,-3.631924,4.276411,1,-0.130497,0.999994,0
0.119300,-3.406234,4.307940,1,-0.121093,0.999995,0
0.119350,-3.177183,4.339475,1,-0.111549,0.999995,0
0.119400,-2.944996,4.371016,1,-0.101875,0.999995,0
0.119450,-2.709903,4.402562,1,-0.092079,0.999995,0
0.119500,-2.472136,4.434113,1,-0.082172,0.999995,0
0.119550,-2.231929,4.465669,1,-0.072164,0.999995,0
0.119600,-1.989519,4.497229,1,-0.062063,0.999995,0
0.119650,-1.745146,4.528792,1,-0.051881,0.999995,0
0.119700,-1.499051,4.560357,1,-0.041627,0.999995,0
0.119750,-1.251476,4.591926,1,-0.031312,0.999995,0
0.119800,-1.002666,4.623496,1,-0.020944,0.999995,0
0.119850,-0.752867,4.655067,1,-0.010536,0.999995,0
0.119900,-0.502324,4.686638,1,-0.000097,0.999995,0
0.119950,-0.251286,4.718210,1,0.010363,0.999995,0
0.120000,0.000000,4.749781,1,0.020833,0.999995,0
0.120050,0.251286,4.781351,1,0.031304,0.999995,0
0.120100,0.502324,4.812920,1,0.041763,0.999995,0
0.120150,0.752867,4.844486,1,0.052203,0.999995,0
0.120200,1.002666,4.876049,1,0.062611,0.999995,0
0.120250,1.251476,4.907610,1,0.072978,0.999995,0
0.120300,1.499051,4.939166,1,0.083294,0.999995,0
0.120350,1.745146,4.970718,1,0.093548,0.999995,0
0.120400,1.989519,5.002265,1,0.103730,0.999995,0
0.120450,2.231929,5.033807,1,0.113830,0.999995,0
0.120500,2.472136,5.065344,1,0.123839,0.999995,0
0.120550,2.709903,5.096874,1,0.133746,0.999995,0
0.120600,2.944996,5.128398,1,0.143541,0.999995,0
0.120650,3.177183,5.159915,1,0.153216,0.999995,0
0.120700,3.406234,5.191426,1,0.162760,0.999995,0
0.120750,3.631924,5.222929,1,0.172163,0.999995,0
0.120800,3.854029,5.254424,1,0.181418,0.999995,0
0.120850,4.072331,5.285912,1,0.190514,0.999995,0
0.120900,4.286614,5.317392,1,0.199442,0.999995,0
0.120950,4.496667,5.348863,1,0.208194,0.999995,0
0.121000,4.702282,5.380327,1,0.216762,0.999995,0
0.121050,4.903256,5.411782,1,0.225136,0.999995,0
0.121100,5.099392,5.443229,1,0.233308,0.999995,0
0.121150,5.290495,5.474667,1,0.241271,0.999995,0
0.121200,5.476377,5.506098,1,0.249016,0.999995,0
0.121250,5.656854,5.537520,1,0.256536,0.999995,0
0.121300,5.831749,5.568933,1,0.263823,0.999995,0
0.121350,6.000889,5.600339,1,0.270870,0.999995,0
0.121400,6.164106,5.631737,1,0.277671,0.999995,0
0.121450,6.321240,5.663127,1,0.284218,0.999995,0
0.121500,6.472136,5.694510,1,0.290506,0.999995,0
0.121550,6.616645,5.725885,1,0.296527,0.999995,0
0.121600,6.754623,5.757253,1,0.302276,0.999995,0
0.121650,6.885936,5.788614,1,0.307747,0.999996,0
0.121700,7.010453,5.819969,1,0.312935,0.999996,0
0.121750,7.128052,5.851317,1,0.317835,0.999996,0
0.121800,7.238616,5.882660,1,0.322442,0.999996,0
0.121850,7.342037,5.913997,1,0.326751,0.999996,0
0.121900,7.438212,5.945329,1,0.330759,0.999996,0
0.121950,7.527046,5.976656,1,0.334460,0.999996,0
0.122000,7.608452,6.007979,1,0.337852,0.999996,0
0.122050,7.682349,6.039297,1,0.340931,0.999996,0
0.122100,7.748665,6.070612,1,0.343694,0.999996,0
0.122150,7.807334,6.101924,1,0.346139,0.999996,0
0.122200,7.858298,6.133234,1,0.348262,0.999996,0
0.122250,7.901507,6.164541,1,0.350063,0.999996,0
0.122300,7.936918,6.195846,1,0.351538,0.999996,0
0.122350,7.964496,6.227150,1,0.352687,0.999996,0
0.122400,7.984214,6.258454,1,0.353509,0.999996,0
0.122450,7.996052,0.006571,1,0.354002,0.999996,0
0.122500,8.000000,0.037875,1,0.354167,0.999996,0
0.122550,7.996052,0.069178,1,0.354002,0.999996,0
0.122600,7.984214,0.100483,1,0.353509,0.999996,0
0.122650,7.964496,0.131790,1,0.352687,0.999996,0
0.122700,7.936918,0.163099,1,0.351538,0.999996,0
0.122750,7.901507,0.194410,1,0.350063,0.999996,0
0.122800,7.858298,0.225724,1,0.348262,0.999996,0
0.122850,7.807334,0.257042,1,0.346139,0.999996,0
0.122900,7.748665,0.288364,1,0.343694,0.999996,0
0.122950,7.682349,0.319690,1,0.340931,0.999996,0
0.123000,7.608452,0.351021,1,0.337852,0.999996,0
0.123050,7.527046,0.382358,1,0.334460,0.999996,0
0.123100,7.438212,0.413699,1,0.330759,0.999996,0
0.123150,7.342037,0.445047,1,0.326751,0.999996,0
0.123200,7.238616,0.476402,1,0.322442,0.999996,0
0.123250,7.128052,0.507763,1,0.317835,0.999996,0
0.123300,7.010453,0.539130,1,0.312936,0.999996,0
0.123350,6.885936,0.570506,1,0.307747,0.999996,0
0.123400,6.754623,0.601889,1,0.302276,0.999996,0
0.123450,6.616645,0.633279,1,0.296527,0.999996,0
0.123500,6.472136,0.664678,1,0.290506,0.999996,0
0.123550,6.321240,0.696084,1,0.284218,0.999996,0
0.123600,6.164106,0.727499,1,0.277671,0.999996,0
0.123650,6.000889,0.758923,1,0.270870,0.999996,0
0.123700,5.831749,0.790355,1,0.263823,0.999996,0
0.123750,5.656854,0.821795,1,0.256536,0.999996,0
0.123800,5.476377,0.853244,1,0.249016,0.999996,0
0.123850,5.290495,0.884702,1,0.241271,0.999996,0
0.123900,5.099392,0.916168,1,0.233308,0.999996,0
0.123950,4.903256,0.947642,1,0.225136,0.999996,0
0.124000,4.702282,0.979125,1,0.216762,0.999996,0
0.124050,4.496667,1.010615,1,0.208194,0.999996,0
0.124100,4.286614,1.042113,1,0.199442,0.999996,0
0.124150,4.072331,1.073619,1,0.190514,0.999996,0
0.124200,3.854029,1.105132,1,0.181418,0.999996,0
0.124250,3.631924,1.136653,1,0.172163,0.999996,0
0.124300,3.406234,1.168179,1,0.162760,0.999996,0
0.124350,3.177183,1.199712,1,0.153216,0.999996,0
0.124400,2.944996,1.231251,1,0.143541,0.999996,0
0.124450,2.709903,1.262795,1,0.133746,0.999996,0
0.124500,2.472136,1.294344,1,0.123839,0.999996,0
0.124550,2.231929,1.325898,1,0.113830,0.999996,0
0.124600,1.989519,1.357455,1,0.103730,0.999997,0
0.124650,1.745146,1.389016,1,0.093548,0.999997,0
0.124700,1.499051,1.420580,1,0.083294,0.999997,0
0.124750,1.251476,1.452146,1,0.072978,0.999997,0
0.124800,1.002666,1.483714,1,0.062611,0.999997,0
0.124850,0.752867,1.515283,1,0.052203,0.999997,0
0.124900,0.502324,1.546853,1,0.041763,0.999997,0
0.124950,0.251286,1.578423,1,0.031304,0.999997,0
0.125000,-0.000000,1.609992,1,0.020833,0.999997,0
0.125050,-0.251286,1.641560,1,0.010363,0.999997,0
0.125100,-0.502324,1.673127,1,-0.000097,0.999997,0
0.125150,-0.752867,1.704691,1,-0.010536,0.999997,0
0.125200,-1.002666,1.736252,1,-0.020944,0.999997,0
0.125250,-1.251476,1.767811,1,-0.031312,0.999997,0
0.125300,-1.499051,1.799365,1,-0.041627,0.999997,0
0.125350,-1.745146,1.830916,1,-0.051881,0.999997,0
0.125400,-1.989519,1.862461,1,-0.062063,0.999997,0
0.125450,-2.231929,1.894001,1,-0.072164,0.999997,0
0.125500,-2.472136,1.925536,1,-0.082172,0.999997,0
0.125550,-2.709903,1.957065,1,-0.092079,0.999997,0
0.125600,-2.944996,1.988587,1,-0.101875,0.999997,0
0.125650,-3.177183,2.020103,1,-0.111549,0.999997,0
0.125700,-3.406234,2.051611,1,-0.121093,0.999997,0
0.125750,-3.631924,2.083113,1,-0.130497,0.999997,0
0.125800,-3.854029,2.114606,1,-0.139751,0.999997,0
0.125850,-4.072331,2.146093,1,-0.148847,0.999997,0
0.125900,-4.286614,2.177571,1,-0.157776,0.999997,0
0.125950,-4.496667,2.209041,1,-0.166528,0.999997,0
0.126000,-4.702282,2.240503,1,-0.175095,0.999997,0
0.126050,-4.903256,2.271956,1,-0.183469,0.999997,0
0.126100,-5.099392,2.303402,1,-0.191641,0.999997,0
0.126150,-5.290495,2.334839,1,-0.199604,0.999997,0
0.126200,-5.476377,2.366267,1,-0.207349,0.999997,0
0.126250,-5.656854,2.397688,1,-0.214869,0.999997,0
0.126300,-5.831749,2.429100,1,-0.222156,0.999997,0
0.126350,-6.000889,2.460504,1,-0.229204,0.999997,0
0.126400,-6.164106,2.491901,1,-0.236004,0.999997,0
0.126450,-6.321240,2.523289,1,-0.242552,0.999997,0
0.126500,-6.472136,2.554670,1,-0.248839,0.999997,0
0.126550,-6.616645,2.586044,1,-0.254860,0.999997,0
0.126600,-6.754623,2.617410,1,-0.260609,0.999997,0
0.126650,-6.885936,2.648770,1,-0.266081,0.999997,0
0.126700,-7.010453,2.680123,1,-0.271269,0.999997,0
0.126750,-7.128052,2.711470,1,-0.276169,0.999997,0
0.126800,-7.238616,2.742811,1,-0.280776,0.999997,0
0.126850,-7.342037,2.774146,1,-0.285085,0.999997,0
0.126900,-7.438212,2.805476,1,-0.289092,0.999997,0
0.126950,-7.527046,2.836802,1,-0.292794,0.999997,0
0.127000,-7.608452,2.868123,1,-0.296186,0.999997,0
0.127050,-7.682349,2.899440,1,-0.299265,0.999997,0
0.127100,-7.748665,2.930753,1,-0.302028,0.999997,0
0.127150,-7.807334,2.962064,1,-0.304472,0.999997,0
0.127200,-7.858298,2.993371,1,-0.306596,0.999997,0
0.127250,-7.901507,3.024677,1,-0.308396,0.999997,0
0.127300,-7.936918,3.055980,1,-0.309872,0.999997,0
0.127350,-7.964496,3.087283,1,-0.311021,0.999997,0
0.127400,-7.984214,3.118584,1,-0.311842,0.999997,0
0.127450,-7.996052,3.149885,1,-0.312336,0.999997,0
0.127500,-8.000000,3.181187,1,-0.312500,0.999997,0
0.127550,-7.996052,3.212489,1,-0.312336,0.999997,0
0.127600,-7.984214,3.243792,1,-0.311842,0.999997,0
0.127650,-7.964496,3.275097,1,-0.311021,0.999997,0
0.127700,-7.936918,3.306404,1,-0.309872,0.999997,0
0.127750,-7.901507,3.337713,1,-0.308396,0.999997,0
0.127800,-7.858298,3.369025,1,-0.306596,0.999997,0
0.127850,-7.807334,3.400341,1,-0.304472,0.999997,0
0.127900,-7.748665,3.431661,1,-0.302028,0.999997,0
0.127950,-7.682349,3.462985,1,-0.299265,0.999997,0
0.128000,-7.608452,3.494315,1,-0.296186,0.999997,0
0.128050,-7.527046,3.525649,1,-0.292794,0.999997,0
0.128100,-7.438212,3.556989,1,-0.289092,0.999997,0
0.128150,-7.342037,3.588335,1,-0.285085,0.999997,0
0.128200,-7.238616,3.619687,1,-0.280776,0.999997,0
0.128250,-7.128052,3.651046,1,-0.276169,0.999997,0
0.128300,-7.010453,3.682412,1,-0.271269,0.999997,0
0.128350,-6.885936,3.713785,1,-0.266081,0.999997,0
0.128400,-6.754623,3.745166,1,-0.260609,0.999997,0
0.128450,-6.616645,3.776554,1,-0.254860,0.999997,0
0.128500,-6.472136,3.807951,1,-0.248839,0.999998,0
0.128550,-6.321240,3.839355,1,-0.242552,0.999998,0
0.128600,-6.164106,3.870768,1,-0.236004,0.999998,0
0.128650,-6.000889,3.902190,1,-0.229204,0.999998,0
0.128700,-5.831749,3.933619,1,-0.222156,0.999998,0
0.128750,-5.656854,3.965058,1,-0.214869,0.999998,0
0.128800,-5.476377,3.996505,1,-0.207349,0.999998,0
0.128850,-5.290495,4.027960,1,-0.199604,0.999998,0
0.128900,-5.099392,4.059424,1,-0.191641,0.999998,0
0.128950,-4.903256,4.090896,1,-0.183469,0.999998,0
0.129000,-4.702282,4.122377,1,-0.175095,0.999998,0
0.129050,-4.496667,4.153865,1,-0.166528,0.999998,0
0.129100,-4.286614,4.185361,1,-0.157776,0.999998,0
0.129150,-4.072331,4.216865,1,-0.148847,0.999998,0
0.129200,-3.854029,4.248376,1,-0.139751,0.999998,0
0.129250,-3.631924,4.279895,1,-0.130497,0.999998,0
0.129300,-3.406234,4.311419,1,-0.121093,0.999998,0
0.129350,-3.177183,4.342950,1,-0.111549,0.999998,0
0.129400,-2.944996,4.374487,1,-0.101875,0.999998,0
0.129450,-2.709903,4.406029,1,-0.092079,0.999998,0
0.129500,-2.472136,4.437576,1,-0.082172,0.999998,0
0.129550,-2.231929,4.469128,1,-0.072164,0.999998,0
0.129600,-1.989519,4.500684,1,-0.062063,0.999998,0
0.129650,-1.745146,4.532243,1,-0.051881,0.999998,0
0.129700,-1.499051,4.563804,1,-0.041627,0.999998,0
0.129750,-1.251476,4.595369,1,-0.031312,0.999998,0
0.129800,-1.002666,4.626935,1,-0.020944,0.999998,0
0.129850,-0.752867,4.658502,1,-0.010536,0.999998,0
0.129900,-0.502324,4.690070,1,-0.000097,0.999998,0
0.129950,-0.251286,4.721638,1,0.010363,0.999998,0
0.130000,0.000000,4.753206,1,0.020833,0.999998,0
0.130050,0.251286,4.784772,1,0.031304,0.999998,0
0.130100,0.502324,4.816337,1,0.041763,0.999998,0
0.130150,0.752867,4.847899,1,0.052203,0.999998,0
0.130200,1.002666,4.879459,1,0.062611,0.999998,0
0.130250,1.251476,4.911016,1,0.072978,0.999998,0
0.130300,1.499051,4.942569,1,0.083294,0.999998,0
0.130350,1.745146,4.974118,1,0.093548,0.999998,0
0.130400,1.989519,5.005661,1,0.103730,0.999998,0
0.130450,2.231929,5.037200,1,0.113830,0.999998,0
0.130500,2.472136,5.068733,1,0.123839,0.999998,0
0.130550,2.709903,5.100261,1,0.133746,0.999998,0
0.130600,2.944996,5.131781,1,0.143541,0.999998,0
0.130650,3.177183,5.163295,1,0.153216,0.999998,0
0.130700,3.406234,5.194803,1,0.162760,0.999998,0
0.130750,3.631924,5.226302,1,0.172163,0.999998,0
0.130800,3.854029,5.257795,1,0.181418,0.999998,0
0.130850,4.072331,5.289279,1,0.190514,0.999998,0
0.130900,4.286614,5.320756,1,0.199442,0.999998,0
0.130950,4.496667,5.352225,1,0.208194,0.999998,0
0.131000,4.702282,5.383685,1,0.216762,0.999998,0
0.131050,4.903256,5.415137,1,0.225136,0.999998,0
0.131100,5.099392,5.446581,1,0.233308,0.999998,0
0.131150,5.290495,5.478017,1,0.241271,0.999998,0
0.131200,5.476377,5.509444,1,0.249016,0.999998,0
0.131250,5.656854,5.540863,1,0.256536,0.999998,0
0.131300,5.831749,5.572274,1,0.263823,0.999998,0
0.131350,6.000889,5.603677,1,0.270870,0.999998,0
0.131400,6.164106,5.635072,1,0.277671,0.999998,0
0.131450,6.321240,5.666459,1,0.284218,0.999998,0
0.131500,6.472136,5.697839,1,0.290506,0.999998,0
0.131550,6.616645,5.729211,1,0.296527,0.999998,0
0.131600,6.754623,5.760576,1,0.302276,0.999998,0
0.131650,6.885936,5.791934,1,0.307747,0.999998,0
0.131700,7.010453,5.823286,1,0.312936,0.999998,0
0.131750,7.128052,5.854631,1,0.317835,0.999998,0
0.131800,7.238616,5.885971,1,0.322442,0.999998,0
0.131850,7.342037,5.917305,1,0.326752,0.999998,0
0.131900,7.438212,5.948634,1,0.330759,0.999998,0
0.131950,7.527046,5.979957,1,0.334460,0.999998,0
0.132000,7.608452,6.011277,1,0.337852,0.999998,0
0.132050,7.682349,6.042592,1,0.340931,0.999998,0
0.132100,7.748665,6.073904,1,0.343694,0.999998,0
0.132150,7.807334,6.105213,1,0.346139,0.999998,0
0.132200,7.858298,6.136519,1,0.348262,0.999998,0
0.132250,7.901507,6.167823,1,0.350063,0.999998,0
0.132300,7.936918,6.199125,1,0.351538,0.999998,0
0.132350,7.964496,6.230426,1,0.352687,0.999998,0
0.132400,7.984214,6.261726,1,0.353509,0.999998,0
0.132450,7.996052,0.009840,1,0.354002,0.999998,0
0.132500,8.000000,0.041140,1,0.354167,0.999998,0
0.132550,7.996052,0.072440,1,0.354002,0.999998,0
0.132600,7.984214,0.103742,1,0.353509,0.999998,0
0.132650,7.964496,0.135045,1,0.352687,0.999998,0
0.132700,7.936918,0.166350,1,0.351538,0.999998,0
0.132750,7.901507,0.197658,1,0.350063,0.999998,0
0.132800,7.858298,0.228969,1,0.348262,0.999998,0
0.132850,7.807334,0.260283,1,0.346139,0.999998,0
0.132900,7.748665,0.291601,1,0.343694,0.999998,0
0.132950,7.682349,0.322923,1,0.340931,0.999998,0
0.133000,7.608452,0.354251,1,0.337852,0.999998,0
0.133050,7.527046,0.385583,1,0.334460,0.999998,0
0.133100,7.438212,0.416921,1,0.330759,0.999998,0
0.133150,7.342037,0.448265,1,0.326752,0.999998,0
0.133200,7.238616,0.479616,1,0.322442,0.999998,0
0.133250,7.128052,0.510973,1,0.317835,0.999998,0
0.133300,7.010453,0.542337,1,0.312936,0.999998,0
0.133350,6.885936,0.573708,1,0.307747,0.999998,0
0.133400,6.754623,0.605087,1,0.302276,0.999998,0
0.133450,6.616645,0.636474,1,0.296527,0.999998,0
0.133500,6.472136,0.667868,1,0.290506,0.999998,0
0.133550,6.321240,0.699271,1,0.284218,0.999998,0
0.133600,6.164106,0.730682,1,0.277671,0.999998,0
0.133650,6.000889,0.762102,1,0.270870,0.999998,0
0.133700,5.831749,0.793530,1,0.263823,0.999998,0
0.133750,5.656854,0.824966,1,0.256536,0.999998,0
0.133800,5.476377,0.856411,1,0.249016,0.999998,0
0.133850,5.290495,0.887865,1,0.241271,0.999998,0
0.133900,5.099392,0.919327,1,0.233308,0.999998,0
0.133950,4.903256,0.950797,1,0.225136,0.999998,0
0.134000,4.702282,0.982276,1,0.216762,0.999998,0
0.134050,4.496667,1.013762,1,0.208194,0.999998,0
0.134100,4.286614,1.045257,1,0.199442,0.999998,0
0.134150,4.072331,1.076759,1,0.190514,0.999998,0
0.134200,3.854029,1.108268,1,0.181418,0.999998,0
0.134250,3.631924,1.139784,1,0.172163,0.999998,0
0.134300,3.406234,1.171307,1,0.162760,0.999998,0
0.134350,3.177183,1.202837,1,0.153216,0.999998,0
0.134400,2.944996,1.234372,1,0.143541,0.999998,0
0.134450,2.709903,1.265912,1,0.133746,0.999999,0
0.134500,2.472136,1.297457,1,0.123839,0.999999,0
0.134550,2.231929,1.329007,1,0.113830,0.999999,0
0.134600,1.989519,1.360561,1,0.103730,0.999999,0
0.134650,1.745146,1.392118,1,0.093548,0.999999,0
0.134700,1.499051,1.423679,1,0.083294,0.999999,0
0.134750,1.251476,1.455241,1,0.072978,0.999999,0
0.134800,1.002666,1.486806,1,0.062611,0.999999,0
0.134850,0.752867,1.518371,1,0.052203,0.999999,0
0.134900,0.502324,1.549938,1,0.041763,0.999999,0
0.134950,0.251286,1.581504,1,0.031304,0.999999,0
0.135000,-0.000000,1.613070,1,0.020833,0.999999,0
0.135050,-0.251286,1.644635,1,0.010363,0.999999,0
0.135100,-0.502324,1.676198,1,-0.000097,0.999999,0
0.135150,-0.752867,1.707759,1,-0.010536,0.999999,0
0.135200,-1.002666,1.739318,1,-0.020944,0.999999,0
0.135250,-1.251476,1.770873,1,-0.031312,0.999999,0
0.135300,-1.499051,1.802424,1,-0.041627,0.999999,0
0.135350,-1.745146,1.833972,1,-0.051881,0.999999,0
0.135400,-1.989519,1.865514,1,-0.062063,0.999999,0
0.135450,-2.231929,1.897051,1,-0.072164,0.999999,0
0.135500,-2.472136,1.928583,1,-0.082172,0.999999,0
0.135550,-2.709903,1.960109,1,-0.092079,0.999999,0
0.135600,-2.944996,1.991628,1,-0.101875,0.999999,0
0.135650,-3.177183,2.023141,1,-0.111549,0.999999,0
0.135700,-3.406234,2.054647,1,-0.121093,0.999999,0
0.135750,-3.631924,2.086146,1,-0.130497,0.999999,0
0.135800,-3.854029,2.117637,1,-0.139751,0.999999,0
0.135850,-4.072331,2.149120,1,-0.148847,0.999999,0
0.135900,-4.286614,2.180595,1,-0.157776,0.999999,0
0.135950,-4.496667,2.212063,1,-0.166528,0.999999,0
0.136000,-4.702282,2.243522,1,-0.175095,0.999999,0
0.136050,-4.903256,2.274973,1,-0.183469,0.999999,0
0.136100,-5.099392,2.306415,1,-0.191641,0.999999,0
0.136150,-5.290495,2.337850,1,-0.199604,0.999999,0
0.136200,-5.476377,2.369276,1,-0.207349,0.999999,0
0.136250,-5.656854,2.400694,1,-0.214869,0.999999,0
0.136300,-5.831749,2.432103,1,-0.222156,0.999999,0
0.136350,-6.000889,2.463505,1,-0.229204,0.999999,0
0.136400,-6.164106,2.494898,1,-0.236004,0.999999,0
0.136450,-6.321240,2.526284,1,-0.242552,0.999999,0
0.136500,-6.472136,2.557663,1,-0.248839,0.999999,0
0.136550,-6.616645,2.589034,1,-0.254860,0.999999,0
0.136600,-6.754623,2.620397,1,-0.260609,0.999999,0
0.136650,-6.885936,2.651754,1,-0.266081,0.999999,0
0.136700,-7.010453,2.683105,1,-0.271269,0.999999,0
0.136750,-7.128052,2.714449,1,-0.276169,0.999999,0
0.136800,-7.238616,2.745787,1,-0.280776,0.999999,0
0.136850,-7.342037,2.777120,1,-0.285085,0.999999,0
0.136900,-7.438212,2.808447,1,-0.289092,0.999999,0
0.136950,-7.527046,2.839770,1,-0.292794,0.999999,0
0.137000,-7.608452,2.871088,1,-0.296186,0.999999,0
0.137050,-7.682349,2.902402,1,-0.299265,0.999999,0
0.137100,-7.748665,2.933713,1,-0.302028,0.999999,0
0.137150,-7.807334,2.965020,1,-0.304472,0.999999,0
0.137200,-7.858298,2.996325,1,-0.306596,0.999999,0
0.137250,-7.901507,3.027627,1,-0.308396,0.999999,0
0.137300,-7.936918,3.058928,1,-0.309872,0.999999,0
0.137350,-7.964496,3.090227,1,-0.311021,0.999999,0
0.137400,-7.984214,3.121526,1,-0.311842,0.999999,0
0.137450,-7.996052,3.152824,1,-0.312336,0.999999,0
0.137500,-8.000000,3.184122,1,-0.312500,0.999999,0
0.137550,-7.996052,3.215421,1,-0.312336,0.999999,0
0.137600,-7.984214,3.246721,1,-0.311842,0.999999,0
0.137650,-7.964496,3.278023,1,-0.311021,0.999999,0
0.137700,-7.936918,3.309326,1,-0.309872,0.999999,0
0.137750,-7.901507,3.340633,1,-0.308396,0.999999,0
0.137800,-7.858298,3.371942,1,-0.306596,0.999999,0
0.137850,-7.807334,3.403254,1,-0.304472,0.999999,0
0.137900,-7.748665,3.434571,1,-0.302028,0.999999,0
0.137950,-7.682349,3.465892,1,-0.299265,0.999999,0
0.138000,-7.608452,3.497218,1,-0.296186,0.999999,0
0.138050,-7.527046,3.528548,1,-0.292794,0.999999,0
0.138100,-7.438212,3.559885,1,-0.289092,0.999999,0
0.138150,-7.342037,3.591227,1,-0.285085,0.999999,0
0.138200,-7.238616,3.622576,1,-0.280776,0.999999,0
0.138250,-7.128052,3.653932,1,-0.276169,0.999999,0
0.138300,-7.010453,3.685294,1,-0.271269,0.999999,0
0.138350,-6.885936,3.716664,1,-0.266081,0.999999,0
0.138400,-6.754623,3.748041,1,-0.260609,0.999999,0
0.138450,-6.616645,3.779426,1,-0.254860,0.999999,0
0.138500,-6.472136,3.810819,1,-0.248839,0.999999,0
0.138550,-6.321240,3.842220,1,-0.242552,0.999999,0
0.138600,-6.164106,3.873629,1,-0.236004,0.999999,0
0.138650,-6.000889,3.905047,1,-0.229204,0.999999,0
0.138700,-5.831749,3.936473,1,-0.222156,0.999999,0
0.138750,-5.656854,3.967908,1,-0.214869,0.999999,0
0.138800,-5.476377,3.999352,1,-0.207349,0.999999,0
0.138850,-5.290495,4.030804,1,-0.199604,0.999999,0
0.138900,-5.099392,4.062264,1,-0.191641,0.999999,0
0.138950,-4.903256,4.093733,1,-0.183469,0.999999,0
0.139000,-4.702282,4.125209,1,-0.175095,0.999999,0
0.139050,-4.496667,4.156694,1,-0.166528,0.999999,0
0.139100,-4.286614,4.188187,1,-0.157776,0.999999,0
0.139150,-4.072331,4.219688,1,-0.148847,0.999999,0
0.139200,-3.854029,4.251195,1,-0.139751,0.999999,0
0.139250,-3.631924,4.282710,1,-0.130497,0.999999,0
0.139300,-3.406234,4.314231,1,-0.121093,0.999999,0
0.139350,-3.177183,4.345759,1,-0.111549,0.999999,0
0.139400,-2.944996,4.377292,1,-0.101875,0.999999,0
0.139450,-2.709903,4.408831,1,-0.092079,0.999999,0
0.139500,-2.472136,4.440375,1,-0.082172,0.999999,0
0.139550,-2.231929,4.471923,1,-0.072164,0.999999,0
0.139600,-1.989519,4.503476,1,-0.062063,0.999999,0
0.139650,-1.745146,4.535031,1,-0.051881,0.999999,0
0.139700,-1.499051,4.566590,1,-0.041627,0.999999,0
0.139750,-1.251476,4.598151,1,-0.031312,0.999999,0
0.139800,-1.002666,4.629714,1,-0.020944,0.999999,0
0.139850,-0.752867,4.661278,1,-0.010536,0.999999,0
0.139900,-0.502324,4.692843,1,-0.000097,0.999999,0
0.139950,-0.251286,4.724408,1,0.010363,0.999999,0
0.140000,0.000000,4.755973,1,0.020833,0.999999,0
0.140050,0.251286,4.787536,1,0.031304,0.999999,0
0.140100,0.502324,4.819098,1,0.041763,0.999999,0
0.140150,0.752867,4.850658,1,0.052203,0.999999,0
0.140200,1.002666,4.882215,1,0.062611,0.999999,0
0.140250,1.251476,4.913769,1,0.072978,0.999999,0
0.140300,1.499051,4.945319,1,0.083294,0.999999,0
0.140350,1.745146,4.976865,1,0.093548,0.999999,0
0.140400,1.989519,5.008406,1,0.103730,0.999999,0
0.140450,2.231929,5.039942,1,0.113830,0.999999,0
0.140500,2.472136,5.071473,1,0.123839,0.999999,0
0.140550,2.709903,5.102997,1,0.133746,0.999999,0
0.140600,2.944996,5.134515,1,0.143542,0.999999,0
0.140650,3.177183,5.166027,1,0.153216,0.999999,0
0.140700,3.406234,5.197532,1,0.162760,0.999999,0
0.140750,3.631924,5.229029,1,0.172163,0.999999,0
0.140800,3.854029,5.260519,1,0.181418,0.999999,0
0.140850,4.072331,5.292001,1,0.190514,0.999999,0
0.140900,4.286614,5.323475,1,0.199442,0.999999,0
0.140950,4.496667,5.354941,1,0.208194,0.999999,0
0.141000,4.702282,5.386399,1,0.216762,0.999999,0
0.141050,4.903256,5.417849,1,0.225136,0.999999,0
0.141100,5.099392,5.449291,1,0.233308,0.999999,0
0.141150,5.290495,5.480724,1,0.241271,0.999999,0
0.141200,5.476377,5.512149,1,0.249016,0.999999,0
0.141250,5.656854,5.543565,1,0.256536,0.999999,0
0.141300,5.831749,5.574974,1,0.263823,0.999999,0
0.141350,6.000889,5.606374,1,0.270870,0.999999,0
0.141400,6.164106,5.637767,1,0.277671,0.999999,0
0.141450,6.321240,5.669152,1,0.284218,0.999999,0
0.141500,6.472136,5.700529,1,0.290506,0.999999,0
0.141550,6.616645,5.731899,1,0.296527,0.999999,0
0.141600,6.754623,5.763261,1,0.302276,0.999999,0
0.141650,6.885936,5.794617,1,0.307747,0.999999,0
0.141700,7.010453,5.825966,1,0.312936,0.999999,0
0.141750,7.128052,5.857309,1,0.317835,0.999999,0
0.141800,7.238616,5.888646,1,0.322442,0.999999,0
0.141850,7.342037,5.919978,1,0.326752,0.999999,0
0.141900,7.438212,5.951304,1,0.330759,0.999999,0
0.141950,7.527046,5.982626,1,0.334460,0.999999,0
0.142000,7.608452,6.013943,1,0.337852,0.999999,0
0.142050,7.682349,6.045255,1,0.340931,0.999999,0
0.142100,7.748665,6.076565,1,0.343694,0.999999,0
0.142150,7.807334,6.107871,1,0.346139,0.999999,0
0.142200,7.858298,6.139174,1,0.348262,0.999999,0
0.142250,7.901507,6.170476,1,0.350063,0.999999,0
0.142300,7.936918,6.201775,1,0.351538,0.999999,0
0.142350,7.964496,6.233073,1,0.352687,0.999999,0
0.142400,7.984214,6.264370,1,0.353509,0.999999,0
0.142450,7.996052,0.012482,1,0.354002,0.999999,0
0.142500,8.000000,0.043779,1,0.354167,0.999999,0
0.142550,7.996052,0.075076,1,0.354002,0.999999,0
0.142600,7.984214,0.106375,1,0.353509,0.999999,0
0.142650,7.964496,0.137675,1,0.352687,0.999999,0
0.142700,7.936918,0.168978,1,0.351538,0.999999,0
0.142750,7.901507,0.200282,1,0.350063,0.999999,0
0.142800,7.858298,0.231590,1,0.348262,0.999999,0
0.142850,7.807334,0.262901,1,0.346139,0.999999,0
0.142900,7.748665,0.294216,1,0.343694,0.999999,0
0.142950,7.682349,0.325536,1,0.340931,0.999999,0
0.143000,7.608452,0.356860,1,0.337852,0.999999,0
0.143050,7.527046,0.388190,1,0.334460,0.999999,0
0.143100,7.438212,0.419525,1,0.330759,0.999999,0
0.143150,7.342037,0.450866,1,0.326752,0.999999,0
0.143200,7.238616,0.482213,1,0.322442,0.999999,0
0.143250,7.128052,0.513567,1,0.317835,0.999999,0
0.143300,7.010453,0.544928,1,0.312936,0.999999,0
0.143350,6.885936,0.576296,1,0.307747,0.999999,0
0.143400,6.754623,0.607672,1,0.302276,0.999999,0
0.143450,6.616645,0.639055,1,0.296527,0.999999,0
0.143500,6.472136,0.670447,1,0.290506,0.999999,0
0.143550,6.321240,0.701846,1,0.284218,0.999999,0
0.143600,6.164106,0.733254,1,0.277671,0.999999,0
0.143650,6.000889,0.764671,1,0.270870,0.999999,0
0.143700,5.831749,0.796095,1,0.263823,0.999999,0
0.143750,5.656854,0.827529,1,0.256536,0.999999,0
0.143800,5.476377,0.858971,1,0.249016,0.999999,0
0.143850,5.290495,0.890421,1,0.241271,0.999999,0
0.143900,5.099392,0.921880,1,0.233308,0.999999,0
0.143950,4.903256,0.953347,1,0.225136,0.999999,0
0.144000,4.702282,0.984822,1,0.216762,0.999999,0
0.144050,4.496667,1.016306,1,0.208194,0.999999,0
0.144100,4.286614,1.047797,1,0.199442,0.999999,0
0.144150,4.072331,1.079296,1,0.190514,0.999999,0
0.144200,3.854029,1.110802,1,0.181418,0.999999,0
0.144250,3.631924,1.142315,1,0.172163,0.999999,0
0.144300,3.406234,1.173835,1,0.162760,0.999999,0
0.144350,3.177183,1.205361,1,0.153216,0.999999,0
0.144400,2.944996,1.236893,1,0.143542,0.999999,0
0.144450,2.709903,1.268431,1,0.133746,0.999999,0
0.144500,2.472136,1.299973,1,0.123839,0.999999,0
0.144550,2.231929,1.331520,1,0.113830,0.999999,0
0.144600,1.989519,1.363071,1,0.103730,0.999999,0
0.144650,1.745146,1.394625,1,0.093548,0.999999,0
0.144700,1.499051,1.426183,1,0.083294,0.999999,0
0.144750,1.251476,1.457743,1,0.072978,0.999999,0
0.144800,1.002666,1.489304,1,0.062611,0.999999,0
0.144850,0.752867,1.520867,1,0.052203,0.999999,0
0.144900,0.502324,1.552431,1,0.041763,0.999999,0
0.144950,0.251286,1.583994,1,0.031304,0.999999,0
0.145000,-0.000000,1.615558,1,0.020833,0.999999,0
0.145050,-0.251286,1.647120,1,0.010363,0.999999,0
0.145100,-0.502324,1.678681,1,-0.000097,0.999999,0
0.145150,-0.752867,1.710239,1,-0.010536,0.999999,0
0.145200,-1.002666,1.741795,1,-0.020944,0.999999,0
0.145250,-1.251476,1.773348,1,-0.031311,0.999999,0
0.145300,-1.499051,1.804897,1,-0.041627,0.999999,0
0.145350,-1.745146,1.836441,1,-0.051881,0.999999,0
0.145400,-1.989519,1.867981,1,-0.062063,0.999999,0
0.145450,-2.231929,1.899516,1,-0.072164,0.999999,0
0.145500,-2.472136,1.931046,1,-0.082172,0.999999,0
0.145550,-2.709903,1.962569,1,-0.092079,0.999999,0
0.145600,-2.944996,1.994086,1,-0.101875,0.999999,0
0.145650,-3.177183,2.025597,1,-0.111549,0.999999,0
0.145700,-3.406234,2.057100,1,-0.121093,0.999999,0
0.145750,-3.631924,2.088597,1,-0.130497,0.999999,0
0.145800,-3.854029,2.120085,1,-0.139751,0.999999,0
0.145850,-4.072331,2.151566,1,-0.148847,0.999999,0
0.145900,-4.286614,2.183040,1,-0.157776,0.999999,0
0.145950,-4.496667,2.214505,1,-0.166528,0.999999,0
0.146000,-4.702282,2.245962,1,-0.175095,0.999999,0
0.146050,-4.903256,2.277410,1,-0.183469,0.999999,0
0.146100,-5.099392,2.308851,1,-0.191641,0.999999,0
0.146150,-5.290495,2.340283,1,-0.199604,0.999999,0
0.146200,-5.476377,2.371707,1,-0.207349,0.999999,0
0.146250,-5.656854,2.403123,1,-0.214869,0.999999,0
0.146300,-5.831749,2.434530,1,-0.222156,0.999999,0
0.146350,-6.000889,2.465930,1,-0.229204,0.999999,0
0.146400,-6.164106,2.497321,1,-0.236004,0.999999,0
0.146450,-6.321240,2.528705,1,-0.242552,0.999999,0
0.146500,-6.472136,2.560081,1,-0.248839,0.999999,0
0.146550,-6.616645,2.591450,1,-0.254860,0.999999,0
0.146600,-6.754623,2.622811,1,-0.260609,0.999999,0
0.146650,-6.885936,2.654166,1,-0.266081,0.999999,0
0.146700,-7.010453,2.685514,1,-0.271269,0.999999,0
0.146750,-7.128052,2.716856,1,-0.276169,0.999999,0
0.146800,-7.238616,2.748192,1,-0.280776,0.999999,0
0.146850,-7.342037,2.779523,1,-0.285085,0.999999,0
0.146900,-7.438212,2.810848,1,-0.289092,0.999999,0
0.146950,-7.527046,2.842168,1,-0.292794,0.999999,0
0.147000,-7.608452,2.873484,1,-0.296186,0.999999,0
0.147050,-7.682349,2.904796,1,-0.299265,0.999999,0
0.147100,-7.748665,2.936104,1,-0.302028,0.999999,0
0.147150,-7.807334,2.967409,1,-0.304472,0.999999,0
0.147200,-7.858298,2.998712,1,-0.306596,0.999999,0
0.147250,-7.901507,3.030012,1,-0.308396,0.999999,0
0.147300,-7.936918,3.061310,1,-0.309872,1.000000,0
0.147350,-7.964496,3.092607,1,-0.311021,1.000000,0
0.147400,-7.984214,3.123903,1,-0.311842,1.000000,0
0.147450,-7.996052,3.155199,1,-0.312336,1.000000,0
0.147500,-8.000000,3.186494,1,-0.312500,1.000000,0
0.147550,-7.996052,3.217791,1,-0.312336,1.000000,0
0.147600,-7.984214,3.249088,1,-0.311842,1.000000,0
0.147650,-7.964496,3.280387,1,-0.311021,1.000000,0
0.147700,-7.936918,3.311688,1,-0.309872,1.000000,0
0.147750,-7.901507,3.342992,1,-0.308396,1.000000,0
0.147800,-7.858298,3.374298,1,-0.306596,1.000000,0
0.147850,-7.807334,3.405608,1,-0.304472,1.000000,0
0.147900,-7.748665,3.436922,1,-0.302028,1.000000,0
0.147950,-7.682349,3.468240,1,-0.299265,1.000000,0
0.148000,-7.608452,3.499563,1,-0.296186,1.000000,0
0.148050,-7.527046,3.530892,1,-0.292794,1.000000,0
0.148100,-7.438212,3.562225,1,-0.289092,1.000000,0
0.148150,-7.342037,3.593565,1,-0.285085,1.000000,0
0.148200,-7.238616,3.624911,1,-0.280776,1.000000,0
0.148250,-7.128052,3.656264,1,-0.276169,1.000000,0
0.148300,-7.010453,3.687623,1,-0.271269,1.000000,0
0.148350,-6.885936,3.718990,1,-0.266081,1.000000,0
0.148400,-6.754623,3.750364,1,-0.260609,1.000000,0
0.148450,-6.616645,3.781746,1,-0.254860,1.000000,0
0.148500,-6.472136,3.813137,1,-0.248839,1.000000,0
0.148550,-6.321240,3.844535,1,-0.242552,1.000000,0
0.148600,-6.164106,3.875941,1,-0.236004,1.000000,0
0.148650,-6.000889,3.907356,1,-0.229204,1.000000,0
0.148700,-5.831749,3.938780,1,-0.222156,1.000000,0
0.148750,-5.656854,3.970212,1,-0.214869,1.000000,0
0.148800,-5.476377,4.001652,1,-0.207349,1.000000,0
0.148850,-5.290495,4.033101,1,-0.199604,1.000000,0
0.148900,-5.099392,4.064559,1,-0.191641,1.000000,0
0.148950,-4.903256,4.096025,1,-0.183469,1.000000,0
0.149000,-4.702282,4.127499,1,-0.175095,1.000000,0
0.149050,-4.496667,4.158981,1,-0.166528,1.000000,0
0.149100,-4.286614,4.190471,1,-0.157776,1.000000,0
0.149150,-4.072331,4.221968,1,-0.148847,1.000000,0
0.149200,-3.854029,4.253473,1,-0.139751,1.000000,0
0.149250,-3.631924,4.284985,1,-0.130497,1.000000,0
0.149300,-3.406234,4.316503,1,-0.121093,1.000000,0
0.149350,-3.177183,4.348028,1,-0.111549,1.000000,0
0.149400,-2.944996,4.379559,1,-0.101875,1.000000,0
0.149450,-2.709903,4.411095,1,-0.092079,1.000000,0
0.149500,-2.472136,4.442636,1,-0.082172,1.000000,0
0.149550,-2.231929,4.474182,1,-0.072164,1.000000,0
0.149600,-1.989519,4.505732,1,-0.062063,1.000000,0
0.149650,-1.745146,4.537285,1,-0.051881,1.000000,0
0.149700,-1.499051,4.568841,1,-0.041627,1.000000,0
0.149750,-1.251476,4.600400,1,-0.031311,1.000000,0
0.149800,-1.002666,4.631960,1,-0.020944,1.000000,0
0.149850,-0.752867,4.663522,1,-0.010536,1.000000,0
0.149900,-0.502324,4.695084,1,-0.000097,1.000000,0
0.149950,-0.251286,4.726647,1,0.010363,1.000000,0
0.150000,0.000000,4.758209,1,0.020833,1.000000,0
0.150050,0.251286,4.789770,1,0.031304,1.000000,0
0.150100,0.502324,4.821330,1,0.041764,1.000000,0
0.150150,0.752867,4.852887,1,0.052203,1.000000,0
0.150200,1.002666,4.884442,1,0.062611,1.000000,0
0.150250,1.251476,4.915993,1,0.072978,1.000000,0
0.150300,1.499051,4.947541,1,0.083294,1.000000,0
0.150350,1.745146,4.979085,1,0.093548,1.000000,0
0.150400,1.989519,5.010624,1,0.103730,1.000000,0
0.150450,2.231929,5.042158,1,0.113830,1.000000,0
0.150500,2.472136,5.073686,1,0.123839,1.000000,0
0.150550,2.709903,5.105209,1,0.133746,1.000000,0
0.150600,2.944996,5.136725,1,0.143542,1.000000,0
0.150650,3.177183,5.168234,1,0.153216,1.000000,0
0.150700,3.406234,5.199737,1,0.162760,1.000000,0
0.150750,3.631924,5.231232,1,0.172163,1.000000,0
0.150800,3.854029,5.262720,1,0.181418,1.000000,0
0.150850,4.072331,5.294200,1,0.190514,1.000000,0
0.150900,4.286614,5.325672,1,0.199442,1.000000,0
0.150950,4.496667,5.357137,1,0.208194,1.000000,0
0.151000,4.702282,5.388593,1,0.216762,1.000000,0
0.151050,4.903256,5.420040,1,0.225136,1.000000,0
0.151100,5.099392,5.451480,1,0.233308,1.000000,0
0.151150,5.290495,5.482911,1,0.241271,1.000000,0
0.151200,5.476377,5.514334,1,0.249016,1.000000,0
0.151250,5.656854,5.545749,1,0.256536,1.000000,0
0.151300,5.831749,5.577156,1,0.263823,1.000000,0
0.151350,6.000889,5.608554,1,0.270870,1.000000,0
0.151400,6.164106,5.639945,1,0.277671,1.000000,0
0.151450,6.321240,5.671327,1,0.284218,1.000000,0
0.151500,6.472136,5.702703,1,0.290506,1.000000,0
0.151550,6.616645,5.734071,1,0.296527,1.000000,0
0.151600,6.754623,5.765431,1,0.302276,1.000000,0
0.151650,6.885936,5.796785,1,0.307747,1.000000,0
0.151700,7.010453,5.828132,1,0.312936,1.000000,0
0.151750,7.128052,5.859473,1,0.317836,1.000000,0
0.151800,7.238616,5.890809,1,0.322442,1.000000,0
0.151850,7.342037,5.922138,1,0.326752,1.000000,0
0.151900,7.438212,5.953462,1,0.330759,1.000000,0
0.151950,7.527046,5.984782,1,0.334460,1.000000,0
0.152000,7.608452,6.016097,1,0.337852,1.000000,0
0.152050,7.682349,6.047407,1,0.340931,1.000000,0
0.152100,7.748665,6.078715,1,0.343694,1.000000,0
0.152150,7.807334,6.110019,1,0.346139,1.000000,0
0.152200,7.858298,6.141320,1,0.348262,1.000000,0
0.152250,7.901507,6.172619,1,0.350063,1.000000,0
0.152300,7.936918,6.203916,1,0.351538,1.000000,0
0.152350,7.964496,6.235212,1,0.352687,1.000000,0
0.152400,7.984214,6.266507,1,0.353509,1.000000,0
0.152450,7.996052,0.014617,1,0.354002,1.000000,0
0.152500,8.000000,0.045911,1,0.354167,1.000000,0
0.152550,7.996052,0.077207,1,0.354002,1.000000,0
0.152600,7.984214,0.108503,1,0.353509,1.000000,0
0.152650,7.964496,0.139801,1,0.352687,1.000000,0
0.152700,7.936918,0.171101,1,0.351538,1.000000,0
0.152750,7.901507,0.202403,1,0.350063,1.000000,0
0.152800,7.858298,0.233709,1,0.348262,1.000000,0
0.152850,7.807334,0.265018,1,0.346139,1.000000,0
0.152900,7.748665,0.296330,1,0.343694,1.000000,0
0.152950,7.682349,0.327647,1,0.340931,1.000000,0
0.153000,7.608452,0.358969,1,0.337852,1.000000,0
0.153050,7.527046,0.390296,1,0.334460,1.000000,0
0.153100,7.438212,0.421629,1,0.330759,1.000000,0
0.153150,7.342037,0.452967,1,0.326752,1.000000,0
0.153200,7.238616,0.484312,1,0.322442,1.000000,0
0.153250,7.128052,0.515663,1,0.317836,1.000000,0
0.153300,7.010453,0.547022,1,0.312936,1.000000,0
0.153350,6.885936,0.578387,1,0.307747,1.000000,0
0.153400,6.754623,0.609760,1,0.302276,1.000000,0
0.153450,6.616645,0.641141,1,0.296527,1.000000,0
0.153500,6.472136,0.672530,1,0.290506,1.000000,0
0.153550,6.321240,0.703927,1,0.284218,1.000000,0
0.153600,6.164106,0.735333,1,0.277671,1.000000,0
0.153650,6.000889,0.766746,1,0.270870,1.000000,0
0.153700,5.831749,0.798169,1,0.263823,1.000000,0
0.153750,5.656854,0.829599,1,0.256536,1.000000,0
0.153800,5.476377,0.861039,1,0.249016,1.000000,0
0.153850,5.290495,0.892486,1,0.241271,1.000000,0
0.153900,5.099392,0.923943,1,0.233308,1.000000,0
0.153950,4.903256,0.955407,1,0.225136,1.000000,0
0.154000,4.702282,0.986880,1,0.216762,1.000000,0
0.154050,4.496667,1.018361,1,0.208194,1.000000,0
0.154100,4.286614,1.049850,1,0.199442,1.000000,0
0.154150,4.072331,1.081346,1,0.190514,1.000000,0
0.154200,3.854029,1.112850,1,0.181418,1.000000,0
0.154250,3.631924,1.144360,1,0.172163,1.000000,0
0.154300,3.406234,1.175878,1,0.162760,1.000000,0
0.154350,3.177183,1.207401,1,0.153216,1.000000,0
0.154400,2.944996,1.238931,1,0.143542,1.000000,0
0.154450,2.709903,1.270466,1,0.133746,1.000000,0
0.154500,2.472136,1.302006,1,0.123839,1.000000,0
0.154550,2.231929,1.333551,1,0.113830,1.000000,0
0.154600,1.989519,1.365099,1,0.103730,1.000000,0
0.154650,1.745146,1.396651,1,0.093548,1.000000,0
0.154700,1.499051,1.428206,1,0.083294,1.000000,0
0.154750,1.251476,1.459764,1,0.072978,1.000000,0
0.154800,1.002666,1.491323,1,0.062611,1.000000,0
0.154850,0.752867,1.522884,1,0.052203,1.000000,0
0.154900,0.502324,1.554445,1,0.041764,1.000000,0
0.154950,0.251286,1.586007,1,0.031304,1.000000,0
0.155000,-0.000000,1.617568,1,0.020833,1.000000,0
0.155050,-0.251286,1.649128,1,0.010363,1.000000,0
0.155100,-0.502324,1.680687,1,-0.000097,1.000000,0
0.155150,-0.752867,1.712243,1,-0.010536,1.000000,0
0.155200,-1.002666,1.743797,1,-0.020944,1.000000,0
0.155250,-1.251476,1.775347,1,-0.031311,1.000000,0
0.155300,-1.499051,1.806894,1,-0.041627,1.000000,0
0.155350,-1.745146,1.838437,1,-0.051881,1.000000,0
0.155400,-1.989519,1.869975,1,-0.062063,1.000000,0
0.155450,-2.231929,1.901508,1,-0.072164,1.000000,0
0.155500,-2.472136,1.933036,1,-0.082172,1.000000,0
0.155550,-2.709903,1.964557,1,-0.092079,1.000000,0
0.155600,-2.944996,1.996072,1,-0.101875,1.000000,0
0.155650,-3.177183,2.027581,1,-0.111549,1.000000,0
0.155700,-3.406234,2.059083,1,-0.121093,1.000000,0
0.155750,-3.631924,2.090577,1,-0.130497,1.000000,0
0.155800,-3.854029,2.122064,1,-0.139751,1.000000,0
0.155850,-4.072331,2.153543,1,-0.148847,1.000000,0
0.155900,-4.286614,2.185015,1,-0.157776,1.000000,0
0.155950,-4.496667,2.216478,1,-0.166528,1.000000,0
0.156000,-4.702282,2.247933,1,-0.175095,1.000000,0
0.156050,-4.903256,2.279380,1,-0.183469,1.000000,0
0.156100,-5.099392,2.310819,1,-0.191641,1.000000,0
0.156150,-5.290495,2.342250,1,-0.199604,1.000000,0
0.156200,-5.476377,2.373672,1,-0.207349,1.000000,0
0.156250,-5.656854,2.405086,1,-0.214869,1.000000,0
0.156300,-5.831749,2.436491,1,-0.222156,1.000000,0
0.156350,-6.000889,2.467889,1,-0.229204,1.000000,0
0.156400,-6.164106,2.499279,1,-0.236004,1.000000,0
0.156450,-6.321240,2.530661,1,-0.242552,1.000000,0
0.156500,-6.472136,2.562035,1,-0.248839,1.000000,0
0.156550,-6.616645,2.593402,1,-0.254860,1.000000,0
0.156600,-6.754623,2.624762,1,-0.260609,1.000000,0
0.156650,-6.885936,2.656115,1,-0.266081,1.000000,0
0.156700,-7.010453,2.687462,1,-0.271269,1.000000,0
0.156750,-7.128052,2.718802,1,-0.276169,1.000000,0
0.156800,-7.238616,2.750136,1,-0.280776,1.000000,0
0.156850,-7.342037,2.781465,1,-0.285085,1.000000,0
0.156900,-7.438212,2.812788,1,-0.289092,1.000000,0
0.156950,-7.527046,2.844107,1,-0.292794,1.000000,0
0.157000,-7.608452,2.875421,1,-0.296186,1.000000,0
0.157050,-7.682349,2.906731,1,-0.299265,1.000000,0
0.157100,-7.748665,2.938037,1,-0.302028,1.000000,0
0.157150,-7.807334,2.969340,1,-0.304472,1.000000,0
0.157200,-7.858298,3.000641,1,-0.306596,1.000000,0
0.157250,-7.901507,3.031939,1,-0.308396,1.000000,0
0.157300,-7.936918,3.063235,1,-0.309872,1.000000,0
0.157350,-7.964496,3.094530,1,-0.311021,1.000000,0
0.157400,-7.984214,3.125824,1,-0.311842,1.000000,0
0.157450,-7.996052,3.157118,1,-0.312336,1.000000,0
0.157500,-8.000000,3.188411,1,-0.312500,1.000000,0
0.157550,-7.996052,3.219706,1,-0.312336,1.000000,0
0.157600,-7.984214,3.251001,1,-0.311842,1.000000,0
0.157650,-7.964496,3.282298,1,-0.311021,1.000000,0
0.157700,-7.936918,3.313597,1,-0.309872,1.000000,0
0.157750,-7.901507,3.344898,1,-0.308396,1.000000,0
0.157800,-7.858298,3.376203,1,-0.306596,1.000000,0
0.157850,-7.807334,3.407511,1,-0.304472,1.000000,0
0.157900,-7.748665,3.438822,1,-0.302028,1.000000,0
0.157950,-7.682349,3.470138,1,-0.299265,1.000000,0
0.158000,-7.608452,3.501459,1,-0.296186,1.000000,0
0.158050,-7.527046,3.532785,1,-0.292794,1.000000,0
0.158100,-7.438212,3.564117,1,-0.289092,1.000000,0
0.158150,-7.342037,3.595454,1,-0.285085,1.000000,0
0.158200,-7.238616,3.626798,1,-0.280776,1.000000,0
0.158250,-7.128052,3.658148,1,-0.276169,1.000000,0
0.158300,-7.010453,3.689505,1,-0.271269,1.000000,0
0.158350,-6.885936,3.720870,1,-0.266081,1.000000,0
0.158400,-6.754623,3.752242,1,-0.260609,1.000000,0
0.158450,-6.616645,3.783622,1,-0.254860,1.000000,0
0.158500,-6.472136,3.815010,1,-0.248839,1.000000,0
0.158550,-6.321240,3.846405,1,-0.242552,1.000000,0
0.158600,-6.164106,3.877810,1,-0.236004,1.000000,0
0.158650,-6.000889,3.909222,1,-0.229204,1.000000,0
0.158700,-5.831749,3.940643,1,-0.222156,1.000000,0
0.158750,-5.656854,3.972073,1,-0.214869,1.000000,0
0.158800,-5.476377,4.003511,1,-0.207349,1.000000,0
0.158850,-5.290495,4.034958,1,-0.199604,1.000000,0
0.158900,-5.099392,4.066413,1,-0.191641,1.000000,0
0.158950,-4.903256,4.097877,1,-0.183469,1.000000,0
0.159000,-4.702282,4.129348,1,-0.175095,1.000000,0
0.159050,-4.496667,4.160828,1,-0.166528,1.000000,0
0.159100,-4.286614,4.192316,1,-0.157776,1.000000,0
0.159150,-4.072331,4.223811,1,-0.148847,1.000000,0
0.159200,-3.854029,4.255314,1,-0.139751,1.000000,0
0.159250,-3.631924,4.286823,1,-0.130497,1.000000,0
0.159300,-3.406234,4.318340,1,-0.121093,1.000000,0
0.159350,-3.177183,4.349862,1,-0.111549,1.000000,0
0.159400,-2.944996,4.381391,1,-0.101875,1.000000,0
0.159450,-2.709903,4.412925,1,-0.092079,1.000000,0
0.159500,-2.472136,4.444464,1,-0.082172,1.000000,0
0.159550,-2.231929,4.476007,1,-0.072164,1.000000,0
0.159600,-1.989519,4.507555,1,-0.062063,1.000000,0
0.159650,-1.745146,4.539106,1,-0.051881,1.000000,0
0.159700,-1.499051,4.570660,1,-0.041627,1.000000,0
0.159750,-1.251476,4.602217,1,-0.031311,1.000000,0
0.159800,-1.002666,4.633775,1,-0.020944,1.000000,0
0.159850,-0.752867,4.665335,1,-0.010536,1.000000,0
0.159900,-0.502324,4.696895,1,-0.000097,1.000000,0
0.159950,-0.251286,4.728456,1,0.010363,1.000000,0
0.160000,-0.000000,4.760016,1,0.020833,1.000000,0
0.160050,0.251286,4.791575,1,0.031304,1.000000,0
0.160100,0.502324,4.823133,1,0.041764,1.000000,0
0.160150,0.752867,4.854688,1,0.052203,1.000000,0
0.160200,1.002666,4.886241,1,0.062611,1.000000,0
0.160250,1.251476,4.917791,1,0.072978,1.000000,0
0.160300,1.499051,4.949337,1,0.083294,1.000000,0
0.160350,1.745146,4.980879,1,0.093548,1.000000,0
0.160400,1.989519,5.012416,1,0.103730,1.000000,0
0.160450,2.231929,5.043949,1,0.113830,1.000000,0
0.160500,2.472136,5.075475,1,0.123839,1.000000,0
0.160550,2.709903,5.106996,1,0.133746,1.000000,0
0.160600,2.944996,5.138510,1,0.143542,1.000000,0
0.160650,3.177183,5.170018,1,0.153216,1.000000,0
0.160700,3.406234,5.201519,1,0.162760,1.000000,0
0.160750,3.631924,5.233013,1,0.172163,1.000000,0
0.160800,3.854029,5.264499,1,0.181418,1.000000,0
0.160850,4.072331,5.295977,1,0.190514,1.000000,0
0.160900,4.286614,5.327448,1,0.199442,1.000000,0
0.160950,4.496667,5.358911,1,0.208194,1.000000,0
0.161000,4.702282,5.390365,1,0.216762,1.000000,0
0.161050,4.903256,5.421811,1,0.225136,1.000000,0
0.161100,5.099392,5.453249,1,0.233308,1.000000,0
0.161150,5.290495,5.484679,1,0.241271,1.000000,0
0.161200,5.476377,5.516100,1,0.249016,1.000000,0
0.161250,5.656854,5.547514,1,0.256536,1.000000,0
0.161300,5.831749,5.578919,1,0.263823,1.000000,0
0.161350,6.000889,5.610316,1,0.270870,1.000000,0
0.161400,6.164106,5.641705,1,0.277671,1.000000,0
0.161450,6.321240,5.673086,1,0.284218,1.000000,0
0.161500,6.472136,5.704460,1,0.290506,1.000000,0
0.161550,6.616645,5.735826,1,0.296527,1.000000,0
0.161600,6.754623,5.767185,1,0.302276,1.000000,0
0.161650,6.885936,5.798537,1,0.307747,1.000000,0
0.161700,7.010453,5.829883,1,0.312936,1.000000,0
0.161750,7.128052,5.861222,1,0.317836,1.000000,0
0.161800,7.238616,5.892556,1,0.322442,1.000000,0
0.161850,7.342037,5.923884,1,0.326752,1.000000,0
0.161900,7.438212,5.955206,1,0.330759,1.000000,0
0.161950,7.527046,5.986524,1,0.334460,1.000000,0
0.162000,7.608452,6.017837,1,0.337852,1.000000,0
0.162050,7.682349,6.049147,1,0.340931,1.000000,0
0.162100,7.748665,6.080452,1,0.343694,1.000000,0
0.162150,7.807334,6.111754,1,0.346139,1.000000,0
0.162200,7.858298,6.143054,1,0.348262,1.000000,0
0.162250,7.901507,6.174351,1,0.350063,1.000000,0
0.162300,7.936918,6.205647,1,0.351538,1.000000,0
0.162350,7.964496,6.236941,1,0.352687,1.000000,0
0.162400,7.984214,6.268234,1,0.353509,1.000000,0
0.162450,7.996052,0.016342,1,0.354002,1.000000,0
0.162500,8.000000,0.047635,1,0.354167,1.000000,0
0.162550,7.996052,0.078928,1,0.354002,1.000000,0
0.162600,7.984214,0.110223,1,0.353509,1.000000,0
0.162650,7.964496,0.141519,1,0.352687,1.000000,0
0.162700,7.936918,0.172817,1,0.351538,1.000000,0
0.162750,7.901507,0.204117,1,0.350063,1.000000,0
0.162800,7.858298,0.235421,1,0.348262,1.000000,0
0.162850,7.807334,0.266728,1,0.346139,1.000000,0
0.162900,7.748665,0.298038,1,0.343694,1.000000,0
0.162950,7.682349,0.329353,1,0.340931,1.000000,0
0.163000,7.608452,0.360673,1,0.337852,1.000000,0
0.163050,7.527046,0.391998,1,0.334460,1.000000,0
0.163100,7.438212,0.423329,1,0.330759,1.000000,0
0.163150,7.342037,0.454665,1,0.326752,1.000000,0
0.163200,7.238616,0.486008,1,0.322442,1.000000,0
0.163250,7.128052,0.517357,1,0.317836,1.000000,0
0.163300,7.010453,0.548714,1,0.312936,1.000000,0
0.163350,6.885936,0.580077,1,0.307747,1.000000,0
0.163400,6.754623,0.611448,1,0.302276,1.000000,0
0.163450,6.616645,0.642827,1,0.296527,1.000000,0
0.163500,6.472136,0.674214,1,0.290506,1.000000,0
0.163550,6.321240,0.705609,1,0.284218,1.000000,0
0.163600,6.164106,0.737012,1,0.277671,1.000000,0
0.163650,6.000889,0.768424,1,0.270870,1.000000,0
0.163700,5.831749,0.799844,1,0.263823,1.000000,0
0.163750,5.656854,0.831273,1,0.256536,1.000000,0
0.163800,5.476377,0.862710,1,0.249016,1.000000,0
0.163850,5.290495,0.894155,1,0.241271,1.000000,0
0.163900,5.099392,0.925610,1,0.233308,1.000000,0
0.163950,4.903256,0.957072,1,0.225136,1.000000,0
0.164000,4.702282,0.988543,1,0.216762,1.000000,0
0.164050,4.496667,1.020022,1,0.208194,1.000000,0
0.164100,4.286614,1.051509,1,0.199442,1.000000,0
0.164150,4.072331,1.083003,1,0.190514,1.000000,0
0.164200,3.854029,1.114504,1,0.181418,1.000000,0
0.164250,3.631924,1.146013,1,0.172163,1.000000,0
0.164300,3.406234,1.177529,1,0.162760,1.000000,0
0.164350,3.177183,1.209050,1,0.153216,1.000000,0
0.164400,2.944996,1.240578,1,0.143542,1.000000,0
0.164450,2.709903,1.272111,1,0.133746,1.000000,0
0.164500,2.472136,1.303649,1,0.123839,1.000000,0
0.164550,2.231929,1.335192,1,0.113830,1.000000,0
0.164600,1.989519,1.366738,1,0.103730,1.000000,0
0.164650,1.745146,1.398288,1,0.093548,1.000000,0
0.164700,1.499051,1.429842,1,0.083294,1.000000,0
0.164750,1.251476,1.461397,1,0.072978,1.000000,0
0.164800,1.002666,1.492955,1,0.062611,1.000000,0
0.164850,0.752867,1.524514,1,0.052203,1.000000,0
0.164900,0.502324,1.556073,1,0.041764,1.000000,0
0.164950,0.251286,1.587633,1,0.031304,1.000000,0
0.165000,0.000000,1.619192,1,0.020833,1.000000,0
0.165050,-0.251286,1.650751,1,0.010363,1.000000,0
0.165100,-0.502324,1.682308,1,-0.000097,1.000000,0
0.165150,-0.752867,1.713862,1,-0.010536,1.000000,0
0.165200,-1.002666,1.745414,1,-0.020944,1.000000,0
0.165250,-1.251476,1.776963,1,-0.031311,1.000000,0
0.165300,-1.499051,1.808509,1,-0.041627,1.000000,0
0.165350,-1.745146,1.840050,1,-0.051881,1.000000,0
0.165400,-1.989519,1.871586,1,-0.062063,1.000000,0
0.165450,-2.231929,1.903118,1,-0.072164,1.000000,0
0.165500,-2.472136,1.934644,1,-0.082172,1.000000,0
0.165550,-2.709903,1.966164,1,-0.092079,1.000000,0
0.165600,-2.944996,1.997677,1,-0.101875,1.000000,0
0.165650,-3.177183,2.029185,1,-0.111549,1.000000,0
0.165700,-3.406234,2.060685,1,-0.121093,1.000000,0
0.165750,-3.631924,2.092178,1,-0.130497,1.000000,0
0.165800,-3.854029,2.123663,1,-0.139751,1.000000,0
0.165850,-4.072331,2.155141,1,-0.148847,1.000000,0
0.165900,-4.286614,2.186611,1,-0.157776,1.000000,0
0.165950,-4.496667,2.218073,1,-0.166528,1.000000,0
0.166000,-4.702282,2.249527,1,-0.175095,1.000000,0
0.166050,-4.903256,2.280972,1,-0.183469,1.000000,0
0.166100,-5.099392,2.312410,1,-0.191641,1.000000,0
0.166150,-5.290495,2.343839,1,-0.199604,1.000000,0
0.166200,-5.476377,2.375259,1,-0.207349,1.000000,0
0.166250,-5.656854,2.406672,1,-0.214869,1.000000,0
0.166300,-5.831749,2.438076,1,-0.222156,1.000000,0
0.166350,-6.000889,2.469473,1,-0.229204,1.000000,0
0.166400,-6.164106,2.500861,1,-0.236004,1.000000,0
0.166450,-6.321240,2.532242,1,-0.242552,1.000000,0
0.166500,-6.472136,2.563615,1,-0.248839,1.000000,0
0.166550,-6.616645,2.594980,1,-0.254860,1.000000,0
0.166600,-6.754623,2.626339,1,-0.260609,1.000000,0
0.166650,-6.885936,2.657690,1,-0.266081,1.000000,0
0.166700,-7.010453,2.689035,1,-0.271269,1.000000,0
0.166750,-7.128052,2.720374,1,-0.276169,1.000000,0
0.166800,-7.238616,2.751707,1,-0.280776,1.000000,0
0.166850,-7.342037,2.783034,1,-0.285085,1.000000,0
0.166900,-7.438212,2.814356,1,-0.289092,1.000000,0
0.166950,-7.527046,2.845673,1,-0.292794,1.000000,0
0.167000,-7.608452,2.876985,1,-0.296186,1.000000,0
0.167050,-7.682349,2.908294,1,-0.299265,1.000000,0
0.167100,-7.748665,2.939599,1,-0.302028,1.000000,0
0.167150,-7.807334,2.970900,1,-0.304472,1.000000,0
0.167200,-7.858298,3.002199,1,-0.306596,1.000000,0
0.167250,-7.901507,3.033496,1,-0.308396,1.000000,0
0.167300,-7.936918,3.064791,1,-0.309872,1.000000,0
0.167350,-7.964496,3.096084,1,-0.311021,1.000000,0
0.167400,-7.984214,3.127376,1,-0.311842,1.000000,0
0.167450,-7.996052,3.158668,1,-0.312336,1.000000,0
0.167500,-8.000000,3.189961,1,-0.312500,1.000000,0
0.167550,-7.996052,3.221253,1,-0.312336,1.000000,0
0.167600,-7.984214,3.252547,1,-0.311842,1.000000,0
0.167650,-7.964496,3.283842,1,-0.311021,1.000000,0
0.167700,-7.936918,3.315139,1,-0.309872,1.000000,0
0.167750,-7.901507,3.346439,1,-0.308396,1.000000,0
0.167800,-7.858298,3.377742,1,-0.306596,1.000000,0
0.167850,-7.807334,3.409048,1,-0.304472,1.000000,0
0.167900,-7.748665,3.440358,1,-0.302028,1.000000,0
0.167950,-7.682349,3.471672,1,-0.299265,1.000000,0
0.168000,-7.608452,3.502991,1,-0.296186,1.000000,0
0.168050,-7.527046,3.534315,1,-0.292794,1.000000,0
0.168100,-7.438212,3.565645,1,-0.289092,1.000000,0
0.168150,-7.342037,3.596980,1,-0.285085,1.000000,0
0.168200,-7.238616,3.628322,1,-0.280776,1.000000,0
0.168250,-7.128052,3.659671,1,-0.276169,1.000000,0
0.168300,-7.010453,3.691026,1,-0.271269,1.000000,0
0.168350,-6.885936,3.722389,1,-0.266081,1.000000,0
0.168400,-6.754623,3.753759,1,-0.260609,1.000000,0
0.168450,-6.616645,3.785137,1,-0.254860,1.000000,0
0.168500,-6.472136,3.816523,1,-0.248839,1.000000,0
0.168550,-6.321240,3.847917,1,-0.242552,1.000000,0
0.168600,-6.164106,3.879320,1,-0.236004,1.000000,0
0.168650,-6.000889,3.910730,1,-0.229204,1.000000,0
0.168700,-5.831749,3.942149,1,-0.222156,1.000000,0
0.168750,-5.656854,3.973577,1,-0.214869,1.000000,0
0.168800,-5.476377,4.005014,1,-0.207349,1.000000,0
0.168850,-5.290495,4.036458,1,-0.199604,1.000000,0
0.168900,-5.099392,4.067912,1,-0.191641,1.000000,0
0.168950,-4.903256,4.099373,1,-0.183469,1.000000,0
0.169000,-4.702282,4.130843,1,-0.175095,1.000000,0
0.169050,-4.496667,4.162321,1,-0.166528,1.000000,0
0.169100,-4.286614,4.193807,1,-0.157776,1.000000,0
0.169150,-4.072331,4.225301,1,-0.148847,1.000000,0
0.169200,-3.854029,4.256801,1,-0.139751,1.000000,0
0.169250,-3.631924,4.288309,1,-0.130497,1.000000,0
0.169300,-3.406234,4.319824,1,-0.121093,1.000000,0
0.169350,-3.177183,4.351344,1,-0.111549,1.000000,0
0.169400,-2.944996,4.382871,1,-0.101875,1.000000,0
0.169450,-2.709903,4.414403,1,-0.092079,1.000000,0
0.169500,-2.472136,4.445941,1,-0.082172,1.000000,0
0.169550,-2.231929,4.477482,1,-0.072164,1.000000,0
0.169600,-1.989519,4.509028,1,-0.062063,1.000000,0
0.169650,-1.745146,4.540578,1,-0.051881,1.000000,0
0.169700,-1.499051,4.572130,1,-0.041627,1.000000,0
0.169750,-1.251476,4.603685,1,-0.031311,1.000000,0
0.169800,-1.002666,4.635242,1,-0.020944,1.000000,0
0.169850,-0.752867,4.666800,1,-0.010536,1.000000,0
0.169900,-0.502324,4.698359,1,-0.000097,1.000000,0
0.169950,-0.251286,4.729918,1,0.010363,1.000000,0
0.170000,0.000000,4.761476,1,0.020833,1.000000,0
0.170050,0.251286,4.793034,1,0.031304,1.000000,0
0.170100,0.502324,4.824590,1,0.041764,1.000000,0
0.170150,0.752867,4.856144,1,0.052203,1.000000,0
0.170200,1.002666,4.887696,1,0.062611,1.000000,0
0.170250,1.251476,4.919244,1,0.072978,1.000000,0
0.170300,1.499051,4.950788,1,0.083294,1.000000,0
0.170350,1.745146,4.982329,1,0.093548,1.000000,0
0.170400,1.989519,5.013865,1,0.103730,1.000000,0
0.170450,2.231929,5.045395,1,0.113830,1.000000,0
0.170500,2.472136,5.076921,1,0.123839,1.000000,0
0.170550,2.709903,5.108440,1,0.133746,1.000000,0
0.170600,2.944996,5.139953,1,0.143542,1.000000,0
0.170650,3.177183,5.171460,1,0.153216,1.000000,0
0.170700,3.406234,5.202959,1,0.162760,1.000000,0
0.170750,3.631924,5.234452,1,0.172163,1.000000,0
0.170800,3.854029,5.265936,1,0.181418,1.000000,0
0.170850,4.072331,5.297414,1,0.190514,1.000000,0
0.170900,4.286614,5.328883,1,0.199442,1.000000,0
0.170950,4.496667,5.360344,1,0.208194,1.000000,0
0.171000,4.702282,5.391797,1,0.216762,1.000000,0
0.171050,4.903256,5.423242,1,0.225136,1.000000,0
0.171100,5.099392,5.454679,1,0.233308,1.000000,0
0.171150,5.290495,5.486108,1,0.241271,1.000000,0
0.171200,5.476377,5.517528,1,0.249016,1.000000,0
0.171250,5.656854,5.548940,1,0.256536,1.000000,0
0.171300,5.831749,5.580343,1,0.263823,1.000000,0
0.171350,6.000889,5.611739,1,0.270870,1.000000,0
0.171400,6.164106,5.643127,1,0.277671,1.000000,0
0.171450,6.321240,5.674507,1,0.284218,1.000000,0
0.171500,6.472136,5.705879,1,0.290506,1.000000,0
0.171550,6.616645,5.737244,1,0.296527,1.000000,0
0.171600,6.754623,5.768602,1,0.302276,1.000000,0
0.171650,6.885936,5.799953,1,0.307747,1.000000,0
0.171700,7.010453,5.831298,1,0.312936,1.000000,0
0.171750,7.128052,5.862636,1,0.317836,1.000000,0
0.171800,7.238616,5.893968,1,0.322442,1.000000,0
0.171850,7.342037,5.925294,1,0.326752,1.000000,0
0.171900,7.438212,5.956616,1,0.330759,1.000000,0
0.171950,7.527046,5.987932,1,0.334460,1.000000,0
0.172000,7.608452,6.019244,1,0.337852,1.000000,0
0.172050,7.682349,6.050552,1,0.340931,1.000000,0
0.172100,7.748665,6.081856,1,0.343694,1.000000,0
0.172150,7.807334,6.113157,1,0.346139,1.000000,0
0.172200,7.858298,6.144455,1,0.348262,1.000000,0
0.172250,7.901507,6.175751,1,0.350063,1.000000,0
0.172300,7.936918,6.207045,1,0.351538,1.000000,0
0.172350,7.964496,6.238338,1,0.352687,1.000000,0
0.172400,7.984214,6.269630,1,0.353509,1.000000,0
0.172450,7.996052,0.017736,1,0.354002,1.000000,0
0.172500,8.000000,0.049027,1,0.354167,1.000000,0
0.172550,7.996052,0.080319,1,0.354002,1.000000,0
0.172600,7.984214,0.111612,1,0.353509,1.000000,0
0.172650,7.964496,0.142907,1,0.352687,1.000000,0
0.172700,7.936918,0.174203,1,0.351538,1.000000,0
0.172750,7.901507,0.205502,1,0.350063,1.000000,0
0.172800,7.858298,0.236804,1,0.348262,1.000000,0
0.172850,7.807334,0.268109,1,0.346139,1.000000,0
0.172900,7.748665,0.299419,1,0.343694,1.000000,0
0.172950,7.682349,0.330732,1,0.340931,1.000000,0
0.173000,7.608452,0.362050,1,0.337852,1.000000,0
0.173050,7.527046,0.393374,1,0.334460,1.000000,0
0.173100,7.438212,0.424703,1,0.330759,1.000000,0
0.173150,7.342037,0.456037,1,0.326752,1.000000,0
0.173200,7.238616,0.487379,1,0.322442,1.000000,0
0.173250,7.128052,0.518726,1,0.317836,1.000000,0
0.173300,7.010453,0.550081,1,0.312936,1.000000,0
0.173350,6.885936,0.581443,1,0.307747,1.000000,0
0.173400,6.754623,0.612812,1,0.302276,1.000000,0
0.173450,6.616645,0.644189,1,0.296527,1.000000,0
0.173500,6.472136,0.675575,1,0.290506,1.000000,0
0.173550,6.321240,0.706968,1,0.284218,1.000000,0
0.173600,6.164106,0.738369,1,0.277671,1.000000,0
0.173650,6.000889,0.769779,1,0.270870,1.000000,0
0.173700,5.831749,0.801198,1,0.263823,1.000000,0
0.173750,5.656854,0.832625,1,0.256536,1.000000,0
0.173800,5.476377,0.864060,1,0.249016,1.000000,0
0.173850,5.290495,0.895504,1,0.241271,1.000000,0
0.173900,5.099392,0.926957,1,0.233308,1.000000,0
0.173950,4.903256,0.958418,1,0.225136,1.000000,0
0.174000,4.702282,0.989887,1,0.216762,1.000000,0
0.174050,4.496667,1.021364,1,0.208194,1.000000,0
0.174100,4.286614,1.052849,1,0.199442,1.000000,0
0.174150,4.072331,1.084342,1,0.190514,1.000000,0
0.174200,3.854029,1.115842,1,0.181418,1.000000,0
0.174250,3.631924,1.147349,1,0.172163,1.000000,0
0.174300,3.406234,1.178862,1,0.162760,1.000000,0
0.174350,3.177183,1.210382,1,0.153216,1.000000,0
0.174400,2.944996,1.241908,1,0.143542,1.000000,0
0.174450,2.709903,1.273440,1,0.133746,1.000000,0
0.174500,2.472136,1.304976,1,0.123839,1.000000,0
0.174550,2.231929,1.336517,1,0.113830,1.000000,0
0.174600,1.989519,1.368063,1,0.103730,1.000000,0
0.174650,1.745146,1.399611,1,0.093548,1.000000,0
0.174700,1.499051,1.431163,1,0.083294,1.000000,0
0.174750,1.251476,1.462717,1,0.072978,1.000000,0
0.174800,1.002666,1.494273,1,0.062611,1.000000,0
0.174850,0.752867,1.525831,1,0.052203,1.000000,0
0.174900,0.502324,1.557389,1,0.041764,1.000000,0
0.174950,0.251286,1.588947,1,0.031304,1.000000,0
0.175000,-0.000000,1.620505,1,0.020833,1.000000,0
0.175050,-0.251286,1.652062,1,0.010363,1.000000,0
0.175100,-0.502324,1.683617,1,-0.000097,1.000000,0
0.175150,-0.752867,1.715171,1,-0.010536,1.000000,0
0.175200,-1.002666,1.746722,1,-0.020944,1.000000,0
0.175250,-1.251476,1.778269,1,-0.031311,1.000000,0
0.175300,-1.499051,1.809813,1,-0.041627,1.000000,0
0.175350,-1.745146,1.841353,1,-0.051881,1.000000,0
0.175400,-1.989519,1.872888,1,-0.062063,1.000000,0
0.175450,-2.231929,1.904419,1,-0.072164,1.000000,0
0.175500,-2.472136,1.935943,1,-0.082172,1.000000,0
0.175550,-2.709903,1.967462,1,-0.092079,1.000000,0
0.175600,-2.944996,1.998975,1,-0.101875,1.000000,0
0.175650,-3.177183,2.030480,1,-0.111549,1.000000,0
0.175700,-3.406234,2.061979,1,-0.121093,1.000000,0
0.175750,-3.631924,2.093471,1,-0.130497,1.000000,0
0.175800,-3.854029,2.124955,1,-0.139751,1.000000,0
0.175850,-4.072331,2.156432,1,-0.148847,1.000000,0
0.175900,-4.286614,2.187901,1,-0.157776,1.000000,0
0.175950,-4.496667,2.219362,1,-0.166528,1.000000,0
0.176000,-4.702282,2.250814,1,-0.175095,1.000000,0
0.176050,-4.903256,2.282259,1,-0.183469,1.000000,0
0.176100,-5.099392,2.313695,1,-0.191641,1.000000,0
0.176150,-5.290495,2.345123,1,-0.199604,1.000000,0
0.176200,-5.476377,2.376542,1,-0.207349,1.000000,0
0.176250,-5.656854,2.407954,1,-0.214869,1.000000,0
0.176300,-5.831749,2.439357,1,-0.222156,1.000000,0
0.176350,-6.000889,2.470752,1,-0.229204,1.000000,0
0.176400,-6.164106,2.502139,1,-0.236004,1.000000,0
0.176450,-6.321240,2.533519,1,-0.242552,1.000000,0
0.176500,-6.472136,2.564891,1,-0.248839,1.000000,0
0.176550,-6.616645,2.596255,1,-0.254860,1.000000,0
0.176600,-6.754623,2.627613,1,-0.260609,1.000000,0
0.176650,-6.885936,2.658963,1,-0.266081,1.000000,0
0.176700,-7.010453,2.690307,1,-0.271269,1.000000,0
0.176750,-7.128052,2.721644,1,-0.276169,1.000000,0
0.176800,-7.238616,2.752976,1,-0.280776,1.000000,0
0.176850,-7.342037,2.784302,1,-0.285085,1.000000,0
0.176900,-7.438212,2.815623,1,-0.289092,1.000000,0
0.176950,-7.527046,2.846939,1,-0.292794,1.000000,0
0.177000,-7.608452,2.878250,1,-0.296186,1.000000,0
0.177050,-7.682349,2.909557,1,-0.299265,1.000000,0
0.177100,-7.748665,2.940861,1,-0.302028,1.000000,0
0.177150,-7.807334,2.972161,1,-0.304472,1.000000,0
0.177200,-7.858298,3.003459,1,-0.306596,1.000000,0
0.177250,-7.901507,3.034754,1,-0.308396,1.000000,0
0.177300,-7.936918,3.066048,1,-0.309872,1.000000,0
0.177350,-7.964496,3.097340,1,-0.311021,1.000000,0
0.177400,-7.984214,3.128631,1,-0.311842,1.000000,0
0.177450,-7.996052,3.159922,1,-0.312336,1.000000,0
0.177500,-8.000000,3.191212,1,-0.312500,1.000000,0
0.177550,-7.996052,3.222504,1,-0.312336,1.000000,0
0.177600,-7.984214,3.253796,1,-0.311842,1.000000,0
0.177650,-7.964496,3.285090,1,-0.311021,1.000000,0
0.177700,-7.936918,3.316386,1,-0.309872,1.000000,0
0.177750,-7.901507,3.347684,1,-0.308396,1.000000,0
0.177800,-7.858298,3.378985,1,-0.306596,1.000000,0
0.177850,-7.807334,3.410290,1,-0.304472,1.000000,0
0.177900,-7.748665,3.441599,1,-0.302028,1.000000,0
0.177950,-7.682349,3.472911,1,-0.299265,1.000000,0
0.178000,-7.608452,3.504229,1,-0.296186,1.000000,0
0.178050,-7.527046,3.535552,1,-0.292794,1.000000,0
0.178100,-7.438212,3.566880,1,-0.289092,1.000000,0
0.178150,-7.342037,3.598214,1,-0.285085,1.000000,0
0.178200,-7.238616,3.629554,1,-0.280776,1.000000,0
0.178250,-7.128052,3.660901,1,-0.276169,1.000000,0
0.178300,-7.010453,3.692255,1,-0.271269,1.000000,0
0.178350,-6.885936,3.723617,1,-0.266081,1.000000,0
0.178400,-6.754623,3.754985,1,-0.260609,1.000000,0
0.178450,-6.616645,3.786362,1,-0.254860,1.000000,0
0.178500,-6.472136,3.817746,1,-0.248839,1.000000,0
0.178550,-6.321240,3.849139,1,-0.242552,1.000000,0
0.178600,-6.164106,3.880540,1,-0.236004,1.000000,0
0.178650,-6.000889,3.911949,1,-0.229204,1.000000,0
0.178700,-5.831749,3.943367,1,-0.222156,1.000000,0
0.178750,-5.656854,3.974793,1,-0.214869,1.000000,0
0.178800,-5.476377,4.006228,1,-0.207349,1.000000,0
0.178850,-5.290495,4.037671,1,-0.199604,1.000000,0
0.178900,-5.099392,4.069123,1,-0.191641,1.000000,0
0.178950,-4.903256,4.100583,1,-0.183469,1.000000,0
0.179000,-4.702282,4.132051,1,-0.175095,1.000000,0
0.179050,-4.496667,4.163528,1,-0.166528,1.000000,0
0.179100,-4.286614,4.195012,1,-0.157776,1.000000,0
0.179150,-4.072331,4.226504,1,-0.148847,1.000000,0
0.179200,-3.854029,4.258003,1,-0.139751,1.000000,0
0.179250,-3.631924,4.289510,1,-0.130497,1.000000,0
0.179300,-3.406234,4.321023,1,-0.121093,1.000000,0
0.179350,-3.177183,4.352542,1,-0.111549,1.000000,0
0.179400,-2.944996,4.384067,1,-0.101875,1.000000,0
0.179450,-2.709903,4.415598,1,-0.092079,1.000000,0
0.179500,-2.472136,4.447134,1,-0.082172,1.000000,0
0.179550,-2.231929,4.478674,1,-0.072164,1.000000,0
0.179600,-1.989519,4.510219,1,-0.062063,1.000000,0
0.179650,-1.745146,4.541767,1,-0.051881,1.000000,0
0.179700,-1.499051,4.573318,1,-0.041627,1.000000,0
0.179750,-1.251476,4.604871,1,-0.031311,1.000000,0
0.179800,-1.002666,4.636427,1,-0.020944,1.000000,0
0.179850,-0.752867,4.667984,1,-0.010536,1.000000,0
0.179900,-0.502324,4.699541,1,-0.000097,1.000000,0
0.179950,-0.251286,4.731099,1,0.010363,1.000000,0
0.180000,0.000000,4.762656,1,0.020833,1.000000,0
0.180050,0.251286,4.794213,1,0.031304,1.000000,0
0.180100,0.502324,4.825768,1,0.041764,1.000000,0
0.180150,0.752867,4.857320,1,0.052203,1.000000,0
0.180200,1.002666,4.888871,1,0.062611,1.000000,0
0.180250,1.251476,4.920418,1,0.072978,1.000000,0
0.180300,1.499051,4.951961,1,0.083294,1.000000,0
0.180350,1.745146,4.983500,1,0.093548,1.000000,0
0.180400,1.989519,5.015035,1,0.103730,1.000000,0
0.180450,2.231929,5.046565,1,0.113830,1.000000,0
0.180500,2.472136,5.078089,1,0.123839,1.000000,0
0.180550,2.709903,5.109607,1,0.133746,1.000000,0
0.180600,2.944996,5.141119,1,0.143542,1.000000,0
0.180650,3.177183,5.172625,1,0.153216,1.000000,0
0.180700,3.406234,5.204123,1,0.162760,1.000000,0
0.180750,3.631924,5.235614,1,0.172163,1.000000,0
0.180800,3.854029,5.267098,1,0.181418,1.000000,0
0.180850,4.072331,5.298574,1,0.190514,1.000000,0
0.180900,4.286614,5.330042,1,0.199442,1.000000,0
0.180950,4.496667,5.361503,1,0.208194,1.000000,0
0.181000,4.702282,5.392955,1,0.216762,1.000000,0
0.181050,4.903256,5.424399,1,0.225136,1.000000,0
0.181100,5.099392,5.455835,1,0.233308,1.000000,0
0.181150,5.290495,5.487262,1,0.241271,1.000000,0
0.181200,5.476377,5.518681,1,0.249016,1.000000,0
0.181250,5.656854,5.550092,1,0.256536,1.000000,0
0.181300,5.831749,5.581495,1,0.263823,1.000000,0
0.181350,6.000889,5.612889,1,0.270870,1.000000,0
0.181400,6.164106,5.644276,1,0.277671,1.000000,0
0.181450,6.321240,5.675655,1,0.284218,1.000000,0
0.181500,6.472136,5.707026,1,0.290506,1.000000,0
0.181550,6.616645,5.738390,1,0.296527,1.000000,0
0.181600,6.754623,5.769747,1,0.302276,1.000000,0
0.181650,6.885936,5.801097,1,0.307747,1.000000,0
0.181700,7.010453,5.832441,1,0.312936,1.000000,0
0.181750,7.128052,5.863778,1,0.317836,1.000000,0
0.181800,7.238616,5.895109,1,0.322442,1.000000,0
0.181850,7.342037,5.926434,1,0.326752,1.000000,0
0.181900,7.438212,5.957755,1,0.330759,1.000000,0
0.181950,7.527046,5.989070,1,0.334460,1.000000,0
0.182000,7.608452,6.020381,1,0.337852,1.000000,0
0.182050,7.682349,6.051687,1,0.340931,1.000000,0
0.182100,7.748665,6.082991,1,0.343694,1.000000,0
0.182150,7.807334,6.114290,1,0.346139,1.000000,0
0.182200,7.858298,6.145588,1,0.348262,1.000000,0
0.182250,7.901507,6.176882,1,0.350063,1.000000,0
0.182300,7.936918,6.208175,1,0.351538,1.000000,0
0.182350,7.964496,6.239467,1,0.352687,1.000000,0
0.182400,7.984214,6.270757,1,0.353509,1.000000,0
0.182450,7.996052,0.018862,1,0.354002,1.000000,0
0.182500,8.000000,0.050152,1,0.354167,1.000000,0
0.182550,7.996052,0.081443,1,0.354002,1.000000,0
0.182600,7.984214,0.112735,1,0.353509,1.000000,0
0.182650,7.964496,0.144028,1,0.352687,1.000000,0
0.182700,7.936918,0.175324,1,0.351538,1.000000,0
0.182750,7.901507,0.206621,1,0.350063,1.000000,0
0.182800,7.858298,0.237922,1,0.348262,1.000000,0
0.182850,7.807334,0.269226,1,0.346139,1.000000,0
0.182900,7.748665,0.300534,1,0.343694,1.000000,0
0.182950,7.682349,0.331846,1,0.340931,1.000000,0
0.183000,7.608452,0.363163,1,0.337852,1.000000,0
0.183050,7.527046,0.394485,1,0.334460,1.000000,0
0.183100,7.438212,0.425813,1,0.330759,1.000000,0
0.183150,7.342037,0.457146,1,0.326752,1.000000,0
0.183200,7.238616,0.488486,1,0.322442,1.000000,0
0.183250,7.128052,0.519832,1,0.317836,1.000000,0
0.183300,7.010453,0.551186,1,0.312936,1.000000,0
0.183350,6.885936,0.582546,1,0.307747,1.000000,0
0.183400,6.754623,0.613914,1,0.302276,1.000000,0
0.183450,6.616645,0.645290,1,0.296527,1.000000,0
0.183500,6.472136,0.676674,1,0.290506,1.000000,0
0.183550,6.321240,0.708066,1,0.284218,1.000000,0
0.183600,6.164106,0.739466,1,0.277671,1.000000,0
0.183650,6.000889,0.770875,1,0.270870,1.000000,0
0.183700,5.831749,0.802292,1,0.263823,1.000000,0
0.183750,5.656854,0.833717,1,0.256536,1.000000,0
0.183800,5.476377,0.865152,1,0.249016,1.000000,0
0.183850,5.290495,0.896594,1,0.241271,1.000000,0
0.183900,5.099392,0.928045,1,0.233308,1.000000,0
0.183950,4.903256,0.959505,1,0.225136,1.000000,0
0.184000,4.702282,0.990973,1,0.216762,1.000000,0
0.184050,4.496667,1.022448,1,0.208194,1.000000,0
0.184100,4.286614,1.053932,1,0.199442,1.000000,0
0.184150,4.072331,1.085423,1,0.190514,1.000000,0
0.184200,3.854029,1.116922,1,0.181418,1.000000,0
0.184250,3.631924,1.148428,1,0.172163,1.000000,0
0.184300,3.406234,1.179940,1,0.162760,1.000000,0
0.184350,3.177183,1.211459,1,0.153216,1.000000,0
0.184400,2.944996,1.242984,1,0.143542,1.000000,0
0.184450,2.709903,1.274514,1,0.133746,1.000000,0
0.184500,2.472136,1.306049,1,0.123839,1.000000,0
0.184550,2.231929,1.337589,1,0.113830,1.000000,0
0.184600,1.989519,1.369133,1,0.103730,1.000000,0
0.184650,1.745146,1.400680,1,0.093548,1.000000,0
0.184700,1.499051,1.432231,1,0.083294,1.000000,0
0.184750,1.251476,1.463784,1,0.072978,1.000000,0
0.184800,1.002666,1.495339,1,0.062611,1.000000,0
0.184850,0.752867,1.526895,1,0.052203,1.000000,0
0.184900,0.502324,1.558452,1,0.041764,1.000000,0
0.184950,0.251286,1.590009,1,0.031304,1.000000,0
0.185000,0.000000,1.621566,1,0.020833,1.000000,0
0.185050,-0.251286,1.653122,1,0.010363,1.000000,0
0.185100,-0.502324,1.684676,1,-0.000097,1.000000,0
0.185150,-0.752867,1.716228,1,-0.010536,1.000000,0
0.185200,-1.002666,1.747778,1,-0.020944,1.000000,0
0.185250,-1.251476,1.779325,1,-0.031311,1.000000,0
0.185300,-1.499051,1.810868,1,-0.041627,1.000000,0
0.185350,-1.745146,1.842406,1,-0.051881,1.000000,0
0.185400,-1.989519,1.873941,1,-0.062063,1.000000,0
0.185450,-2.231929,1.905470,1,-0.072164,1.000000,0
0.185500,-2.472136,1.936993,1,-0.082172,1.000000,0
0.185550,-2.709903,1.968511,1,-0.092079,1.000000,0
0.185600,-2.944996,2.000023,1,-0.101875,1.000000,0
0.185650,-3.177183,2.031528,1,-0.111549,1.000000,0
0.185700,-3.406234,2.063026,1,-0.121093,1.000000,0
0.185750,-3.631924,2.094516,1,-0.130497,1.000000,0
0.185800,-3.854029,2.126000,1,-0.139751,1.000000,0
0.185850,-4.072331,2.157475,1,-0.148847,1.000000,0
0.185900,-4.286614,2.188943,1,-0.157776,1.000000,0
0.185950,-4.496667,2.220403,1,-0.166528,1.000000,0
0.186000,-4.702282,2.251855,1,-0.175095,1.000000,0
0.186050,-4.903256,2.283298,1,-0.183469,1.000000,0
0.186100,-5.099392,2.314734,1,-0.191641,1.000000,0
0.186150,-5.290495,2.346161,1,-0.199604,1.000000,0
0.186200,-5.476377,2.377579,1,-0.207349,1.000000,0
0.186250,-5.656854,2.408990,1,-0.214869,1.000000,0
0.186300,-5.831749,2.440392,1,-0.222156,1.000000,0
0.186350,-6.000889,2.471786,1,-0.229204,1.000000,0
0.186400,-6.164106,2.503173,1,-0.236004,1.000000,0
0.186450,-6.321240,2.534551,1,-0.242552,1.000000,0
0.186500,-6.472136,2.565922,1,-0.248839,1.000000,0
0.186550,-6.616645,2.597286,1,-0.254860,1.000000,0
0.186600,-6.754623,2.628642,1,-0.260609,1.000000,0
0.186650,-6.885936,2.659992,1,-0.266081,1.000000,0
0.186700,-7.010453,2.691334,1,-0.271269,1.000000,0
0.186750,-7.128052,2.722671,1,-0.276169,1.000000,0
0.186800,-7.238616,2.754002,1,-0.280776,1.000000,0
0.186850,-7.342037,2.785327,1,-0.285085,1.000000,0
0.186900,-7.438212,2.816647,1,-0.289092,1.000000,0
0.186950,-7.527046,2.847961,1,-0.292794,1.000000,0
0.187000,-7.608452,2.879272,1,-0.296186,1.000000,0
0.187050,-7.682349,2.910578,1,-0.299265,1.000000,0
0.187100,-7.748665,2.941881,1,-0.302028,1.000000,0
0.187150,-7.807334,2.973180,1,-0.304472,1.000000,0
0.187200,-7.858298,3.004477,1,-0.306596,1.000000,0
0.187250,-7.901507,3.035771,1,-0.308396,1.000000,0
0.187300,-7.936918,3.067063,1,-0.309872,1.000000,0
0.187350,-7.964496,3.098354,1,-0.311021,1.000000,0
0.187400,-7.984214,3.129645,1,-0.311842,1.000000,0
0.187450,-7.996052,3.160934,1,-0.312336,1.000000,0
0.187500,-8.000000,3.192224,1,-0.312500,1.000000,0
0.187550,-7.996052,3.223514,1,-0.312336,1.000000,0
0.187600,-7.984214,3.254806,1,-0.311842,1.000000,0
0.187650,-7.964496,3.286098,1,-0.311021,1.000000,0
0.187700,-7.936918,3.317393,1,-0.309872,1.000000,0
0.187750,-7.901507,3.348690,1,-0.308396,1.000000,0
0.187800,-7.858298,3.379990,1,-0.306596,1.000000,0
0.187850,-7.807334,3.411294,1,-0.304472,1.000000,0
0.187900,-7.748665,3.442601,1,-0.302028,1.000000,0
0.187950,-7.682349,3.473913,1,-0.299265,1.000000,0
0.188000,-7.608452,3.505229,1,-0.296186,1.000000,0
0.188050,-7.527046,3.536551,1,-0.292794,1.000000,0
0.188100,-7.438212,3.567878,1,-0.289092,1.000000,0
0.188150,-7.342037,3.599211,1,-0.285085,1.000000,0
0.188200,-7.238616,3.630550,1,-0.280776,1.000000,0
0.188250,-7.128052,3.661896,1,-0.276169,1.000000,0
0.188300,-7.010453,3.693249,1,-0.271269,1.000000,0
0.188350,-6.885936,3.724609,1,-0.266081,1.000000,0
0.188400,-6.754623,3.755976,1,-0.260609,1.000000,0
0.188450,-6.616645,3.787351,1,-0.254860,1.000000,0
0.188500,-6.472136,3.818735,1,-0.248839,1.000000,0
0.188550,-6.321240,3.850126,1,-0.242552,1.000000,0
0.188600,-6.164106,3.881525,1,-0.236004,1.000000,0
0.188650,-6.000889,3.912933,1,-0.229204,1.000000,0
0.188700,-5.831749,3.944350,1,-0.222156,1.000000,0
0.188750,-5.656854,3.975775,1,-0.214869,1.000000,0
0.188800,-5.476377,4.007209,1,-0.207349,1.000000,0
0.188850,-5.290495,4.038651,1,-0.199604,1.000000,0
0.188900,-5.099392,4.070101,1,-0.191641,1.000000,0
0.188950,-4.903256,4.101560,1,-0.183469,1.000000,0
0.189000,-4.702282,4.133027,1,-0.175095,1.000000,0
0.189050,-4.496667,4.164503,1,-0.166528,1.000000,0
0.189100,-4.286614,4.195986,1,-0.157776,1.000000,0
0.189150,-4.072331,4.227476,1,-0.148847,1.000000,0
0.189200,-3.854029,4.258975,1,-0.139751,1.000000,0
0.189250,-3.631924,4.290480,1,-0.130497,1.000000,0
0.189300,-3.406234,4.321992,1,-0.121093,1.000000,0
0.189350,-3.177183,4.353510,1,-0.111549,1.000000,0
0.189400,-2.944996,4.385034,1,-0.101875,1.000000,0
0.189450,-2.709903,4.416564,1,-0.092079,1.000000,0
0.189500,-2.472136,4.448098,1,-0.082172,1.000000,0
0.189550,-2.231929,4.479638,1,-0.072164,1.000000,0
0.189600,-1.989519,4.511181,1,-0.062063,1.000000,0
0.189650,-1.745146,4.542728,1,-0.051881,1.000000,0
0.189700,-1.499051,4.574278,1,-0.041627,1.000000,0
0.189750,-1.251476,4.605830,1,-0.031311,1.000000,0
0.189800,-1.002666,4.637385,1,-0.020944,1.000000,0
0.189850,-0.752867,4.668940,1,-0.010536,1.000000,0
0.189900,-0.502324,4.700497,1,-0.000097,1.000000,0
0.189950,-0.251286,4.732054,1,0.010363,1.000000,0
0.190000,0.000000,4.763610,1,0.020833,1.000000,0
0.190050,0.251286,4.795165,1,0.031304,1.000000,0
0.190100,0.502324,4.826719,1,0.041764,1.000000,0
0.190150,0.752867,4.858271,1,0.052203,1.000000,0
0.190200,1.002666,4.889820,1,0.062611,1.000000,0
0.190250,1.251476,4.921366,1,0.072978,1.000000,0
0.190300,1.499051,4.952909,1,0.083294,1.000000,0
0.190350,1.745146,4.984447,1,0.093548,1.000000,0
0.190400,1.989519,5.015981,1,0.103730,1.000000,0
0.190450,2.231929,5.047510,1,0.113830,1.000000,0
0.190500,2.472136,5.079033,1,0.123839,1.000000,0
0.190550,2.709903,5.110550,1,0.133746,1.000000,0
0.190600,2.944996,5.142061,1,0.143542,1.000000,0
0.190650,3.177183,5.173566,1,0.153216,1.000000,0
0.190700,3.406234,5.205063,1,0.162760,1.000000,0
0.190750,3.631924,5.236554,1,0.172163,1.000000,0
0.190800,3.854029,5.268037,1,0.181418,1.000000,0
0.190850,4.072331,5.299512,1,0.190514,1.000000,0
0.190900,4.286614,5.330979,1,0.199442,1.000000,0
0.190950,4.496667,5.362439,1,0.208194,1.000000,0
0.191000,4.702282,5.393890,1,0.216762,1.000000,0
0.191050,4.903256,5.425333,1,0.225136,1.000000,0
0.191100,5.099392,5.456768,1,0.233308,1.000000,0
0.191150,5.290495,5.488195,1,0.241271,1.000000,0
0.191200,5.476377,5.519613,1,0.249016,1.000000,0
0.191250,5.656854,5.551023,1,0.256536,1.000000,0
0.191300,5.831749,5.582425,1,0.263823,1.000000,0
0.191350,6.000889,5.613819,1,0.270870,1.000000,0
0.191400,6.164106,5.645205,1,0.277671,1.000000,0
0.191450,6.321240,5.676583,1,0.284218,1.000000,0
0.191500,6.472136,5.707954,1,0.290506,1.000000,0
0.191550,6.616645,5.739317,1,0.296527,1.000000,0
0.191600,6.754623,5.770673,1,0.302276,1.000000,0
0.191650,6.885936,5.802022,1,0.307747,1.000000,0
0.191700,7.010453,5.833364,1,0.312936,1.000000,0
0.191750,7.128052,5.864701,1,0.317836,1.000000,0
0.191800,7.238616,5.896031,1,0.322442,1.000000,0
0.191850,7.342037,5.927356,1,0.326752,1.000000,0
0.191900,7.438212,5.958675,1,0.330759,1.000000,0
0.191950,7.527046,5.989989,1,0.334460,1.000000,0
0.192000,7.608452,6.021299,1,0.337852,1.000000,0
0.192050,7.682349,6.052605,1,0.340931,1.000000,0
0.192100,7.748665,6.083907,1,0.343694,1.000000,0
0.192150,7.807334,6.115206,1,0.346139,1.000000,0
0.192200,7.858298,6.146503,1,0.348262,1.000000,0
0.192250,7.901507,6.177796,1,0.350063,1.000000,0
0.192300,7.936918,6.209088,1,0.351538,1.000000,0
0.192350,7.964496,6.240379,1,0.352687,1.000000,0
0.192400,7.984214,6.271669,1,0.353509,1.000000,0
0.192450,7.996052,0.019773,1,0.354002,1.000000,0
0.192500,8.000000,0.051062,1,0.354167,1.000000,0
0.192550,7.996052,0.082352,1,0.354002,1.000000,0
0.192600,7.984214,0.113642,1,0.353509,1.000000,0
0.192650,7.964496,0.144935,1,0.352687,1.000000,0
0.192700,7.936918,0.176229,1,0.351538,1.000000,0
0.192750,7.901507,0.207526,1,0.350063,1.000000,0
0.192800,7.858298,0.238825,1,0.348262,1.000000,0
0.192850,7.807334,0.270128,1,0.346139,1.000000,0
0.192900,7.748665,0.301435,1,0.343694,1.000000,0
0.192950,7.682349,0.332747,1,0.340931,1.000000,0
0.193000,7.608452,0.364062,1,0.337852,1.000000,0
0.193050,7.527046,0.395383,1,0.334460,1.000000,0
0.193100,7.438212,0.426710,1,0.330759,1.000000,0
0.193150,7.342037,0.458042,1,0.326752,1.000000,0
0.193200,7.238616,0.489381,1,0.322442,1.000000,0
0.193250,7.128052,0.520726,1,0.317836,1.000000,0
0.193300,7.010453,0.552079,1,0.312936,1.000000,0
0.193350,6.885936,0.583438,1,0.307747,1.000000,0
0.193400,6.754623,0.614805,1,0.302276,1.000000,0
0.193450,6.616645,0.646180,1,0.296527,1.000000,0
0.193500,6.472136,0.677562,1,0.290506,1.000000,0
0.193550,6.321240,0.708953,1,0.284218,1.000000,0
0.193600,6.164106,0.740352,1,0.277671,1.000000,0
0.193650,6.000889,0.771760,1,0.270870,1.000000,0
0.193700,5.831749,0.803176,1,0.263823,1.000000,0
0.193750,5.656854,0.834600,1,0.256536,1.000000,0
0.193800,5.476377,0.866033,1,0.249016,1.000000,0
0.193850,5.290495,0.897475,1,0.241271,1.000000,0
0.193900,5.099392,0.928925,1,0.233308,1.000000,0
0.193950,4.903256,0.960383,1,0.225136,1.000000,0
0.194000,4.702282,0.991850,1,0.216762,1.000000,0
0.194050,4.496667,1.023325,1,0.208194,1.000000,0
0.194100,4.286614,1.054807,1,0.199442,1.000000,0
0.194150,4.072331,1.086298,1,0.190514,1.000000,0
0.194200,3.854029,1.117795,1,0.181418,1.000000,0
0.194250,3.631924,1.149300,1,0.172163,1.000000,0
0.194300,3.406234,1.180811,1,0.162760,1.000000,0
0.194350,3.177183,1.212329,1,0.153216,1.000000,0
0.194400,2.944996,1.243853,1,0.143542,1.000000,0
0.194450,2.709903,1.275382,1,0.133746,1.000000,0
0.194500,2.472136,1.306916,1,0.123839,1.000000,0
0.194550,2.231929,1.338455,1,0.113830,1.000000,0
0.194600,1.989519,1.369998,1,0.103730,1.000000,0
0.194650,1.745146,1.401544,1,0.093548,1.000000,0
0.194700,1.499051,1.433094,1,0.083294,1.000000,0
0.194750,1.251476,1.464646,1,0.072978,1.000000,0
0.194800,1.002666,1.496200,1,0.062611,1.000000,0
0.194850,0.752867,1.527755,1,0.052203,1.000000,0
0.194900,0.502324,1.559311,1,0.041764,1.000000,0
0.194950,0.251286,1.590867,1,0.031304,1.000000,0
0.195000,-0.000000,1.622423,1,0.020833,1.000000,0
0.195050,-0.251286,1.653978,1,0.010363,1.000000,0
0.195100,-0.502324,1.685531,1,-0.000097,1.000000,0
0.195150,-0.752867,1.717083,1,-0.010536,1.000000,0
0.195200,-1.002666,1.748632,1,-0.020944,1.000000,0
0.195250,-1.251476,1.780177,1,-0.031311,1.000000,0
0.195300,-1.499051,1.811719,1,-0.041627,1.000000,0
0.195350,-1.745146,1.843257,1,-0.051881,1.000000,0
0.195400,-1.989519,1.874791,1,-0.062063,1.000000,0
0.195450,-2.231929,1.906319,1,-0.072164,1.000000,0
0.195500,-2.472136,1.937842,1,-0.082172,1.000000,0
0.195550,-2.709903,1.969359,1,-0.092079,1.000000,0
0.195600,-2.944996,2.000870,1,-0.101875,1.000000,0
0.195650,-3.177183,2.032374,1,-0.111549,1.000000,0
0.195700,-3.406234,2.063871,1,-0.121093,1.000000,0
0.195750,-3.631924,2.095361,1,-0.130497,1.000000,0
0.195800,-3.854029,2.126844,1,-0.139751,1.000000,0
0.195850,-4.072331,2.158318,1,-0.148847,1.000000,0
0.195900,-4.286614,2.189786,1,-0.157776,1.000000,0
0.195950,-4.496667,2.221245,1,-0.166528,1.000000,0
0.196000,-4.702282,2.252696,1,-0.175095,1.000000,0
0.196050,-4.903256,2.284138,1,-0.183469,1.000000,0
0.196100,-5.099392,2.315573,1,-0.191641,1.000000,0
0.196150,-5.290495,2.346999,1,-0.199604,1.000000,0
0.196200,-5.476377,2.378417,1,-0.207349,1.000000,0
0.196250,-5.656854,2.409827,1,-0.214869,1.000000,0
0.196300,-5.831749,2.441228,1,-0.222156,1.000000,0
0.196350,-6.000889,2.472622,1,-0.229204,1.000000,0
0.196400,-6.164106,2.504007,1,-0.236004,1.000000,0
0.196450,-6.321240,2.535385,1,-0.242552,1.000000,0
0.196500,-6.472136,2.566755,1,-0.248839,1.000000,0
0.196550,-6.616645,2.598118,1,-0.254860,1.000000,0
0.196600,-6.754623,2.629474,1,-0.260609,1.000000,0
0.196650,-6.885936,2.660823,1,-0.266081,1.000000,0
0.196700,-7.010453,2.692165,1,-0.271269,1.000000,0
0.196750,-7.128052,2.723501,1,-0.276169,1.000000,0
0.196800,-7.238616,2.754831,1,-0.280776,1.000000,0
0.196850,-7.342037,2.786155,1,-0.285085,1.000000,0
0.196900,-7.438212,2.817474,1,-0.289092,1.000000,0
0.196950,-7.527046,2.848788,1,-0.292794,1.000000,0
0.197000,-7.608452,2.880098,1,-0.296186,1.000000,0
0.197050,-7.682349,2.911403,1,-0.299265,1.000000,0
0.197100,-7.748665,2.942705,1,-0.302028,1.000000,0
0.197150,-7.807334,2.974003,1,-0.304472,1.000000,0
0.197200,-7.858298,3.005299,1,-0.306596,1.000000,0
0.197250,-7.901507,3.036593,1,-0.308396,1.000000,0
0.197300,-7.936918,3.067884,1,-0.309872,1.000000,0
0.197350,-7.964496,3.099175,1,-0.311021,1.000000,0
0.197400,-7.984214,3.130464,1,-0.311842,1.000000,0
0.197450,-7.996052,3.161753,1,-0.312336,1.000000,0
0.197500,-8.000000,3.193041,1,-0.312500,1.000000,0
0.197550,-7.996052,3.224331,1,-0.312336,1.000000,0
0.197600,-7.984214,3.255621,1,-0.311842,1.000000,0
0.197650,-7.964496,3.286913,1,-0.311021,1.000000,0
0.197700,-7.936918,3.318207,1,-0.309872,1.000000,0
0.197750,-7.901507,3.349503,1,-0.308396,1.000000,0
0.197800,-7.858298,3.380803,1,-0.306596,1.000000,0
0.197850,-7.807334,3.412105,1,-0.304472,1.000000,0
0.197900,-7.748665,3.443412,1,-0.302028,1.000000,0
0.197950,-7.682349,3.474722,1,-0.299265,1.000000,0
0.198000,-7.608452,3.506038,1,-0.296186,1.000000,0
0.198050,-7.527046,3.537358,1,-0.292794,1.000000,0
0.198100,-7.438212,3.568684,1,-0.289092,1.000000,0
0.198150,-7.342037,3.600016,1,-0.285085,1.000000,0
0.198200,-7.238616,3.631355,1,-0.280776,1.000000,0
0.198250,-7.128052,3.662699,1,-0.276169,1.000000,0
0.198300,-7.010453,3.694051,1,-0.271269,1.000000,0
0.198350,-6.885936,3.725410,1,-0.266081,1.000000,0
0.198400,-6.754623,3.756777,1,-0.260609,1.000000,0
0.198450,-6.616645,3.788151,1,-0.254860,1.000000,0
0.198500,-6.472136,3.819533,1,-0.248839,1.000000,0
0.198550,-6.321240,3.850924,1,-0.242552,1.000000,0
0.198600,-6.164106,3.882322,1,-0.236004,1.000000,0
0.198650,-6.000889,3.913729,1,-0.229204,1.000000,0
0.198700,-5.831749,3.945145,1,-0.222156,1.000000,0
0.198750,-5.656854,3.976569,1,-0.214869,1.000000,0
0.198800,-5.476377,4.008001,1,-0.207349,1.000000,0
0.198850,-5.290495,4.039442,1,-0.199604,1.000000,0
0.198900,-5.099392,4.070892,1,-0.191641,1.000000,0
0.198950,-4.903256,4.102350,1,-0.183469,1.000000,0
0.199000,-4.702282,4.133816,1,-0.175095,1.000000,0
0.199050,-4.496667,4.165290,1,-0.166528,1.000000,0
0.199100,-4.286614,4.196773,1,-0.157776,1.000000,0
0.199150,-4.072331,4.228262,1,-0.148847,1.000000,0
0.199200,-3.854029,4.259760,1,-0.139751,1.000000,0
0.199250,-3.631924,4.291264,1,-0.130497,1.000000,0
0.199300,-3.406234,4.322775,1,-0.121093,1.000000,0
0.199350,-3.177183,4.354292,1,-0.111549,1.000000,0
0.199400,-2.944996,4.385815,1,-0.101875,1.000000,0
0.199450,-2.709903,4.417344,1,-0.092079,1.000000,0
0.199500,-2.472136,4.448878,1,-0.082172,1.000000,0
0.199550,-2.231929,4.480416,1,-0.072164,1.000000,0
0.199600,-1.989519,4.511958,1,-0.062063,1.000000,0
0.199650,-1.745146,4.543504,1,-0.051881,1.000000,0
0.199700,-1.499051,4.575054,1,-0.041627,1.000000,0
0.199750,-1.251476,4.606605,1,-0.031311,1.000000,0
0.199800,-1.002666,4.638159,1,-0.020944,1.000000,0
0.199850,-0.752867,4.669713,1,-0.010536,1.000000,0
0.199900,-0.502324,4.701269,1,-0.000097,1.000000,0
0.199950,-0.251286,4.732825,1,0.010363,1.000000,0
0.200000,0.000000,4.764380,1,0.020833,1.000000,0
0.200050,0.251286,4.795935,1,0.031304,1.000000,0
0.200100,0.502324,4.827488,1,0.041764,1.000000,0
0.200150,0.752867,4.859039,1,0.052203,1.000000,0
0.200200,1.002666,4.890588,1,0.062611,1.000000,0
0.200250,1.251476,4.922133,1,0.072978,1.000000,0
0.200300,1.499051,4.953675,1,0.083294,1.000000,0
0.200350,1.745146,4.985212,1,0.093548,1.000000,0
0.200400,1.989519,5.016745,1,0.103730,1.000000,0
0.200450,2.231929,5.048273,1,0.113830,1.000000,0
0.200500,2.472136,5.079796,1,0.123839,1.000000,0
0.200550,2.709903,5.111312,1,0.133746,1.000000,0
0.200600,2.944996,5.142823,1,0.143542,1.000000,0
0.200650,3.177183,5.174326,1,0.153216,1.000000,0
0.200700,3.406234,5.205823,1,0.162760,1.000000,0
0.200750,3.631924,5.237313,1,0.172163,1.000000,0
0.200800,3.854029,5.268795,1,0.181418,1.000000,0
0.200850,4.072331,5.300270,1,0.190514,1.000000,0
0.200900,4.286614,5.331737,1,0.199442,1.000000,0
0.200950,4.496667,5.363195,1,0.208194,1.000000,0
0.201000,4.702282,5.394646,1,0.216762,1.000000,0
0.201050,4.903256,5.426089,1,0.225136,1.000000,0
0.201100,5.099392,5.457523,1,0.233308,1.000000,0
0.201150,5.290495,5.488949,1,0.241271,1.000000,0
0.201200,5.476377,5.520366,1,0.249016,1.000000,0
0.201250,5.656854,5.551776,1,0.256536,1.000000,0
0.201300,5.831749,5.583177,1,0.263823,1.000000,0
0.201350,6.000889,5.614570,1,0.270870,1.000000,0
0.201400,6.164106,5.645955,1,0.277671,1.000000,0
0.201450,6.321240,5.677333,1,0.284218,1.000000,0
0.201500,6.472136,5.708703,1,0.290506,1.000000,0
0.201550,6.616645,5.740065,1,0.296527,1.000000,0
0.201600,6.754623,5.771421,1,0.302276,1.000000,0
0.201650,6.885936,5.802769,1,0.307747,1.000000,0
0.201700,7.010453,5.834111,1,0.312936,1.000000,0
0.201750,7.128052,5.865446,1,0.317836,1.000000,0
0.201800,7.238616,5.896776,1,0.322442,1.000000,0
0.201850,7.342037,5.928100,1,0.326752,1.000000,0
0.201900,7.438212,5.959419,1,0.330759,1.000000,0
0.201950,7.527046,5.990732,1,0.334460,1.000000,0
0.202000,7.608452,6.022042,1,0.337852,1.000000,0
0.202050,7.682349,6.053347,1,0.340931,1.000000,0
0.202100,7.748665,6.084648,1,0.343694,1.000000,0
0.202150,7.807334,6.115946,1,0.346139,1.000000,0
0.202200,7.858298,6.147242,1,0.348262,1.000000,0
0.202250,7.901507,6.178535,1,0.350063,1.000000,0
0.202300,7.936918,6.209826,1,0.351538,1.000000,0
0.202350,7.964496,6.241116,1,0.352687,1.000000,0
0.202400,7.984214,6.272405,1,0.353509,1.000000,0
0.202450,7.996052,0.020508,1,0.354002,1.000000,0
0.202500,8.000000,0.051797,1,0.354167,1.000000,0
0.202550,7.996052,0.083086,1,0.354002,1.000000,0
0.202600,7.984214,0.114376,1,0.353509,1.000000,0
0.202650,7.964496,0.145667,1,0.352687,1.000000,0
0.202700,7.936918,0.176961,1,0.351538,1.000000,0
0.202750,7.901507,0.208257,1,0.350063,1.000000,0
0.202800,7.858298,0.239555,1,0.348262,1.000000,0
0.202850,7.807334,0.270858,1,0.346139,1.000000,0
0.202900,7.748665,0.302164,1,0.343694,1.000000,0
0.202950,7.682349,0.333474,1,0.340931,1.000000,0
0.203000,7.608452,0.364789,1,0.337852,1.000000,0
0.203050,7.527046,0.396109,1,0.334460,1.000000,0
0.203100,7.438212,0.427435,1,0.330759,1.000000,0
0.203150,7.342037,0.458766,1,0.326752,1.000000,0
0.203200,7.238616,0.490104,1,0.322442,1.000000,0
0.203250,7.128052,0.521449,1,0.317836,1.000000,0
0.203300,7.010453,0.552800,1,0.312936,1.000000,0
0.203350,6.885936,0.584159,1,0.307747,1.000000,0
0.203400,6.754623,0.615525,1,0.302276,1.000000,0
0.203450,6.616645,0.646899,1,0.296527,1.000000,0
0.203500,6.472136,0.678280,1,0.290506,1.000000,0
0.203550,6.321240,0.709670,1,0.284218,1.000000,0
0.203600,6.164106,0.741068,1,0.277671,1.000000,0
0.203650,6.000889,0.772475,1,0.270870,1.000000,0
0.203700,5.831749,0.803890,1,0.263823,1.000000,0
0.203750,5.656854,0.835314,1,0.256536,1.000000,0
0.203800,5.476377,0.866746,1,0.249016,1.000000,0
0.203850,5.290495,0.898187,1,0.241271,1.000000,0
0.203900,5.099392,0.929636,1,0.233308,1.000000,0
0.203950,4.903256,0.961093,1,0.225136,1.000000,0
0.204000,4.702282,0.992559,1,0.216762,1.000000,0
0.204050,4.496667,1.024033,1,0.208194,1.000000,0
0.204100,4.286614,1.055515,1,0.199442,1.000000,0
0.204150,4.072331,1.087004,1,0.190514,1.000000,0
0.204200,3.854029,1.118501,1,0.181418,1.000000,0
0.204250,3.631924,1.150005,1,0.172163,1.000000,0
0.204300,3.406234,1.181515,1,0.162760,1.000000,0
0.204350,3.177183,1.213032,1,0.153216,1.000000,0
0.204400,2.944996,1.244555,1,0.143542,1.000000,0
0.204450,2.709903,1.276083,1,0.133746,1.000000,0
0.204500,2.472136,1.307617,1,0.123839,1.000000,0
0.204550,2.231929,1.339155,1,0.113830,1.000000,0
0.204600,1.989519,1.370697,1,0.103730,1.000000,0
0.204650,1.745146,1.402242,1,0.093548,1.000000,0
0.204700,1.499051,1.433791,1,0.083294,1.000000,0
0.204750,1.251476,1.465342,1,0.072978,1.000000,0
0.204800,1.002666,1.496895,1,0.062611,1.000000,0
0.204850,0.752867,1.528450,1,0.052203,1.000000,0
0.204900,0.502324,1.560005,1,0.041764,1.000000,0
0.204950,0.251286,1.591560,1,0.031304,1.000000,0
0.205000,-0.000000,1.623116,1,0.020833,1.000000,0
0.205050,-0.251286,1.654670,1,0.010363,1.000000,0
0.205100,-0.502324,1.686223,1,-0.000097,1.000000,0
0.205150,-0.752867,1.717773,1,-0.010536,1.000000,0
0.205200,-1.002666,1.749321,1,-0.020944,1.000000,0
0.205250,-1.251476,1.780866,1,-0.031311,1.000000,0
0.205300,-1.499051,1.812408,1,-0.041627,1.000000,0
0.205350,-1.745146,1.843945,1,-0.051881,1.000000,0
0.205400,-1.989519,1.875478,1,-0.062063,1.000000,0
0.205450,-2.231929,1.907005,1,-0.072164,1.000000,0
0.205500,-2.472136,1.938528,1,-0.082172,1.000000,0
0.205550,-2.709903,1.970044,1,-0.092079,1.000000,0
0.205600,-2.944996,2.001554,1,-0.101875,1.000000,0
0.205650,-3.177183,2.033058,1,-0.111549,1.000000,0
0.205700,-3.406234,2.064554,1,-0.121093,1.000000,0
0.205750,-3.631924,2.096043,1,-0.130497,1.000000,0
0.205800,-3.854029,2.127525,1,-0.139751,1.000000,0
0.205850,-4.072331,2.159000,1,-0.148847,1.000000,0
0.205900,-4.286614,2.190466,1,-0.157776,1.000000,0
0.205950,-4.496667,2.221925,1,-0.166528,1.000000,0
0.206000,-4.702282,2.253375,1,-0.175095,1.000000,0
0.206050,-4.903256,2.284817,1,-0.183469,1.000000,0
0.206100,-5.099392,2.316251,1,-0.191641,1.000000,0
0.206150,-5.290495,2.347677,1,-0.199604,1.000000,0
0.206200,-5.476377,2.379094,1,-0.207349,1.000000,0
0.206250,-5.656854,2.410503,1,-0.214869,1.000000,0
0.206300,-5.831749,2.441904,1,-0.222156,1.000000,0
0.206350,-6.000889,2.473297,1,-0.229204,1.000000,0
0.206400,-6.164106,2.504682,1,-0.236004,1.000000,0
0.206450,-6.321240,2.536059,1,-0.242552,1.000000,0
0.206500,-6.472136,2.567429,1,-0.248839,1.000000,0
0.206550,-6.616645,2.598791,1,-0.254860,1.000000,0
0.206600,-6.754623,2.630146,1,-0.260609,1.000000,0
0.206650,-6.885936,2.661494,1,-0.266081,1.000000,0
0.206700,-7.010453,2.692836,1,-0.271269,1.000000,0
0.206750,-7.128052,2.724171,1,-0.276169,1.000000,0
0.206800,-7.238616,2.755500,1,-0.280776,1.000000,0
0.206850,-7.342037,2.786824,1,-0.285085,1.000000,0
0.206900,-7.438212,2.818142,1,-0.289092,1.000000,0
0.206950,-7.527046,2.849456,1,-0.292794,1.000000,0
0.207000,-7.608452,2.880765,1,-0.296186,1.000000,0
0.207050,-7.682349,2.912070,1,-0.299265,1.000000,0
0.207100,-7.748665,2.943371,1,-0.302028,1.000000,0
0.207150,-7.807334,2.974669,1,-0.304472,1.000000,0
0.207200,-7.858298,3.005964,1,-0.306596,1.000000,0
0.207250,-7.901507,3.037257,1,-0.308396,1.000000,0
0.207300,-7.936918,3.068548,1,-0.309872,1.000000,0
0.207350,-7.964496,3.099837,1,-0.311021,1.000000,0
0.207400,-7.984214,3.131126,1,-0.311842,1.000000,0
0.207450,-7.996052,3.162414,1,-0.312336,1.000000,0
0.207500,-8.000000,3.193702,1,-0.312500,1.000000,0
0.207550,-7.996052,3.224991,1,-0.312336,1.000000,0
0.207600,-7.984214,3.256280,1,-0.311842,1.000000,0
0.207650,-7.964496,3.287572,1,-0.311021,1.000000,0
0.207700,-7.936918,3.318865,1,-0.309872,1.000000,0
0.207750,-7.901507,3.350160,1,-0.308396,1.000000,0
0.207800,-7.858298,3.381459,1,-0.306596,1.000000,0
0.207850,-7.807334,3.412761,1,-0.304472,1.000000,0
0.207900,-7.748665,3.444066,1,-0.302028,1.000000,0
0.207950,-7.682349,3.475376,1,-0.299265,1.000000,0
0.208000,-7.608452,3.506691,1,-0.296186,1.000000,0
0.208050,-7.527046,3.538011,1,-0.292794,1.000000,0
0.208100,-7.438212,3.569336,1,-0.289092,1.000000,0
0.208150,-7.342037,3.600667,1,-0.285085,1.000000,0
0.208200,-7.238616,3.632005,1,-0.280776,1.000000,0
0.208250,-7.128052,3.663349,1,-0.276169,1.000000,0
0.208300,-7.010453,3.694700,1,-0.271269,1.000000,0
0.208350,-6.885936,3.726058,1,-0.266081,1.000000,0
0.208400,-6.754623,3.757424,1,-0.260609,1.000000,0
0.208450,-6.616645,3.788797,1,-0.254860,1.000000,0
0.208500,-6.472136,3.820179,1,-0.248839,1.000000,0
0.208550,-6.321240,3.851568,1,-0.242552,1.000000,0
0.208600,-6.164106,3.882966,1,-0.236004,1.000000,0
0.208650,-6.000889,3.914372,1,-0.229204,1.000000,0
0.208700,-5.831749,3.945787,1,-0.222156,1.000000,0
0.208750,-5.656854,3.977210,1,-0.214869,1.000000,0
0.208800,-5.476377,4.008642,1,-0.207349,1.000000,0
0.208850,-5.290495,4.040082,1,-0.199604,1.000000,0
0.208900,-5.099392,4.071531,1,-0.191641,1.000000,0
0.208950,-4.903256,4.102988,1,-0.183469,1.000000,0
0.209000,-4.702282,4.134454,1,-0.175095,1.000000,0
0.209050,-4.496667,4.165927,1,-0.166528,1.000000,0
0.209100,-4.286614,4.197408,1,-0.157776,1.000000,0
0.209150,-4.072331,4.228897,1,-0.148847,1.000000,0
0.209200,-3.854029,4.260394,1,-0.139751,1.000000,0
0.209250,-3.631924,4.291897,1,-0.130497,1.000000,0
0.209300,-3.406234,4.323407,1,-0.121093,1.000000,0
0.209350,-3.177183,4.354924,1,-0.111549,1.000000,0
0.209400,-2.944996,4.386446,1,-0.101875,1.000000,0
0.209450,-2.709903,4.417974,1,-0.092079,1.000000,0
0.209500,-2.472136,4.449507,1,-0.082172,1.000000,0
0.209550,-2.231929,4.481045,1,-0.072164,1.000000,0
0.209600,-1.989519,4.512587,1,-0.062063,1.000000,0
0.209650,-1.745146,4.544132,1,-0.051881,1.000000,0
0.209700,-1.499051,4.575680,1,-0.041627,1.000000,0
0.209750,-1.251476,4.607231,1,-0.031311,1.000000,0
0.209800,-1.002666,4.638784,1,-0.020944,1.000000,0
0.209850,-0.752867,4.670338,1,-0.010536,1.000000,0
0.209900,-0.502324,4.701893,1,-0.000097,1.000000,0
0.209950,-0.251286,4.733448,1,0.010363,1.000000,0
0.210000,0.000000,4.765003,1,0.020833,1.000000,0
0.210050,0.251286,4.796557,1,0.031304,1.000000,0
0.210100,0.502324,4.828109,1,0.041764,1.000000,0
0.210150,0.752867,4.859660,1,0.052203,1.000000,0
0.210200,1.002666,4.891208,1,0.062611,1.000000,0
0.210250,1.251476,4.922752,1,0.072978,1.000000,0
0.210300,1.499051,4.954293,1,0.083294,1.000000,0
0.210350,1.745146,4.985830,1,0.093548,1.000000,0
0.210400,1.989519,5.017363,1,0.103730,1.000000,0
0.210450,2.231929,5.048890,1,0.113830,1.000000,0
0.210500,2.472136,5.080412,1,0.123839,1.000000,0
0.210550,2.709903,5.111928,1,0.133746,1.000000,0
0.210600,2.944996,5.143438,1,0.143542,1.000000,0
0.210650,3.177183,5.174941,1,0.153216,1.000000,0
0.210700,3.406234,5.206437,1,0.162760,1.000000,0
0.210750,3.631924,5.237927,1,0.172163,1.000000,0
0.210800,3.854029,5.269408,1,0.181418,1.000000,0
0.210850,4.072331,5.300882,1,0.190514,1.000000,0
0.210900,4.286614,5.332349,1,0.199442,1.000000,0
0.210950,4.496667,5.363807,1,0.208194,1.000000,0
0.211000,4.702282,5.395257,1,0.216762,1.000000,0
0.211050,4.903256,5.426699,1,0.225136,1.000000,0
0.211100,5.099392,5.458132,1,0.233308,1.000000,0
0.211150,5.290495,5.489558,1,0.241271,1.000000,0
0.211200,5.476377,5.520975,1,0.249016,1.000000,0
0.211250,5.656854,5.552384,1,0.256536,1.000000,0
0.211300,5.831749,5.583784,1,0.263823,1.000000,0
0.211350,6.000889,5.615177,1,0.270870,1.000000,0
0.211400,6.164106,5.646562,1,0.277671,1.000000,0
0.211450,6.321240,5.677939,1,0.284218,1.000000,0
0.211500,6.472136,5.709308,1,0.290506,1.000000,0
0.211550,6.616645,5.740670,1,0.296527,1.000000,0
0.211600,6.754623,5.772025,1,0.302276,1.000000,0
0.211650,6.885936,5.803373,1,0.307747,1.000000,0
0.211700,7.010453,5.834714,1,0.312936,1.000000,0
0.211750,7.128052,5.866049,1,0.317836,1.000000,0
0.211800,7.238616,5.897378,1,0.322442,1.000000,0
0.211850,7.342037,5.928701,1,0.326752,1.000000,0
0.211900,7.438212,5.960020,1,0.330759,1.000000,0
0.211950,7.527046,5.991333,1,0.334460,1.000000,0
0.212000,7.608452,6.022641,1,0.337852,1.000000,0
0.212050,7.682349,6.053946,1,0.340931,1.000000,0
0.212100,7.748665,6.085247,1,0.343694,1.000000,0
0.212150,7.807334,6.116545,1,0.346139,1.000000,0
0.212200,7.858298,6.147839,1,0.348262,1.000000,0
0.212250,7.901507,6.179132,1,0.350063,1.000000,0
0.212300,7.936918,6.210423,1,0.351538,1.000000,0
0.212350,7.964496,6.241712,1,0.352687,1.000000,0
0.212400,7.984214,6.273000,1,0.353509,1.000000,0
0.212450,7.996052,0.021103,1,0.354002,1.000000,0
0.212500,8.000000,0.052390,1,0.354167,1.000000,0
0.212550,7.996052,0.083679,1,0.354002,1.000000,0
0.212600,7.984214,0.114968,1,0.353509,1.000000,0
0.212650,7.964496,0.146259,1,0.352687,1.000000,0
0.212700,7.936918,0.177552,1,0.351538,1.000000,0
0.212750,7.901507,0.208847,1,0.350063,1.000000,0
0.212800,7.858298,0.240145,1,0.348262,1.000000,0
0.212850,7.807334,0.271447,1,0.346139,1.000000,0
0.212900,7.748665,0.302752,1,0.343694,1.000000,0
0.212950,7.682349,0.334062,1,0.340931,1.000000,0
0.213000,7.608452,0.365376,1,0.337852,1.000000,0
0.213050,7.527046,0.396696,1,0.334460,1.000000,0
0.213100,7.438212,0.428021,1,0.330759,1.000000,0
0.213150,7.342037,0.459352,1,0.326752,1.000000,0
0.213200,7.238616,0.490689,1,0.322442,1.000000,0
0.213250,7.128052,0.522032,1,0.317836,1.000000,0
0.213300,7.010453,0.553383,1,0.312936,1.000000,0
0.213350,6.885936,0.584741,1,0.307747,1.000000,0
0.213400,6.754623,0.616106,1,0.302276,1.000000,0
0.213450,6.616645,0.647479,1,0.296527,1.000000,0
0.213500,6.472136,0.678861,1,0.290506,1.000000,0
0.213550,6.321240,0.710250,1,0.284218,1.000000,0
0.213600,6.164106,0.741647,1,0.277671,1.000000,0
0.213650,6.000889,0.773053,1,0.270870,1.000000,0
0.213700,5.831749,0.804467,1,0.263823,1.000000,0
0.213750,5.656854,0.835890,1,0.256536,1.000000,0
0.213800,5.476377,0.867322,1,0.249016,1.000000,0
0.213850,5.290495,0.898762,1,0.241271,1.000000,0
0.213900,5.099392,0.930210,1,0.233308,1.000000,0
0.213950,4.903256,0.961667,1,0.225136,1.000000,0
0.214000,4.702282,0.993132,1,0.216762,1.000000,0
0.214050,4.496667,1.024605,1,0.208194,1.000000,0
0.214100,4.286614,1.056086,1,0.199442,1.000000,0
0.214150,4.072331,1.087575,1,0.190514,1.000000,0
0.214200,3.854029,1.119071,1,0.181418,1.000000,0
0.214250,3.631924,1.150574,1,0.172163,1.000000,0
0.214300,3.406234,1.182084,1,0.162760,1.000000,0
0.214350,3.177183,1.213600,1,0.153216,1.000000,0
0.214400,2.944996,1.245122,1,0.143542,1.000000,0
0.214450,2.709903,1.276650,1,0.133746,1.000000,0
0.214500,2.472136,1.308183,1,0.123839,1.000000,0
0.214550,2.231929,1.339720,1,0.113830,1.000000,0
0.214600,1.989519,1.371261,1,0.103730,1.000000,0
0.214650,1.745146,1.402806,1,0.093548,1.000000,0
0.214700,1.499051,1.434354,1,0.083294,1.000000,0
0.214750,1.251476,1.465905,1,0.072978,1.000000,0
0.214800,1.002666,1.497457,1,0.062611,1.000000,0
0.214850,0.752867,1.529011,1,0.052203,1.000000,0
0.214900,0.502324,1.560566,1,0.041764,1.000000,0
0.214950,0.251286,1.592121,1,0.031304,1.000000,0
0.215000,0.000000,1.623675,1,0.020833,1.000000,0
0.215050,-0.251286,1.655229,1,0.010363,1.000000,0
0.215100,-0.502324,1.686781,1,-0.000097,1.000000,0
0.215150,-0.752867,1.718331,1,-0.010536,1.000000,0
0.215200,-1.002666,1.749879,1,-0.020944,1.000000,0
0.215250,-1.251476,1.781423,1,-0.031311,1.000000,0
0.215300,-1.499051,1.812964,1,-0.041627,1.000000,0
0.215350,-1.745146,1.844501,1,-0.051881,1.000000,0
0.215400,-1.989519,1.876033,1,-0.062063,1.000000,0
0.215450,-2.231929,1.907560,1,-0.072164,1.000000,0
0.215500,-2.472136,1.939082,1,-0.082172,1.000000,0
0.215550,-2.709903,1.970598,1,-0.092079,1.000000,0
0.215600,-2.944996,2.002107,1,-0.101875,1.000000,0
0.215650,-3.177183,2.033610,1,-0.111549,1.000000,0
0.215700,-3.406234,2.065106,1,-0.121093,1.000000,0
0.215750,-3.631924,2.096595,1,-0.130497,1.000000,0
0.215800,-3.854029,2.128076,1,-0.139751,1.000000,0
0.215850,-4.072331,2.159550,1,-0.148847,1.000000,0
0.215900,-4.286614,2.191016,1,-0.157776,1.000000,0
0.215950,-4.496667,2.222474,1,-0.166528,1.000000,0
0.216000,-4.702282,2.253924,1,-0.175095,1.000000,0
0.216050,-4.903256,2.285366,1,-0.183469,1.000000,0
0.216100,-5.099392,2.316799,1,-0.191641,1.000000,0
0.216150,-5.290495,2.348224,1,-0.199604,1.000000,0
0.216200,-5.476377,2.379641,1,-0.207349,1.000000,0
0.216250,-5.656854,2.411050,1,-0.214869,1.000000,0
0.216300,-5.831749,2.442450,1,-0.222156,1.000000,0
0.216350,-6.000889,2.473843,1,-0.229204,1.000000,0
0.216400,-6.164106,2.505227,1,-0.236004,1.000000,0
0.216450,-6.321240,2.536604,1,-0.242552,1.000000,0
0.216500,-6.472136,2.567973,1,-0.248839,1.000000,0
0.216550,-6.616645,2.599335,1,-0.254860,1.000000,0
0.216600,-6.754623,2.630689,1,-0.260609,1.000000,0
0.216650,-6.885936,2.662037,1,-0.266081,1.000000,0
0.216700,-7.010453,2.693378,1,-0.271269,1.000000,0
0.216750,-7.128052,2.724713,1,-0.276169,1.000000,0
0.216800,-7.238616,2.756042,1,-0.280776,1.000000,0
0.216850,-7.342037,2.787365,1,-0.285085,1.000000,0
0.216900,-7.438212,2.818683,1,-0.289092,1.000000,0
0.216950,-7.527046,2.849996,1,-0.292794,1.000000,0
0.217000,-7.608452,2.881304,1,-0.296186,1.000000,0
0.217050,-7.682349,2.912608,1,-0.299265,1.000000,0
0.217100,-7.748665,2.943909,1,-0.302028,1.000000,0
0.217150,-7.807334,2.975206,1,-0.304472,1.000000,0
0.217200,-7.858298,3.006501,1,-0.306596,1.000000,0
0.217250,-7.901507,3.037793,1,-0.308396,1.000000,0
0.217300,-7.936918,3.069084,1,-0.309872,1.000000,0
0.217350,-7.964496,3.100373,1,-0.311021,1.000000,0
0.217400,-7.984214,3.131661,1,-0.311842,1.000000,0
0.217450,-7.996052,3.162948,1,-0.312336,1.000000,0
0.217500,-8.000000,3.194236,1,-0.312500,1.000000,0
0.217550,-7.996052,3.225524,1,-0.312336,1.000000,0
0.217600,-7.984214,3.256813,1,-0.311842,1.000000,0
0.217650,-7.964496,3.288104,1,-0.311021,1.000000,0
0.217700,-7.936918,3.319396,1,-0.309872,1.000000,0
0.217750,-7.901507,3.350691,1,-0.308396,1.000000,0
0.217800,-7.858298,3.381989,1,-0.306596,1.000000,0
0.217850,-7.807334,3.413290,1,-0.304472,1.000000,0
0.217900,-7.748665,3.444595,1,-0.302028,1.000000,0
0.217950,-7.682349,3.475905,1,-0.299265,1.000000,0
0.218000,-7.608452,3.507219,1,-0.296186,1.000000,0
0.218050,-7.527046,3.538538,1,-0.292794,1.000000,0
0.218100,-7.438212,3.569863,1,-0.289092,1.000000,0
0.218150,-7.342037,3.601193,1,-0.285085,1.000000,0
0.218200,-7.238616,3.632530,1,-0.280776,1.000000,0
0.218250,-7.128052,3.663873,1,-0.276169,1.000000,0
0.218300,-7.010453,3.695224,1,-0.271269,1.000000,0
0.218350,-6.885936,3.726581,1,-0.266081,1.000000,0
0.218400,-6.754623,3.757946,1,-0.260609,1.000000,0
0.218450,-6.616645,3.789319,1,-0.254860,1.000000,0
0.218500,-6.472136,3.820700,1,-0.248839,1.000000,0
0.218550,-6.321240,3.852089,1,-0.242552,1.000000,0
0.218600,-6.164106,3.883486,1,-0.236004,1.000000,0
0.218650,-6.000889,3.914892,1,-0.229204,1.000000,0
0.218700,-5.831749,3.946306,1,-0.222156,1.000000,0
0.218750,-5.656854,3.977728,1,-0.214869,1.000000,0
0.218800,-5.476377,4.009159,1,-0.207349,1.000000,0
0.218850,-5.290495,4.040599,1,-0.199604,1.000000,0
0.218900,-5.099392,4.072047,1,-0.191641,1.000000,0
0.218950,-4.903256,4.103504,1,-0.183469,1.000000,0
0.219000,-4.702282,4.134969,1,-0.175095,1.000000,0
0.219050,-4.496667,4.166441,1,-0.166528,1.000000,0
0.219100,-4.286614,4.197922,1,-0.157776,1.000000,0
0.219150,-4.072331,4.229411,1,-0.148847,1.000000,0
0.219200,-3.854029,4.260906,1,-0.139751,1.000000,0
0.219250,-3.631924,4.292409,1,-0.130497,1.000000,0
0.219300,-3.406234,4.323919,1,-0.121093,1.000000,0
0.219350,-3.177183,4.355435,1,-0.111549,1.000000,0
0.219400,-2.944996,4.386956,1,-0.101875,1.000000,0
0.219450,-2.709903,4.418484,1,-0.092079,1.000000,0
0.219500,-2.472136,4.450016,1,-0.082172,1.000000,0
0.219550,-2.231929,4.481553,1,-0.072164,1.000000,0
0.219600,-1.989519,4.513094,1,-0.062063,1.000000,0
0.219650,-1.745146,4.544639,1,-0.051881,1.000000,0
0.219700,-1.499051,4.576187,1,-0.041627,1.000000,0
0.219750,-1.251476,4.607737,1,-0.031311,1.000000,0
0.219800,-1.002666,4.639289,1,-0.020944,1.000000,0
0.219850,-0.752867,4.670843,1,-0.010536,1.000000,0
0.219900,-0.502324,4.702397,1,-0.000097,1.000000,0
0.219950,-0.251286,4.733952,1,0.010363,1.000000,0
0.220000,0.000000,4.765506,1,0.020833,1.000000,0
0.220050,0.251286,4.797060,1,0.031304,1.000000,0
0.220100,0.502324,4.828612,1,0.041764,1.000000,0
0.220150,0.752867,4.860161,1,0.052203,1.000000,0
0.220200,1.002666,4.891709,1,0.062611,1.000000,0
0.220250,1.251476,4.923253,1,0.072978,1.000000,0
0.220300,1.499051,4.954794,1,0.083294,1.000000,0
0.220350,1.745146,4.986330,1,0.093548,1.000000,0
0.220400,1.989519,5.017862,1,0.103730,1.000000,0
0.220450,2.231929,5.049389,1,0.113830,1.000000,0
0.220500,2.472136,5.080910,1,0.123839,1.000000,0
0.220550,2.709903,5.112426,1,0.133746,1.000000,0
0.220600,2.944996,5.143935,1,0.143542,1.000000,0
0.220650,3.177183,5.175438,1,0.153216,1.000000,0
0.220700,3.406234,5.206934,1,0.162760,1.000000,0
0.220750,3.631924,5.238422,1,0.172163,1.000000,0
0.220800,3.854029,5.269904,1,0.181418,1.000000,0
0.220850,4.072331,5.301377,1,0.190514,1.000000,0
0.220900,4.286614,5.332843,1,0.199442,1.000000,0
0.220950,4.496667,5.364301,1,0.208194,1.000000,0
0.221000,4.702282,5.395750,1,0.216762,1.000000,0
0.221050,4.903256,5.427192,1,0.225136,1.000000,0
0.221100,5.099392,5.458625,1,0.233308,1.000000,0
0.221150,5.290495,5.490050,1,0.241271,1.000000,0
0.221200,5.476377,5.521467,1,0.249016,1.000000,0
0.221250,5.656854,5.552875,1,0.256536,1.000000,0
0.221300,5.831749,5.584275,1,0.263823,1.000000,0
0.221350,6.000889,5.615668,1,0.270870,1.000000,0
0.221400,6.164106,5.647052,1,0.277671,1.000000,0
0.221450,6.321240,5.678428,1,0.284218,1.000000,0
0.221500,6.472136,5.709797,1,0.290506,1.000000,0
0.221550,6.616645,5.741159,1,0.296527,1.000000,0
0.221600,6.754623,5.772513,1,0.302276,1.000000,0
0.221650,6.885936,5.803861,1,0.307747,1.000000,0
0.221700,7.010453,5.835202,1,0.312936,1.000000,0
0.221750,7.128052,5.866536,1,0.317836,1.000000,0
0.221800,7.238616,5.897865,1,0.322442,1.000000,0
0.221850,7.342037,5.929188,1,0.326752,1.000000,0
0.221900,7.438212,5.960505,1,0.330759,1.000000,0
0.221950,7.527046,5.991818,1,0.334460,1.000000,0
0.222000,7.608452,6.023126,1,0.337852,1.000000,0
0.222050,7.682349,6.054430,1,0.340931,1.000000,0
0.222100,7.748665,6.085731,1,0.343694,1.000000,0
0.222150,7.807334,6.117028,1,0.346139,1.000000,0
0.222200,7.858298,6.148322,1,0.348262,1.000000,0
0.222250,7.901507,6.179614,1,0.350063,1.000000,0
0.222300,7.936918,6.210904,1,0.351538,1.000000,0
0.222350,7.964496,6.242193,1,0.352687,1.000000,0
0.222400,7.984214,6.273481,1,0.353509,1.000000,0
0.222450,7.996052,0.021583,1,0.354002,1.000000,0
0.222500,8.000000,0.052870,1,0.354167,1.000000,0
0.222550,7.996052,0.084158,1,0.354002,1.000000,0
0.222600,7.984214,0.115447,1,0.353509,1.000000,0
0.222650,7.964496,0.146737,1,0.352687,1.000000,0
0.222700,7.936918,0.178030,1,0.351538,1.000000,0
0.222750,7.901507,0.209324,1,0.350063,1.000000,0
0.222800,7.858298,0.240622,1,0.348262,1.000000,0
0.222850,7.807334,0.271923,1,0.346139,1.000000,0
0.222900,7.748665,0.303228,1,0.343694,1.000000,0
0.222950,7.682349,0.334537,1,0.340931,1.000000,0
0.223000,7.608452,0.365851,1,0.337852,1.000000,0
0.223050,7.527046,0.397170,1,0.334460,1.000000,0
0.223100,7.438212,0.428494,1,0.330759,1.000000,0
0.223150,7.342037,0.459824,1,0.326752,1.000000,0
0.223200,7.238616,0.491161,1,0.322442,1.000000,0
0.223250,7.128052,0.522504,1,0.317836,1.000000,0
0.223300,7.010453,0.553854,1,0.312936,1.000000,0
0.223350,6.885936,0.585211,1,0.307747,1.000000,0
0.223400,6.754623,0.616576,1,0.302276,1.000000,0
0.223450,6.616645,0.647949,1,0.296527,1.000000,0
0.223500,6.472136,0.679329,1,0.290506,1.000000,0
0.223550,6.321240,0.710718,1,0.284218,1.000000,0
0.223600,6.164106,0.742115,1,0.277671,1.000000,0
0.223650,6.000889,0.773520,1,0.270870,1.000000,0
0.223700,5.831749,0.804934,1,0.263823,1.000000,0
0.223750,5.656854,0.836356,1,0.256536,1.000000,0
0.223800,5.476377,0.867787,1,0.249016,1.000000,0
0.223850,5.290495,0.899226,1,0.241271,1.000000,0
0.223900,5.099392,0.930674,1,0.233308,1.000000,0
0.223950,4.903256,0.962131,1,0.225136,1.000000,0
0.224000,4.702282,0.993595,1,0.216762,1.000000,0
0.224050,4.496667,1.025068,1,0.208194,1.000000,0
0.224100,4.286614,1.056548,1,0.199442,1.000000,0
0.224150,4.072331,1.088036,1,0.190514,1.000000,0
0.224200,3.854029,1.119532,1,0.181418,1.000000,0
0.224250,3.631924,1.151034,1,0.172163,1.000000,0
0.224300,3.406234,1.182544,1,0.162760,1.000000,0
0.224350,3.177183,1.214059,1,0.153216,1.000000,0
0.224400,2.944996,1.245581,1,0.143542,1.000000,0
0.224450,2.709903,1.277108,1,0.133746,1.000000,0
0.224500,2.472136,1.308640,1,0.123839,1.000000,0
0.224550,2.231929,1.340177,1,0.113830,1.000000,0
0.224600,1.989519,1.371718,1,0.103730,1.000000,0
0.224650,1.745146,1.403262,1,0.093548,1.000000,0
0.224700,1.499051,1.434810,1,0.083294,1.000000,0
0.224750,1.251476,1.466360,1,0.072978,1.000000,0
0.224800,1.002666,1.497912,1,0.062611,1.000000,0
0.224850,0.752867,1.529465,1,0.052203,1.000000,0
0.224900,0.502324,1.561019,1,0.041764,1.000000,0
0.224950,0.251286,1.592574,1,0.031304,1.000000,0
0.225000,0.000000,1.624128,1,0.020833,1.000000,0
0.225050,-0.251286,1.655681,1,0.010363,1.000000,0
0.225100,-0.502324,1.687233,1,-0.000097,1.000000,0
0.225150,-0.752867,1.718782,1,-0.010536,1.000000,0
0.225200,-1.002666,1.750329,1,-0.020944,1.000000,0
0.225250,-1.251476,1.781873,1,-0.031311,1.000000,0
0.225300,-1.499051,1.813414,1,-0.041627,1.000000,0
0.225350,-1.745146,1.844950,1,-0.051881,1.000000,0
0.225400,-1.989519,1.876482,1,-0.062063,1.000000,0
0.225450,-2.231929,1.908008,1,-0.072164,1.000000,0
0.225500,-2.472136,1.939530,1,-0.082172,1.000000,0
0.225550,-2.709903,1.971045,1,-0.092079,1.000000,0
0.225600,-2.944996,2.002554,1,-0.101875,1.000000,0
0.225650,-3.177183,2.034057,1,-0.111549,1.000000,0
0.225700,-3.406234,2.065552,1,-0.121093,1.000000,0
0.225750,-3.631924,2.097041,1,-0.130497,1.000000,0
0.225800,-3.854029,2.128522,1,-0.139751,1.000000,0
0.225850,-4.072331,2.159995,1,-0.148847,1.000000,0
0.225900,-4.286614,2.191461,1,-0.157776,1.000000,0
0.225950,-4.496667,2.222918,1,-0.166528,1.000000,0
0.226000,-4.702282,2.254368,1,-0.175095,1.000000,0
0.226050,-4.903256,2.285809,1,-0.183469,1.000000,0
0.226100,-5.099392,2.317242,1,-0.191641,1.000000,0
0.226150,-5.290495,2.348667,1,-0.199604,1.000000,0
0.226200,-5.476377,2.380083,1,-0.207349,1.000000,0
0.226250,-5.656854,2.411492,1,-0.214869,1.000000,0
0.226300,-5.831749,2.442892,1,-0.222156,1.000000,0
0.226350,-6.000889,2.474284,1,-0.229204,1.000000,0
0.226400,-6.164106,2.505668,1,-0.236004,1.000000,0
0.226450,-6.321240,2.537044,1,-0.242552,1.000000,0
0.226500,-6.472136,2.568413,1,-0.248839,1.000000,0
0.226550,-6.616645,2.599774,1,-0.254860,1.000000,0
0.226600,-6.754623,2.631128,1,-0.260609,1.000000,0
0.226650,-6.885936,2.662476,1,-0.266081,1.000000,0
0.226700,-7.010453,2.693816,1,-0.271269,1.000000,0
0.226750,-7.128052,2.725151,1,-0.276169,1.000000,0
0.226800,-7.238616,2.756479,1,-0.280776,1.000000,0
0.226850,-7.342037,2.787802,1,-0.285085,1.000000,0
0.226900,-7.438212,2.819119,1,-0.289092,1.000000,0
0.226950,-7.527046,2.850432,1,-0.292794,1.000000,0
0.227000,-7.608452,2.881740,1,-0.296186,1.000000,0
0.227050,-7.682349,2.913044,1,-0.299265,1.000000,0
0.227100,-7.748665,2.944344,1,-0.302028,1.000000,0
0.227150,-7.807334,2.975641,1,-0.304472,1.000000,0
0.227200,-7.858298,3.006935,1,-0.306596,1.000000,0
0.227250,-7.901507,3.038227,1,-0.308396,1.000000,0
0.227300,-7.936918,3.069517,1,-0.309872,1.000000,0
0.227350,-7.964496,3.100805,1,-0.311021,1.000000,0
0.227400,-7.984214,3.132093,1,-0.311842,1.000000,0
0.227450,-7.996052,3.163380,1,-0.312336,1.000000,0
0.227500,-8.000000,3.194667,1,-0.312500,1.000000,0
0.227550,-7.996052,3.225955,1,-0.312336,1.000000,0
0.227600,-7.984214,3.257243,1,-0.311842,1.000000,0
0.227650,-7.964496,3.288534,1,-0.311021,1.000000,0
0.227700,-7.936918,3.319826,1,-0.309872,1.000000,0
0.227750,-7.901507,3.351120,1,-0.308396,1.000000,0
0.227800,-7.858298,3.382418,1,-0.306596,1.000000,0
0.227850,-7.807334,3.413718,1,-0.304472,1.000000,0
0.227900,-7.748665,3.445023,1,-0.302028,1.000000,0
0.227950,-7.682349,3.476332,1,-0.299265,1.000000,0
0.228000,-7.608452,3.507645,1,-0.296186,1.000000,0
0.228050,-7.527046,3.538964,1,-0.292794,1.000000,0
0.228100,-7.438212,3.570288,1,-0.289092,1.000000,0
0.228150,-7.342037,3.601618,1,-0.285085,1.000000,0
0.228200,-7.238616,3.632955,1,-0.280776,1.000000,0
0.228250,-7.128052,3.664297,1,-0.276169,1.000000,0
0.228300,-7.010453,3.695647,1,-0.271269,1.000000,0
0.228350,-6.885936,3.727004,1,-0.266081,1.000000,0
0.228400,-6.754623,3.758369,1,-0.260609,1.000000,0
0.228450,-6.616645,3.789741,1,-0.254860,1.000000,0
0.228500,-6.472136,3.821121,1,-0.248839,1.000000,0
0.228550,-6.321240,3.852510,1,-0.242552,1.000000,0
0.228600,-6.164106,3.883906,1,-0.236004,1.000000,0
0.228650,-6.000889,3.915312,1,-0.229204,1.000000,0
0.228700,-5.831749,3.946725,1,-0.222156,1.000000,0
0.228750,-5.656854,3.978147,1,-0.214869,1.000000,0
0.228800,-5.476377,4.009578,1,-0.207349,1.000000,0
0.228850,-5.290495,4.041017,1,-0.199604,1.000000,0
0.228900,-5.099392,4.072464,1,-0.191641,1.000000,0
0.228950,-4.903256,4.103920,1,-0.183469,1.000000,0
0.229000,-4.702282,4.135385,1,-0.175095,1.000000,0
0.229050,-4.496667,4.166857,1,-0.166528,1.000000,0
0.229100,-4.286614,4.198337,1,-0.157776,1.000000,0
0.229150,-4.072331,4.229825,1,-0.148847,1.000000,0
0.229200,-3.854029,4.261320,1,-0.139751,1.000000,0
0.229250,-3.631924,4.292823,1,-0.130497,1.000000,0
0.229300,-3.406234,4.324332,1,-0.121093,1.000000,0
0.229350,-3.177183,4.355847,1,-0.111549,1.000000,0
0.229400,-2.944996,4.387369,1,-0.101875,1.000000,0
0.229450,-2.709903,4.418895,1,-0.092079,1.000000,0
0.229500,-2.472136,4.450427,1,-0.082172,1.000000,0
0.229550,-2.231929,4.481964,1,-0.072164,1.000000,0
0.229600,-1.989519,4.513505,1,-0.062063,1.000000,0
0.229650,-1.745146,4.545049,1,-0.051881,1.000000,0
0.229700,-1.499051,4.576596,1,-0.041627,1.000000,0
0.229750,-1.251476,4.608146,1,-0.031311,1.000000,0
0.229800,-1.002666,4.639698,1,-0.020944,1.000000,0
0.229850,-0.752867,4.671251,1,-0.010536,1.000000,0
0.229900,-0.502324,4.702805,1,-0.000097,1.000000,0
0.229950,-0.251286,4.734359,1,0.010363,1.000000,0
0.230000,0.000000,4.765913,1,0.020833,1.000000,0
0.230050,0.251286,4.797466,1,0.031304,1.000000,0
0.230100,0.502324,4.829017,1,0.041764,1.000000,0
0.230150,0.752867,4.860567,1,0.052203,1.000000,0
0.230200,1.002666,4.892114,1,0.062611,1.000000,0
0.230250,1.251476,4.923657,1,0.072978,1.000000,0
0.230300,1.499051,4.955198,1,0.083294,1.000000,0
0.230350,1.745146,4.986734,1,0.093548,1.000000,0
0.230400,1.989519,5.018265,1,0.103730,1.000000,0
0.230450,2.231929,5.049792,1,0.113830,1.000000,0
0.230500,2.472136,5.081313,1,0.123839,1.000000,0
0.230550,2.709903,5.112828,1,0.133746,1.000000,0
0.230600,2.944996,5.144337,1,0.143542,1.000000,0
0.230650,3.177183,5.175839,1,0.153216,1.000000,0
0.230700,3.406234,5.207335,1,0.162760,1.000000,0
0.230750,3.631924,5.238823,1,0.172163,1.000000,0
0.230800,3.854029,5.270304,1,0.181418,1.000000,0
0.230850,4.072331,5.301777,1,0.190514,1.000000,0
0.230900,4.286614,5.333243,1,0.199442,1.000000,0
0.230950,4.496667,5.364700,1,0.208194,1.000000,0
0.231000,4.702282,5.396149,1,0.216762,1.000000,0
0.231050,4.903256,5.427590,1,0.225136,1.000000,0
0.231100,5.099392,5.459023,1,0.233308,1.000000,0
0.231150,5.290495,5.490448,1,0.241271,1.000000,0
0.231200,5.476377,5.521864,1,0.249016,1.000000,0
0.231250,5.656854,5.553272,1,0.256536,1.000000,0
0.231300,5.831749,5.584672,1,0.263823,1.000000,0
0.231350,6.000889,5.616064,1,0.270870,1.000000,0
0.231400,6.164106,5.647448,1,0.277671,1.000000,0
0.231450,6.321240,5.678824,1,0.284218,1.000000,0
0.231500,6.472136,5.710193,1,0.290506,1.000000,0
0.231550,6.616645,5.741554,1,0.296527,1.000000,0
0.231600,6.754623,5.772908,1,0.302276,1.000000,0
0.231650,6.885936,5.804255,1,0.307747,1.000000,0
0.231700,7.010453,5.835595,1,0.312936,1.000000,0
0.231750,7.128052,5.866930,1,0.317836,1.000000,0
0.231800,7.238616,5.898258,1,0.322442,1.000000,0
0.231850,7.342037,5.929580,1,0.326752,1.000000,0
0.231900,7.438212,5.960898,1,0.330759,1.000000,0
0.231950,7.527046,5.992210,1,0.334460,1.000000,0
0.232000,7.608452,6.023518,1,0.337852,1.000000,0
0.232050,7.682349,6.054822,1,0.340931,1.000000,0
0.232100,7.748665,6.086122,1,0.343694,1.000000,0
0.232150,7.807334,6.117418,1,0.346139,1.000000,0
0.232200,7.858298,6.148712,1,0.348262,1.000000,0
0.232250,7.901507,6.180004,1,0.350063,1.000000,0
0.232300,7.936918,6.211294,1,0.351538,1.000000,0
0.232350,7.964496,6.242582,1,0.352687,1.000000,0
0.232400,7.984214,6.273869,1,0.353509,1.000000,0
0.232450,7.996052,0.021971,1,0.354002,1.000000,0
0.232500,8.000000,0.053258,1,0.354167,1.000000,0
0.232550,7.996052,0.084545,1,0.354002,1.000000,0
0.232600,7.984214,0.115834,1,0.353509,1.000000,0
0.232650,7.964496,0.147124,1,0.352687,1.000000,0
0.232700,7.936918,0.178416,1,0.351538,1.000000,0
0.232750,7.901507,0.209710,1,0.350063,1.000000,0
0.232800,7.858298,0.241007,1,0.348262,1.000000,0
0.232850,7.807334,0.272308,1,0.346139,1.000000,0
0.232900,7.748665,0.303612,1,0.343694,1.000000,0
0.232950,7.682349,0.334921,1,0.340931,1.000000,0
0.233000,7.608452,0.366234,1,0.337852,1.000000,0
0.233050,7.527046,0.397553,1,0.334460,1.000000,0
0.233100,7.438212,0.428877,1,0.330759,1.000000,0
0.233150,7.342037,0.460206,1,0.326752,1.000000,0
0.233200,7.238616,0.491543,1,0.322442,1.000000,0
0.233250,7.128052,0.522885,1,0.317836,1.000000,0
0.233300,7.010453,0.554235,1,0.312936,1.000000,0
0.233350,6.885936,0.585592,1,0.307747,1.000000,0
0.233400,6.754623,0.616956,1,0.302276,1.000000,0
0.233450,6.616645,0.648328,1,0.296527,1.000000,0
0.233500,6.472136,0.679708,1,0.290506,1.000000,0
0.233550,6.321240,0.711096,1,0.284218,1.000000,0
0.233600,6.164106,0.742493,1,0.277671,1.000000,0
0.233650,6.000889,0.773898,1,0.270870,1.000000,0
0.233700,5.831749,0.805311,1,0.263823,1.000000,0
0.233750,5.656854,0.836733,1,0.256536,1.000000,0
0.233800,5.476377,0.868163,1,0.249016,1.000000,0
0.233850,5.290495,0.899602,1,0.241271,1.000000,0
0.233900,5.099392,0.931049,1,0.233308,1.000000,0
0.233950,4.903256,0.962505,1,0.225136,1.000000,0
0.234000,4.702282,0.993969,1,0.216762,1.000000,0
0.234050,4.496667,1.025441,1,0.208194,1.000000,0
0.234100,4.286614,1.056921,1,0.199442,1.000000,0
0.234150,4.072331,1.088409,1,0.190514,1.000000,0
0.234200,3.854029,1.119904,1,0.181418,1.000000,0
0.234250,3.631924,1.151406,1,0.172163,1.000000,0
0.234300,3.406234,1.182915,1,0.162760,1.000000,0
0.234350,3.177183,1.214430,1,0.153216,1.000000,0
0.234400,2.944996,1.245951,1,0.143542,1.000000,0
0.234450,2.709903,1.277478,1,0.133746,1.000000,0
0.234500,2.472136,1.309010,1,0.123839,1.000000,0
0.234550,2.231929,1.340546,1,0.113830,1.000000,0
0.234600,1.989519,1.372086,1,0.103730,1.000000,0
0.234650,1.745146,1.403631,1,0.093548,1.000000,0
0.234700,1.499051,1.435178,1,0.083294,1.000000,0
0.234750,1.251476,1.466727,1,0.072978,1.000000,0
0.234800,1.002666,1.498279,1,0.062611,1.000000,0
0.234850,0.752867,1.529832,1,0.052203,1.000000,0
0.234900,0.502324,1.561385,1,0.041764,1.000000,0
0.234950,0.251286,1.592940,1,0.031304,1.000000,0
0.235000,-0.000000,1.624493,1,0.020833,1.000000,0
0.235050,-0.251286,1.656046,1,0.010363,1.000000,0
0.235100,-0.502324,1.687597,1,-0.000097,1.000000,0
0.235150,-0.752867,1.719147,1,-0.010536,1.000000,0
0.235200,-1.002666,1.750693,1,-0.020944,1.000000,0
0.235250,-1.251476,1.782237,1,-0.031311,1.000000,0
0.235300,-1.499051,1.813777,1,-0.041627,1.000000,0
0.235350,-1.745146,1.845313,1,-0.051881,1.000000,0
0.235400,-1.989519,1.876844,1,-0.062063,1.000000,0
0.235450,-2.231929,1.908370,1,-0.072164,1.000000,0
0.235500,-2.472136,1.939891,1,-0.082172,1.000000,0
0.235550,-2.709903,1.971406,1,-0.092079,1.000000,0
0.235600,-2.944996,2.002915,1,-0.101875,1.000000,0
0.235650,-3.177183,2.034417,1,-0.111549,1.000000,0
0.235700,-3.406234,2.065913,1,-0.121093,1.000000,0
0.235750,-3.631924,2.097401,1,-0.130497,1.000000,0
0.235800,-3.854029,2.128882,1,-0.139751,1.000000,0
0.235850,-4.072331,2.160355,1,-0.148847,1.000000,0
0.235900,-4.286614,2.191820,1,-0.157776,1.000000,0
0.235950,-4.496667,2.223277,1,-0.166528,1.000000,0
0.236000,-4.702282,2.254726,1,-0.175095,1.000000,0
0.236050,-4.903256,2.286167,1,-0.183469,1.000000,0
0.236100,-5.099392,2.317600,1,-0.191641,1.000000,0
0.236150,-5.290495,2.349024,1,-0.199604,1.000000,0
0.236200,-5.476377,2.380441,1,-0.207349,1.000000,0
0.236250,-5.656854,2.411849,1,-0.214869,1.000000,0
0.236300,-5.831749,2.443248,1,-0.222156,1.000000,0
0.236350,-6.000889,2.474640,1,-0.229204,1.000000,0
0.236400,-6.164106,2.506024,1,-0.236004,1.000000,0
0.236450,-6.321240,2.537400,1,-0.242552,1.000000,0
0.236500,-6.472136,2.568768,1,-0.248839,1.000000,0
0.236550,-6.616645,2.600129,1,-0.254860,1.000000,0
0.236600,-6.754623,2.631483,1,-0.260609,1.000000,0
0.236650,-6.885936,2.662830,1,-0.266081,1.000000,0
0.236700,-7.010453,2.694170,1,-0.271269,1.000000,0
0.236750,-7.128052,2.725504,1,-0.276169,1.000000,0
0.236800,-7.238616,2.756832,1,-0.280776,1.000000,0
0.236850,-7.342037,2.788155,1,-0.285085,1.000000,0
0.236900,-7.438212,2.819472,1,-0.289092,1.000000,0
0.236950,-7.527046,2.850784,1,-0.292794,1.000000,0
0.237000,-7.608452,2.882092,1,-0.296186,1.000000,0
0.237050,-7.682349,2.913395,1,-0.299265,1.000000,0
0.237100,-7.748665,2.944695,1,-0.302028,1.000000,0
0.237150,-7.807334,2.975992,1,-0.304472,1.000000,0
0.237200,-7.858298,3.007286,1,-0.306596,1.000000,0
0.237250,-7.901507,3.038577,1,-0.308396,1.000000,0
0.237300,-7.936918,3.069867,1,-0.309872,1.000000,0
0.237350,-7.964496,3.101155,1,-0.311021,1.000000,0
0.237400,-7.984214,3.132442,1,-0.311842,1.000000,0
0.237450,-7.996052,3.163729,1,-0.312336,1.000000,0
0.237500,-8.000000,3.195016,1,-0.312500,1.000000,0
0.237550,-7.996052,3.226303,1,-0.312336,1.000000,0
0.237600,-7.984214,3.257591,1,-0.311842,1.000000,0
0.237650,-7.964496,3.288881,1,-0.311021,1.000000,0
0.237700,-7.936918,3.320173,1,-0.309872,1.000000,0
0.237750,-7.901507,3.351467,1,-0.308396,1.000000,0
0.237800,-7.858298,3.382764,1,-0.306596,1.000000,0
0.237850,-7.807334,3.414064,1,-0.304472,1.000000,0
0.237900,-7.748665,3.445368,1,-0.302028,1.000000,0
0.237950,-7.682349,3.476677,1,-0.299265,1.000000,0
0.238000,-7.608452,3.507990,1,-0.296186,1.000000,0
0.238050,-7.527046,3.539308,1,-0.292794,1.000000,0
0.238100,-7.438212,3.570632,1,-0.289092,1.000000,0
0.238150,-7.342037,3.601962,1,-0.285085,1.000000,0
0.238200,-7.238616,3.633298,1,-0.280776,1.000000,0
0.238250,-7.128052,3.664640,1,-0.276169,1.000000,0
0.238300,-7.010453,3.695990,1,-0.271269,1.000000,0
0.238350,-6.885936,3.727346,1,-0.266081,1.000000,0
0.238400,-6.754623,3.758710,1,-0.260609,1.000000,0
0.238450,-6.616645,3.790082,1,-0.254860,1.000000,0
0.238500,-6.472136,3.821462,1,-0.248839,1.000000,0
0.238550,-6.321240,3.852850,1,-0.242552,1.000000,0
0.238600,-6.164106,3.884246,1,-0.236004,1.000000,0
0.238650,-6.000889,3.915651,1,-0.229204,1.000000,0
0.238700,-5.831749,3.947064,1,-0.222156,1.000000,0
0.238750,-5.656854,3.978486,1,-0.214869,1.000000,0
0.238800,-5.476377,4.009916,1,-0.207349,1.000000,0
0.238850,-5.290495,4.041354,1,-0.199604,1.000000,0
0.238900,-5.099392,4.072802,1,-0.191641,1.000000,0
0.238950,-4.903256,4.104257,1,-0.183469,1.000000,0
0.239000,-4.702282,4.135721,1,-0.175095,1.000000,0
0.239050,-4.496667,4.167193,1,-0.166528,1.000000,0
0.239100,-4.286614,4.198673,1,-0.157776,1.000000,0
0.239150,-4.072331,4.230160,1,-0.148847,1.000000,0
0.239200,-3.854029,4.261655,1,-0.139751,1.000000,0
0.239250,-3.631924,4.293157,1,-0.130497,1.000000,0
0.239300,-3.406234,4.324666,1,-0.121093,1.000000,0
0.239350,-3.177183,4.356181,1,-0.111549,1.000000,0
0.239400,-2.944996,4.387702,1,-0.101875,1.000000,0
0.239450,-2.709903,4.419228,1,-0.092079,1.000000,0
0.239500,-2.472136,4.450760,1,-0.082172,1.000000,0
0.239550,-2.231929,4.482296,1,-0.072164,1.000000,0
0.239600,-1.989519,4.513836,1,-0.062063,1.000000,0
0.239650,-1.745146,4.545380,1,-0.051881,1.000000,0
0.239700,-1.499051,4.576927,1,-0.041627,1.000000,0
0.239750,-1.251476,4.608476,1,-0.031311,1.000000,0
0.239800,-1.002666,4.640028,1,-0.020944,1.000000,0
0.239850,-0.752867,4.671580,1,-0.010536,1.000000,0
0.239900,-0.502324,4.703134,1,-0.000097,1.000000,0
0.239950,-0.251286,4.734688,1,0.010363,1.000000,0
0.240000,0.000000,4.766241,1,0.020833,1.000000,0
0.240050,0.251286,4.797794,1,0.031304,1.000000,0
0.240100,0.502324,4.829345,1,0.041764,1.000000,0
0.240150,0.752867,4.860894,1,0.052203,1.000000,0
0.240200,1.002666,4.892441,1,0.062611,1.000000,0
0.240250,1.251476,4.923984,1,0.072978,1.000000,0
0.240300,1.499051,4.955524,1,0.083294,1.000000,0
0.240350,1.745146,4.987060,1,0.093548,1.000000,0
0.240400,1.989519,5.018591,1,0.103730,1.000000,0
0.240450,2.231929,5.050117,1,0.113830,1.000000,0
0.240500,2.472136,5.081638,1,0.123839,1.000000,0
0.240550,2.709903,5.113153,1,0.133746,1.000000,0
0.240600,2.944996,5.144661,1,0.143542,1.000000,0
0.240650,3.177183,5.176164,1,0.153216,1.000000,0
0.240700,3.406234,5.207659,1,0.162760,1.000000,0
0.240750,3.631924,5.239147,1,0.172163,1.000000,0
0.240800,3.854029,5.270627,1,0.181418,1.000000,0
0.240850,4.072331,5.302100,1,0.190514,1.000000,0
0.240900,4.286614,5.333565,1,0.199442,1.000000,0
0.240950,4.496667,5.365022,1,0.208194,1.000000,0
0.241000,4.702282,5.396472,1,0.216762,1.000000,0
0.241050,4.903256,5.427912,1,0.225136,1.000000,0
0.241100,5.099392,5.459345,1,0.233308,1.000000,0
0.241150,5.290495,5.490769,1,0.241271,1.000000,0
0.241200,5.476377,5.522185,1,0.249016,1.000000,0
0.241250,5.656854,5.553593,1,0.256536,1.000000,0
0.241300,5.831749,5.584993,1,0.263823,1.000000,0
0.241350,6.000889,5.616384,1,0.270870,1.000000,0
0.241400,6.164106,5.647768,1,0.277671,1.000000,0
0.241450,6.321240,5.679144,1,0.284218,1.000000,0
0.241500,6.472136,5.710512,1,0.290506,1.000000,0
0.241550,6.616645,5.741873,1,0.296527,1.000000,0
0.241600,6.754623,5.773227,1,0.302276,1.000000,0
0.241650,6.885936,5.804573,1,0.307747,1.000000,0
0.241700,7.010453,5.835914,1,0.312936,1.000000,0
0.241750,7.128052,5.867248,1,0.317836,1.000000,0
0.241800,7.238616,5.898575,1,0.322442,1.000000,0
0.241850,7.342037,5.929898,1,0.326752,1.000000,0
0.241900,7.438212,5.961215,1,0.330759,1.000000,0
0.241950,7.527046,5.992527,1,0.334460,1.000000,0
0.242000,7.608452,6.023834,1,0.337852,1.000000,0
0.242050,7.682349,6.055138,1,0.340931,1.000000,0
0.242100,7.748665,6.086437,1,0.343694,1.000000,0
0.242150,7.807334,6.117734,1,0.346139,1.000000,0
0.242200,7.858298,6.149028,1,0.348262,1.000000,0
0.242250,7.901507,6.180319,1,0.350063,1.000000,0
0.242300,7.936918,6.211608,1,0.351538,1.000000,0
0.242350,7.964496,6.242896,1,0.352687,1.000000,0
0.242400,7.984214,6.274183,1,0.353509,1.000000,0
0.242450,7.996052,0.022285,1,0.354002,1.000000,0
0.242500,8.000000,0.053571,1,0.354167,1.000000,0
0.242550,7.996052,0.084858,1,0.354002,1.000000,0
0.242600,7.984214,0.116147,1,0.353509,1.000000,0
0.242650,7.964496,0.147436,1,0.352687,1.000000,0
0.242700,7.936918,0.178728,1,0.351538,1.000000,0
0.242750,7.901507,0.210022,1,0.350063,1.000000,0
0.242800,7.858298,0.241318,1,0.348262,1.000000,0
0.242850,7.807334,0.272619,1,0.346139,1.000000,0
0.242900,7.748665,0.303923,1,0.343694,1.000000,0
0.242950,7.682349,0.335231,1,0.340931,1.000000,0
0.243000,7.608452,0.366544,1,0.337852,1.000000,0
0.243050,7.527046,0.397862,1,0.334460,1.000000,0
0.243100,7.438212,0.429186,1,0.330759,1.000000,0
0.243150,7.342037,0.460515,1,0.326752,1.000000,0
0.243200,7.238616,0.491851,1,0.322442,1.000000,0
0.243250,7.128052,0.523193,1,0.317836,1.000000,0
0.243300,7.010453,0.554542,1,0.312936,1.000000,0
0.243350,6.885936,0.585899,1,0.307747,1.000000,0
0.243400,6.754623,0.617263,1,0.302276,1.000000,0
0.243450,6.616645,0.648635,1,0.296527,1.000000,0
0.243500,6.472136,0.680014,1,0.290506,1.000000,0
0.243550,6.321240,0.711402,1,0.284218,1.000000,0
0.243600,6.164106,0.742798,1,0.277671,1.000000,0
0.243650,6.000889,0.774202,1,0.270870,1.000000,0
0.243700,5.831749,0.805615,1,0.263823,1.000000,0
0.243750,5.656854,0.837037,1,0.256536,1.000000,0
0.243800,5.476377,0.868467,1,0.249016,1.000000,0
0.243850,5.290495,0.899905,1,0.241271,1.000000,0
0.243900,5.099392,0.931352,1,0.233308,1.000000,0
0.243950,4.903256,0.962808,1,0.225136,1.000000,0
0.244000,4.702282,0.994272,1,0.216762,1.000000,0
0.244050,4.496667,1.025743,1,0.208194,1.000000,0
0.244100,4.286614,1.057223,1,0.199442,1.000000,0
0.244150,4.072331,1.088710,1,0.190514,1.000000,0
0.244200,3.854029,1.120205,1,0.181418,1.000000,0
0.244250,3.631924,1.151707,1,0.172163,1.000000,0
0.244300,3.406234,1.183215,1,0.162760,1.000000,0
0.244350,3.177183,1.214730,1,0.153216,1.000000,0
0.244400,2.944996,1.246251,1,0.143542,1.000000,0
0.244450,2.709903,1.277777,1,0.133746,1.000000,0
0.244500,2.472136,1.309308,1,0.123839,1.000000,0
0.244550,2.231929,1.340844,1,0.113830,1.000000,0
0.244600,1.989519,1.372384,1,0.103730,1.000000,0
0.244650,1.745146,1.403928,1,0.093548,1.000000,0
0.244700,1.499051,1.435475,1,0.083294,1.000000,0
0.244750,1.251476,1.467024,1,0.072978,1.000000,0
0.244800,1.002666,1.498575,1,0.062611,1.000000,0
0.244850,0.752867,1.530128,1,0.052203,1.000000,0
0.244900,0.502324,1.561681,1,0.041764,1.000000,0
0.244950,0.251286,1.593235,1,0.031304,1.000000,0
0.245000,-0.000000,1.624789,1,0.020833,1.000000,0
0.245050,-0.251286,1.656341,1,0.010363,1.000000,0
0.245100,-0.502324,1.687892,1,-0.000097,1.000000,0
0.245150,-0.752867,1.719441,1,-0.010536,1.000000,0
0.245200,-1.002666,1.750987,1,-0.020944,1.000000,0
0.245250,-1.251476,1.782531,1,-0.031311,1.000000,0
0.245300,-1.499051,1.814070,1,-0.041627,1.000000,0
0.245350,-1.745146,1.845606,1,-0.051881,1.000000,0
0.245400,-1.989519,1.877137,1,-0.062063,1.000000,0
0.245450,-2.231929,1.908663,1,-0.072164,1.000000,0
0.245500,-2.472136,1.940184,1,-0.082172,1.000000,0
0.245550,-2.709903,1.971698,1,-0.092079,1.000000,0
0.245600,-2.944996,2.003207,1,-0.101875,1.000000,0
0.245650,-3.177183,2.034709,1,-0.111549,1.000000,0
0.245700,-3.406234,2.066204,1,-0.121093,1.000000,0
0.245750,-3.631924,2.097692,1,-0.130497,1.000000,0
0.245800,-3.854029,2.129172,1,-0.139751,1.000000,0
0.245850,-4.072331,2.160645,1,-0.148847,1.000000,0
0.245900,-4.286614,2.192110,1,-0.157776,1.000000,0
0.245950,-4.496667,2.223567,1,-0.166528,1.000000,0
0.246000,-4.702282,2.255016,1,-0.175095,1.000000,0
0.246050,-4.903256,2.286457,1,-0.183469,1.000000,0
0.246100,-5.099392,2.317889,1,-0.191641,1.000000,0
0.246150,-5.290495,2.349313,1,-0.199604,1.000000,0
0.246200,-5.476377,2.380729,1,-0.207349,1.000000,0
0.246250,-5.656854,2.412137,1,-0.214869,1.000000,0
0.246300,-5.831749,2.443536,1,-0.222156,1.000000,0
0.246350,-6.000889,2.474928,1,-0.229204,1.000000,0
0.246400,-6.164106,2.506311,1,-0.236004,1.000000,0
0.246450,-6.321240,2.537687,1,-0.242552,1.000000,0
0.246500,-6.472136,2.569055,1,-0.248839,1.000000,0
0.246550,-6.616645,2.600416,1,-0.254860,1.000000,0
0.246600,-6.754623,2.631770,1,-0.260609,1.000000,0
0.246650,-6.885936,2.663116,1,-0.266081,1.000000,0
0.246700,-7.010453,2.694456,1,-0.271269,1.000000,0
0.246750,-7.128052,2.725790,1,-0.276169,1.000000,0
0.246800,-7.238616,2.757118,1,-0.280776,1.000000,0
0.246850,-7.342037,2.788440,1,-0.285085,1.000000,0
0.246900,-7.438212,2.819757,1,-0.289092,1.000000,0
0.246950,-7.527046,2.851069,1,-0.292794,1.000000,0
0.247000,-7.608452,2.882376,1,-0.296186,1.000000,0
0.247050,-7.682349,2.913680,1,-0.299265,1.000000,0
0.247100,-7.748665,2.944979,1,-0.302028,1.000000,0
0.247150,-7.807334,2.976276,1,-0.304472,1.000000,0
0.247200,-7.858298,3.007569,1,-0.306596,1.000000,0
0.247250,-7.901507,3.038860,1,-0.308396,1.000000,0
0.247300,-7.936918,3.070150,1,-0.309872,1.000000,0
0.247350,-7.964496,3.101437,1,-0.311021,1.000000,0
0.247400,-7.984214,3.132724,1,-0.311842,1.000000,0
0.247450,-7.996052,3.164011,1,-0.312336,1.000000,0
0.247500,-8.000000,3.195297,1,-0.312500,1.000000,0
0.247550,-7.996052,3.226584,1,-0.312336,1.000000,0
0.247600,-7.984214,3.257872,1,-0.311842,1.000000,0
0.247650,-7.964496,3.289162,1,-0.311021,1.000000,0
0.247700,-7.936918,3.320453,1,-0.309872,1.000000,0
0.247750,-7.901507,3.351747,1,-0.308396,1.000000,0
0.247800,-7.858298,3.383044,1,-0.306596,1.000000,0
0.247850,-7.807334,3.414344,1,-0.304472,1.000000,0
0.247900,-7.748665,3.445647,1,-0.302028,1.000000,0
0.247950,-7.682349,3.476956,1,-0.299265,1.000000,0
0.248000,-7.608452,3.508268,1,-0.296186,1.000000,0
0.248050,-7.527046,3.539586,1,-0.292794,1.000000,0
0.248100,-7.438212,3.570910,1,-0.289092,1.000000,0
0.248150,-7.342037,3.602239,1,-0.285085,1.000000,0
0.248200,-7.238616,3.633575,1,-0.280776,1.000000,0
0.248250,-7.128052,3.664917,1,-0.276169,1.000000,0
0.248300,-7.010453,3.696266,1,-0.271269,1.000000,0
0.248350,-6.885936,3.727622,1,-0.266081,1.000000,0
0.248400,-6.754623,3.758986,1,-0.260609,1.000000,0
0.248450,-6.616645,3.790358,1,-0.254860,1.000000,0
0.248500,-6.472136,3.821737,1,-0.248839,1.000000,0
0.248550,-6.321240,3.853125,1,-0.242552,1.000000,0
0.248600,-6.164106,3.884521,1,-0.236004,1.000000,0
0.248650,-6.000889,3.915925,1,-0.229204,1.000000,0
0.248700,-5.831749,3.947338,1,-0.222156,1.000000,0
0.248750,-5.656854,3.978759,1,-0.214869,1.000000,0
0.248800,-5.476377,4.010189,1,-0.207349,1.000000,0
0.248850,-5.290495,4.041627,1,-0.199604,1.000000,0
0.248900,-5.099392,4.073074,1,-0.191641,1.000000,0
0.248950,-4.903256,4.104529,1,-0.183469,1.000000,0
0.249000,-4.702282,4.135993,1,-0.175095,1.000000,0
0.249050,-4.496667,4.167464,1,-0.166528,1.000000,0
0.249100,-4.286614,4.198944,1,-0.157776,1.000000,0
0.249150,-4.072331,4.230431,1,-0.148847,1.000000,0
0.249200,-3.854029,4.261926,1,-0.139751,1.000000,0
0.249250,-3.631924,4.293427,1,-0.130497,1.000000,0
0.249300,-3.406234,4.324935,1,-0.121093,1.000000,0
0.249350,-3.177183,4.356450,1,-0.111549,1.000000,0
0.249400,-2.944996,4.387971,1,-0.101875,1.000000,0
0.249450,-2.709903,4.419497,1,-0.092079,1.000000,0
0.249500,-2.472136,4.451028,1,-0.082172,1.000000,0
0.249550,-2.231929,4.482564,1,-0.072164,1.000000,0
0.249600,-1.989519,4.514104,1,-0.062063,1.000000,0
0.249650,-1.745146,4.545647,1,-0.051881,1.000000,0
0.249700,-1.499051,4.577194,1,-0.041627,1.000000,0
0.249750,-1.251476,4.608743,1,-0.031311,1.000000,0
0.249800,-1.002666,4.640294,1,-0.020944,1.000000,0
0.249850,-0.752867,4.671847,1,-0.010536,1.000000,0
0.249900,-0.502324,4.703400,1,-0.000097,1.000000,0
0.249950,-0.251286,4.734954,1,0.010363,1.000000,0
0.250000,0.000000,4.766507,1,0.020833,1.000000,0
